Gene,Gene description,Variation between individuals,Variation within individuals,samples_above_lod
CCDC88B,Coiled-coil domain containing 88B,2.95,3.02,1
DSPP,Dentin sialophosphoprotein,72.96,0,2
LRRTM4,Leucine rich repeat transmembrane neuronal 4,55.66,9.86,3
UNG,Uracil DNA glycosylase,14.83,13.4,3
FMR1,Fragile X messenger ribonucleoprotein 1,1.97,10.38,3
COX6B1,Cytochrome c oxidase subunit 6B1,20.35,11.31,4
BAMBI,BMP and activin membrane bound inhibitor,39.54,6.61,5
ZHX2,Zinc fingers and homeoboxes 2,1.53,2.93,5
CSNK2A1,Casein kinase 2 alpha 1,1.37,16.93,5
ZP4,Zona pellucida glycoprotein 4,55.74,9.65,6
AMELY,Amelogenin Y-linked,48.49,0,6
ANXA1,Annexin A1,13.25,4.77,8
NHP2,NHP2 ribonucleoprotein,0.06,2.65,8
CEP135,Centrosomal protein 135,4.16,3.5,9
LRTM2,Leucine rich repeats and transmembrane domains 2,36.58,17.68,10
SIT1,Signaling threshold regulating transmembrane adaptor 1,9.86,6.73,10
NFYA,Nuclear transcription factor Y subunit alpha,1.02,1.71,10
FLI1,"Fli-1 proto-oncogene, ETS transcription factor",22.06,4.41,11
ARID1A,AT-rich interaction domain 1A,10.45,1.74,11
TIMM10,Translocase of inner mitochondrial membrane 10,2.15,4.93,12
ELANE,"Elastase, neutrophil expressed",1.16,2.06,12
AP2B1,Adaptor related protein complex 2 subunit beta 1,1.08,5.76,12
MTRES1,Mitochondrial transcription rescue factor 1,13.22,3.01,14
HGS,Hepatocyte growth factor-regulated tyrosine kinase substrate,2.78,3.14,14
CNTRL,Centriolin,3.06,4.71,15
IFI30,IFI30 lysosomal thiol reductase,8.32,8.71,16
SLAMF6,SLAM family member 6,3.94,6.61,16
DDX1,DEAD-box helicase 1,0.65,11.09,16
STK24,Serine/threonine kinase 24,2.43,6.76,17
EMG1,EMG1 N1-specific pseudouridine methyltransferase,0.09,2.51,17
KIF4B,Kinesin family member 4B,2.99,1.91,18
TRIP10,Thyroid hormone receptor interactor 10,12.79,2.77,19
SSB,Small RNA binding exonuclease protection factor La,6.59,22.85,19
SIRT5,Sirtuin 5,2.8,15.52,19
MNT,MAX network transcriptional repressor,0.86,4.89,19
TDP1,Tyrosyl-DNA phosphodiesterase 1,2.18,9.19,20
CCDC170,Coiled-coil domain containing 170,0.38,7.25,20
ASAH1,N-acylsphingosine amidohydrolase 1,4.04,21.47,21
FCHSD2,FCH and double SH3 domains 2,2.43,4.44,21
JAM3,Junctional adhesion molecule 3,5.68,24.3,22
CEP89,Centrosomal protein 89,0.74,22.56,22
PPM1A,"Protein phosphatase, Mg2+/Mn2+ dependent 1A",1.08,14.65,23
CMC1,C-X9-C motif containing 1,14.67,3.24,24
LPCAT2,Lysophosphatidylcholine acyltransferase 2,0.87,7.75,24
LPO,Lactoperoxidase,4.85,45.78,25
C1orf131,Chromosome 1 open reading frame 131,2.43,3.87,25
EXTL1,Exostosin like glycosyltransferase 1,42.32,24.18,26
MRPL46,Mitochondrial ribosomal protein L46,6.98,3.73,26
STX16,Syntaxin 16,5.72,15.72,26
LAMP1,Lysosomal associated membrane protein 1,2.97,9.27,26
CDK11A,Cyclin dependent kinase 11A,1.78,6.84,26
SPECC1,Sperm antigen with calponin homology and coiled-coil domains 1,1.43,14.9,26
TAFA1,TAFA chemokine like family member 1,80.18,4.88,27
GAP43,Growth associated protein 43,54.57,7.72,27
AKT3,AKT serine/threonine kinase 3,4.57,2.86,27
CCT5,Chaperonin containing TCP1 subunit 5,1.66,2.12,27
ILKAP,ILK associated serine/threonine phosphatase,6.67,0.34,29
NOS3,Nitric oxide synthase 3,5.03,9.2,29
UNC5D,Unc-5 netrin receptor D,61.59,10.81,30
GPRC5C,G protein-coupled receptor class C group 5 member C,30.52,3.07,30
IGF2BP3,Insulin like growth factor 2 mRNA binding protein 3,1.01,2.1,30
SYTL1,Synaptotagmin like 1,0.43,3.53,30
LEO1,"LEO1 homolog, Paf1/RNA polymerase II complex component",0.05,1.41,30
TNFAIP8,TNF alpha induced protein 8,12.59,13.88,31
BRD3,Bromodomain containing 3,5.01,5.77,32
RCC1,Regulator of chromosome condensation 1,0.37,0,32
NMT1,N-myristoyltransferase 1,19.09,3.64,33
PRDX3,Peroxiredoxin 3,16.22,7.69,33
TIA1,TIA1 cytotoxic granule associated RNA binding protein,41.08,0,34
UBE2B,Ubiquitin conjugating enzyme E2 B,19.78,7.8,34
PADI4,Peptidyl arginine deiminase 4,0.39,6.87,34
MCEE,Methylmalonyl-CoA epimerase,11.03,14.91,35
UBTD2,Ubiquitin domain containing 2,3.43,21.08,35
PPP4R4,Protein phosphatase 4 regulatory subunit 4,0.46,38.67,35
PDP1,Pyruvate dehydrogenase phosphatase catalytic subunit 1,20.39,8.62,36
SIRPG,Signal regulatory protein gamma,15.54,30.77,36
ING1,Inhibitor of growth family member 1,4.57,0.18,36
CCDC134,Coiled-coil domain containing 134,9.52,4.97,37
TOX3,TOX high mobility group box family member 3,0.8,8.56,38
LACRT,Lacritin,33.19,27.87,39
MEGF11,Multiple EGF like domains 11,16.6,0,39
PDE10A,Phosphodiesterase 10A,12.45,12.54,39
PIN4,"Peptidylprolyl cis/trans isomerase, NIMA-interacting 4",6.79,29.38,39
UBTF,Upstream binding transcription factor,1.46,7.73,39
ZNF207,Zinc finger protein 207,1.21,5.39,39
MAX,MYC associated factor X,9.46,7.53,41
TNFAIP2,TNF alpha induced protein 2,8.12,5.78,41
STAM,Signal transducing adaptor molecule,2.58,7.5,41
SELENOH,Selenoprotein H,1.09,2.89,41
PPFIA4,PTPRF interacting protein alpha 4,0.23,2.27,41
RAB6B,"RAB6B, member RAS oncogene family",28.86,7.82,42
CLEC12A,C-type lectin domain family 12 member A,6.62,28.07,42
SNU13,Small nuclear ribonucleoprotein 13,3.61,1.92,42
SEPTIN7,Septin 7,11.12,6.01,43
PPM1B,"Protein phosphatase, Mg2+/Mn2+ dependent 1B",11.05,32.22,43
LTB,Lymphotoxin beta,9.23,17.04,43
GDAP2,Ganglioside induced differentiation associated protein 2,3.89,2.08,43
KIAA1328,KIAA1328,1.01,12.09,43
PRKCI,Protein kinase C iota,16.07,8.15,44
AMDHD2,Amidohydrolase domain containing 2,7.19,9.79,44
CERT1,Ceramide transporter 1,5.08,3,44
CIT,Citron rho-interacting serine/threonine kinase,1.82,7.86,44
TSLP,Thymic stromal lymphopoietin,1.29,22.5,44
CEP20,Centrosomal protein 20,0.52,7.92,45
KRR1,KRR1 small subunit processome component homolog,0.16,6.56,45
HLA-DRA,"Major histocompatibility complex, class II, DR alpha",27.93,40.12,46
AMFR,Autocrine motility factor receptor,3.72,51.44,46
VRK1,VRK serine/threonine kinase 1,0.13,1.98,46
RPEL1,Ribulose-5-phosphate-3-epimerase like 1,28.41,0,47
NDE1,NudE neurodevelopment protein 1,4.47,0,47
GCG,Glucagon,5.36,5.27,48
STAU1,Staufen double-stranded RNA binding protein 1,1.74,22.14,48
GTF3C2,General transcription factor IIIC subunit 2,1.68,0.29,48
UGGT1,UDP-glucose glycoprotein glucosyltransferase 1,0.66,1.66,48
WASHC3,WASH complex subunit 3,3.59,1.33,49
GPATCH1,G-patch domain containing 1,0.12,11.18,49
CSNK1D,Casein kinase 1 delta,19.84,8.17,50
PPP1R13B,Protein phosphatase 1 regulatory subunit 13B,0.64,45.47,50
SIRT3,Sirtuin 3,4.68,19.89,51
S100A3,S100 calcium binding protein A3,2.5,12.25,51
MMUT,Methylmalonyl-CoA mutase,0.69,12.37,51
LHX2,LIM homeobox 2,0.3,11.77,51
CEP128,Centrosomal protein 128,4.25,9.4,52
CCDC137,Coiled-coil domain containing 137,0,5.5,52
BCL7B,BAF chromatin remodeling complex subunit BCL7B,5.81,13.69,53
KIF4A,Kinesin family member 4A,4.11,4.49,53
BLOC1S2,Biogenesis of lysosomal organelles complex 1 subunit 2,2.03,29.19,53
IL13,Interleukin 13,1.52,25.88,53
CENPF,Centromere protein F,0.97,5.86,53
OVGP1,Oviductal glycoprotein 1,19.11,0,54
DDX19B,DEAD-box helicase 19B,11.36,9.48,54
NOSIP,Nitric oxide synthase interacting protein,7.87,6.36,54
RRP1,Ribosomal RNA processing 1,1.47,26.26,55
SMNDC1,Survival motor neuron domain containing 1,1.16,0,55
CTSA,Cathepsin A,0.85,8.46,55
CLNS1A,Chloride nucleotide-sensitive channel 1A,9.72,3.39,56
CTTNBP2NL,CTTNBP2 N-terminal like,1.67,31.3,56
ANKRD50,Ankyrin repeat domain containing 50,0.13,24.72,56
TBL1X,Transducin beta like 1 X-linked,13.22,10.43,57
HOOK2,Hook microtubule tethering protein 2,1.84,2.17,57
TICRR,TOPBP1 interacting checkpoint and replication regulator,1.17,48.06,57
SDHAF4,Succinate dehydrogenase complex assembly factor 4,0.61,13.94,57
ERI1,Exoribonuclease 1,4.3,0,58
GMNN,Geminin DNA replication inhibitor,1.81,12.79,58
MAPK12,Mitogen-activated protein kinase 12,1.64,28.54,58
AMBN,Ameloblastin,84.04,0.56,59
TRIM40,Tripartite motif containing 40,15.24,9.72,59
MAP2,Microtubule associated protein 2,9.84,13.86,59
SUCLA2,Succinate-CoA ligase ADP-forming subunit beta,8.27,10.08,59
PSMD5,"Proteasome 26S subunit, non-ATPase 5",2.78,28.34,59
RTF2,Replication termination factor 2,0.48,7.26,59
GCFC2,GC-rich sequence DNA-binding factor 2,39.45,4.67,60
COMMD7,COMM domain containing 7,12.87,2.37,60
RALBP1,RalA binding protein 1,8.49,6.93,60
RGL2,Ral guanine nucleotide dissociation stimulator like 2,4.58,11.55,60
SF3B4,Splicing factor 3b subunit 4,1.03,6.25,60
DDX10,DEAD-box helicase 10,0.13,12.61,60
SNRPB2,Small nuclear ribonucleoprotein polypeptide B2,2.44,2.44,61
SLK,STE20 like kinase,0.55,25.79,61
SHOX2,Short stature homeobox 2,0.18,38.33,61
USP47,Ubiquitin specific peptidase 47,0.12,5.96,61
SYF2,SYF2 pre-mRNA splicing factor,22.84,4.89,62
ANXA2,Annexin A2,1.97,33.5,62
SRGAP2B,SLIT-ROBO Rho GTPase activating protein 2B,1.75,11.96,62
OFD1,OFD1 centriole and centriolar satellite protein,1.03,9.52,62
TPT1,"Tumor protein, translationally-controlled 1",0.19,6.53,62
NGLY1,N-glycanase 1,0.09,22.71,62
C16orf86,Chromosome 16 open reading frame 86,26.36,4.01,63
ZFYVE9,Zinc finger FYVE-type containing 9,0.33,48.18,63
RIPK3,Receptor interacting serine/threonine kinase 3,28.65,6.46,64
UBR2,Ubiquitin protein ligase E3 component n-recognin 2,11.98,1.72,64
SH2D4B,SH2 domain containing 4B,3.57,29.38,64
GFM2,GTP dependent ribosome recycling factor mitochondrial 2,2.63,26.14,64
HIP1,Huntingtin interacting protein 1,1.3,6.62,64
FES,"FES proto-oncogene, tyrosine kinase",12.2,9.7,65
PPFIA2,PTPRF interacting protein alpha 2,8.17,23.36,65
ST8SIA6,"ST8 alpha-N-acetyl-neuraminide alpha-2,8-sialyltransferase 6",7.13,18.43,65
SGF29,SAGA complex associated factor 29,6.56,5.49,65
H1-6,"H1.6 linker histone, cluster member",1.56,24.89,65
FAF2,Fas associated factor family member 2,19.34,8.15,66
IL12B,Interleukin 12B,9.24,13.76,66
USH1G,USH1 protein network component sans,8.73,0.18,66
NFATC4,Nuclear factor of activated T cells 4,3.8,34.67,66
ENPEP,Glutamyl aminopeptidase,2.06,5.89,66
GRK3,G protein-coupled receptor kinase 3,1.55,17.87,66
PPIE,Peptidylprolyl isomerase E,0.95,11.53,66
C7orf25,Chromosome 7 open reading frame 25,17.21,3.55,67
UBXN2A,UBX domain protein 2A,11.7,10.29,67
ROBO3,Roundabout guidance receptor 3,3.29,15.37,67
REST,RE1 silencing transcription factor,1.18,20.86,67
ATP1B1,ATPase Na+/K+ transporting subunit beta 1,1.13,13.22,67
MCCC1,Methylcrotonyl-CoA carboxylase subunit 1,1.05,25.93,67
MDH1,Malate dehydrogenase 1,0.84,3.32,67
OBI1,ORC ubiquitin ligase 1,3.49,9.46,68
RUNDC3A,RUN domain containing 3A,1.95,27.29,68
BTBD9,BTB domain containing 9,0.52,25.19,68
NUP160,Nucleoporin 160,0.2,16.42,68
ARHGEF10,Rho guanine nucleotide exchange factor 10,31.03,2.14,69
RECQL5,RecQ like helicase 5,0.43,11.12,69
TRIM41,Tripartite motif containing 41,22.78,0.18,70
WAS,WASP actin nucleation promoting factor,3.32,19.65,70
TBC1D28,TBC1 domain family member 28,1.97,23.14,70
APOB,Apolipoprotein B,64.22,3.48,71
DENR,Density regulated re-initiation and release factor,14.61,3.16,71
ANKRD54,Ankyrin repeat domain 54,11.9,10.38,71
ACRBP,Acrosin binding protein,9.1,6.96,71
UBA52,Ubiquitin A-52 residue ribosomal protein fusion product 1,7.09,15.88,71
STK11IP,Serine/threonine kinase 11 interacting protein,0.07,9.55,71
GAB1,GRB2 associated binding protein 1,30.34,1.14,72
CDR2L,Cerebellar degeneration related protein 2 like,13.52,5.63,72
GSAP,Gamma-secretase activating protein,2.23,21.4,72
SOX13,SRY-box transcription factor 13,0.41,7.73,72
NFATC3,Nuclear factor of activated T cells 3,13.97,15.64,73
LEKR1,"Leucine, glutamate and lysine rich 1",1.33,20.62,73
SRGAP3,SLIT-ROBO Rho GTPase activating protein 3,0.02,0,73
NPHS1,"NPHS1 adhesion molecule, nephrin",8.46,43.64,75
MMP15,Matrix metallopeptidase 15,2.76,13.45,75
CABYR,Calcium binding tyrosine phosphorylation regulated,0.32,19.32,75
ANKRD36B,Ankyrin repeat domain 36B,4.75,19.09,76
LTF,Lactotransferrin,3.69,25.03,77
HDDC3,HD domain containing 3,2.71,23.12,77
KIAA1958,KIAA1958,0.01,30.87,78
MIB2,MIB E3 ubiquitin protein ligase 2,0.73,25.89,79
TEX11,Testis expressed 11,4.72,38.37,80
CRYM,Crystallin mu,6.54,15.2,81
DENND2B,DENN domain containing 2B,6.42,22.6,82
SSR1,Signal sequence receptor subunit 1,3.01,24.64,82
MYL6B,Myosin light chain 6B,1.26,25.01,82
VIL1,Villin 1,1.26,14.65,82
PPP1R3B,Protein phosphatase 1 regulatory subunit 3B,0.29,12.91,82
FRMD4B,FERM domain containing 4B,20.94,0,83
C1QBP,Complement C1q binding protein,6.66,11.93,83
GUF1,GTP binding elongation factor GUF1,5.21,18.7,83
PLEKHD1,Pleckstrin homology and coiled-coil domain containing D1,0.85,40.06,83
MEFV,"MEFV innate immuity regulator, pyrin",0.55,22.48,83
POLR3F,RNA polymerase III subunit F,6.98,21.56,84
RAP1GDS1,Rap1 GTPase-GDP dissociation stimulator 1,2.78,32.76,84
FEN1,Flap structure-specific endonuclease 1,2.44,4.89,84
CCDC117,Coiled-coil domain containing 117,2.08,5.61,84
ACSL1,Acyl-CoA synthetase long chain family member 1,1.27,35.11,84
IL36G,Interleukin 36 gamma,1.17,18.08,84
FUT1,Fucosyltransferase 1 (H blood group),2.71,29.94,85
STXBP5L,Syntaxin binding protein 5L,0.41,35.35,85
CFAP45,Cilia and flagella associated protein 45,16.43,2.06,86
ENO3,Enolase 3,9.83,1.41,86
PGM2,Phosphoglucomutase 2,0.67,5.41,86
DNAH7,Dynein axonemal heavy chain 7,0.43,25.87,86
RTEL1,Regulator of telomere elongation helicase 1,0.33,0.71,86
PDIA3,Protein disulfide isomerase family A member 3,21.14,3.28,87
FAM171B,Family with sequence similarity 171 member B,7.36,5.84,87
OSTN,Osteocrin,5.82,16.97,87
MEOX1,Mesenchyme homeobox 1,2.27,14.3,87
FH,Fumarate hydratase,2.27,25.86,87
RIBC1,RIB43A domain with coiled-coils 1,1.9,15.08,87
MTUS2,Microtubule associated scaffold protein 2,6.13,0,88
GZMB,Granzyme B,3.46,22.58,88
TSC22D1,TSC22 domain family member 1,3.21,3.95,88
AZU1,Azurocidin 1,2.06,1.95,88
SRCIN1,SRC kinase signaling inhibitor 1,1.85,25.49,88
SHPK,Sedoheptulokinase,0.49,27.43,88
TRIM5,Tripartite motif containing 5,30.18,0.33,89
EXTL3,Exostosin like glycosyltransferase 3,6.67,24.46,89
ZFAND4,Zinc finger AN1-type containing 4,1.18,30.35,89
RPRD1B,Regulation of nuclear pre-mRNA domain containing 1B,8.08,26.13,90
IVD,Isovaleryl-CoA dehydrogenase,4.8,6.21,90
ODAM,"Odontogenic, ameloblast associated",75.77,4.59,91
NXPH1,Neurexophilin 1,36.34,6.45,91
AMOTL2,Angiomotin like 2,10.35,11.74,91
SLIRP,SRA stem-loop interacting RNA binding protein,1.33,14.65,91
DNAH17,Dynein axonemal heavy chain 17,0.21,32.3,91
PADI2,Peptidyl arginine deiminase 2,0.06,21.81,91
HBG2,Hemoglobin subunit gamma 2,40.91,24.96,92
DGKA,Diacylglycerol kinase alpha,5.26,4.96,92
LPXN,Leupaxin,2.91,8.23,92
DDX49,DEAD-box helicase 49,1.79,26.14,92
MAP3K5,Mitogen-activated protein kinase kinase kinase 5,15.69,4.26,93
RPE,Ribulose-5-phosphate-3-epimerase,11.93,10.37,93
AP1G2,Adaptor related protein complex 1 subunit gamma 2,9.38,1.94,93
SERPINE2,Serpin family E member 2,6.86,18.97,93
ELFN2,Extracellular leucine rich repeat and fibronectin type III domain containing 2,1.73,23.18,93
MAEA,"Macrophage erythroblast attacher, E3 ubiquitin ligase",0.31,7.93,93
RAB3GAP1,RAB3 GTPase activating protein catalytic subunit 1,3.79,0,94
TNRC18,Trinucleotide repeat containing 18,0.99,33.7,94
NDUFA5,NADH:ubiquinone oxidoreductase subunit A5,17.65,2.11,95
ARFRP1,ADP ribosylation factor related protein 1,7.72,10.98,95
ANKRD6,Ankyrin repeat domain 6,5.24,17.19,95
CDC27,Cell division cycle 27,4.65,8.05,95
MAP4K1,Mitogen-activated protein kinase kinase kinase kinase 1,14.84,0,96
ZNF282,Zinc finger protein 282,2.46,35.46,96
GRIK5,Glutamate ionotropic receptor kainate type subunit 5,1.11,26.07,96
EIF1AX,Eukaryotic translation initiation factor 1A X-linked,21.46,4.02,97
SPATS2,Spermatogenesis associated serine rich 2,2.18,17.84,97
MEIS2,Meis homeobox 2,12.06,22.89,98
CENPJ,Centromere protein J,3.89,28.82,98
CAMSAP2,Calmodulin regulated spectrin associated protein family member 2,3.49,38.26,98
PDE4C,Phosphodiesterase 4C,0.2,22.12,98
CELF5,CUGBP Elav-like family member 5,0.06,26.64,98
MUC7,"Mucin 7, secreted",4.48,42.66,100
ZFP57,ZFP57 zinc finger protein,0.18,29.37,100
NAGA,Alpha-N-acetylgalactosaminidase,16.53,17.11,101
KIAA0586,KIAA0586,5.18,15.41,101
C2orf80,Chromosome 2 open reading frame 80,0.48,36.48,101
ARID4B,AT-rich interaction domain 4B,0.15,2.67,101
GOLGA3,Golgin A3,30.46,10.05,102
MEIOC,Meiosis specific with coiled-coil domain,3.02,15,102
C16orf78,Chromosome 16 open reading frame 78,0.91,26.93,102
ASB15,Ankyrin repeat and SOCS box containing 15,0.81,14.44,102
NUMBL,NUMB like endocytic adaptor protein,19.37,9.62,103
MYO5A,Myosin VA,9.94,10.76,103
SEMA6D,Semaphorin 6D,3.92,16.51,103
RAB44,"RAB44, member RAS oncogene family",1.12,6.72,103
ODF2L,Outer dense fiber of sperm tails 2 like,0.93,29.28,103
ACADM,Acyl-CoA dehydrogenase medium chain,0.84,30.85,103
IRGQ,Immunity related GTPase Q,15.41,0,104
ABCA2,ATP binding cassette subfamily A member 2,4.86,2.16,104
INSR,Insulin receptor,4.86,2.34,104
RITA1,RBPJ interacting and tubulin associated 1,1.47,22.33,104
SASS6,SAS-6 centriolar assembly protein,1.01,8.35,104
RPH3AL,Rabphilin 3A like (without C2 domains),0.94,18.46,104
RNF214,Ring finger protein 214,18.8,6.87,105
MSL2,MSL complex subunit 2,0.62,24.09,105
MTHFD2,"Methylenetetrahydrofolate dehydrogenase (NADP+ dependent) 2, methenyltetrahydrofolate cyclohydrolase",15.77,30.35,106
TP53,Tumor protein p53,10.53,8.99,106
TST,Thiosulfate sulfurtransferase,9.11,1.76,106
TSPAN1,Tetraspanin 1,7.91,10.41,106
TRIM39,Tripartite motif containing 39,7.83,17.44,106
SOX4,SRY-box transcription factor 4,2.55,23.38,106
MTPN,Myotrophin,1.49,10.17,106
ABRAXAS2,"Abraxas 2, BRISC complex subunit",18.69,0,107
CTF1,Cardiotrophin 1,16.96,21.91,107
DYNLT3,Dynein light chain Tctex-type 3,9.04,10.43,108
DHRS7,Dehydrogenase/reductase 7,5.08,20.72,108
SURF2,Surfeit 2,0.54,46.91,108
CAPN8,Calpain 8,0.34,19.46,108
PDGFC,Platelet derived growth factor C,27.36,20.95,109
TESMIN,Testis expressed metallothionein like protein,2.85,17.33,109
RNF227,Ring finger protein 227,1.79,43.08,109
RSRC1,Arginine and serine rich coiled-coil 1,1.39,8.36,109
PLEKHA4,Pleckstrin homology domain containing A4,0.15,33.42,109
LSG1,Large 60S subunit nuclear export GTPase 1,2.99,18.06,110
HECA,"Hdc homolog, cell cycle regulator",1.95,21.02,110
UNC79,"Unc-79 homolog, NALCN channel complex subunit",16.83,9.35,111
SSNA1,SS nuclear autoantigen 1,14.12,6.17,111
PNPT1,Polyribonucleotide nucleotidyltransferase 1,14.01,13.13,111
APOBEC2,Apolipoprotein B mRNA editing enzyme catalytic subunit 2,3.22,2.59,111
GARRE1,Granule associated Rac and RHOG effector 1,1.85,24.99,111
GSTM4,Glutathione S-transferase mu 4,0.05,40.59,111
GPKOW,G-patch domain and KOW motifs,3.06,2.39,112
MEX3B,Mex-3 RNA binding family member B,7.58,5.08,113
ERC2,ELKS/RAB6-interacting/CAST family member 2,3.8,12.15,113
SLC5A5,Solute carrier family 5 member 5,1.87,13.64,113
NAV2,Neuron navigator 2,1.42,18.47,113
PRR18,Proline rich 18,1.27,20.27,113
NCOA7,Nuclear receptor coactivator 7,19.15,0,114
MDC1,Mediator of DNA damage checkpoint 1,6.81,18.34,114
AGAP3,"ArfGAP with GTPase domain, ankyrin repeat and PH domain 3",0.62,33.78,114
CHI3L1,Chitinase 3 like 1,10.39,65.53,114
MVK,Mevalonate kinase,41.57,0.59,115
IGSF22,Immunoglobulin superfamily member 22,3.91,38.95,115
CWF19L1,CWF19 like cell cycle control factor 1,0.72,12.75,115
SLC40A1,Solute carrier family 40 member 1,0.63,15.81,115
CEACAM5,CEA cell adhesion molecule 5,3.11,34.28,115
TUBGCP5,Tubulin gamma complex associated protein 5,1.48,39.22,115
PTEN,Phosphatase and tensin homolog,19.1,0.58,116
HTR1A,5-hydroxytryptamine receptor 1A,2.47,24.92,116
IQCC,IQ motif containing C,1.66,18.78,116
C16orf96,Chromosome 16 open reading frame 96,1.94,31.77,117
ASPG,Asparaginase,0.15,48.96,117
FKBP7,FKBP prolyl isomerase 7,11.85,7.55,118
EMID1,EMI domain containing 1,1.14,33.16,118
PTPN14,Protein tyrosine phosphatase non-receptor type 14,0.7,36.73,118
HMBOX1,Homeobox containing 1,0.55,12.08,118
PLSCR3,Phospholipid scramblase 3,3.04,0,119
PROM1,Prominin 1,2.47,8.02,119
MICAL3,"Microtubule associated monooxygenase, calponin and LIM domain containing 3",1.49,2.1,119
ZNF350,Zinc finger protein 350,1.02,36.67,119
IRF2BP2,Interferon regulatory factor 2 binding protein 2,0.55,33.31,119
CYP24A1,Cytochrome P450 family 24 subfamily A member 1,0.16,51.23,119
ESYT2,Extended synaptotagmin 2,14.98,1.36,120
FAM228A,Family with sequence similarity 228 member A,3.22,35.4,120
RCOR1,REST corepressor 1,0.65,22.86,120
ZRSR2,"Zinc finger CCCH-type, RNA binding motif and serine/arginine rich 2",0.47,9.04,121
DCTN4,Dynactin subunit 4,14.51,5.46,122
GLTP,Glycolipid transfer protein,10.15,11.18,122
CCP110,Centriolar coiled-coil protein 110,10.05,20.34,122
SKIL,SKI like proto-oncogene,4.99,38.91,122
KIAA1217,KIAA1217,0.79,22.2,122
TARM1,"T cell-interacting, activating receptor on myeloid cells 1",0.08,57.29,122
PRDX1,Peroxiredoxin 1,24.42,1.99,123
PTRHD1,Peptidyl-tRNA hydrolase domain containing 1,17.68,2.14,123
KIFAP3,Kinesin associated protein 3,2.9,28.2,123
ANGPTL7,Angiopoietin like 7,1.7,54.27,123
LYPLA2,Lysophospholipase 2,1.07,87.98,123
ANKIB1,Ankyrin repeat and IBR domain containing 1,5.92,1.49,124
DYNC1H1,Dynein cytoplasmic 1 heavy chain 1,1.77,8.11,124
APBB1,Amyloid beta precursor protein binding family B member 1,1.49,25.57,124
SUFU,SUFU negative regulator of hedgehog signaling,13.6,4.69,125
ZNF385B,Zinc finger protein 385B,0.09,24.03,125
SIM1,SIM bHLH transcription factor 1,0.58,59.3,125
S100P,S100 calcium binding protein P,69.04,6.88,128
CKAP2L,Cytoskeleton associated protein 2 like,3.73,53.51,128
MYH10,Myosin heavy chain 10,0.25,10.82,128
ABCF2,ATP binding cassette subfamily F member 2,8.96,0,129
VIM,Vimentin,7.62,11.39,129
KHDC3L,"KH domain containing 3 like, subcortical maternal complex member",3.3,24.24,129
WNT16,Wnt family member 16,1.16,21.61,129
ZMYND15,Zinc finger MYND-type containing 15,0.95,22.94,130
TLR1,Toll like receptor 1,0.48,25.26,130
NOL4L,Nucleolar protein 4 like,0.35,12.19,130
DTX2,Deltex E3 ubiquitin ligase 2,3.86,36.62,131
ULK4,Unc-51 like kinase 4,2.55,10.25,131
LRIT2,"Leucine rich repeat, Ig-like and transmembrane domains 2",1.76,14.8,131
ARHGAP30,Rho GTPase activating protein 30,1.25,39.14,131
STX1B,Syntaxin 1B,7.53,14.98,132
OLFM2,Olfactomedin 2,0.11,50.81,132
RP2,RP2 activator of ARL3 GTPase,4.29,13.1,133
MYOM2,Myomesin 2,1.45,11.96,133
MAK,Male germ cell associated kinase,0.94,44.88,133
SAMD8,Sterile alpha motif domain containing 8,0.34,22.3,133
DNAH5,Dynein axonemal heavy chain 5,0.92,41.15,134
CECR2,CECR2 histone acetyl-lysine reader,3.22,12.02,135
CNKSR1,Connector enhancer of kinase suppressor of Ras 1,2.76,19.51,135
CWC15,CWC15 spliceosome associated protein homolog,2.11,11.88,135
PRSS22,Serine protease 22,1.14,47.8,135
SRPRA,SRP receptor subunit alpha,7.57,6.74,136
HSPA4L,Heat shock protein family A (Hsp70) member 4 like,3.67,37.81,136
CEP295NL,CEP295 N-terminal like,2.89,30.94,136
FARSA,Phenylalanyl-tRNA synthetase subunit alpha,1.88,7.01,136
GID8,GID complex subunit 8 homolog,1.55,15.89,136
DCC,DCC netrin 1 receptor,0.15,26.04,136
DOHH,Deoxyhypusine hydroxylase,21.95,0,137
PRR23A,Proline rich 23A,1.8,18.74,137
SMARCA2,"SWI/SNF related, matrix associated, actin dependent regulator of chromatin, subfamily a, member 2",24.07,10.2,138
ACOX1,Acyl-CoA oxidase 1,11.91,10.89,138
CHRM1,Cholinergic receptor muscarinic 1,0.73,26.21,138
NEB,Nebulin,0.47,16.14,138
KCTD18,Potassium channel tetramerization domain containing 18,14.86,16.32,139
HIF1A,Hypoxia inducible factor 1 subunit alpha,2.42,26.41,139
EPN3,Epsin 3,2.26,24.89,139
CNPY2,Canopy FGF signaling regulator 2,0.26,10.19,139
SHROOM4,Shroom family member 4,27.86,0,140
PKN3,Protein kinase N3,17.37,12.84,140
CCL26,C-C motif chemokine ligand 26,6.36,21.74,140
MED6,Mediator complex subunit 6,2.86,27.11,140
PHLDB3,Pleckstrin homology like domain family B member 3,1.81,21.6,140
DUSP19,Dual specificity phosphatase 19,11.54,5.67,141
AGR3,"Anterior gradient 3, protein disulphide isomerase family member",9.09,10.03,141
LILRA4,Leukocyte immunoglobulin like receptor A4,1.82,21.15,141
CCDC138,Coiled-coil domain containing 138,0.38,23.8,141
ATF1,Activating transcription factor 1,0.25,5.79,141
ANKRD10,Ankyrin repeat domain 10,0.62,46.96,142
TMA16,Translation machinery associated 16 homolog,0.24,11.17,142
ANGPTL5,Angiopoietin like 5,1,87.53,142
MAPKAPK2,MAPK activated protein kinase 2,24.18,2.31,143
ARHGAP25,Rho GTPase activating protein 25,12.79,5.51,143
BBX,BBX high mobility group box domain containing,3.3,19.34,144
GOLM1,Golgi membrane protein 1,2.61,9.21,144
RBPMS,"RNA binding protein, mRNA processing factor",2.18,7.69,144
IL2RG,Interleukin 2 receptor subunit gamma,1.57,9.95,144
TNRC6B,Trinucleotide repeat containing adaptor 6B,18.34,3.47,145
ARHGEF2,Rho/Rac guanine nucleotide exchange factor 2,14.43,4.6,146
FAM90A10,Family with sequence similarity 90 member A10,2.04,56.9,146
KIF1C,Kinesin family member 1C,0.82,9.15,146
PSPN,Persephin,48.44,41.81,146
VCPKMT,Valosin containing protein lysine methyltransferase,13.78,22.91,147
PARD3,Par-3 family cell polarity regulator,28.23,1.03,148
FRMD8,FERM domain containing 8,14.92,2.58,148
ADAM12,ADAM metallopeptidase domain 12,3.85,3.43,148
LYG2,Lysozyme g2,3.35,35.47,149
TOM1L1,Target of myb1 like 1 membrane trafficking protein,0.03,0,149
CD7,CD7 molecule,24.4,28.82,150
STX12,Syntaxin 12,6.11,14.21,150
SMURF1,SMAD specific E3 ubiquitin protein ligase 1,13.01,28.15,151
PPP6R2,Protein phosphatase 6 regulatory subunit 2,19.6,10.29,152
NECTIN1,Nectin cell adhesion molecule 1,1.05,40.35,152
REEP4,Receptor accessory protein 4,38.67,3.55,153
RLN3,Relaxin 3,1.63,17,153
SIRT6,Sirtuin 6,20.3,9.12,154
DCDC2B,Doublecortin domain containing 2B,2.72,31.41,154
PHLDA3,Pleckstrin homology like domain family A member 3,0.87,24.1,154
THAP10,THAP domain containing 10,0.79,14.5,154
CEACAM3,CEA cell adhesion molecule 3,0.03,10.13,154
OTUD6B,OTU deubiquitinase 6B,16.41,0.16,155
FCGR2B,Fc gamma receptor IIb,4.64,69.49,155
ARHGAP45,Rho GTPase activating protein 45,35.3,0,156
STX6,Syntaxin 6,11.23,22.07,156
ZC3H12D,Zinc finger CCCH-type containing 12D,0.34,9.56,156
ARHGAP5,Rho GTPase activating protein 5,11.45,17.87,157
STK32C,Serine/threonine kinase 32C,9.97,24.02,157
USHBP1,USH1 protein network component harmonin binding protein 1,1.97,30.25,157
PGLYRP4,Peptidoglycan recognition protein 4,1.67,27.25,157
YJU2B,YJU2 splicing factor homolog B,0.7,19.66,157
BCAR3,"BCAR3 adaptor protein, NSP family member",0.22,39.42,157
ITPA,Inosine triphosphatase,39.79,5.85,158
MARVELD3,MARVEL domain containing 3,5.29,20.19,158
PTPMT1,Protein tyrosine phosphatase mitochondrial 1,1.49,28.16,158
ANKRD55,Ankyrin repeat domain 55,1.42,41.68,158
SH3BP1,SH3 domain binding protein 1,1.08,15.66,158
ALDH2,Aldehyde dehydrogenase 2 family member,0.64,19.54,158
FAM91A1,Family with sequence similarity 91 member A1,22.51,0,159
CABP4,Calcium binding protein 4,1.19,34.51,159
C2CD4C,C2 calcium dependent domain containing 4C,0.56,15.06,159
CLTA,Clathrin light chain A,24.93,11.94,160
NAMPT,Nicotinamide phosphoribosyltransferase,1.69,7.81,160
RIGI,RNA sensor RIG-I,0.49,12.42,161
RNF43,Ring finger protein 43,0.38,11.04,161
UBE2E2,Ubiquitin conjugating enzyme E2 E2,3.32,18.52,162
SPIRE2,Spire type actin nucleation factor 2,0.44,29.19,163
IQCN,IQ motif containing N,0.11,22.28,163
SRY,Sex determining region Y,2.02,31.64,164
NCOA1,Nuclear receptor coactivator 1,19.67,2.68,165
CAP2,Cyclase associated actin cytoskeleton regulatory protein 2,1.96,24.39,165
RIPK4,Receptor interacting serine/threonine kinase 4,1.24,26.6,165
SPN,Sialophorin,0.81,8.32,165
INO80,INO80 complex ATPase subunit,1.64,25.64,166
CBLL2,Cbl proto-oncogene like 2,0.08,21.65,166
PRMT3,Protein arginine methyltransferase 3,25.88,3.12,167
RAB11FIP5,RAB11 family interacting protein 5,6.25,13.84,167
MACROD2,Mono-ADP ribosylhydrolase 2,2.78,45.43,167
KIF9,Kinesin family member 9,0.55,32.17,167
FAM83F,Family with sequence similarity 83 member F,31.77,18.5,168
SYTL4,Synaptotagmin like 4,10.9,2.7,168
RASSF5,Ras association domain family member 5,1.05,0,169
JUN,"Jun proto-oncogene, AP-1 transcription factor subunit",0.11,57.25,169
GASK1A,Golgi associated kinase 1A,10.69,40.3,170
GNL3L,G protein nucleolar 3 like,40.8,5.16,171
WDR54,WD repeat domain 54,9.61,4.23,172
SEPTIN9,Septin 9,4.3,15.13,172
MGLL,Monoglyceride lipase,8.38,4.14,173
IL11RA,Interleukin 11 receptor subunit alpha,0.25,34.41,173
SOSTDC1,Sclerostin domain containing 1,0.36,33.99,173
C2orf69,Chromosome 2 open reading frame 69,13.62,11.14,174
C5orf34,Chromosome 5 open reading frame 34,4.99,28.56,174
C1QTNF6,C1q and TNF related 6,36.6,11.63,175
CASP9,Caspase 9,27.93,3.56,175
GRIK2,Glutamate ionotropic receptor kainate type subunit 2,7.14,24.77,175
CD72,CD72 molecule,32.69,18.82,177
IQCE,IQ motif containing E,7.4,6.12,177
RNF10,Ring finger protein 10,24.39,3.1,178
CFAP410,Cilia and flagella associated protein 410,6.73,8.77,178
CBX4,Chromobox 4,0.36,17.79,178
LAMA1,Laminin subunit alpha 1,0.07,32.95,178
FSIP1,Fibrous sheath interacting protein 1,20.05,3.73,180
OSBPL2,Oxysterol binding protein like 2,10.93,13.46,180
NTNG2,Netrin G2,10.55,23.74,180
ATF2,Activating transcription factor 2,2.96,47.59,180
KLHL40,Kelch like family member 40,1.19,27.79,180
FGF2,Fibroblast growth factor 2,9.55,20.37,181
PMCH,Pro-melanin concentrating hormone,3.28,24.11,181
TEDC2,Tubulin epsilon and delta complex 2,2.32,30.43,181
CENATAC,Centrosomal AT-AC splicing factor,4.73,5.09,182
TSSC4,Tumor suppressing subtransferable candidate 4,35.1,6.1,185
PARP10,Poly(ADP-ribose) polymerase family member 10,18.17,7.37,185
ZBED5,Zinc finger BED-type containing 5,0.82,30.11,185
DNAAF11,Dynein axonemal assembly factor 11,12.47,5.55,187
DNAJB8,DnaJ heat shock protein family (Hsp40) member B8,1.09,30.3,187
MRPL58,Mitochondrial ribosomal protein L58,17.37,4.57,188
HSPA2,Heat shock protein family A (Hsp70) member 2,0.49,8.64,188
LYPD1,LY6/PLAUR domain containing 1,0.33,23.97,188
BCL2L15,BCL2 like 15,9.61,3.41,189
ELOA,Elongin A,1.92,0,189
LZTFL1,Leucine zipper transcription factor like 1,1.73,9.35,189
MRPL53,Mitochondrial ribosomal protein L53,0.96,46.4,189
PNMA1,PNMA family member 1,12.67,6.71,190
GIGYF1,GRB10 interacting GYF protein 1,10.44,23.58,191
PYY,Peptide YY,3.75,13.65,191
PLCG1,Phospholipase C gamma 1,9.78,14.84,193
PTTG2,Pituitary tumor-transforming 2,4.4,26.68,194
DNLZ,DNL-type zinc finger,0.97,26.37,195
BPI,Bactericidal permeability increasing protein,6.58,6.59,196
GEMIN8,Gem nuclear organelle associated protein 8,0.08,43.63,196
NFAT5,Nuclear factor of activated T cells 5,15.78,21.64,197
ARG1,Arginase 1,0.92,4.3,197
DUSP29,Dual specificity phosphatase 29,3.28,13.16,198
TOX,Thymocyte selection associated high mobility group box,2.19,15.89,198
FANK1,Fibronectin type III and ankyrin repeat domains 1,1.54,36.99,198
HNRNPK,Heterogeneous nuclear ribonucleoprotein K,22.16,0,199
MAGEB2,MAGE family member B2,7.36,4.72,199
NINJ1,Ninjurin 1,2.66,51.9,199
VSIG10,V-set and immunoglobulin domain containing 10,1.35,50.99,199
YJU2,YJU2 splicing factor homolog,13.06,0,200
PHF20,PHD finger protein 20,3.93,12,200
MERTK,"MER proto-oncogene, tyrosine kinase",12.3,10.08,201
LRRC4,Leucine rich repeat containing 4,10.92,19.72,201
TGFB2,Transforming growth factor beta 2,5.99,34.42,201
GUCY2C,Guanylate cyclase 2C,0.05,20.03,201
TRMT10C,"TRNA methyltransferase 10C, mitochondrial RNase P subunit",10.24,11.79,203
IFT81,Intraflagellar transport 81,9.8,13.59,203
PPP1R12B,Protein phosphatase 1 regulatory subunit 12B,3.84,8.06,203
GRK5,G protein-coupled receptor kinase 5,15.84,7.98,204
CWC22,CWC22 spliceosome associated protein homolog,31.99,14.95,206
RNF213,Ring finger protein 213,20.55,0,206
ABLIM3,Actin binding LIM protein family member 3,6.37,3.25,206
CEP85,Centrosomal protein 85,6.11,3.25,206
SAFB2,Scaffold attachment factor B2,5.5,1.91,206
OS9,OS9 endoplasmic reticulum lectin,1.71,28.37,206
TP53BP1,Tumor protein p53 binding protein 1,0.81,36.25,206
LRRFIP1,LRR binding FLII interacting protein 1,19.03,2.1,207
MCEMP1,Mast cell expressed membrane protein 1,3.42,70.4,207
STRN,Striatin,1.64,8.36,207
LURAP1,Leucine rich adaptor protein 1,5.33,40.95,209
MDM1,Mdm1 nuclear protein,23.78,7.52,210
TXNDC9,Thioredoxin domain containing 9,5.83,1.31,210
BTN1A1,Butyrophilin subfamily 1 member A1,5.61,23.51,210
WASL,WASP like actin nucleation promoting factor,3.55,53.69,210
CEP120,Centrosomal protein 120,1.82,5.98,210
AIF1L,Allograft inflammatory factor 1 like,11.83,24.07,212
CUTC,CutC copper transporter,0.64,8.27,212
NFE2,"Nuclear factor, erythroid 2",12.76,2.19,213
USH1C,USH1 protein network component harmonin,5.57,41.25,214
PPT1,Palmitoyl-protein thioesterase 1,1.42,15.56,215
HPCAL4,Hippocalcin like 4,2.11,12.76,216
CRTAP,Cartilage associated protein,3.66,5.27,218
AKAP8,A-kinase anchoring protein 8,0.66,16.44,218
DYNLT1,Dynein light chain Tctex-type 1,16.65,9.52,219
SPRY2,Sprouty RTK signaling antagonist 2,15.48,0.27,219
NPTN,Neuroplastin,10.99,18.25,219
SPATA18,Spermatogenesis associated 18,1.54,31.12,219
NPIPB6,Nuclear pore complex interacting protein family member B6,1.25,36.12,219
VTI1A,Vesicle transport through interaction with t-SNAREs 1A,1.46,1.21,220
PENK,Proenkephalin,69.29,9.8,223
PRKAR1B,Protein kinase cAMP-dependent type I regulatory subunit beta,24.94,2.88,223
SNX5,Sorting nexin 5,10.35,7.3,223
BAIAP2L2,BAR/IMD domain containing adaptor protein 2 like 2,1.51,29.7,223
FUOM,Fucose mutarotase,0.81,34.34,224
RAB10,"RAB10, member RAS oncogene family",3.9,7.97,226
EPC1,Enhancer of polycomb homolog 1,6.23,23.98,227
WDR46,WD repeat domain 46,5.42,6.26,227
FIGN,"Fidgetin, microtubule severing factor",2.08,22.12,227
DSCAM,DS cell adhesion molecule,14.16,35.66,229
SMAP1,Small ArfGAP 1,5.07,3.34,229
CAMK4,Calcium/calmodulin dependent protein kinase IV,4.19,10.88,229
THEGL,Theg spermatid protein like,1.66,29.18,229
SHOX,Short stature homeobox,0.63,45.9,229
COPZ1,COPI coat complex subunit zeta 1,8.6,8.93,231
ATP6V1G1,ATPase H+ transporting V1 subunit G1,4.78,10.86,231
ZNF831,Zinc finger protein 831,1.17,24.46,231
ALDH1L1,Aldehyde dehydrogenase 1 family member L1,3.64,22.8,233
HRH1,Histamine receptor H1,3.72,26.33,234
FCHO1,FCH and mu domain containing endocytic adaptor 1,3.67,1.17,234
HMGCL,3-hydroxy-3-methylglutaryl-CoA lyase,0.41,6.86,234
FLT3,Fms related receptor tyrosine kinase 3,20.26,28.09,235
FOLH1,Folate hydrolase 1,1.89,64.7,235
XCL1,X-C motif chemokine ligand 1,1.07,26.41,235
BLOC1S5,Biogenesis of lysosomal organelles complex 1 subunit 5,17.72,24.62,236
POLR2F,"RNA polymerase II, I and III subunit F",10.67,0,236
TBC1D13,TBC1 domain family member 13,24.02,13.47,237
MNDA,Myeloid cell nuclear differentiation antigen,0.36,0,240
CHST2,Carbohydrate sulfotransferase 2,14.29,19.85,242
SERPINB4,Serpin family B member 4,4.45,23.3,242
ALDH5A1,Aldehyde dehydrogenase 5 family member A1,3.49,13.85,242
MRPL24,Mitochondrial ribosomal protein L24,5.12,14.45,243
IFNG,Interferon gamma,3.41,4.09,243
VPS28,VPS28 subunit of ESCRT-I,10.72,0,244
CSF2,Colony stimulating factor 2,9.94,8.06,245
SAT2,Spermidine/spermine N1-acetyltransferase family member 2,17.6,31.96,246
DNAL1,Dynein axonemal light chain 1,0.55,20.23,246
AHCY,Adenosylhomocysteinase,0.43,15.03,246
ELOB,Elongin B,0.55,4.42,247
NBN,Nibrin,0.13,6.03,247
FAM135B,Family with sequence similarity 135 member B,11.57,14.75,248
CEND1,Cell cycle exit and neuronal differentiation 1,7.2,16.16,248
CEP55,Centrosomal protein 55,2.02,5.71,248
GARIN5B,Golgi associated RAB2 interactor family member 5B,0.02,23.39,248
TAB2,TGF-beta activated kinase 1 (MAP3K7) binding protein 2,18.65,0.97,249
FABP9,Fatty acid binding protein 9,1.81,48.01,249
SRP14,Signal recognition particle 14,0.29,3.78,249
PACSIN3,Protein kinase C and casein kinase substrate in neurons 3,17.27,0,250
POF1B,POF1B actin binding protein,1.59,25.37,252
IGFL4,IGF like family member 4,0.34,35.15,252
GFER,"Growth factor, augmenter of liver regeneration",40.04,0,253
CRH,Corticotropin releasing hormone,18.7,26.01,253
MUC16,"Mucin 16, cell surface associated",9.17,35.5,253
PTGES3L,Prostaglandin E synthase 3 like,16.83,8.56,256
IFT20,Intraflagellar transport 20,15.94,7.54,256
HPGDS,Hematopoietic prostaglandin D synthase,7.71,22.88,256
WDR64,WD repeat domain 64,0.93,41.68,257
TBC1D2,TBC1 domain family member 2,0.69,2.57,257
BAG4,BAG cochaperone 4,26.98,1.23,258
PCM1,Pericentriolar material 1,9.31,9.52,258
DAPK2,Death associated protein kinase 2,5.55,5.61,259
LAP3,Leucine aminopeptidase 3,4.2,6.88,259
VPS54,VPS54 subunit of GARP complex,24.19,0,262
ZNF274,Zinc finger protein 274,7.44,36.94,262
NBEAL2,Neurobeachin like 2,5.81,32.7,262
MYO9B,Myosin IXB,5.72,0,262
TIMM8A,Translocase of inner mitochondrial membrane 8A,4.72,1.04,262
KRT5,Keratin 5,57.41,15.28,266
RC3H1,Ring finger and CCCH-type domains 1,18.08,1.62,266
ZC3H15,Zinc finger CCCH-type containing 15,20.75,7.6,267
BLTP3B,Bridge-like lipid transfer protein family member 3B,7.2,0,267
CORO6,Coronin 6,23.1,14.73,268
CCDC28B,Coiled-coil domain containing 28B,14.34,9.09,268
PAGR1,PAXIP1 associated glutamate rich protein 1,18.95,7.87,269
EIF5,Eukaryotic translation initiation factor 5,9.63,6.36,270
BRSK2,BR serine/threonine kinase 2,0.01,46.49,270
PSIP1,PC4 and SFRS1 interacting protein 1,14.39,10.71,271
CDK5RAP3,CDK5 regulatory subunit associated protein 3,2.34,3.21,271
EDDM3B,Epididymal protein 3B,54.39,0,272
ZNRD2,Zinc ribbon domain containing 2,30.11,13.54,272
TP53BP2,Tumor protein p53 binding protein 2,8.63,21.13,272
SPRING1,SREBF pathway regulator in golgi 1,1.27,15.71,273
FSHB,Follicle stimulating hormone subunit beta,77.83,16.06,273
AP3B1,Adaptor related protein complex 3 subunit beta 1,5.89,3.64,274
VSTM1,V-set and transmembrane domain containing 1,0.35,66.62,274
INSL3,Insulin like 3,64.68,0,275
SPINT3,"Serine peptidase inhibitor, Kunitz type 3",59.29,0,275
GCHFR,GTP cyclohydrolase I feedback regulator,0.35,25.15,275
SERPINA12,Serpin family A member 12,27.06,24.58,276
SH3BGRL2,SH3 domain binding glutamate rich protein like 2,0.81,12.04,276
COQ7,"Coenzyme Q7, hydroxylase",3.76,25.45,277
ALPI,"Alkaline phosphatase, intestinal",0.55,67.72,277
ALK,ALK receptor tyrosine kinase,70.47,5.43,278
CSDE1,Cold shock domain containing E1,21.75,12.08,278
SMAD3,SMAD family member 3,20.79,10.4,279
CLASP1,Cytoplasmic linker associated protein 1,16.65,0,279
BECN1,Beclin 1,1.93,3.91,280
PTGES2,Prostaglandin E synthase 2,27.78,8.53,281
TP53INP2,Tumor protein p53 inducible nuclear protein 2,9.68,11.54,281
PPP1R35,Protein phosphatase 1 regulatory subunit 35,19.72,11.78,282
LRCH1,Leucine rich repeats and calponin homology domain containing 1,23.69,0,284
NBEA,Neurobeachin,16.7,8.3,284
SSH3,Slingshot protein phosphatase 3,0.17,8.16,284
TRAK1,Trafficking kinesin protein 1,6.17,7.18,285
ZNF423,Zinc finger protein 423,5.82,26.8,286
BLVRA,Biliverdin reductase A,0.25,3.46,287
C7orf50,Chromosome 7 open reading frame 50,0.37,5.66,288
IL17A,Interleukin 17A,9.97,9.25,289
TCHH,Trichohyalin,1.99,37.29,289
IQGAP2,IQ motif containing GTPase activating protein 2,1.55,9.64,289
SNRK,SNF related kinase,17.4,9.86,291
TDGF1,Teratocarcinoma-derived growth factor 1,1.22,91.06,292
GSTA3,Glutathione S-transferase alpha 3,13.26,20.15,294
GH2,Growth hormone 2,3.18,31.7,295
HDAC6,Histone deacetylase 6,7.62,6.37,296
AFAP1,Actin filament associated protein 1,4.21,79.53,296
MEF2C,Myocyte enhancer factor 2C,15.46,6.54,297
LYPD8,LY6/PLAUR domain containing 8,1.38,59.71,297
PLA2G2A,Phospholipase A2 group IIA,8.39,40.46,298
TEX101,Testis expressed 101,35.92,14.58,299
FMNL3,Formin like 3,17.56,3.31,299
SLC13A1,Solute carrier family 13 member 1,11.18,25.44,299
PPP1R9B,Protein phosphatase 1 regulatory subunit 9B,1.04,11.04,301
TFEB,Transcription factor EB,13.49,7.51,304
ECSIT,ECSIT signaling integrator,12.29,21.48,304
GFOD2,Glucose-fructose oxidoreductase domain containing 2,0.91,49.91,304
SCLT1,Sodium channel and clathrin linker 1,1.5,11.9,306
GLRX5,Glutaredoxin 5,2.76,5.29,307
INPP1,Inositol polyphosphate-1-phosphatase,16.34,11.22,308
VMO1,Vitelline membrane outer layer 1 homolog,0.55,62.47,308
TNFAIP8L2,TNF alpha induced protein 8 like 2,24.84,4.8,309
FOXJ3,Forkhead box J3,23.84,10.88,309
CBS,Cystathionine beta-synthase,2.89,24.25,310
KIR3DL1,"Killer cell immunoglobulin like receptor, three Ig domains and long cytoplasmic tail 1",0.43,92.76,310
MTIF3,Mitochondrial translational initiation factor 3,13.51,7,312
EXOSC3,Exosome component 3,6.02,24.85,312
NTPCR,"Nucleoside-triphosphatase, cancer-related",12.61,16.33,315
C2CD2L,C2CD2 like,0.59,15.01,315
RINT1,RAD50 interactor 1,0.31,13.58,315
KATNAL1,Katanin catalytic subunit A1 like 1,10.2,3.2,316
CAPS,Calcyphosine,7.24,43.98,316
ACADSB,Acyl-CoA dehydrogenase short/branched chain,4.34,9.41,316
PRAM1,PML-RARA regulated adaptor molecule 1,0.2,25.98,316
CD207,CD207 molecule,0.45,31.33,317
NAPRT,Nicotinate phosphoribosyltransferase,2.91,5.17,318
VPS37A,VPS37A subunit of ESCRT-I,2.82,6.29,319
DAZ4,Deleted in azoospermia 4,1.03,35.98,319
ITPR1,"Inositol 1,4,5-trisphosphate receptor type 1",4.08,11.53,320
CD36,CD36 molecule,0.82,27.32,320
CAMLG,Calcium modulating ligand,15.07,3.71,321
NQO1,NAD(P)H quinone dehydrogenase 1,0.73,36.99,321
PAEP,Progestagen associated endometrial protein,33.24,6.61,324
GPRIN3,GPRIN family member 3,32.75,0.29,324
PDAP1,PDGFA associated protein 1,29.3,4.62,324
MTDH,Metadherin,6.7,2.77,325
SCARB1,Scavenger receptor class B member 1,0.24,21.12,325
NDUFAF2,NADH:ubiquinone oxidoreductase complex assembly factor 2,19.75,6.57,326
SV2A,Synaptic vesicle glycoprotein 2A,12.5,3.76,326
VSTM2L,V-set and transmembrane domain containing 2 like,4.76,26.85,326
STEAP4,STEAP4 metalloreductase,3.21,13.8,328
AKAP11,A-kinase anchoring protein 11,2.14,26.52,328
CSPP1,Centrosome and spindle pole associated protein 1,0.04,15.28,328
EDNRB,Endothelin receptor type B,30.93,8.04,329
RRAS,RAS related,12.52,4.68,329
ARL14EPL,ADP ribosylation factor like GTPase 14 effector protein like,2.62,46.12,329
SERPINI1,Serpin family I member 1,39.36,15.9,330
TLR4,Toll like receptor 4,3.03,2.85,330
MIDN,Midnolin,13.36,0.8,331
ARSB,Arylsulfatase B,7.82,14.8,331
RAPGEF2,Rap guanine nucleotide exchange factor 2,3.9,2.8,331
CLEC4E,C-type lectin domain family 4 member E,1.71,23.74,332
HDAC5,Histone deacetylase 5,13.41,0,334
CNGB3,Cyclic nucleotide gated channel subunit beta 3,2.02,9.18,334
CLK3,CDC like kinase 3,0.53,23.02,334
DCP1B,Decapping mRNA 1B,15.19,2.06,335
ADH4,"Alcohol dehydrogenase 4 (class II), pi polypeptide",5.39,47.58,336
TTC32,Tetratricopeptide repeat domain 32,16.93,7.44,337
LHB,Luteinizing hormone subunit beta,2.29,26.85,337
PTPRK,Protein tyrosine phosphatase receptor type K,3.7,22.28,338
CLGN,Calmegin,0.48,29.2,338
SNX18,Sorting nexin 18,26.15,11.13,339
DNAH6,Dynein axonemal heavy chain 6,0.25,46.15,341
FYB2,FYN binding protein 2,12.16,15.76,342
GGH,Gamma-glutamyl hydrolase,0.04,37.79,342
TIMP2,TIMP metallopeptidase inhibitor 2,1.71,8.83,345
MYH7,Myosin heavy chain 7,12.57,10.98,347
SMARCA4,"SWI/SNF related, matrix associated, actin dependent regulator of chromatin, subfamily a, member 4",7.63,5.76,348
UPF3B,UPF3B regulator of nonsense mediated mRNA decay,10.07,0.11,351
CCNL1,Cyclin L1,6.28,17.96,351
CASC3,CASC3 exon junction complex subunit,18.69,3.47,352
FTCD,Formimidoyltransferase cyclodeaminase,5.17,24.49,354
DCP1A,Decapping mRNA 1A,5.99,5.96,355
ATP6V0D1,ATPase H+ transporting V0 subunit d1,18.19,11.05,356
MICALL2,MICAL like 2,14.34,0,356
IFIT3,Interferon induced protein with tetratricopeptide repeats 3,8.18,12.6,356
LMNB1,Lamin B1,0.29,9.83,358
MUC1,"Mucin 1, cell surface associated",46.13,10.01,359
ZP3,Zona pellucida glycoprotein 3,7.44,79.84,362
RRM2,Ribonucleotide reductase regulatory subunit M2,8.35,0,363
IL1RN,Interleukin 1 receptor antagonist,2.15,12.04,363
KAZN,"Kazrin, periplakin interacting protein",30.83,0.99,367
NCKIPSD,NCK interacting protein with SH3 domain,30.18,2.43,367
SORCS2,Sortilin related VPS10 domain containing receptor 2,26,6.24,367
GIMAP7,"GTPase, IMAP family member 7",0.14,10.72,367
TOM1L2,Target of myb1 like 2 membrane trafficking protein,17.91,4.13,368
TOP1,DNA topoisomerase I,45.24,20.46,369
ENSA,Endosulfine alpha,21.07,3.27,369
SEMA4C,Semaphorin 4C,71.98,0,370
COX5B,Cytochrome c oxidase subunit 5B,39.13,10.14,370
KLK12,Kallikrein related peptidase 12,0.7,66.84,372
TTF2,Transcription termination factor 2,9.81,13.49,373
SAV1,Salvador family WW domain containing protein 1,27.76,6.47,375
CASP4,Caspase 4,1.72,39.55,376
USP43,Ubiquitin specific peptidase 43,6.96,35.29,377
APP,Amyloid beta precursor protein,14.63,17.29,378
ZMYND11,Zinc finger MYND-type containing 11,1.13,1.02,378
LILRA6,Leukocyte immunoglobulin like receptor A6,0.28,88.38,378
CYLD,CYLD lysine 63 deubiquitinase,20.53,12.89,379
TPSD1,Tryptase delta 1,16.11,30.46,379
NAA10,"N-alpha-acetyltransferase 10, NatA catalytic subunit",32.95,0,381
MOCS3,Molybdenum cofactor synthesis 3,17.77,6.95,381
DCTD,DCMP deaminase,46.65,1.06,382
AK2,Adenylate kinase 2,10.58,4.16,386
CSTL1,Cystatin like 1,2.83,44.71,386
APOA2,Apolipoprotein A2,66.28,0,388
ERF,ETS2 repressor factor,16.79,2.12,388
RLN1,Relaxin 1,6.15,10.41,388
MSX2,Msh homeobox 2,3.75,23.64,388
GOLGA6A,Golgin A6 family member A,1.61,28.84,388
PSCA,Prostate stem cell antigen,0.27,95.78,388
IL19,Interleukin 19,3.26,26.11,390
RTN4RL2,Reticulon 4 receptor like 2,7.41,19.91,391
PRKAB1,Protein kinase AMP-activated non-catalytic subunit beta 1,17.29,6.23,392
TYMS,Thymidylate synthetase,6.32,1.18,392
PFDN2,Prefoldin subunit 2,1.4,8.58,393
RYK,Receptor like tyrosine kinase,0.32,28.81,393
RBM3,RNA binding motif protein 3,20.21,2.9,394
GCLM,Glutamate-cysteine ligase modifier subunit,19.22,1.86,394
BPIFB2,BPI fold containing family B member 2,11.16,43.08,394
PRTN3,Proteinase 3,0.19,15.05,395
LIG3,DNA ligase 3,10.42,9.19,398
TOP2B,DNA topoisomerase II beta,8.87,3.95,398
INSL4,Insulin like 4,5.26,39.06,399
IL10RA,Interleukin 10 receptor subunit alpha,3.16,23.8,399
FCHO2,FCH and mu domain containing endocytic adaptor 2,1.17,0.01,400
IL6,Interleukin 6,0.51,2.93,400
FAM222B,Family with sequence similarity 222 member B,8.59,12.45,401
PUDP,Pseudouridine 5'-phosphatase,16.68,4.96,402
AHSA1,Activator of HSP90 ATPase activity 1,7.15,9.12,402
NPPB,Natriuretic peptide B,21.98,20.42,403
LONP1,"Lon peptidase 1, mitochondrial",5.78,6.57,406
RRM2B,Ribonucleotide reductase regulatory TP53 inducible subunit M2B,21.94,5.32,407
SERPINB8,Serpin family B member 8,5.8,9.86,407
MAMDC4,MAM domain containing 4,15.49,16.37,411
MYO1E,Myosin IE,1.67,25.85,411
WHAMM,"WASP homolog associated with actin, golgi membranes and microtubules",19.19,4.91,412
BAIAP2,BAR/IMD domain containing adaptor protein 2,10.33,13.33,414
PRPH,Peripherin,1.59,15.2,414
ANK2,Ankyrin 2,2.29,15.54,415
HSDL2,Hydroxysteroid dehydrogenase like 2,11.49,15.94,416
SLC28A1,Solute carrier family 28 member 1,4.4,16.1,417
PM20D1,Peptidase M20 domain containing 1,47.84,27.79,418
BRDT,Bromodomain testis associated,26.9,4.55,419
LETM1,Leucine zipper and EF-hand containing transmembrane protein 1,7.13,5,419
TDRKH,Tudor and KH domain containing,4.32,7.23,419
UBOX5,U-box domain containing 5,26.34,9.52,420
RBM17,RNA binding motif protein 17,20.88,1.37,420
CDC26,Cell division cycle 26,3.34,4.48,420
SLC27A4,Solute carrier family 27 member 4,3.16,4.88,420
PPP1R2B,PPP1R2 family member B,23.47,2.38,422
DDX23,DEAD-box helicase 23,3.88,2.14,422
FNTA,"Farnesyltransferase, CAAX box, alpha",4.06,8.98,423
RUVBL1,RuvB like AAA ATPase 1,1.94,15.85,423
FBXO28,F-box protein 28,5.25,8.96,425
EPHX2,Epoxide hydrolase 2,3.47,49.79,425
PAG1,Phosphoprotein membrane anchor with glycosphingolipid microdomains 1,2.34,10.13,425
FGR,"FGR proto-oncogene, Src family tyrosine kinase",3.63,0,426
H1-1,"H1.1 linker histone, cluster member",0.09,4.56,426
TCN1,Transcobalamin 1,8.77,58.07,427
ZCCHC14,Zinc finger CCHC-type containing 14,0.99,44.06,427
SBSN,Suprabasin,15.2,38.05,431
FBP1,Fructose-bisphosphatase 1,20.47,5.93,432
TDRD3,Tudor domain containing 3,5.54,2.51,432
PTP4A3,Protein tyrosine phosphatase 4A3,3.46,7.22,432
ADGRG1,Adhesion G protein-coupled receptor G1,2.5,25.81,432
FNBP4,Formin binding protein 4,2.19,17.57,432
KIRREL2,Kirre like nephrin family adhesion molecule 2,59.36,16.38,433
ANKRD11,Ankyrin repeat domain containing 11,1.38,26.94,433
BOLA1,BolA family member 1,21.36,3.57,435
PPP2R5A,Protein phosphatase 2 regulatory subunit B'alpha,6.6,6.42,435
SPART,Spartin,18.46,0.76,436
SPA17,Sperm autoantigenic protein 17,15.4,7.56,436
DUT,Deoxyuridine triphosphatase,0.64,0.12,436
C19orf12,Chromosome 19 open reading frame 12,13.15,14.76,438
GIMAP8,"GTPase, IMAP family member 8",11.98,10.19,438
R3HCC1,R3H domain and coiled-coil containing 1,5.04,10.42,438
WFDC12,WAP four-disulfide core domain 12,1.49,55.54,438
ACRV1,Acrosomal vesicle protein 1,28.41,7.57,439
NDRG1,N-myc downstream regulated 1,14.55,8.9,439
GRHPR,Glyoxylate and hydroxypyruvate reductase,34.5,0.67,440
COL26A1,Collagen type XXVI alpha 1 chain,10.74,18.23,440
DDT,D-dopachrome tautomerase,1.78,5.72,440
SEPTIN10,Septin 10,0.21,29.84,440
CES3,Carboxylesterase 3,30.42,18.21,441
KIAA0319L,KIAA0319 like,0.54,18.73,441
GBA1,Glucosylceramidase beta 1,0.86,32,442
SLITRK5,SLIT and NTRK like family member 5,46.55,22.91,443
FKBP1B,FKBP prolyl isomerase 1B,21.13,3.27,443
KLK15,Kallikrein related peptidase 15,10.86,59.71,443
PNMA8A,PNMA family member 8A,4.06,36.77,443
MTHFD1,"Methylenetetrahydrofolate dehydrogenase, cyclohydrolase and formyltetrahydrofolate synthetase 1",3.29,1.24,443
CETN2,Centrin 2,9.58,0.13,444
EGFL6,EGF like domain multiple 6,6.15,26.58,444
HBZ,Hemoglobin subunit zeta,5.37,66.43,445
MTHFSD,Methenyltetrahydrofolate synthetase domain containing,27.6,7.98,446
ACTG2,"Actin gamma 2, smooth muscle",7.72,8.82,446
ATXN2,Ataxin 2,6.85,18.43,446
BLOC1S3,Biogenesis of lysosomal organelles complex 1 subunit 3,20.76,3.7,447
PDZD2,PDZ domain containing 2,11.36,7.33,447
AGR2,"Anterior gradient 2, protein disulphide isomerase family member",5.94,25.46,447
RADIL,Rap associating with DIL domain,27.63,3.82,448
CA13,Carbonic anhydrase 13,18.88,3.15,450
FUS,FUS RNA binding protein,24.37,0,451
BPIFA2,BPI fold containing family A member 2,19.61,55.65,451
UMAD1,UBAP1-MVB12-associated (UMA) domain containing 1,8.51,0,451
DGKH,Diacylglycerol kinase eta,5.57,28.11,451
DUSP3,Dual specificity phosphatase 3,18.49,12.1,452
NTRK1,Neurotrophic receptor tyrosine kinase 1,10.54,14.38,452
NEK3,NIMA related kinase 3,23.14,19.77,453
GGACT,Gamma-glutamylamine cyclotransferase,35.27,1.8,454
USP28,Ubiquitin specific peptidase 28,11.04,5.6,455
SMOX,Spermine oxidase,16,11.06,458
PIGR,Polymeric immunoglobulin receptor,2.36,29.83,458
KIF6,Kinesin family member 6,0.06,36.7,458
CST1,Cystatin SN,8.55,62.79,460
SH3BP5L,SH3 binding domain protein 5 like,8.03,1.24,460
GORASP2,Golgi reassembly stacking protein 2,2.76,7.88,461
DMD,Dystrophin,22.98,3.35,462
UROS,Uroporphyrinogen III synthase,5.4,20.28,462
GUSB,Glucuronidase beta,0.23,35.28,462
NEFL,Neurofilament light chain,0.15,3.12,462
NUDT2,Nudix hydrolase 2,4.8,5.75,463
DENND2C,DENN domain containing 2C,31.45,1.77,464
WFIKKN1,"WAP, follistatin/kazal, immunoglobulin, kunitz and netrin domain containing 1",17.61,33.86,465
MZT1,Mitotic spindle organizing protein 1,3.12,4.79,465
LAMTOR5,"Late endosomal/lysosomal adaptor, MAPK and MTOR activator 5",0.51,0,465
BNIP3L,BCL2 interacting protein 3 like,33.85,2.16,466
PSMD1,"Proteasome 26S subunit, non-ATPase 1",4.44,3.56,466
MINDY1,MINDY lysine 48 deubiquitinase 1,32.69,2.45,467
ITCH,Itchy E3 ubiquitin protein ligase,23.72,13.04,467
GPX4,Glutathione peroxidase 4,23.48,10.02,467
HNRNPA0,Heterogeneous nuclear ribonucleoprotein A0,1.36,19.75,467
INPPL1,Inositol polyphosphate phosphatase like 1,32.11,0.66,469
ADAMTS1,ADAM metallopeptidase with thrombospondin type 1 motif 1,8.77,27.52,469
CTSW,Cathepsin W,5.79,24.37,469
GRSF1,G-rich RNA sequence binding factor 1,1.81,2.86,469
PPP1R1A,Protein phosphatase 1 regulatory inhibitor subunit 1A,40.36,7.41,470
AZI2,5-azacytidine induced 2,22.66,0.98,471
BNIP2,BCL2 interacting protein 2,14.43,3.85,471
SH3BP5,SH3 domain binding protein 5,30.27,18.83,472
GAS2L1,Growth arrest specific 2 like 1,23.64,3.55,472
RBP7,Retinol binding protein 7,0.2,2.11,472
MAP2K1,Mitogen-activated protein kinase kinase 1,6.77,2.59,473
HEPACAM2,HEPACAM family member 2,14.19,39.74,475
MISP,Mitotic spindle positioning,4.9,9.94,475
S100A12,S100 calcium binding protein A12,3.57,10.61,475
PAIP1,Poly(A) binding protein interacting protein 1,26.24,1.75,477
IGSF9,Immunoglobulin superfamily member 9,18.2,35.75,477
MYBPC1,Myosin binding protein C1,11.25,19.54,477
RPL14,Ribosomal protein L14,3.64,7.48,477
HJV,Hemojuvelin BMP co-receptor,31.13,10.05,478
HEXIM1,HEXIM P-TEFb complex subunit 1,35.4,0,479
TSPYL1,TSPY like 1,23.15,4.66,479
DEFA1,Defensin alpha 1,5.58,26.57,479
CASP7,Caspase 7,41.79,5.51,480
TARBP2,TARBP2 subunit of RISC loading complex,17.8,0,481
IMMT,Inner membrane mitochondrial protein,2.5,14.24,481
SLIT2,Slit guidance ligand 2,0.34,24.79,481
SBDS,SBDS ribosome maturation factor,37.61,1.36,482
GTPBP2,GTP binding protein 2,9.25,3.88,483
CLPP,Caseinolytic mitochondrial matrix peptidase proteolytic subunit,4.61,22.78,483
KATNB1,Katanin regulatory subunit B1,22.99,3.76,484
FLYWCH2,FLYWCH family member 2,9.86,10.32,484
PIBF1,Progesterone immunomodulatory binding factor 1,8.11,3.51,484
SDK2,Sidekick cell adhesion molecule 2,35.43,32.62,487
NECAP2,NECAP endocytosis associated 2,29.77,1.82,488
ENY2,ENY2 transcription and export complex 2 subunit,19.17,5.62,488
GNE,Glucosamine (UDP-N-acetyl)-2-epimerase/N-acetylmannosamine kinase,1.66,1.95,488
MMAB,Metabolism of cobalamin associated B,0.86,16.85,488
CHAC2,ChaC glutathione specific gamma-glutamylcyclotransferase 2,49.09,0,489
TG,Thyroglobulin,36.61,28.8,489
NRXN1,Neurexin 1,27.34,32.44,489
AMN,Amnion associated transmembrane protein,18.06,37.22,489
LENG1,Leukocyte receptor cluster member 1,2,14.03,490
XG,Xg glycoprotein (Xg blood group),46.82,23.11,492
KLK13,Kallikrein related peptidase 13,61.55,15.03,493
CSRP3,Cysteine and glycine rich protein 3,24.15,25.18,493
XIAP,X-linked inhibitor of apoptosis,15.81,4.79,493
NEXN,Nexilin F-actin binding protein,2.88,10.87,493
RGS10,Regulator of G protein signaling 10,22.65,2.76,494
MRRF,Mitochondrial ribosome recycling factor,14.86,7.31,494
HDGFL2,HDGF like 2,13.02,5.28,494
IL4R,Interleukin 4 receptor,2.04,25.66,494
PER3,Period circadian regulator 3,25.03,20.18,495
TMPRSS11D,Transmembrane serine protease 11D,2.31,31.97,495
ENTPD3,Ectonucleoside triphosphate diphosphohydrolase 3,57.29,4.85,496
PLIN1,Perilipin 1,55.08,2.75,497
SLURP1,Secreted LY6/PLAUR domain containing 1,8.97,22.24,497
CYB5R2,Cytochrome b5 reductase 2,1.63,19.15,497
ERP27,Endoplasmic reticulum protein 27,13.53,4.11,498
ALPP,"Alkaline phosphatase, placental",6.62,65.68,498
IL12RB1,Interleukin 12 receptor subunit beta 1,1.78,22.43,498
S100A16,S100 calcium binding protein A16,22.61,16.46,500
CEP43,Centrosomal protein 43,12.17,3.34,500
GIGYF2,GRB10 interacting GYF protein 2,1.83,6.82,500
TADA3,Transcriptional adaptor 3,14.91,4.57,501
SRPK2,SRSF protein kinase 2,11.29,1.6,501
VCAM1,Vascular cell adhesion molecule 1,1.98,1.22,501
ICAM5,Intercellular adhesion molecule 5,4.2,67.22,503
ENAH,ENAH actin regulator,0.39,17.12,503
BCL2L1,BCL2 like 1,9.02,4.97,504
GBP2,Guanylate binding protein 2,24.75,19.34,505
CXCL17,C-X-C motif chemokine ligand 17,0.78,61.99,506
IRAK1,Interleukin 1 receptor associated kinase 1,17.83,1.03,507
ENTPD2,Ectonucleoside triphosphate diphosphohydrolase 2,14.23,42.68,507
PEBP4,Phosphatidylethanolamine binding protein 4,13.11,72.96,507
PDZK1,PDZ domain containing 1,0.35,24.17,507
PI3,Peptidase inhibitor 3,31.82,22.53,508
KIF22,Kinesin family member 22,18.08,16.04,508
EDAR,Ectodysplasin A receptor,15.39,21.56,508
RAB11FIP3,RAB11 family interacting protein 3,13.9,3.36,508
PAK4,P21 (RAC1) activated kinase 4,36.02,0,509
LYSMD3,LysM domain containing 3,18.87,20.95,509
PTN,Pleiotrophin,7.58,48.95,509
KCTD5,Potassium channel tetramerization domain containing 5,0.42,19.75,509
IDUA,Alpha-L-iduronidase,0.38,39.36,509
DNAJC9,DnaJ heat shock protein family (Hsp40) member C9,17.13,0.51,510
GADD45GIP1,GADD45G interacting protein 1,15.84,9.12,510
EVI5,Ecotropic viral integration site 5,14.91,1.88,511
ACE2,Angiotensin converting enzyme 2,4.12,27.26,511
LUC7L,LUC7 like,1.3,0.2,511
COL3A1,Collagen type III alpha 1 chain,46.03,19.33,512
GNAS,GNAS complex locus,14.89,19.34,512
IL22,Interleukin 22,8.47,18.03,512
CLTB,Clathrin light chain B,3.41,7.8,512
LYSMD1,LysM domain containing 1,29.06,4.56,513
SATB1,SATB homeobox 1,4.45,5.48,513
OVCA2,OVCA2 serine hydrolase domain containing,41.07,0,514
EIF4E2,Eukaryotic translation initiation factor 4E family member 2,13.77,11.39,514
GLB1,Galactosidase beta 1,15.34,19.52,515
MMP13,Matrix metallopeptidase 13,69.36,3.85,516
HMCN2,Hemicentin 2,30.76,40.44,516
SPESP1,Sperm equatorial segment protein 1,24.23,55.3,516
C2orf88,Chromosome 2 open reading frame 88,8.32,3.75,516
AAMDC,Adipogenesis associated Mth938 domain containing,18.25,14.42,517
MACF1,Microtubule actin crosslinking factor 1,2.73,41.1,517
NMI,N-myc and STAT interactor,1.01,20.25,517
LGALS7,Galectin 7,67.83,3.05,518
WNT9A,Wnt family member 9A,43.63,11.07,518
ARHGAP35,Rho GTPase activating protein 35,38.18,0.64,518
MRI1,Methylthioribose-1-phosphate isomerase 1,18.47,13.51,518
ITGA6,Integrin subunit alpha 6,9.58,24.64,518
ARHGAP1,Rho GTPase activating protein 1,2.27,18.04,518
AIFM1,Apoptosis inducing factor mitochondria associated 1,0.1,10.65,518
SEPTIN3,Septin 3,18.28,31.77,519
ADGRG3,Adhesion G protein-coupled receptor G3,12.99,31.34,519
PLB1,Phospholipase B1,7.09,81.27,519
CCK,Cholecystokinin,30.25,15.34,520
STK39,Serine/threonine kinase 39,21.91,2.64,520
CD28,CD28 molecule,26.37,26.92,521
ALDH9A1,Aldehyde dehydrogenase 9 family member A1,3.7,8.33,521
LGALS3,Galectin 3,1.88,21.48,521
FUCA1,Alpha-L-fucosidase 1,1.72,89.09,521
SDHB,Succinate dehydrogenase complex iron sulfur subunit B,0.72,6.99,521
MYBPC2,Myosin binding protein C2,25.77,9.73,522
FCER1A,Fc epsilon receptor Ia,1.26,11.14,522
CLEC6A,C-type lectin domain containing 6A,1.23,28.96,522
SIPA1,Signal-induced proliferation-associated 1,0.94,4.22,522
CHM,CHM Rab escort protein,19.38,7.23,523
CRACR2A,Calcium release activated channel regulator 2A,12.28,0,523
CTSH,Cathepsin H,4.9,51.27,523
CALCOCO2,Calcium binding and coiled-coil domain 2,21.83,1.76,524
ASGR2,Asialoglycoprotein receptor 2,1.79,41.05,524
GH1,Growth hormone 1,8.85,7.91,525
LAIR2,Leukocyte associated immunoglobulin like receptor 2,7.34,87.14,525
SIGLEC5,Sialic acid binding Ig like lectin 5,1.89,94.18,525
APLF,Aprataxin and PNKP like factor,38.52,0,526
SH2D1A,SH2 domain containing 1A,26.94,7.08,526
AAGAB,Alpha and gamma adaptin binding protein,22.32,4.39,526
EIF4E,Eukaryotic translation initiation factor 4E,18.39,1.55,526
TNFSF15,TNF superfamily member 15,12.16,8.81,527
SERPINH1,Serpin family H member 1,11.75,7.72,527
STX3,Syntaxin 3,4.08,21.87,527
TPMT,Thiopurine S-methyltransferase,3.44,5.94,527
KIFC1,Kinesin family member C1,0.82,16.04,527
RAB27B,"RAB27B, member RAS oncogene family",0.41,8.85,527
SUOX,Sulfite oxidase,19.21,21.77,528
SLAMF1,Signaling lymphocytic activation molecule family member 1,5.62,34,528
ARHGAP12,Rho GTPase activating protein 12,3.46,0,528
APOH,Apolipoprotein H,0.81,13.79,528
GNPDA1,Glucosamine-6-phosphate deaminase 1,0.69,24.27,528
SNCA,Synuclein alpha,0.45,15.44,528
LYZL2,Lysozyme like 2,16.76,17.06,529
CCDC50,Coiled-coil domain containing 50,3.85,16.75,529
FAM171A2,Family with sequence similarity 171 member A2,2.91,29.64,529
TMEM106A,Transmembrane protein 106A,2.18,10.81,529
MUC20,"Mucin 20, cell surface associated",1.81,57.08,529
RPH3A,Rabphilin 3A,24.7,27.61,530
ANXA10,Annexin A10,12.27,15.14,530
PTPRH,Protein tyrosine phosphatase receptor type H,3.8,73.64,530
SRPX,Sushi repeat containing protein X-linked,3.39,62.49,530
VPS4B,Vacuolar protein sorting 4 homolog B,22.32,2.45,531
CSPG5,Chondroitin sulfate proteoglycan 5,14.42,25.77,531
FAM13A,Family with sequence similarity 13 member A,10.8,4.3,531
DKKL1,Dickkopf like acrosomal protein 1,4.48,81.14,531
GLYR1,Glyoxylate reductase 1 homolog,2.93,6.38,531
ANKRD53,Ankyrin repeat domain 53,1.72,21.47,531
PDE2A,Phosphodiesterase 2A,34.16,2.71,532
TXLNA,Taxilin alpha,26.42,2.78,532
MICAL1,"Microtubule associated monooxygenase, calponin and LIM domain containing 1",18.37,6.94,532
ARHGEF5,Rho guanine nucleotide exchange factor 5,1.71,38.17,532
MEP1B,Meprin A subunit beta,5.45,83.77,533
SOD1,Superoxide dismutase 1,2.65,3.17,533
KIAA0319,KIAA0319,58.55,17.05,534
NEK7,NIMA related kinase 7,43.76,3.03,534
PBLD,Phenazine biosynthesis like protein domain containing,39.55,13.44,534
TFRC,Transferrin receptor,11.01,30.34,534
VPS53,VPS53 subunit of GARP complex,8.41,1.53,534
ATP6V1F,ATPase H+ transporting V1 subunit F,3.65,4.85,534
TYRP1,Tyrosinase related protein 1,0.71,42.86,534
KLHDC4,Kelch domain containing 4,22.31,18.25,535
CDKN2D,Cyclin dependent kinase inhibitor 2D,15.89,3.85,535
DHPS,Deoxyhypusine synthase,2.74,21.55,535
SCGN,"Secretagogin, EF-hand calcium binding protein",33.11,15.6,536
CTSV,Cathepsin V,32.27,19.7,536
CCSAP,"Centriole, cilia and spindle associated protein",8.76,32.27,536
SNAPIN,SNAP associated protein,43.39,0.28,537
TCF25,Transcription factor 25,22.82,5.95,537
ANKMY2,Ankyrin repeat and MYND domain containing 2,20.49,2.59,538
MAP7,Microtubule associated protein 7,17.36,13.87,538
PPP1R27,Protein phosphatase 1 regulatory subunit 27,7.27,16.37,538
IL18RAP,Interleukin 18 receptor accessory protein,2.73,48.82,538
CNST,"Consortin, connexin sorting protein",46.48,0,539
CDC42BPB,CDC42 binding protein kinase beta,28.67,0,539
HOMER3,Homer scaffold protein 3,6.18,9.29,539
VASH1,Vasohibin 1,28.32,3.12,540
RNF5,Ring finger protein 5,26.16,3.94,540
TBC1D17,TBC1 domain family member 17,17.72,2.2,540
CEP131,Centrosomal protein 131,8.84,2.86,540
STXBP1,Syntaxin binding protein 1,7.15,6.23,540
DCTN6,Dynactin subunit 6,6.03,4.22,540
RBFOX3,RNA binding fox-1 homolog 3,4.76,18.75,540
TERF2IP,TERF2 interacting protein,2.46,9.16,540
MMP8,Matrix metallopeptidase 8,0.97,12.53,540
BAX,"BCL2 associated X, apoptosis regulator",41.06,0,541
SNX33,Sorting nexin 33,13.6,11.37,541
SULT2A1,Sulfotransferase family 2A member 1,4.03,29.53,541
ECHS1,"Enoyl-CoA hydratase, short chain 1",1.51,8.5,541
CAT,Catalase,0.63,2.01,541
NFX1,"Nuclear transcription factor, X-box binding 1",38.69,1.73,542
DNAJC21,DnaJ heat shock protein family (Hsp40) member C21,28.31,2.53,542
STK11,Serine/threonine kinase 11,20.42,0.47,542
CASP2,Caspase 2,15.87,2.19,542
MYCBP2,MYC binding protein 2,13.21,17.08,542
PRDX6,Peroxiredoxin 6,10.62,4.26,542
PTX3,Pentraxin 3,7.09,36.48,542
GAST,Gastrin,4.57,12.9,542
BCL2,BCL2 apoptosis regulator,1.59,14.94,542
PNP,Purine nucleoside phosphorylase,1.45,30.19,542
DNAJB1,DnaJ heat shock protein family (Hsp40) member B1,24.71,2.89,543
TIMD4,T cell immunoglobulin and mucin domain containing 4,21.31,49.83,543
EIF2S2,Eukaryotic translation initiation factor 2 subunit beta,9.21,1.02,543
PRND,Prion like protein doppel,7.65,29.25,543
HS6ST2,Heparan sulfate 6-O-sulfotransferase 2,5.55,28.33,543
PRKG1,Protein kinase cGMP-dependent 1,7.92,6.33,544
RILPL1,Rab interacting lysosomal protein like 1,7.46,8.99,544
PF4,Platelet factor 4,6.23,15.88,544
CLEC7A,C-type lectin domain containing 7A,0.98,80.04,544
MPRIP,Myosin phosphatase Rho interacting protein,24.65,7.17,545
RAB2B,"RAB2B, member RAS oncogene family",22.07,0.43,545
TOR1AIP1,Torsin 1A interacting protein 1,19.35,7.95,545
CHMP6,Charged multivesicular body protein 6,11.71,7.24,545
RPAP3,RNA polymerase II associated protein 3,10.99,4.39,545
DSG4,Desmoglein 4,10.75,56.04,545
AFP,Alpha fetoprotein,1.51,54.5,545
HLA-A,"Major histocompatibility complex, class I, A",1.12,72.86,545
MTSS1,MTSS I-BAR domain containing 1,26.4,0,546
SUMO1,Small ubiquitin like modifier 1,20.13,1.51,546
SCARF1,Scavenger receptor class F member 1,19.53,15.26,546
ITGBL1,Integrin subunit beta like 1,13.68,32.65,546
NUB1,Negative regulator of ubiquitin like proteins 1,8.83,3.76,546
ST3GAL1,"ST3 beta-galactoside alpha-2,3-sialyltransferase 1",6.51,17.33,546
HAVCR2,Hepatitis A virus cellular receptor 2,2.79,66.56,546
MRTFA,Myocardin related transcription factor A,22.06,0.34,547
ATAD3B,ATPase family AAA domain containing 3B,7.98,31.88,547
MPO,Myeloperoxidase,4.93,11.98,547
EFHD1,EF-hand domain family member D1,2.6,26.59,547
ITIH3,Inter-alpha-trypsin inhibitor heavy chain 3,60.01,5.74,548
FAM114A1,Family with sequence similarity 114 member A1,29.65,17.67,548
CARHSP1,Calcium regulated heat stable protein 1,20.55,2.28,548
TES,Testin LIM domain protein,8.98,0.17,548
PRRT2,Proline rich transmembrane protein 2,6.06,24.04,548
TNFRSF10A,TNF receptor superfamily member 10a,4.09,39.51,548
TMPRSS15,Transmembrane serine protease 15,2.27,38.02,548
DCTN2,Dynactin subunit 2,17.63,0,549
GGT5,Gamma-glutamyltransferase 5,9.04,32.81,549
SHMT2,Serine hydroxymethyltransferase 2,3.96,8.38,549
SCPEP1,Serine carboxypeptidase 1,2.28,7.4,549
CHIT1,Chitinase 1,0.79,94.09,549
PLEKHO1,Pleckstrin homology domain containing O1,30.17,3.98,550
DNAJB14,DnaJ heat shock protein family (Hsp40) member B14,28.51,3.39,550
AFAP1L2,Actin filament associated protein 1 like 2,27.61,12.86,550
RABGAP1L,RAB GTPase activating protein 1 like,25.74,0,550
SBSPON,Somatomedin B and thrombospondin type 1 domain containing,20.4,21.58,550
TOMM34,Translocase of outer mitochondrial membrane 34,19.09,1.12,550
ITGA5,Integrin subunit alpha 5,11.5,30.52,550
MZT2B,Mitotic spindle organizing protein 2B,6.85,6.76,550
SLAMF8,SLAM family member 8,4.96,70.05,550
NPM1,Nucleophosmin 1,0.76,1.98,550
SMYD3,SET and MYND domain containing 3,36.74,11.15,551
WASF1,WASP family member 1,24.43,6.05,551
ICA1,Islet cell autoantigen 1,22.44,1.16,551
ANKS1A,Ankyrin repeat and sterile alpha motif domain containing 1A,16.96,2.1,551
PTH,Parathyroid hormone,12.55,7.26,551
CASP10,Caspase 10,10.26,21.09,551
FHIT,Fragile histidine triad diadenosine triphosphatase,9.97,2.79,551
RENBP,Renin binding protein,3.49,10.63,551
SPTLC1,Serine palmitoyltransferase long chain base subunit 1,0,27.56,551
SLA2,Src like adaptor 2,26.15,0,552
ATXN3,Ataxin 3,19.24,6.84,552
GPR158,G protein-coupled receptor 158,17.66,0,552
CAPN3,Calpain 3,15.22,21.58,552
CPXM1,"Carboxypeptidase X, M14 family member 1",8.47,22.34,552
EDF1,Endothelial differentiation related factor 1,6.29,5.43,552
RAD23B,"RAD23 homolog B, nucleotide excision repair protein",5.72,3.62,552
DNPEP,Aspartyl aminopeptidase,5.66,37.44,552
DNAJA2,DnaJ heat shock protein family (Hsp40) member A2,1.63,6.77,552
BLNK,B cell linker,1.53,15.12,552
SYT1,Synaptotagmin 1,50.1,14.62,553
CPZ,Carboxypeptidase Z,44.29,19.74,553
PTPRC,Protein tyrosine phosphatase receptor type C,31.5,32.59,553
ACTN2,Actinin alpha 2,18.63,13.65,553
CD84,CD84 molecule,15.74,4.95,553
TPSAB1,Tryptase alpha/beta 1,14.83,67.27,553
STX17,Syntaxin 17,12,0,553
GATD3,Glutamine amidotransferase class 1 domain containing 3,6.37,8.09,553
EML1,EMAP like 1,5.25,31.61,553
CIRBP,Cold inducible RNA binding protein,15.85,1.59,554
KLRF1,Killer cell lectin like receptor F1,14.85,12.76,554
APPL2,"Adaptor protein, phosphotyrosine interacting with PH domain and leucine zipper 2",10.84,4.18,554
SEC13,"SEC13 homolog, nuclear pore and COPII coat complex component",10.34,10.01,554
ECHDC3,Enoyl-CoA hydratase domain containing 3,7.23,53.25,554
DLG4,Discs large MAGUK scaffold protein 4,6.88,4.49,554
PDCD6,Programmed cell death 6,6.41,53.49,554
GCC1,GRIP and coiled-coil domain containing 1,4.98,4.36,554
VSIG2,V-set and immunoglobulin domain containing 2,4.67,40.88,554
PPP1R14D,Protein phosphatase 1 regulatory inhibitor subunit 14D,4.42,16.51,554
EVL,Enah/Vasp-like,4.34,13.15,554
CD226,CD226 molecule,4.31,19.15,554
LXN,Latexin,4.29,6.08,554
BICD2,BICD cargo adaptor 2,3.03,5.88,554
ADGRB1,Adhesion G protein-coupled receptor B1,1.32,17.72,554
BIN2,Bridging integrator 2,0.66,2.1,554
PSMD9,"Proteasome 26S subunit, non-ATPase 9",0.63,0.69,554
MORC3,MORC family CW-type zinc finger 3,0.2,0.48,554
PDE5A,Phosphodiesterase 5A,33.93,0,555
EPG5,Ectopic P-granules 5 autophagy tethering factor,32.62,12.58,555
NAGK,N-acetylglucosamine kinase,24.9,14.97,555
AMPD3,Adenosine monophosphate deaminase 3,21.17,0,555
PLXNB3,Plexin B3,20.4,5.49,555
IL15,Interleukin 15,19.31,24.37,555
RABL2B,"RAB, member of RAS oncogene family like 2B",17.91,4.77,555
IL17RB,Interleukin 17 receptor B,16.02,55.35,555
CCDC85A,Coiled-coil domain containing 85A,15.33,20.07,555
AKR1B1,Aldo-keto reductase family 1 member B,13.81,5,555
USO1,USO1 vesicle transport factor,12.58,1.56,555
NCAPG,Non-SMC condensin I complex subunit G,11.66,7.39,555
ANKRD35,Ankyrin repeat domain 35,10.89,17.8,555
LBP,Lipopolysaccharide binding protein,10.7,27.89,555
GGCT,Gamma-glutamylcyclotransferase,10.33,4.17,555
ERBIN,Erbb2 interacting protein,8.73,4.18,555
GPD1,Glycerol-3-phosphate dehydrogenase 1,7.91,23.16,555
TMEM25,Transmembrane protein 25,6.33,31.91,555
ACOT13,Acyl-CoA thioesterase 13,5.74,2.02,555
CXCL8,C-X-C motif chemokine ligand 8,4.87,2.98,555
COMMD1,Copper metabolism domain containing 1,4.83,2.3,555
EIF2D,Eukaryotic translation initiation factor 2D,3.23,2.74,555
ENTR1,Endosome associated trafficking regulator 1,2.19,3.76,555
KAZALD1,Kazal type serine peptidase inhibitor domain 1,2.15,32.39,555
SPATA2L,Spermatogenesis associated 2 like,1.38,21.48,555
CDK17,Cyclin dependent kinase 17,1.18,8.78,555
PRDX2,Peroxiredoxin 2,0.88,1.23,555
REG3G,Regenerating family member 3 gamma,0.83,12.65,555
DIABLO,Diablo IAP-binding mitochondrial protein,0.54,9.13,555
NDUFB7,NADH:ubiquinone oxidoreductase subunit B7,0.34,8.99,555
YWHAQ,Tyrosine 3-monooxygenase/tryptophan 5-monooxygenase activation protein theta,0.29,7.44,555
ARHGEF12,Rho guanine nucleotide exchange factor 12,48.5,0,556
NAA80,"N-alpha-acetyltransferase 80, NatH catalytic subunit",44.28,2.5,556
FCRLB,Fc receptor like B,35.65,21.11,556
RGS6,Regulator of G protein signaling 6,25.12,0.91,556
RIMOC1,RAB7A interacting MON1-CCZ1 complex subunit 1,20.73,0,556
AKT2,AKT serine/threonine kinase 2,19.37,4.44,556
ZBTB16,Zinc finger and BTB domain containing 16,18.62,5.21,556
ADD2,Adducin 2,14.45,0,556
DNAJC17,DnaJ heat shock protein family (Hsp40) member C17,11.4,2.31,556
LRRC37A2,Leucine rich repeat containing 37 member A2,10.94,59.81,556
MINK1,Misshapen like kinase 1,10.11,8.01,556
HSBP1,Heat shock factor binding protein 1,9.76,30.25,556
KIAA1143,KIAA1143,9.41,12.12,556
DBH,Dopamine beta-hydroxylase,9.1,82.36,556
ANXA4,Annexin A4,8.13,4.53,556
SPAG9,Sperm associated antigen 9,6.51,2.83,556
MYH9,Myosin heavy chain 9,6.18,6.46,556
GOLGA1,Golgin A1,5.36,1.85,556
GSDMD,Gasdermin D,4.52,6.39,556
DNAJB4,DnaJ heat shock protein family (Hsp40) member B4,3.09,0.04,556
TSHB,Thyroid stimulating hormone subunit beta,1.11,48.18,556
GFRAL,GDNF family receptor alpha like,1.04,51.3,556
SLC4A1,Solute carrier family 4 member 1 (Diego blood group),0.46,4.54,556
CLEC4D,C-type lectin domain family 4 member D,0.43,40.23,556
BACE1,Beta-secretase 1,66.62,6.13,557
LCN2,Lipocalin 2,47.35,6.08,557
LPP,LIM domain containing preferred translocation partner in lipoma,45.47,1.23,557
SAMD14,Sterile alpha motif domain containing 14,40.71,1.49,557
LIMD1,LIM domain containing 1,40.17,3.04,557
TYW5,TRNA-yW synthesizing protein 5,38.69,0,557
ARHGAP10,Rho GTPase activating protein 10,35.4,3.29,557
OGFR,Opioid growth factor receptor,28.77,10.47,557
TSC22D3,TSC22 domain family member 3,28.2,0,557
SPRR3,Small proline rich protein 3,28.09,19.79,557
DRG2,Developmentally regulated GTP binding protein 2,23.5,0,557
CCDC43,Coiled-coil domain containing 43,23.49,3.93,557
ESYT1,Extended synaptotagmin 1,21.34,0,557
NFKB1,Nuclear factor kappa B subunit 1,19.89,3.02,557
SYK,Spleen associated tyrosine kinase,19.79,0.99,557
CEP104,Centrosomal protein 104,19.73,1.23,557
SCAMP2,Secretory carrier membrane protein 2,16.54,8.64,557
MYL3,Myosin light chain 3,15.56,19.51,557
NFU1,NFU1 iron-sulfur cluster scaffold,15.45,9.88,557
TREH,Trehalase,15.16,76.49,557
PTPN11,Protein tyrosine phosphatase non-receptor type 11,14.59,2.7,557
TIGAR,TP53 induced glycolysis regulatory phosphatase,13.37,26.92,557
SKAP1,Src kinase associated phosphoprotein 1,12.38,6.16,557
FKBP14,FKBP prolyl isomerase 14,11.04,2.78,557
HSD17B14,Hydroxysteroid 17-beta dehydrogenase 14,10.65,59.75,557
SORCS1,Sortilin related VPS10 domain containing receptor 1,10.49,11.64,557
IGSF21,Immunoglobin superfamily member 21,10.21,28.49,557
CNPY4,Canopy FGF signaling regulator 4,7.78,5.21,557
MARS1,Methionyl-tRNA synthetase 1,7.74,3.28,557
CRISP3,Cysteine rich secretory protein 3,5.98,30.9,557
LTK,Leukocyte receptor tyrosine kinase,5.74,55.71,557
METAP1D,"Methionyl aminopeptidase type 1D, mitochondrial",5.66,5.5,557
STX7,Syntaxin 7,3.95,17.4,557
CCL4,C-C motif chemokine ligand 4,3.22,44.46,557
SPINK4,Serine peptidase inhibitor Kazal type 4,2.46,63.5,557
CD200,CD200 molecule,2.17,21.72,557
HBQ1,Hemoglobin subunit theta 1,1.95,6.03,557
FCGR2A,Fc gamma receptor IIa,1.84,81.87,557
RBP5,Retinol binding protein 5,1.49,18.35,557
RGCC,Regulator of cell cycle,1.04,15.82,557
PCDHB15,Protocadherin beta 15,0.66,54.84,557
EPPK1,Epiplakin 1,0.44,52.51,557
PSMG4,Proteasome assembly chaperone 4,0.24,0,557
SLC51B,Solute carrier family 51 subunit beta,0.01,52.58,557
NECAB2,N-terminal EF-hand calcium binding protein 2,67.67,14.86,558
PCBP2,Poly(rC) binding protein 2,47.96,1.14,558
LEP,Leptin,46.09,19.39,558
ITGAL,Integrin subunit alpha L,40.28,20.47,558
BMP4,Bone morphogenetic protein 4,39.95,10.15,558
ASPSCR1,"ASPSCR1 tether for SLC2A4, UBX domain containing",39.4,4.43,558
ACP1,Acid phosphatase 1,31.97,2.47,558
BCAT1,Branched chain amino acid transaminase 1,29.54,24.92,558
GRIPAP1,GRIP1 associated protein 1,28.49,0,558
ARL2BP,ADP ribosylation factor like GTPase 2 binding protein,28.4,4.43,558
CEP170,Centrosomal protein 170,28.34,0,558
FGFR2,Fibroblast growth factor receptor 2,25.69,9.23,558
SUGT1,"SGT1 homolog, MIS12 kinetochore complex assembly cochaperone",25.65,0.57,558
CACNB3,Calcium voltage-gated channel auxiliary subunit beta 3,25.41,4.61,558
LDLRAP1,Low density lipoprotein receptor adaptor protein 1,23.93,3.03,558
NDUFS6,NADH:ubiquinone oxidoreductase subunit S6,22.75,8.9,558
ADD1,Adducin 1,22.18,0.53,558
TPPP3,Tubulin polymerization promoting protein family member 3,21.31,10.33,558
LAT2,Linker for activation of T cells family member 2,21.13,2.04,558
WWP2,WW domain containing E3 ubiquitin protein ligase 2,20.88,0.77,558
PLCB2,Phospholipase C beta 2,20.82,2.19,558
GM2A,Ganglioside GM2 activator,20.3,37.62,558
EGLN1,Egl-9 family hypoxia inducible factor 1,19.92,4.43,558
SMTN,Smoothelin,19.24,0,558
TJAP1,Tight junction associated protein 1,19.18,0.58,558
PSG1,Pregnancy specific beta-1-glycoprotein 1,18.19,60.7,558
SCGB1A1,Secretoglobin family 1A member 1,14.65,55.89,558
MMP1,Matrix metallopeptidase 1,14.24,40.17,558
HS6ST1,Heparan sulfate 6-O-sulfotransferase 1,13.95,22.76,558
ENPP5,Ectonucleotide pyrophosphatase/phosphodiesterase family member 5,13.19,72.33,558
TRIM58,Tripartite motif containing 58,13.08,8.22,558
CHCHD3,Coiled-coil-helix-coiled-coil-helix domain containing 3,12.42,1.37,558
SCGB3A1,Secretoglobin family 3A member 1,11.85,50.7,558
SEC31A,"SEC31 homolog A, COPII coat complex component",11.77,10.67,558
ASAP2,"ArfGAP with SH3 domain, ankyrin repeat and PH domain 2",11.61,4.27,558
EHD3,EH domain containing 3,11.09,1.99,558
TRIP11,Thyroid hormone receptor interactor 11,10.42,1.13,558
STC1,Stanniocalcin 1,9.95,46.86,558
LYN,"LYN proto-oncogene, Src family tyrosine kinase",9.32,5.05,558
AP1AR,Adaptor related protein complex 1 associated regulatory protein,7.73,1.04,558
FSTL1,Follistatin like 1,7.48,25.53,558
STX8,Syntaxin 8,6.71,1.99,558
ADGRE3,Adhesion G protein-coupled receptor E3,6.71,38.34,558
SIL1,SIL1 nucleotide exchange factor,6.53,28.48,558
PXDNL,Peroxidasin like,6.14,46.14,558
PINLYP,Phospholipase A2 inhibitor and LY6/PLAUR domain containing,4.02,72.62,558
ABLIM1,Actin binding LIM protein 1,3.84,21.25,558
SGSH,N-sulfoglucosamine sulfohydrolase,2.69,39.47,558
CALCB,Calcitonin related polypeptide beta,1.82,44.96,558
BST1,Bone marrow stromal cell antigen 1,1.73,92.4,558
CRYBB2,Crystallin beta B2,1.51,69.6,558
VWA1,Von Willebrand factor A domain containing 1,1.24,19.56,558
PYDC1,Pyrin domain containing 1,1.13,41.7,558
MEP1A,Meprin A subunit alpha,0.99,57,558
LAMB1,Laminin subunit beta 1,0.86,33.34,558
CEACAM21,CEA cell adhesion molecule 21,0.24,91.07,558
KLK4,Kallikrein related peptidase 4,82.52,6.09,559
PTPRN,Protein tyrosine phosphatase receptor type N,82.25,5.43,559
COL9A1,Collagen type IX alpha 1 chain,79.73,0.53,559
MS4A1,Membrane spanning 4-domains A1,79.47,5.3,559
CES2,Carboxylesterase 2,78.65,0.87,559
COL2A1,Collagen type II alpha 1 chain,77.96,1.7,559
BSG,Basigin (Ok blood group),77.82,4.22,559
PTPRR,Protein tyrosine phosphatase receptor type R,77.36,8.18,559
SEZ6,Seizure related 6 homolog,77.29,7.34,559
MATN3,Matrilin 3,76.9,0,559
VWC2L,Von Willebrand factor C domain containing 2 like,73.99,0,559
MSLN,Mesothelin,70.95,6.47,559
PROK1,Prokineticin 1,70.28,7.27,559
CD22,CD22 molecule,68.34,16.34,559
LTA4H,Leukotriene A4 hydrolase,67.91,15.36,559
GFAP,Glial fibrillary acidic protein,67.6,15.74,559
EDIL3,EGF like repeats and discoidin domains 3,67.26,1.42,559
PTPRN2,Protein tyrosine phosphatase receptor type N2,66.13,12.93,559
MSTN,Myostatin,66.1,5.26,559
PBXIP1,PBX homeobox interacting protein 1,65.59,4.75,559
SEZ6L2,Seizure related 6 homolog like 2,65.42,10.8,559
SLITRK1,SLIT and NTRK like family member 1,65.38,13.21,559
COL24A1,Collagen type XXIV alpha 1 chain,63.85,8.41,559
SERPINA9,Serpin family A member 9,63.81,20.39,559
SOWAHC,Sosondowah ankyrin repeat domain family member C,63.74,5.61,559
SORD,Sorbitol dehydrogenase,60.55,4.99,559
PDCD1,Programmed cell death 1,60.43,19.6,559
PMVK,Phosphomevalonate kinase,59.39,0.82,559
FRZB,Frizzled related protein,59.18,1.74,559
BAG3,BAG cochaperone 3,58.99,3.51,559
ITGA11,Integrin subunit alpha 11,58.97,10.37,559
LILRB4,Leukocyte immunoglobulin like receptor B4,58.32,12.14,559
EPHA2,EPH receptor A2,57.23,10.46,559
ICOSLG,Inducible T cell costimulator ligand,56.04,3.8,559
OBP2B,Odorant binding protein 2B,55.8,23.21,559
ADM,Adrenomedullin,54.27,0.89,559
LMOD1,Leiomodin 1,54.03,7.17,559
CD5,CD5 molecule,53.65,26.19,559
SMAD5,SMAD family member 5,52.84,2.75,559
TNFRSF4,TNF receptor superfamily member 4,52.07,19.87,559
PRTFDC1,Phosphoribosyl transferase domain containing 1,51.86,1.76,559
BCAN,Brevican,51.12,21.9,559
CA12,Carbonic anhydrase 12,51.09,13.24,559
TRIM25,Tripartite motif containing 25,50.77,0,559
TNFRSF9,TNF receptor superfamily member 9,50.24,19.79,559
ELAC1,ElaC ribonuclease Z 1,49.86,0.69,559
EDN1,Endothelin 1,49.78,4.14,559
IGSF3,Immunoglobulin superfamily member 3,49.11,16.98,559
RSPO1,R-spondin 1,48.99,5.78,559
CD38,CD38 molecule,48.67,9.09,559
NFATC1,Nuclear factor of activated T cells 1,48.44,1.65,559
ACP6,"Acid phosphatase 6, lysophosphatidic",47.97,31.19,559
UBL4A,Ubiquitin like 4A,47.61,0,559
MPST,Mercaptopyruvate sulfurtransferase,47.44,0.2,559
FGF5,Fibroblast growth factor 5,47.13,18.5,559
WFDC1,WAP four-disulfide core domain 1,47,13.57,559
CRIP2,Cysteine rich protein 2,46.96,9.87,559
ITGAV,Integrin subunit alpha V,46.47,6.91,559
PRRT3,Proline rich transmembrane protein 3,46.19,18.3,559
PRDX5,Peroxiredoxin 5,45.99,1.6,559
ADAMTS15,ADAM metallopeptidase with thrombospondin type 1 motif 15,45.85,12.97,559
MKNK1,MAPK interacting serine/threonine kinase 1,45.48,0.27,559
FYCO1,FYVE and coiled-coil domain autophagy adaptor 1,45.46,0,559
IL17C,Interleukin 17C,45.43,4.42,559
VAT1,Vesicle amine transport 1,45.13,13.85,559
ACVRL1,Activin A receptor like type 1,44.31,25.03,559
IMPACT,Impact RWD domain protein,43.88,0,559
DPEP2,Dipeptidase 2,43.71,12.87,559
JPT2,Jupiter microtubule associated homolog 2,43.19,2.79,559
CRYZL1,Crystallin zeta like 1,42.37,2.87,559
IL5RA,Interleukin 5 receptor subunit alpha,42.32,32.83,559
COMT,Catechol-O-methyltransferase,42.17,3.92,559
DDHD2,DDHD domain containing 2,41.86,4.19,559
CRADD,CASP2 and RIPK1 domain containing adaptor with death domain,41.11,0,559
DGKI,Diacylglycerol kinase iota,41.07,8.72,559
OPHN1,Oligophrenin 1,40.89,2.25,559
EPS8L2,EPS8 like 2,40.83,11.03,559
ENDOU,"Endonuclease, poly(U) specific",40.83,19.47,559
CALB1,Calbindin 1,40.61,24.42,559
RTN4R,Reticulon 4 receptor,40.33,13.18,559
GPR37,G protein-coupled receptor 37,40.08,20.46,559
DTX3,Deltex E3 ubiquitin ligase 3,40,6.92,559
MASP1,MBL associated serine protease 1,39.99,26.55,559
DOK1,Docking protein 1,39.68,2.42,559
KLK14,Kallikrein related peptidase 14,39.47,6.66,559
CHUK,Component of inhibitor of nuclear factor kappa B kinase complex,39.37,0,559
CPVL,Carboxypeptidase vitellogenic like,39.25,24.3,559
GPIHBP1,Glycosylphosphatidylinositol anchored high density lipoprotein binding protein 1,39.03,24.25,559
NTF3,Neurotrophin 3,38.7,0.7,559
AMDHD1,Amidohydrolase domain containing 1,38.66,10.51,559
TRAF2,TNF receptor associated factor 2,38.51,4.55,559
CX3CL1,C-X3-C motif chemokine ligand 1,38.47,13.41,559
BACH1,BTB domain and CNC homolog 1,38.46,0,559
PNLIPRP1,Pancreatic lipase related protein 1,38.03,38.54,559
SERPINB9,Serpin family B member 9,37.96,4.56,559
ITGB7,Integrin subunit beta 7,37.8,25.15,559
CTSO,Cathepsin O,37.68,9.66,559
UFD1,Ubiquitin recognition factor in ER associated degradation 1,37.63,1.65,559
RAB3IP,RAB3A interacting protein,37.58,0,559
SASH3,SAM and SH3 domain containing 3,37.5,4.85,559
MTSS2,MTSS I-BAR domain containing 2,37.37,8.64,559
LEFTY2,Left-right determination factor 2,36.67,19.7,559
EIF4H,Eukaryotic translation initiation factor 4H,36.31,1.67,559
DCPS,"Decapping enzyme, scavenger",36.18,16.01,559
KYNU,Kynureninase,36.12,14.21,559
C1QA,Complement C1q A chain,36.09,30.29,559
CD86,CD86 molecule,36,31.86,559
GPC1,Glypican 1,35.8,25.97,559
VEGFB,Vascular endothelial growth factor B,35.77,15.66,559
PPP1R18,Protein phosphatase 1 regulatory subunit 18,35.54,9.79,559
RSPO3,R-spondin 3,35.42,3.66,559
FAM120B,Family with sequence similarity 120B,35.4,7.43,559
DPP6,Dipeptidyl peptidase like 6,35.17,24.59,559
GZMA,Granzyme A,35.13,15.84,559
SCN4B,Sodium voltage-gated channel beta subunit 4,35.12,20.79,559
RANBP1,RAN binding protein 1,35.11,1.18,559
MOG,Myelin oligodendrocyte glycoprotein,34.96,22.48,559
MAVS,Mitochondrial antiviral signaling protein,34.44,0,559
GP1BB,Glycoprotein Ib platelet subunit beta,34.37,6.24,559
LY96,Lymphocyte antigen 96,33.84,16.72,559
SUSD1,Sushi domain containing 1,33.84,10.65,559
PDLIM5,PDZ and LIM domain 5,33.83,0.05,559
CD83,CD83 molecule,33.79,34.64,559
DPP10,Dipeptidyl peptidase like 10,33.77,28.83,559
MAP2K6,Mitogen-activated protein kinase kinase 6,33.77,1.65,559
CDNF,Cerebral dopamine neurotrophic factor,33.66,7.49,559
CD6,CD6 molecule,33.59,34.18,559
PLXNA4,Plexin A4,33.27,3.16,559
ASRGL1,Asparaginase and isoaspartyl peptidase 1,33.24,6.67,559
HPCAL1,Hippocalcin like 1,33.2,1.73,559
SCLY,Selenocysteine lyase,33.08,17.14,559
NCR3LG1,Natural killer cell cytotoxicity receptor 3 ligand 1,32.97,24.33,559
HS1BP3,HCLS1 binding protein 3,32.84,2.41,559
HAO1,Hydroxyacid oxidase 1,32.69,19.48,559
PFKFB2,"6-phosphofructo-2-kinase/fructose-2,6-biphosphatase 2",32.67,2.32,559
CNTNAP2,Contactin associated protein 2,32.54,22.2,559
YARS1,Tyrosyl-tRNA synthetase 1,32.4,1.26,559
IKBKG,Inhibitor of nuclear factor kappa B kinase regulatory subunit gamma,32.31,1.48,559
NPPC,Natriuretic peptide C,32.29,0.97,559
ZFAND2B,Zinc finger AN1-type containing 2B,31.83,0.35,559
ITGB1BP2,Integrin subunit beta 1 binding protein 2,31.58,2.31,559
TBCC,Tubulin folding cofactor C,31.55,2.66,559
CCL20,C-C motif chemokine ligand 20,31.22,21.6,559
EIF4B,Eukaryotic translation initiation factor 4B,31.12,1.29,559
GP2,Glycoprotein 2,31.04,42.44,559
LRBA,LPS responsive beige-like anchor protein,30.98,0,559
GMPR,Guanosine monophosphate reductase,30.71,0.52,559
PPP1CC,Protein phosphatase 1 catalytic subunit gamma,30.65,2.75,559
SLMAP,Sarcolemma associated protein,30.55,1.73,559
THTPA,Thiamine triphosphatase,30.49,3.78,559
LUZP2,Leucine zipper protein 2,30.32,14.6,559
CNTN2,Contactin 2,30.3,34.76,559
CA14,Carbonic anhydrase 14,30.28,21.76,559
BANK1,B cell scaffold protein with ankyrin repeats 1,30.27,10.4,559
CALCOCO1,Calcium binding and coiled-coil domain 1,30.23,0,559
FASLG,Fas ligand,30.2,42.72,559
BRAP,BRCA1 associated protein,30.16,4.56,559
CD302,CD302 molecule,30,27,559
DARS1,Aspartyl-tRNA synthetase 1,29.9,4.02,559
INPP4B,Inositol polyphosphate-4-phosphatase type II B,29.8,1.98,559
GIPC3,GIPC PDZ domain containing family member 3,29.5,3.83,559
TBCB,Tubulin folding cofactor B,29.44,0.61,559
AMIGO2,Adhesion molecule with Ig like domain 2,29.43,12.47,559
C16orf89,Chromosome 16 open reading frame 89,29.41,24.82,559
SPAST,Spastin,29.39,1.73,559
GPR15LG,G protein-coupled receptor 15 ligand,29.38,20.76,559
AXIN1,Axin 1,29.3,2.91,559
GLO1,Glyoxalase I,29.3,0,559
DNM1,Dynamin 1,29.29,2.37,559
BCR,BCR activator of RhoGEF and GTPase,29.12,1.93,559
FGF23,Fibroblast growth factor 23,28.84,15.04,559
ACTA2,"Actin alpha 2, smooth muscle",28.61,18.37,559
ARF6,ADP ribosylation factor 6,28.37,6.42,559
METAP2,Methionyl aminopeptidase 2,28.22,0,559
KLK7,Kallikrein related peptidase 7,28.22,35.64,559
HS3ST3B1,Heparan sulfate-glucosamine 3-sulfotransferase 3B1,28.14,11.98,559
SCG2,Secretogranin II,27.68,13.67,559
ADAMTSL4,ADAMTS like 4,27.62,10.16,559
OPLAH,"5-oxoprolinase, ATP-hydrolysing",27.51,1.1,559
AHNAK2,AHNAK nucleoprotein 2,27.45,14.74,559
ACY3,Aminoacylase 3,27.4,21.56,559
VAMP8,Vesicle associated membrane protein 8,27.38,2.51,559
DAPP1,Dual adaptor of phosphotyrosine and 3-phosphoinositides 1,27.37,3.71,559
EIF2AK2,Eukaryotic translation initiation factor 2 alpha kinase 2,27.37,2.45,559
NACC1,Nucleus accumbens associated 1,27.3,5.13,559
CDKN1A,Cyclin dependent kinase inhibitor 1A,27.25,4,559
CEP44,Centrosomal protein 44,27.11,0.12,559
PSMG1,Proteasome assembly chaperone 1,27,13.82,559
SFRP1,Secreted frizzled related protein 1,26.99,17.86,559
FOXO1,Forkhead box O1,26.94,7.57,559
INPP5D,Inositol polyphosphate-5-phosphatase D,26.86,3.6,559
TMED8,Transmembrane p24 trafficking protein family member 8,26.8,2.03,559
YOD1,YOD1 deubiquitinase,26.55,0,559
CCN4,Cellular communication network factor 4,26.53,32.94,559
GFRA1,GDNF family receptor alpha 1,26.52,16.92,559
EML4,EMAP like 4,26.47,2.51,559
SLC16A1,Solute carrier family 16 member 1,26.21,6.29,559
GIT1,GIT ArfGAP 1,26.16,0.59,559
IMPA1,Inositol monophosphatase 1,26.11,4.44,559
CLEC4G,C-type lectin domain family 4 member G,26.08,19.44,559
STAT2,Signal transducer and activator of transcription 2,25.99,3.86,559
BMP7,Bone morphogenetic protein 7,25.91,6.49,559
BOLA2,BolA family member 2,25.91,5.56,559
DPEP1,Dipeptidase 1,25.89,57.01,559
RABEP2,"Rabaptin, RAB GTPase binding effector protein 2",25.8,0,559
FGD3,"FYVE, RhoGEF and PH domain containing 3",25.71,3.34,559
SDCCAG8,SHH signaling and ciliogenesis regulator SDCCAG8,25.68,0,559
PRTG,Protogenin,25.56,18.63,559
IRAK4,Interleukin 1 receptor associated kinase 4,25.52,3.13,559
ATE1,Arginyltransferase 1,25.24,3.08,559
CEP250,Centrosomal protein 250,25.18,1.45,559
NUMB,NUMB endocytic adaptor protein,24.94,5.58,559
EIF2B4,Eukaryotic translation initiation factor 2B subunit delta,24.9,2.22,559
GOPC,Golgi associated PDZ and coiled-coil motif containing,24.82,3.46,559
MPHOSPH8,M-phase phosphoprotein 8,24.74,4.03,559
PACS2,Phosphofurin acidic cluster sorting protein 2,24.71,1.14,559
AKT1S1,AKT1 substrate 1,24.56,2.52,559
RNF41,Ring finger protein 41,24.48,1.38,559
ATG16L1,Autophagy related 16 like 1,24.41,0,559
MITD1,Microtubule interacting and trafficking domain containing 1,24.11,2.44,559
PELO,Pelota mRNA surveillance and ribosome rescue factor,23.99,0,559
KEL,Kell metallo-endopeptidase (Kell blood group),23.99,41.75,559
DTX3L,Deltex E3 ubiquitin ligase 3L,23.87,1.2,559
TAX1BP1,Tax1 binding protein 1,23.73,0.16,559
GALNT10,Polypeptide N-acetylgalactosaminyltransferase 10,23.72,28.51,559
CKAP4,Cytoskeleton associated protein 4,23.68,29.42,559
PCDH12,Protocadherin 12,23.5,30.68,559
NUDT16,Nudix hydrolase 16,23.48,4.2,559
TNFRSF10B,TNF receptor superfamily member 10b,23.47,34.91,559
MGMT,O-6-methylguanine-DNA methyltransferase,23.41,12.79,559
PGLYRP3,Peptidoglycan recognition protein 3,23.4,39.7,559
FGF21,Fibroblast growth factor 21,23.36,23.12,559
KIAA0513,KIAA0513,23.28,3.17,559
EGFL7,EGF like domain multiple 7,23.06,21.52,559
PGF,Placental growth factor,22.76,18.34,559
GALNT3,Polypeptide N-acetylgalactosaminyltransferase 3,22.65,43.36,559
MAP4K5,Mitogen-activated protein kinase kinase kinase kinase 5,22.48,4.49,559
ZFYVE19,Zinc finger FYVE-type containing 19,22.19,5.58,559
FAM221A,Family with sequence similarity 221 member A,22.15,7.02,559
LRIG1,Leucine rich repeats and immunoglobulin like domains 1,22.1,39.29,559
HBS1L,HBS1 like translational GTPase,22.07,2.33,559
PHACTR2,Phosphatase and actin regulator 2,22,3.84,559
DMP1,Dentin matrix acidic phosphoprotein 1,21.97,6.46,559
USP8,Ubiquitin specific peptidase 8,21.95,3.56,559
APRT,Adenine phosphoribosyltransferase,21.92,5.13,559
ASCC1,Activating signal cointegrator 1 complex subunit 1,21.84,3.56,559
CBLN4,Cerebellin 4 precursor,21.83,26.89,559
DBN1,Drebrin 1,21.68,7.72,559
CLMP,CXADR like membrane protein,21.66,19.67,559
CRYGD,Crystallin gamma D,21.64,23.42,559
ASGR1,Asialoglycoprotein receptor 1,21.59,23.86,559
ADA,Adenosine deaminase,21.57,6.28,559
CMIP,C-Maf inducing protein,21.32,2.41,559
LAT,Linker for activation of T cells,21.32,5.23,559
FCRL2,Fc receptor like 2,21.28,53.28,559
KHK,Ketohexokinase,21.09,12.14,559
RAMP2,Receptor activity modifying protein 2,20.91,17.77,559
ADSL,Adenylosuccinate lyase,20.82,1.3,559
ABI3BP,ABI family member 3 binding protein,20.7,47.59,559
STAMBP,STAM binding protein,20.44,0.76,559
KIFC3,Kinesin family member C3,20.37,0,559
MILR1,Mast cell immunoglobulin like receptor 1,20.34,41.81,559
VAV3,Vav guanine nucleotide exchange factor 3,20.32,0.44,559
LAYN,Layilin,20.27,26.13,559
HNMT,Histamine N-methyltransferase,20.22,27.86,559
EVA1C,Eva-1 homolog C,20.14,6.38,559
IDS,Iduronate 2-sulfatase,19.96,8.28,559
CCN1,Cellular communication network factor 1,19.96,17.55,559
S100A13,S100 calcium binding protein A13,19.93,1.09,559
CRNN,Cornulin,19.84,30.5,559
PALM,Paralemmin,19.67,36.07,559
YES1,"YES proto-oncogene 1, Src family tyrosine kinase",19.6,0,559
LARP1,"La ribonucleoprotein 1, translational regulator",19.54,0.67,559
PCDH7,Protocadherin 7,19.51,18.71,559
TACC3,Transforming acidic coiled-coil containing protein 3,19.29,5.14,559
NIT1,Nitrilase 1,19.19,6.63,559
RASGRP2,RAS guanyl releasing protein 2,19.18,2.3,559
EDA2R,Ectodysplasin A2 receptor,19.14,35.5,559
FMNL1,Formin like 1,18.91,7.79,559
CRISP2,Cysteine rich secretory protein 2,18.89,72.27,559
CD63,CD63 molecule,18.76,18.48,559
DCN,Decorin,18.73,13.8,559
RHOC,Ras homolog family member C,18.69,2.87,559
IPCEF1,Interaction protein for cytohesin exchange factors 1,18.6,7.48,559
EHD4,EH domain containing 4,18.49,3.33,559
PCSK7,Proprotein convertase subtilisin/kexin type 7,18.46,42.01,559
SNX29,Sorting nexin 29,18.39,0,559
CAPRIN1,Cell cycle associated protein 1,18.15,0,559
NPY,Neuropeptide Y,18.03,24.45,559
USP25,Ubiquitin specific peptidase 25,17.84,0,559
EIF4G1,Eukaryotic translation initiation factor 4 gamma 1,17.68,0,559
DFFA,DNA fragmentation factor subunit alpha,17.59,5.11,559
WIF1,WNT inhibitory factor 1,17.57,26.24,559
CDHR2,Cadherin related family member 2,17.56,32.84,559
NT5C3A,"5'-nucleotidase, cytosolic IIIA",17.52,3.13,559
DTD1,D-aminoacyl-tRNA deacylase 1,17.45,5.31,559
OCLN,Occludin,17.39,5.77,559
ASAH2,N-acylsphingosine amidohydrolase 2,17.38,46.95,559
FLRT2,Fibronectin leucine rich transmembrane protein 2,17.35,47.89,559
TNFSF11,TNF superfamily member 11,17.21,29.54,559
ADAM15,ADAM metallopeptidase domain 15,17.14,40.12,559
EVI5L,Ecotropic viral integration site 5 like,16.92,4.65,559
DRAXIN,Dorsal inhibitory axon guidance protein,16.91,15.87,559
ARHGEF1,Rho guanine nucleotide exchange factor 1,16.9,4.06,559
NAP1L4,Nucleosome assembly protein 1 like 4,16.82,1.33,559
OGA,O-GlcNAcase,16.81,2.14,559
ANGPT2,Angiopoietin 2,16.72,28.86,559
CTH,Cystathionine gamma-lyase,16.71,11.48,559
STAT5B,Signal transducer and activator of transcription 5B,16.58,2.33,559
PSMG3,Proteasome assembly chaperone 3,16.48,0.97,559
TRIM21,Tripartite motif containing 21,16.47,4.36,559
PPL,Periplakin,16.46,10.13,559
DPY30,Dpy-30 histone methyltransferase complex regulatory subunit,16.45,14.58,559
SIGLEC6,Sialic acid binding Ig like lectin 6,16.24,59.91,559
KRT18,Keratin 18,16.22,19.58,559
SLITRK2,SLIT and NTRK like family member 2,16.19,41.81,559
FLT1,Fms related receptor tyrosine kinase 1,16.17,28.73,559
LZTS1,Leucine zipper tumor suppressor 1,16.06,29.71,559
AGRP,Agouti related neuropeptide,15.66,10.18,559
SLC39A5,Solute carrier family 39 member 5,15.63,28.35,559
CTIF,Cap binding complex dependent translation initiation factor,15.42,3.71,559
ICAM4,Intercellular adhesion molecule 4 (Landsteiner-Wiener blood group),15.42,54.44,559
CHMP1A,Charged multivesicular body protein 1A,15.38,2.45,559
RABEP1,"Rabaptin, RAB GTPase binding effector protein 1",15.23,0,559
HMOX2,Heme oxygenase 2,15.13,8.66,559
SWAP70,Switching B cell complex subunit SWAP70,15.09,15.73,559
DNMBP,Dynamin binding protein,14.99,4.34,559
TNFSF10,TNF superfamily member 10,14.79,22.66,559
HRC,Histidine rich calcium binding protein,14.79,23.34,559
CCS,Copper chaperone for superoxide dismutase,14.79,15.89,559
GYS1,Glycogen synthase 1,14.68,8.33,559
RELCH,"RAB11 binding and LisH domain, coiled-coil and HEAT repeat containing",14.68,0.79,559
ACAA1,Acetyl-CoA acyltransferase 1,14.45,9.92,559
EGFLAM,"EGF like, fibronectin type III and laminin G domains",14.38,28.78,559
FABP6,Fatty acid binding protein 6,14.32,15.55,559
MAN1A2,Mannosidase alpha class 1A member 2,14.24,11.24,559
NUDC,"Nuclear distribution C, dynein complex regulator",14.19,3.52,559
KLRB1,Killer cell lectin like receptor B1,14.16,33.64,559
GRPEL1,"GrpE like 1, mitochondrial",14.11,8.56,559
SPOCK1,"SPARC (osteonectin), cwcv and kazal like domains proteoglycan 1",14.11,29.39,559
VGF,VGF nerve growth factor inducible,14.02,10.35,559
ATG4A,Autophagy related 4A cysteine peptidase,13.93,0,559
CD40LG,CD40 ligand,13.83,8.58,559
ASS1,Argininosuccinate synthase 1,13.78,28.44,559
HAVCR1,Hepatitis A virus cellular receptor 1,13.71,51.31,559
CDCP1,CUB domain containing protein 1,13.67,35.61,559
BTN3A2,Butyrophilin subfamily 3 member A2,13.66,44.51,559
SNX2,Sorting nexin 2,13.47,8.12,559
CALCA,Calcitonin related polypeptide alpha,13.38,38.8,559
FKBP5,FKBP prolyl isomerase 5,13.35,4.28,559
APBB1IP,Amyloid beta precursor protein binding family B member 1 interacting protein,13.29,15.61,559
TNFRSF19,TNF receptor superfamily member 19,13.22,34.39,559
HSPB6,Heat shock protein family B (small) member 6,13.12,19.66,559
CLEC4C,C-type lectin domain family 4 member C,13.12,57.94,559
MCF2L,MCF.2 cell line derived transforming sequence like,13.08,0.24,559
NCR1,Natural cytotoxicity triggering receptor 1,13.08,40.13,559
IGBP1,Immunoglobulin binding protein 1,12.91,4.37,559
VSNL1,Visinin like 1,12.79,30.16,559
IL17D,Interleukin 17D,12.73,24.53,559
ABHD14B,Abhydrolase domain containing 14B,12.72,2.33,559
SMOC1,SPARC related modular calcium binding 1,12.7,20.98,559
MLN,Motilin,12.62,51.04,559
HMBS,Hydroxymethylbilane synthase,12.54,0,559
FAM3B,FAM3 metabolism regulating signaling molecule B,12.42,42.6,559
CAMSAP1,Calmodulin regulated spectrin associated protein 1,12.41,0.83,559
FNDC1,Fibronectin type III domain containing 1,12.33,30.28,559
DNM3,Dynamin 3,12.32,29.73,559
SUSD4,Sushi domain containing 4,12.27,37.66,559
POMC,Proopiomelanocortin,12.22,7.1,559
ADAM23,ADAM metallopeptidase domain 23,11.95,45.98,559
FAM172A,Family with sequence similarity 172 member A,11.78,3.35,559
PVALB,Parvalbumin,11.74,33.82,559
PSME2,Proteasome activator subunit 2,11.72,0,559
CNP,"2',3'-cyclic nucleotide 3' phosphodiesterase",11.67,2.96,559
PHYKPL,5-phosphohydroxy-L-lysine phospho-lyase,11.67,15.65,559
PHOSPHO1,Phosphoethanolamine/phosphocholine phosphatase 1,11.66,14.31,559
AMBP,Alpha-1-microglobulin/bikunin precursor,11.62,27.54,559
BAG5,BAG cochaperone 5,11.54,2.3,559
CEACAM19,CEA cell adhesion molecule 19,11.47,33.93,559
RTBDN,Retbindin,11.34,11.46,559
ARFIP1,ADP ribosylation factor interacting protein 1,11.31,4.86,559
NOG,Noggin,11.28,23.93,559
RNASE10,Ribonuclease A family member 10 (inactive),11.26,59.33,559
ANKZF1,Ankyrin repeat and zinc finger peptidyl tRNA hydrolase 1,11,5.36,559
EPB41L3,Erythrocyte membrane protein band 4.1 like 3,10.96,14.8,559
TNFAIP6,TNF alpha induced protein 6,10.86,31.38,559
NXPH3,Neurexophilin 3,10.83,15.22,559
ISLR2,Immunoglobulin superfamily containing leucine rich repeat 2,10.8,28.67,559
SYNM,Synemin,10.79,12.17,559
ANGPT1,Angiopoietin 1,10.59,23.06,559
NEO1,Neogenin 1,10.48,10.53,559
CCAR1,Cell division cycle and apoptosis regulator 1,10.44,7.46,559
DTNB,Dystrobrevin beta,10.36,5.66,559
VSIG10L,V-set and immunoglobulin domain containing 10 like,10.28,36.56,559
HDGF,Heparin binding growth factor,9.88,40.98,559
TAFA5,TAFA chemokine like family member 5,9.84,16.33,559
DSG3,Desmoglein 3,9.82,44.02,559
CLIP2,CAP-Gly domain containing linker protein 2,9.79,5.65,559
IRAG2,"Inositol 1,4,5-triphosphate receptor associated 2",9.71,6.86,559
NARS1,Asparaginyl-tRNA synthetase 1,9.61,2.53,559
ANXA11,Annexin A11,9.61,12.84,559
MPP7,MAGUK p55 scaffold protein 7,9.54,0.83,559
SLITRK6,SLIT and NTRK like family member 6,9.52,45.35,559
HAGH,Hydroxyacylglutathione hydrolase,9.43,0,559
DXO,Decapping exoribonuclease,9.36,7.21,559
BAG6,BAG cochaperone 6,9.24,16,559
CLSTN2,Calsyntenin 2,9.18,24.96,559
SCAMP3,Secretory carrier membrane protein 3,9.14,3.5,559
CD164,CD164 molecule,9.12,20.91,559
PLXDC2,Plexin domain containing 2,8.94,14.8,559
FAM114A2,Family with sequence similarity 114 member A2,8.91,0,559
RTN4IP1,Reticulon 4 interacting protein 1,8.74,2.1,559
ZBTB17,Zinc finger and BTB domain containing 17,8.73,10.07,559
DNAJC7,DnaJ heat shock protein family (Hsp40) member C7,8.66,1.86,559
CD4,CD4 molecule,8.6,9.69,559
GRP,Gastrin releasing peptide,8.54,12.17,559
NEDD1,NEDD1 gamma-tubulin ring complex targeting factor,8.53,3.92,559
CD70,CD70 molecule,8.52,63.46,559
TSPAN8,Tetraspanin 8,8.51,48.93,559
CFAP36,Cilia and flagella associated protein 36,8.48,5.49,559
TNIP1,TNFAIP3 interacting protein 1,8.4,5.73,559
SCRN1,Secernin 1,8.39,19.05,559
DCTN1,Dynactin subunit 1,8.38,9.66,559
KANK2,KN motif and ankyrin repeat domains 2,8.33,18.55,559
GPC5,Glypican 5,8.27,53.87,559
RBPMS2,"RNA binding protein, mRNA processing factor 2",8.21,0,559
CFC1,"Cripto, FRL-1, cryptic family 1",8.19,46.64,559
CTRL,Chymotrypsin like,8.06,62.17,559
IST1,IST1 factor associated with ESCRT-III,8.04,6.73,559
EBAG9,Estrogen receptor binding site associated antigen 9,8.04,5.06,559
LY9,Lymphocyte antigen 9,7.98,46.82,559
SIRT2,Sirtuin 2,7.96,7.74,559
FCAR,Fc alpha receptor,7.82,48.81,559
GSTT2B,Glutathione S-transferase theta 2B,7.8,74.91,559
HARS1,Histidyl-tRNA synthetase 1,7.73,2.55,559
ENPP6,Ectonucleotide pyrophosphatase/phosphodiesterase 6,7.72,16.58,559
KLB,Klotho beta,7.7,59.42,559
AARSD1,Alanyl-tRNA synthetase domain containing 1,7.58,2.19,559
ISM1,Isthmin 1,7.56,9.53,559
SLAMF7,SLAM family member 7,7.48,64.34,559
MDGA1,MAM domain containing glycosylphosphatidylinositol anchor 1,7.44,70.19,559
ENTPD6,Ectonucleoside triphosphate diphosphohydrolase 6,7.37,49.17,559
RFC4,Replication factor C subunit 4,7.19,3.18,559
SAMD9L,Sterile alpha motif domain containing 9 like,7.18,3.9,559
CC2D1A,Coiled-coil and C2 domain containing 1A,7.12,1.71,559
WASF3,WASP family member 3,7.11,9.4,559
FLT3LG,Fms related receptor tyrosine kinase 3 ligand,7.11,59.12,559
LRCH4,Leucine rich repeats and calponin homology domain containing 4,7.04,6.31,559
CCL11,C-C motif chemokine ligand 11,7.01,23.22,559
OTUD7B,OTU deubiquitinase 7B,6.99,3.17,559
STX4,Syntaxin 4,6.87,0,559
GGA3,"Golgi associated, gamma adaptin ear containing, ARF binding protein 3",6.68,4.02,559
LIPF,"Lipase F, gastric type",6.66,40.2,559
COMMD9,COMM domain containing 9,6.65,2.75,559
IL23R,Interleukin 23 receptor,6.61,60.69,559
SCARB2,Scavenger receptor class B member 2,6.57,27.51,559
PRKAR2A,Protein kinase cAMP-dependent type II regulatory subunit alpha,6.55,5.03,559
ATRAID,All-trans retinoic acid induced differentiation factor,6.46,23.59,559
PHLDB1,Pleckstrin homology like domain family B member 1,6.34,12.67,559
ZER1,Zyg-11 related cell cycle regulator,6.33,2.79,559
RILP,Rab interacting lysosomal protein,6.27,2.51,559
UBXN2B,UBX domain protein 2B,6.22,1.86,559
RAB3IL1,RAB3A interacting protein like 1,6.1,0.33,559
C9orf40,Chromosome 9 open reading frame 40,6.07,0,559
PCYT2,"Phosphate cytidylyltransferase 2, ethanolamine",6.07,9.25,559
KLRK1,Killer cell lectin like receptor K1,6.07,63.35,559
TGFA,Transforming growth factor alpha,5.97,4.34,559
CD101,CD101 molecule,5.96,66.39,559
HGF,Hepatocyte growth factor,5.91,14.05,559
SETMAR,SET domain and mariner transposase fusion gene,5.89,24.73,559
MAD1L1,Mitotic arrest deficient 1 like 1,5.88,5.78,559
SIGLEC10,Sialic acid binding Ig like lectin 10,5.84,44.75,559
TMF1,TATA element modulatory factor 1,5.76,3.27,559
CCL3,C-C motif chemokine ligand 3,5.71,35.71,559
ENTPD5,Ectonucleoside triphosphate diphosphohydrolase 5 (inactive),5.67,38.89,559
DAB2,DAB adaptor protein 2,5.67,6.67,559
CRTAM,Cytotoxic and regulatory T cell molecule,5.6,40.27,559
FKBP15,FKBP prolyl isomerase family member 15,5.53,18.96,559
LMNB2,Lamin B2,5.46,15.87,559
CCL7,C-C motif chemokine ligand 7,5.45,29.59,559
EFNA4,Ephrin A4,5.43,25.55,559
CCER2,Coiled-coil glutamate rich protein 2,5.4,64.19,559
CSF2RB,Colony stimulating factor 2 receptor subunit beta,5.39,85.68,559
SEL1L,SEL1L adaptor subunit of ERAD E3 ubiquitin ligase,5.36,21.82,559
ABL1,"ABL proto-oncogene 1, non-receptor tyrosine kinase",5.36,4.94,559
FKBPL,FKBP prolyl isomerase like,5.31,5.82,559
VWC2,Von Willebrand factor C domain containing 2,5.18,20.28,559
PTH1R,Parathyroid hormone 1 receptor,5.13,37.63,559
PCDH9,Protocadherin 9,5.1,33.26,559
LAMP3,Lysosomal associated membrane protein 3,5.07,26.68,559
FXN,Frataxin,5.05,10.65,559
ERP44,Endoplasmic reticulum protein 44,5,10.39,559
TNFSF12,TNF superfamily member 12,4.99,18.3,559
AHNAK,AHNAK nucleoprotein,4.91,10.47,559
CXADR,CXADR Ig-like cell adhesion molecule,4.85,29.62,559
CD79B,CD79b molecule,4.78,39,559
CSF3R,Colony stimulating factor 3 receptor,4.77,53.69,559
EFHD2,EF-hand domain family member D2,4.73,5.38,559
AREG,Amphiregulin,4.72,8.19,559
PLA2G10,Phospholipase A2 group X,4.72,41.48,559
VEGFD,Vascular endothelial growth factor D,4.68,49.02,559
BOC,"BOC cell adhesion associated, oncogene regulated",4.67,39.75,559
PTPN1,Protein tyrosine phosphatase non-receptor type 1,4.66,1.07,559
DNAJC6,DnaJ heat shock protein family (Hsp40) member C6,4.66,7.83,559
SH3GLB2,"SH3 domain containing GRB2 like, endophilin B2",4.64,2.99,559
CETN3,Centrin 3,4.58,8.65,559
MIF4GD,MIF4G domain containing,4.52,9.53,559
CD300LF,CD300 molecule like family member f,4.52,77.37,559
TBC1D23,TBC1 domain family member 23,4.51,2.77,559
SLC39A14,Solute carrier family 39 member 14,4.5,15.31,559
INSL5,Insulin like 5,4.44,43.8,559
SCRIB,Scribble planar cell polarity protein,4.43,24,559
FKBP4,FKBP prolyl isomerase 4,4.41,6.63,559
ADGRB3,Adhesion G protein-coupled receptor B3,4.38,67.64,559
GCNT1,Glucosaminyl (N-acetyl) transferase 1,4.37,27.53,559
HCLS1,Hematopoietic cell-specific Lyn substrate 1,4.25,6.83,559
ARHGAP27,Rho GTPase activating protein 27,4.23,5.51,559
FUT8,Fucosyltransferase 8,4.18,46.14,559
NHEJ1,Non-homologous end joining factor 1,4.06,11.23,559
NUCB2,Nucleobindin 2,4,18.83,559
IL16,Interleukin 16,3.9,12.65,559
YTHDF3,YTH N6-methyladenosine RNA binding protein 3,3.88,7.29,559
PLXDC1,Plexin domain containing 1,3.88,32.29,559
RECK,Reversion inducing cysteine rich protein with kazal motifs,3.87,43.49,559
LTBP3,Latent transforming growth factor beta binding protein 3,3.78,67.29,559
DNAJA4,DnaJ heat shock protein family (Hsp40) member A4,3.75,0,559
MME,Membrane metalloendopeptidase,3.71,66.58,559
CST5,Cystatin D,3.67,76.75,559
IDO1,"Indoleamine 2,3-dioxygenase 1",3.62,9.44,559
HBEGF,Heparin binding EGF like growth factor,3.57,21.38,559
SNCG,Synuclein gamma,3.56,70.35,559
NUDCD3,NudC domain containing 3,3.56,9.9,559
MMP12,Matrix metallopeptidase 12,3.54,43.43,559
CEACAM16,"CEA cell adhesion molecule 16, tectorial membrane component",3.51,40.71,559
LAG3,Lymphocyte activating 3,3.45,21.56,559
FGFBP3,Fibroblast growth factor binding protein 3,3.39,31.71,559
TACSTD2,Tumor associated calcium signal transducer 2,3.35,49.45,559
PSME1,Proteasome activator subunit 1,3.32,3.08,559
RET,Ret proto-oncogene,3.21,21.09,559
FKBP10,FKBP prolyl isomerase 10,3.21,17.61,559
WDR91,WD repeat domain 91,3.15,14.61,559
UROD,Uroporphyrinogen decarboxylase,3.15,10.7,559
CSF2RA,Colony stimulating factor 2 receptor subunit alpha,3.12,49.43,559
OMG,Oligodendrocyte myelin glycoprotein,3.06,21.82,559
CPE,Carboxypeptidase E,3.03,18.48,559
NEDD4L,NEDD4 like E3 ubiquitin protein ligase,3.02,9.4,559
LRRN1,Leucine rich repeat neuronal 1,3,59.46,559
PSAPL1,Prosaposin like 1,2.98,80.98,559
DHRS4L2,Dehydrogenase/reductase 4 like 2,2.96,13.41,559
VNN2,Vanin 2,2.94,52.37,559
GLRX2,Glutaredoxin 2,2.92,8.84,559
ANP32E,Acidic nuclear phosphoprotein 32 family member E,2.91,1.46,559
GALNT7,Polypeptide N-acetylgalactosaminyltransferase 7,2.9,15.17,559
PRSS53,Serine protease 53,2.89,77.5,559
MINDY2,MINDY lysine 48 deubiquitinase 2,2.88,18.28,559
IFNGR2,Interferon gamma receptor 2,2.8,86.71,559
TCL1A,TCL1 family AKT coactivator A,2.77,9.7,559
CLSTN3,Calsyntenin 3,2.71,25.9,559
IL7,Interleukin 7,2.7,16.08,559
PON2,Paraoxonase 2,2.7,59.96,559
GFRA3,GDNF family receptor alpha 3,2.69,35.46,559
ROBO4,Roundabout guidance receptor 4,2.68,33.48,559
GLIPR1,GLI pathogenesis related 1,2.65,39.27,559
ADGRE1,Adhesion G protein-coupled receptor E1,2.63,61.84,559
IFNAR1,Interferon alpha and beta receptor subunit 1,2.61,33.94,559
NUDT5,Nudix hydrolase 5,2.6,8.4,559
LIFR,LIF receptor subunit alpha,2.58,28.09,559
PODXL,Podocalyxin like,2.56,21.55,559
CLEC10A,C-type lectin domain containing 10A,2.54,44.47,559
CD160,CD160 molecule,2.51,40.19,559
NCS1,Neuronal calcium sensor 1,2.48,9.19,559
OXCT1,3-oxoacid CoA-transferase 1,2.48,4.1,559
B3GNT7,"UDP-GlcNAc:betaGal beta-1,3-N-acetylglucosaminyltransferase 7",2.48,54.23,559
ADAM22,ADAM metallopeptidase domain 22,2.46,46.1,559
RNF149,Ring finger protein 149,2.35,36.89,559
VEGFA,Vascular endothelial growth factor A,2.29,38.47,559
PKD2,"Polycystin 2, transient receptor potential cation channel",2.25,6.39,559
PSTPIP1,Proline-serine-threonine phosphatase interacting protein 1,2.24,4.13,559
EPDR1,Ependymin related 1,2.19,9.43,559
IGF1R,Insulin like growth factor 1 receptor,2.19,24.24,559
SIGLEC8,Sialic acid binding Ig like lectin 8,2.19,63.04,559
PYHIN1,Pyrin and HIN domain family member 1,2.16,0,559
IL18R1,Interleukin 18 receptor 1,2.14,63.36,559
CD274,CD274 molecule,2.08,32.55,559
GZMH,Granzyme H,2,20.22,559
EPO,Erythropoietin,1.97,25.67,559
TNR,Tenascin R,1.97,62.78,559
FCRL6,Fc receptor like 6,1.95,78.44,559
GKN1,Gastrokine 1,1.92,20.64,559
CD300E,CD300e molecule,1.82,41.78,559
SERPINI2,Serpin family I member 2,1.76,72.5,559
SPINK6,Serine peptidase inhibitor Kazal type 6,1.72,29.42,559
TCERG1,Transcription elongation regulator 1,1.71,0,559
PTK7,Protein tyrosine kinase 7 (inactive),1.68,30.37,559
UBAC1,UBA domain containing 1,1.67,1.17,559
DECR1,"2,4-dienoyl-CoA reductase 1",1.64,6.51,559
RBP2,Retinol binding protein 2,1.62,12.71,559
C1QL2,Complement C1q like 2,1.52,54.23,559
LATS1,Large tumor suppressor kinase 1,1.49,8.56,559
CAPG,"Capping actin protein, gelsolin like",1.49,6.45,559
APEX1,Apurinic/apyrimidinic endodeoxyribonuclease 1,1.48,0.01,559
CHCHD10,Coiled-coil-helix-coiled-coil-helix domain containing 10,1.46,4.48,559
RAB37,"RAB37, member RAS oncogene family",1.4,7.42,559
LRRC25,Leucine rich repeat containing 25,1.38,49.51,559
CEACAM8,CEA cell adhesion molecule 8,1.36,15.84,559
MAG,Myelin associated glycoprotein,1.34,25.34,559
LY75,Lymphocyte antigen 75,1.33,63.73,559
CD200R1,CD200 receptor 1,1.32,79.88,559
THPO,Thrombopoietin,1.28,15.11,559
TNFSF14,TNF superfamily member 14,1.28,11.58,559
PDCD1LG2,Programmed cell death 1 ligand 2,1.26,65.08,559
AFAP1L1,Actin filament associated protein 1 like 1,1.22,29.83,559
CCL28,C-C motif chemokine ligand 28,1.21,31.75,559
FAM3D,FAM3 metabolism regulating signaling molecule D,1.2,83.08,559
DKK4,Dickkopf WNT signaling pathway inhibitor 4,1.19,22.13,559
CLEC1A,C-type lectin domain family 1 member A,1.17,48.59,559
CCAR2,Cell cycle and apoptosis regulator 2,1.16,18.67,559
NANS,N-acetylneuraminate synthase,1.09,3.62,559
NMNAT1,Nicotinamide nucleotide adenylyltransferase 1,1.04,9.46,559
IL1RL2,Interleukin 1 receptor like 2,1.04,35.1,559
TNFRSF11A,TNF receptor superfamily member 11a,1.01,58.17,559
GFRA2,GDNF family receptor alpha 2,0.98,38.23,559
KRT19,Keratin 19,0.95,27.71,559
HHEX,Hematopoietically expressed homeobox,0.91,11.55,559
KLRD1,Killer cell lectin like receptor D1,0.91,29.33,559
CLEC4A,C-type lectin domain family 4 member A,0.89,39.99,559
PIK3AP1,Phosphoinositide-3-kinase adaptor protein 1,0.89,5.76,559
CASP8,Caspase 8,0.85,8.21,559
CA9,Carbonic anhydrase 9,0.78,21.68,559
NCF2,Neutrophil cytosolic factor 2,0.73,0,559
HNRNPUL1,Heterogeneous nuclear ribonucleoprotein U like 1,0.71,5.47,559
ERN1,Endoplasmic reticulum to nucleus signaling 1,0.7,49.27,559
RBKS,Ribokinase,0.7,1.31,559
CALML4,Calmodulin like 4,0.69,10.19,559
ITM2A,Integral membrane protein 2A,0.65,22.4,559
CD244,CD244 molecule,0.64,52.48,559
IL10,Interleukin 10,0.63,20.1,559
SIGLEC9,Sialic acid binding Ig like lectin 9,0.61,66.71,559
EREG,Epiregulin,0.6,6.85,559
TNFRSF6B,TNF receptor superfamily member 6b,0.58,38.68,559
HSD11B1,Hydroxysteroid 11-beta dehydrogenase 1,0.55,32.72,559
PPP3R1,"Protein phosphatase 3 regulatory subunit B, alpha",0.54,12.52,559
CSF3,Colony stimulating factor 3,0.53,8.37,559
COL28A1,Collagen type XXVIII alpha 1 chain,0.52,63.34,559
TLR3,Toll like receptor 3,0.49,92.91,559
MECR,Mitochondrial trans-2-enoyl-CoA reductase,0.49,3.87,559
OSM,Oncostatin M,0.47,5.12,559
GPA33,Glycoprotein A33,0.44,57.21,559
HSPA13,Heat shock protein family A (Hsp70) member 13,0.39,41.5,559
MAPK9,Mitogen-activated protein kinase 9,0.37,4.33,559
CCL25,C-C motif chemokine ligand 25,0.36,32.63,559
TNF,Tumor necrosis factor,0.35,41.3,559
TMPRSS5,Transmembrane serine protease 5,0.33,70.42,559
BRK1,BRICK1 subunit of SCAR/WAVE actin nucleating complex,0.31,18.17,559
PPME1,Protein phosphatase methylesterase 1,0.28,1.79,559
IFNLR1,Interferon lambda receptor 1,0.28,61.26,559
CHCHD6,Coiled-coil-helix-coiled-coil-helix domain containing 6,0.24,8.9,559
NT5C1A,"5'-nucleotidase, cytosolic IA",0.22,19.52,559
TRIAP1,TP53 regulated inhibitor of apoptosis 1,0.2,8.78,559
NAAA,N-acylethanolamine acid amidase,0.18,38.39,559
SH3PXD2B,SH3 and PX domains 2B,0.17,44.87,559
DDAH1,Dimethylarginine dimethylaminohydrolase 1,0.17,16.35,559
CCL8,C-C motif chemokine ligand 8,0.16,39.13,559
HOMER2,Homer scaffold protein 2,0.16,20.68,559
BMERB1,BMERB domain containing 1,0.14,21.67,559
NFASC,Neurofascin,0.14,42.96,559
SNED1,"Sushi, nidogen and EGF like domains 1",0.12,25.38,559
GALNT2,Polypeptide N-acetylgalactosaminyltransferase 2,0.11,45.96,559
GPHA2,Glycoprotein hormone subunit alpha 2,0.1,25.03,559
F3,"Coagulation factor III, tissue factor",0.09,22.55,559
APIP,APAF1 interacting protein,0.09,64.74,559
SEPTIN8,Septin 8,0.09,11.05,559
IL32,Interleukin 32,0.05,34.62,559
NELL2,Neural EGFL like 2,77.29,11.6,560
ACAN,Aggrecan,76.73,0.3,560
SEZ6L,Seizure related 6 homolog like,75.66,7.69,560
PRELP,Proline and arginine rich end leucine rich repeat protein,70.31,8.17,560
SEMA3F,Semaphorin 3F,66.19,6.43,560
TNFRSF8,TNF receptor superfamily member 8,65.98,7.52,560
PCBD1,Pterin-4 alpha-carbinolamine dehydratase 1,64.55,5.96,560
EPHA4,EPH receptor A4,62.72,22.04,560
ADGRG2,Adhesion G protein-coupled receptor G2,62.54,14.51,560
HAAO,"3-hydroxyanthranilate 3,4-dioxygenase",62.23,1.73,560
IGFL3,IGF like family member 3,62.07,15.94,560
WFIKKN2,"WAP, follistatin/kazal, immunoglobulin, kunitz and netrin domain containing 2",61.65,21.75,560
CD80,CD80 molecule,61.24,16.16,560
ROBO2,Roundabout guidance receptor 2,61.12,8.29,560
COL5A1,Collagen type V alpha 1 chain,60.79,10.01,560
SCG3,Secretogranin III,60.29,19.16,560
CD74,CD74 molecule,60.24,10.21,560
EFEMP2,EGF containing fibulin extracellular matrix protein 2,58.91,2.55,560
NCAN,Neurocan,58.54,19.77,560
PTPRZ1,Protein tyrosine phosphatase receptor type Z1,57.2,8.96,560
NRCAM,Neuronal cell adhesion molecule,56.5,16.82,560
PODXL2,Podocalyxin like 2,55.54,29.19,560
GAPDH,Glyceraldehyde-3-phosphate dehydrogenase,55.02,5.63,560
MMP7,Matrix metallopeptidase 7,54.81,13.26,560
CRLF1,Cytokine receptor like factor 1,54.06,8.44,560
CPA4,Carboxypeptidase A4,53.65,14.99,560
PTGR1,Prostaglandin reductase 1,52.93,16.51,560
APLP1,Amyloid beta precursor like protein 1,52.43,9.16,560
CNTN5,Contactin 5,52.16,21.51,560
CRB2,Crumbs cell polarity complex component 2,51.73,24.94,560
GMFG,Glia maturation factor gamma,51.16,0.29,560
DIPK2B,Divergent protein kinase domain 2B,50.85,6.73,560
FGFBP1,Fibroblast growth factor binding protein 1,50.67,14.62,560
TINAGL1,Tubulointerstitial nephritis antigen like 1,50.67,16.92,560
GDF2,Growth differentiation factor 2,50.54,16.84,560
CDH15,Cadherin 15,49.84,2.11,560
CRIM1,Cysteine rich transmembrane BMP regulator 1,49.01,11.09,560
LGALS1,Galectin 1,48.56,1.33,560
ROBO1,Roundabout guidance receptor 1,47.79,24.87,560
ANGPTL4,Angiopoietin like 4,47.52,8.51,560
NPTXR,Neuronal pentraxin receptor,46.38,25.76,560
CLUL1,Clusterin like 1,46.3,34.05,560
BMP10,Bone morphogenetic protein 10,45.78,22.25,560
DTYMK,Deoxythymidylate kinase,44.76,0.01,560
PAXX,PAXX non-homologous end joining factor,43.26,2.54,560
MIA,MIA SH3 domain containing,43.2,23.36,560
KLK10,Kallikrein related peptidase 10,42.86,13.96,560
CD34,CD34 molecule,42.15,15.06,560
CCL21,C-C motif chemokine ligand 21,41.77,4.78,560
CHRDL1,Chordin like 1,41.52,7.73,560
LEPR,Leptin receptor,41.39,16.65,560
FSTL3,Follistatin like 3,41.27,17.32,560
CNN2,Calponin 2,41.18,1.6,560
CCL22,C-C motif chemokine ligand 22,41.07,30.92,560
FCRL1,Fc receptor like 1,40.77,19.79,560
CD69,CD69 molecule,40.5,0,560
CHAD,Chondroadherin,40.16,18.03,560
CCDC80,Coiled-coil domain containing 80,39.82,4.44,560
MEPE,Matrix extracellular phosphoglycoprotein,39.77,4.94,560
ACY1,Aminoacylase 1,39.74,13.17,560
GPX1,Glutathione peroxidase 1,39.69,0,560
MELTF,Melanotransferrin,37.81,41.73,560
SPON2,Spondin 2,35.81,3.24,560
HMOX1,Heme oxygenase 1,35.52,27.15,560
CHRDL2,Chordin like 2,35.16,10.5,560
C1QTNF9,C1q and TNF related 9,35.08,42.19,560
FCAMR,Fc alpha and mu receptor,34.87,28.71,560
CELSR2,Cadherin EGF LAG seven-pass G-type receptor 2,34.5,7.21,560
EZR,Ezrin,34.4,15.8,560
DNER,Delta/notch like EGF repeat containing,34.32,30.63,560
F2R,Coagulation factor II thrombin receptor,34,6.52,560
CTRC,Chymotrypsin C,33.63,44.54,560
CXCL13,C-X-C motif chemokine ligand 13,33.35,22.31,560
MEGF10,Multiple EGF like domains 10,32.82,29.46,560
EPHA1,EPH receptor A1,32.52,7.43,560
UACA,Uveal autoantigen with coiled-coil domains and ankyrin repeats,32.38,0,560
CPPED1,Calcineurin like phosphoesterase domain containing 1,32.3,10.84,560
SULT1A1,Sulfotransferase family 1A member 1,32.04,7,560
CPM,Carboxypeptidase M,31.95,23.28,560
LACTB2,Lactamase beta 2,31.91,1.76,560
ADH1B,"Alcohol dehydrogenase 1B (class I), beta polypeptide",31.91,19.01,560
COLEC12,Collectin subfamily member 12,31.67,20.52,560
KLK11,Kallikrein related peptidase 11,31.58,16.47,560
KLK6,Kallikrein related peptidase 6,31.48,19.07,560
DCXR,Dicarbonyl and L-xylulose reductase,31.46,10.06,560
CDH6,Cadherin 6,31.25,32.63,560
ITGB5,Integrin subunit beta 5,31.04,11.43,560
MPIG6B,Megakaryocyte and platelet inhibitory receptor G6b,30.93,0,560
C1QTNF5,C1q and TNF related 5,30.56,28.44,560
EIF4EBP1,Eukaryotic translation initiation factor 4E binding protein 1,30.4,6.26,560
AGXT,Alanine--glyoxylate aminotransferase,29.91,23.51,560
THOP1,Thimet oligopeptidase 1,29.37,3.48,560
SSC4D,Scavenger receptor cysteine rich family member with 4 domains,28.38,37,560
SPINK2,Serine peptidase inhibitor Kazal type 2,27.96,8.92,560
CCL27,C-C motif chemokine ligand 27,27.87,19.78,560
CRYBB1,Crystallin beta B1,27.79,3.96,560
PRL,Prolactin,27.67,17.5,560
PPP1R2,Protein phosphatase 1 regulatory inhibitor subunit 2,27.58,2.38,560
PTPN6,Protein tyrosine phosphatase non-receptor type 6,27.42,0.89,560
PGD,Phosphogluconate dehydrogenase,27.08,16.07,560
PCDH17,Protocadherin 17,27.08,14.8,560
PSTPIP2,Proline-serine-threonine phosphatase interacting protein 2,26.92,2.07,560
LCP2,Lymphocyte cytosolic protein 2,26.77,0.81,560
ASPN,Asporin,26.49,7.37,560
SPINT2,"Serine peptidase inhibitor, Kunitz type 2",26,15.94,560
CRKL,"CRK like proto-oncogene, adaptor protein",25.99,0,560
JAM2,Junctional adhesion molecule 2,25.59,12.47,560
TEK,TEK receptor tyrosine kinase,25.48,30.7,560
OXT,Oxytocin/neurophysin I prepropeptide,25.36,41.64,560
TNFRSF21,TNF receptor superfamily member 21,25.02,38.01,560
GP5,Glycoprotein V platelet,24.84,9.54,560
CTSE,Cathepsin E,24.84,26.24,560
FADD,Fas associated via death domain,24.78,2.68,560
GHR,Growth hormone receptor,24.48,43.29,560
DAP,Death associated protein,23.98,5.2,560
ADAMTS8,ADAM metallopeptidase with thrombospondin type 1 motif 8,23.62,35.83,560
IAH1,Isoamyl acetate hydrolyzing esterase 1 (putative),23.57,4.21,560
CD27,CD27 molecule,23.46,40.15,560
TPD52L2,TPD52 like 2,22.93,4.5,560
TNFRSF13B,TNF receptor superfamily member 13B,22.86,28.48,560
PON3,Paraoxonase 3,22.59,19.64,560
REG4,Regenerating family member 4,22.5,34.45,560
MYOM3,Myomesin 3,22.25,24.91,560
MMRN2,Multimerin 2,22.23,11.02,560
DKK1,Dickkopf WNT signaling pathway inhibitor 1,21.87,19.77,560
CDH17,Cadherin 17,21.79,56.3,560
SCGB3A2,Secretoglobin family 3A member 2,21.74,38.44,560
SCARA5,Scavenger receptor class A member 5,21.54,6.4,560
ROR1,Receptor tyrosine kinase like orphan receptor 1,21.38,32.82,560
GPNMB,Glycoprotein nmb,21.28,44.41,560
PLA2G4A,Phospholipase A2 group IVA,21.18,1.16,560
IL1R2,Interleukin 1 receptor type 2,21.02,31.94,560
CD8A,CD8a molecule,20.84,7.14,560
GRAP2,GRB2 related adaptor protein 2,20.83,2.23,560
MGAT2,"Alpha-1,6-mannosyl-glycoprotein 2-beta-N-acetylglucosaminyltransferase",20.45,27.92,560
DBNL,Drebrin like,20.24,0.18,560
UBE2L6,Ubiquitin conjugating enzyme E2 L6,19.96,1.85,560
PDLIM7,PDZ and LIM domain 7,19.94,0.74,560
RGMA,Repulsive guidance molecule BMP co-receptor a,19.8,33.77,560
CDA,Cytidine deaminase,19.51,21.78,560
CDH3,Cadherin 3,19.49,27.76,560
SLC38A10,Solute carrier family 38 member 10,19.24,25.94,560
L1CAM,L1 cell adhesion molecule,19.15,33.38,560
CDV3,CDV3 homolog,18.55,3.62,560
CTSS,Cathepsin S,18.24,27.32,560
CKAP5,Cytoskeleton associated protein 5,18.21,2.61,560
AMOT,Angiomotin,18.02,12.14,560
GSTA1,Glutathione S-transferase alpha 1,18,20.13,560
CA6,Carbonic anhydrase 6,17.81,56.44,560
INHBB,Inhibin subunit beta B,17.73,20.77,560
SHMT1,Serine hydroxymethyltransferase 1,17.65,22.95,560
GLRX,Glutaredoxin,17.42,0.39,560
SPARC,Secreted protein acidic and cysteine rich,17.28,28.5,560
MANF,Mesencephalic astrocyte derived neurotrophic factor,17.24,2.01,560
CLC,Charcot-Leyden crystal galectin,17.08,9.76,560
PLPBP,Pyridoxal phosphate binding protein,17.01,2.31,560
PRXL2B,Peroxiredoxin like 2B,16.63,4.25,560
PYM1,"PYM homolog 1, exon junction complex associated factor",16.08,5.65,560
SRC,"SRC proto-oncogene, non-receptor tyrosine kinase",15.87,5.04,560
AKAP12,A-kinase anchoring protein 12,15.8,17.9,560
CRHBP,Corticotropin releasing hormone binding protein,15.78,11.37,560
SCARF2,Scavenger receptor class F member 2,15.63,19.64,560
NCK2,NCK adaptor protein 2,15.6,5.48,560
B4GALT1,"Beta-1,4-galactosyltransferase 1",15.58,11.59,560
ENPP7,Ectonucleotide pyrophosphatase/phosphodiesterase 7,15.54,46.41,560
SNAP23,Synaptosome associated protein 23,15.4,5.06,560
FAM20A,FAM20A golgi associated secretory pathway pseudokinase,15.07,16.32,560
MSRA,Methionine sulfoxide reductase A,15.04,2.01,560
CDC37,"Cell division cycle 37, HSP90 cochaperone",15.03,1.77,560
GET3,"Guided entry of tail-anchored proteins factor 3, ATPase",14.93,14.5,560
MFAP4,Microfibril associated protein 4,14.82,27.38,560
RILPL2,Rab interacting lysosomal protein like 2,14.76,4.38,560
IGFBPL1,Insulin like growth factor binding protein like 1,14.72,32.49,560
ERP29,Endoplasmic reticulum protein 29,14.65,1.55,560
TXNDC5,Thioredoxin domain containing 5,14.5,0,560
NME3,NME/NM23 nucleoside diphosphate kinase 3,14.41,66.41,560
SERPINB6,Serpin family B member 6,14.24,5.84,560
CCBE1,Collagen and calcium binding EGF domains 1,14.09,39.65,560
REN,Renin,14.05,35.78,560
SNX9,Sorting nexin 9,13.87,3.11,560
VTA1,Vesicle trafficking 1,13.83,4.44,560
CLEC1B,C-type lectin domain family 1 member B,13.82,3.27,560
LILRA5,Leukocyte immunoglobulin like receptor A5,13.79,35.56,560
PPM1F,"Protein phosphatase, Mg2+/Mn2+ dependent 1F",13.75,4.88,560
CPA2,Carboxypeptidase A2,13.71,24.46,560
SDC1,Syndecan 1,13.58,37.5,560
TREM2,Triggering receptor expressed on myeloid cells 2,13.54,38.68,560
LGMN,Legumain,13.51,31.87,560
SOST,Sclerostin,13.49,13.2,560
ATOX1,Antioxidant 1 copper chaperone,13.37,4.95,560
S100A4,S100 calcium binding protein A4,13.29,1.23,560
HEG1,Heart development protein with EGF like domains 1,13.21,42.4,560
FBLN7,Fibulin 7,13.01,41.34,560
CRELD1,Cysteine rich with EGF like domains 1,12.97,43.92,560
ERBB3,Erb-b2 receptor tyrosine kinase 3,12.75,28.22,560
IRF3,Interferon regulatory factor 3,12.75,2.23,560
FOLR2,Folate receptor beta,12.68,37.3,560
CGREF1,Cell growth regulator with EF-hand domain 1,12.61,38.84,560
CD40,CD40 molecule,12.59,11.68,560
CACYBP,Calcyclin binding protein,12.59,2.77,560
FABP5,Fatty acid binding protein 5,12.52,5.95,560
CIAPIN1,Cytokine induced apoptosis inhibitor 1,12.51,0.45,560
CXCL6,C-X-C motif chemokine ligand 6,12.5,25.85,560
GNPDA2,Glucosamine-6-phosphate deaminase 2,12.45,25.66,560
VIT,Vitrin,12.3,37.81,560
CCL19,C-C motif chemokine ligand 19,12.03,26.14,560
BTN2A1,Butyrophilin subfamily 2 member A1,11.95,27.06,560
SPON1,Spondin 1,11.94,29.62,560
SEMA3G,Semaphorin 3G,11.78,44.6,560
TBCA,Tubulin folding cofactor A,11.77,3.69,560
MATN2,Matrilin 2,11.64,35.27,560
LRP11,LDL receptor related protein 11,11.63,47.4,560
CDON,"Cell adhesion associated, oncogene regulated",11.59,20.48,560
FAM3C,FAM3 metabolism regulating signaling molecule C,11.57,21.74,560
TPD52,Tumor protein D52,11.31,20.72,560
ENO1,Enolase 1,11.06,8.36,560
THY1,Thy-1 cell surface antigen,11,36.77,560
FABP1,Fatty acid binding protein 1,10.66,19.69,560
NPL,N-acetylneuraminate pyruvate lyase,10.6,20.82,560
LGALS9,Galectin 9,10.36,21.64,560
GMPR2,Guanosine monophosphate reductase 2,10.32,5.21,560
LTBR,Lymphotoxin beta receptor,10.29,50.56,560
MYDGF,Myeloid derived growth factor,10.12,2.88,560
DAG1,Dystroglycan 1,10.09,0.6,560
EHBP1,EH domain binding protein 1,10.05,5.68,560
STK4,Serine/threonine kinase 4,9.88,2.53,560
SUMF2,Sulfatase modifying factor 2,9.44,21.54,560
PPY,Pancreatic polypeptide,9.32,36.92,560
GLOD4,Glyoxalase domain containing 4,9.28,0.62,560
CDHR5,Cadherin related family member 5,9.26,56.82,560
TYRO3,TYRO3 protein tyrosine kinase,9.25,55.58,560
NPDC1,"Neural proliferation, differentiation and control 1",9.05,24.74,560
FST,Follistatin,8.82,2.5,560
NHLRC3,NHL repeat containing 3,8.82,9,560
LY6D,Lymphocyte antigen 6 family member D,8.67,36.32,560
PRSS8,Serine protease 8,8.43,34.41,560
CD48,CD48 molecule,8.16,57.65,560
PPCDC,Phosphopantothenoylcysteine decarboxylase,8.06,9.1,560
PRSS27,Serine protease 27,8.01,48.06,560
FOLR1,Folate receptor alpha,7.97,35.9,560
CDH2,Cadherin 2,7.94,29.39,560
LRPAP1,LDL receptor related protein associated protein 1,7.94,44.17,560
SORT1,Sortilin 1,7.8,21.34,560
OLR1,Oxidized low density lipoprotein receptor 1,7.6,8.13,560
ERBB4,Erb-b2 receptor tyrosine kinase 4,7.51,54.23,560
CCL17,C-C motif chemokine ligand 17,7.49,28.85,560
DCTPP1,DCTP pyrophosphatase 1,7.4,22.4,560
GALM,Galactose mutarotase,7.35,10.98,560
PRKAR1A,Protein kinase cAMP-dependent type I regulatory subunit alpha,7.14,6.42,560
DDI2,DNA damage inducible 1 homolog 2,7.1,0,560
SNAP29,Synaptosome associated protein 29,6.98,4.73,560
TYMP,Thymidine phosphorylase,6.92,4.43,560
SKAP2,Src kinase associated phosphoprotein 2,6.77,2.86,560
TNFRSF14,TNF receptor superfamily member 14,6.66,7.86,560
TREML1,Triggering receptor expressed on myeloid cells like 1,6.65,0.65,560
FURIN,"Furin, paired basic amino acid cleaving enzyme",6.36,25.19,560
ACYP1,Acylphosphatase 1,6.35,1.82,560
SFTPD,Surfactant protein D,6.11,78.07,560
ERBB2,Erb-b2 receptor tyrosine kinase 2,6.09,18.99,560
PLA2G12A,Phospholipase A2 group XIIA,6.08,2.67,560
TGFBR2,Transforming growth factor beta receptor 2,5.95,37.38,560
FNBP1,Formin binding protein 1,5.9,2.46,560
EGF,Epidermal growth factor,5.88,0.85,560
CTSC,Cathepsin C,5.81,47.51,560
LAMP2,Lysosomal associated membrane protein 2,5.76,30.52,560
CSF1,Colony stimulating factor 1,5.74,28.17,560
NTRK3,Neurotrophic receptor tyrosine kinase 3,5.65,34.91,560
NECTIN4,Nectin cell adhesion molecule 4,5.57,36.61,560
NBL1,"NBL1, DAN family BMP antagonist",5.52,31.98,560
DDC,Dopa decarboxylase,5.49,23.69,560
ACHE,Acetylcholinesterase (Cartwright blood group),5.39,27.17,560
PTPRB,Protein tyrosine phosphatase receptor type B,5.33,54.7,560
ENPP1,Ectonucleotide pyrophosphatase/phosphodiesterase 1,5.3,58.26,560
ADGRE2,Adhesion G protein-coupled receptor E2,5.27,29.51,560
SFRP4,Secreted frizzled related protein 4,5.15,23.82,560
ANXA3,Annexin A3,5.14,7.43,560
NIT2,Nitrilase family member 2,5.1,5.73,560
L3HYPDH,Trans-L-3-hydroxyproline dehydratase,5.07,8.74,560
DNPH1,2'-deoxynucleoside 5'-phosphate N-hydrolase 1,5.07,3.91,560
P4HB,Prolyl 4-hydroxylase subunit beta,5.04,2.31,560
LGALS4,Galectin 4,5.03,20.64,560
COL4A1,Collagen type IV alpha 1 chain,4.94,55.17,560
ADGRD1,Adhesion G protein-coupled receptor D1,4.94,35.31,560
MZB1,Marginal zone B and B1 cell specific protein,4.94,37.52,560
ATP5IF1,ATP synthase inhibitory factor subunit 1,4.89,10.08,560
ANGPTL2,Angiopoietin like 2,4.84,39.2,560
NELL1,Neural EGFL like 1,4.76,62.46,560
NTRK2,Neurotrophic receptor tyrosine kinase 2,4.71,22.3,560
TIMP3,TIMP metallopeptidase inhibitor 3,4.68,36.78,560
DOK2,Docking protein 2,4.67,6.6,560
CD2AP,CD2 associated protein,4.67,4.13,560
MCFD2,"Multiple coagulation factor deficiency 2, ER cargo receptor complex subunit",4.65,5.4,560
MDK,Midkine,4.59,5.72,560
HEPH,Hephaestin,4.52,39.02,560
SMPDL3A,Sphingomyelin phosphodiesterase acid like 3A,4.51,73.47,560
QDPR,Quinoid dihydropteridine reductase,4.48,5.08,560
VSIR,V-set immunoregulatory receptor,4.47,14.53,560
NAGPA,N-acetylglucosamine-1-phosphodiester alpha-N-acetylglucosaminidase,4.45,50.43,560
GHRL,Ghrelin and obestatin prepropeptide,4.41,22.75,560
TNFSF13,TNF superfamily member 13,4.29,15.32,560
NECTIN2,Nectin cell adhesion molecule 2,4.27,28.54,560
SIGLEC1,Sialic acid binding Ig like lectin 1,4.25,36.09,560
PDGFD,Platelet derived growth factor D,4.24,23.5,560
OMD,Osteomodulin,4.13,13.09,560
WFDC2,WAP four-disulfide core domain 2,4.1,16.08,560
RWDD1,RWD domain containing 1,4.08,4.37,560
OSCAR,Osteoclast associated Ig-like receptor,4.05,61.26,560
BMPER,BMP binding endothelial regulator,4.04,29.63,560
DDR1,Discoidin domain receptor tyrosine kinase 1,3.95,35.74,560
ST13,ST13 Hsp70 interacting protein,3.95,3.17,560
SPINK7,Serine peptidase inhibitor Kazal type 7,3.66,23.77,560
CANT1,Calcium activated nucleotidase 1,3.66,8.85,560
CPXM2,"Carboxypeptidase X, M14 family member 2",3.63,7.89,560
MSMP,"Microseminoprotein, prostate associated",3.56,50.94,560
SIGLEC7,Sialic acid binding Ig like lectin 7,3.44,58.09,560
IL18,Interleukin 18,3.41,30.82,560
CXCL9,C-X-C motif chemokine ligand 9,3.37,3.77,560
ENO2,Enolase 2,3.36,14.06,560
SUSD5,Sushi domain containing 5,3.32,37.6,560
ALPG,"Alkaline phosphatase, germ cell",3.27,67.94,560
FGF19,Fibroblast growth factor 19,3.19,12.34,560
GAL,Galanin and GMAP prepropeptide,3.18,28.58,560
PVR,PVR cell adhesion molecule,2.97,50.83,560
VEGFC,Vascular endothelial growth factor C,2.96,21.61,560
BST2,Bone marrow stromal cell antigen 2,2.95,31.97,560
CTSF,Cathepsin F,2.91,35.75,560
VCAN,Versican,2.89,43.17,560
TNFRSF11B,TNF receptor superfamily member 11b,2.87,31.74,560
PKD1,"Polycystin 1, transient receptor potential channel interacting",2.81,45.96,560
COMMD2,COMM domain containing 2,2.81,5.38,560
LPL,Lipoprotein lipase,2.7,27.84,560
IFNGR1,Interferon gamma receptor 1,2.67,36.6,560
LGALS8,Galectin 8,2.66,9.49,560
DCBLD2,"Discoidin, CUB and LCCL domain containing 2",2.66,31.95,560
XPNPEP2,X-prolyl aminopeptidase 2,2.62,73.54,560
TPP1,Tripeptidyl peptidase 1,2.53,23.25,560
PDGFRA,Platelet derived growth factor receptor alpha,2.49,36.34,560
GALNT5,Polypeptide N-acetylgalactosaminyltransferase 5,2.48,10.77,560
SDC4,Syndecan 4,2.47,34.08,560
LAMA4,Laminin subunit alpha 4,2.45,16.83,560
CTSL,Cathepsin L,2.42,13.84,560
FGFR4,Fibroblast growth factor receptor 4,2.41,84.17,560
PPP1R12A,Protein phosphatase 1 regulatory subunit 12A,2.4,5.35,560
MSR1,Macrophage scavenger receptor 1,2.4,60.77,560
IL13RA1,Interleukin 13 receptor subunit alpha 1,2.38,48.2,560
GOLM2,Golgi membrane protein 2,2.37,18.91,560
DPP7,Dipeptidyl peptidase 7,2.37,40.75,560
KYAT1,Kynurenine aminotransferase 1,2.35,7.31,560
MANSC1,MANSC domain containing 1,2.34,44.43,560
KDR,Kinase insert domain receptor,2.33,53.76,560
NADK,NAD kinase,2.31,14.73,560
CHGB,Chromogranin B,2.24,26.09,560
SMOC2,SPARC related modular calcium binding 2,2.18,21.46,560
SIRPB1,Signal regulatory protein beta 1,2.18,74.58,560
PILRB,Paired immunoglobin like type 2 receptor beta,2.18,76.14,560
NOL3,Nucleolar protein 3,2.18,18.86,560
TXNDC15,Thioredoxin domain containing 15,2.17,45.99,560
PLAUR,"Plasminogen activator, urokinase receptor",2.14,40.69,560
TP53I3,Tumor protein p53 inducible protein 3,2.12,17.79,560
FABP3,Fatty acid binding protein 3,2.11,25.14,560
MARCO,Macrophage receptor with collagenous structure,2.11,15.08,560
GBP1,Guanylate binding protein 1,2.11,15.28,560
CD1C,CD1c molecule,2.1,51.75,560
LHPP,Phospholysine phosphohistidine inorganic pyrophosphate phosphatase,2.07,8.86,560
SIAE,Sialic acid acetylesterase,2.07,10.83,560
TFPI2,Tissue factor pathway inhibitor 2,1.96,29.71,560
ADAM8,ADAM metallopeptidase domain 8,1.94,19.48,560
MAMDC2,MAM domain containing 2,1.94,18.66,560
RIDA,Reactive intermediate imine deaminase A homolog,1.94,8.13,560
SMPD1,Sphingomyelin phosphodiesterase 1,1.94,46.96,560
EEF1D,Eukaryotic translation elongation factor 1 delta,1.91,3.02,560
NT5E,5'-nucleotidase ecto,1.89,41.89,560
HTRA2,HtrA serine peptidase 2,1.87,7.69,560
KLK8,Kallikrein related peptidase 8,1.83,40.61,560
TCOF1,Treacle ribosome biogenesis factor 1,1.81,12.31,560
FOLR3,Folate receptor gamma,1.73,97.37,560
MMP10,Matrix metallopeptidase 10,1.72,12.56,560
TNFRSF12A,TNF receptor superfamily member 12A,1.66,19.14,560
TCTN3,Tectonic family member 3,1.56,55.63,560
CEACAM1,CEA cell adhesion molecule 1,1.56,39.31,560
CXCL10,C-X-C motif chemokine ligand 10,1.5,14.12,560
AK1,Adenylate kinase 1,1.37,1.93,560
CD58,CD58 molecule,1.32,36.62,560
PDGFB,Platelet derived growth factor subunit B,1.31,18.43,560
DNAJB2,DnaJ heat shock protein family (Hsp40) member B2,1.24,3.55,560
CLEC5A,C-type lectin domain containing 5A,1.21,37.71,560
THBD,Thrombomodulin,1.18,49.46,560
LECT2,Leukocyte cell derived chemotaxin 2,1.16,57.54,560
RGMB,Repulsive guidance molecule BMP co-receptor b,1.12,31.85,560
CRELD2,Cysteine rich with EGF like domains 2,1.05,15.1,560
CXCL5,C-X-C motif chemokine ligand 5,1.04,27.14,560
IL6ST,Interleukin 6 cytokine family signal transducer,1.01,27.35,560
LAIR1,Leukocyte associated immunoglobulin like receptor 1,1,62.51,560
CCN2,Cellular communication network factor 2,0.96,33.22,560
AEBP1,AE binding protein 1,0.89,15.04,560
FIS1,"Fission, mitochondrial 1",0.88,11.47,560
COCH,Cochlin,0.88,38.98,560
KITLG,KIT ligand,0.86,36.5,560
PDCD5,Programmed cell death 5,0.84,8.5,560
NSFL1C,NSFL1 cofactor,0.83,1.88,560
LYPD3,LY6/PLAUR domain containing 3,0.83,53.63,560
CXCL1,C-X-C motif chemokine ligand 1,0.82,27.2,560
ADGRF5,Adhesion G protein-coupled receptor F5,0.76,30.86,560
C4BPB,Complement component 4 binding protein beta,0.75,43.44,560
CCL2,C-C motif chemokine ligand 2,0.74,21.11,560
AGER,Advanced glycosylation end-product specific receptor,0.73,61.62,560
CD300A,CD300a molecule,0.73,63.4,560
FTO,FTO alpha-ketoglutarate dependent dioxygenase,0.7,12.92,560
KLK1,Kallikrein 1,0.68,94.82,560
FLT4,Fms related receptor tyrosine kinase 4,0.66,53.62,560
ANGPTL1,Angiopoietin like 1,0.64,21.79,560
SEMA4D,Semaphorin 4D,0.62,17.87,560
S100A11,S100 calcium binding protein A11,0.6,2.78,560
CCL23,C-C motif chemokine ligand 23,0.56,43.1,560
LBR,Lamin B receptor,0.55,3.43,560
CREG1,Cellular repressor of E1A stimulated genes 1,0.51,34,560
CXCL11,C-X-C motif chemokine ligand 11,0.48,28.91,560
CBLIF,Cobalamin binding intrinsic factor,0.46,81.94,560
MAN2B2,Mannosidase alpha class 2B member 2,0.41,80.96,560
IGSF8,Immunoglobulin superfamily member 8,0.4,22.68,560
ESM1,Endothelial cell specific molecule 1,0.4,41.85,560
SGTA,Small glutamine rich tetratricopeptide repeat co-chaperone alpha,0.32,6.4,560
CCL24,C-C motif chemokine ligand 24,0.31,69.62,560
CD276,CD276 molecule,0.28,39.03,560
PLA2G15,Phospholipase A2 group XV,0.28,45.51,560
TPK1,Thiamin pyrophosphokinase 1,0.27,28.76,560
RNASE3,Ribonuclease A family member 3,0.27,4.79,560
EPCAM,Epithelial cell adhesion molecule,0.24,55,560
PLIN3,Perilipin 3,0.22,12.36,560
FABP2,Fatty acid binding protein 2,0.17,11.26,560
TGM2,Transglutaminase 2,0.13,7.55,560
CD300C,CD300c molecule,0.1,65.35,560
DLL1,Delta like canonical Notch ligand 1,0.1,37.57,560
PKLR,Pyruvate kinase L/R,0.09,2.01,560
AGRN,Agrin,0.08,52.71,560
CD33,CD33 molecule,0.08,97.87,560
CST7,Cystatin F,0.08,70.11,560
CCL13,C-C motif chemokine ligand 13,0.02,21.53,560
IL10RB,Interleukin 10 receptor subunit beta,0,44.4,560
CCN5,Cellular communication network factor 5,82.75,1.46,561
IGFBP6,Insulin like growth factor binding protein 6,76.78,2.67,561
MMP3,Matrix metallopeptidase 3,70.45,0,561
APOF,Apolipoprotein F,67.5,0.25,561
TIMP4,TIMP metallopeptidase inhibitor 4,67.4,0.27,561
SAA4,"Serum amyloid A4, constitutive",66.15,7.74,561
STC2,Stanniocalcin 2,61.83,7.41,561
CD109,CD109 molecule,61.6,17.44,561
SPINK5,Serine peptidase inhibitor Kazal type 5,60.12,14.24,561
MFAP5,Microfibril associated protein 5,59.73,11.16,561
CST6,Cystatin E/M,58.97,17.94,561
FGFBP2,Fibroblast growth factor binding protein 2,58.84,5.1,561
EFEMP1,EGF containing fibulin extracellular matrix protein 1,57.5,1.18,561
TMSB10,Thymosin beta 10,54.85,1.23,561
F9,Coagulation factor IX,54.39,8.21,561
NRGN,Neurogranin,53.91,2.79,561
B4GAT1,"Beta-1,4-glucuronyltransferase 1",52.58,21.43,561
ACP5,"Acid phosphatase 5, tartrate resistant",51.36,5.23,561
CSPG4,Chondroitin sulfate proteoglycan 4,48.61,15.8,561
COL1A1,Collagen type I alpha 1 chain,48.4,13.9,561
CCN3,Cellular communication network factor 3,48.16,5.21,561
CNTN3,Contactin 3,48.1,32.12,561
ECI1,Enoyl-CoA delta isomerase 1,47.79,15.73,561
ITGB2,Integrin subunit beta 2,47.42,21.97,561
COL18A1,Collagen type XVIII alpha 1 chain,45.58,3.25,561
FAP,Fibroblast activation protein alpha,45.47,6.13,561
SLPI,Secretory leukocyte peptidase inhibitor,44.65,9.06,561
IGFBP4,Insulin like growth factor binding protein 4,44.37,10.45,561
COL15A1,Collagen type XV alpha 1 chain,44.15,0,561
CD59,CD59 molecule (CD59 blood group),43.47,15.02,561
ENPP2,Ectonucleotide pyrophosphatase/phosphodiesterase 2,43.17,13.29,561
CPA1,Carboxypeptidase A1,43.16,28.89,561
IL1RAP,Interleukin 1 receptor accessory protein,43.05,40,561
ANG,Angiogenin,42.73,20.59,561
CA4,Carbonic anhydrase 4,42.38,20.68,561
DPP4,Dipeptidyl peptidase 4,41.22,10.15,561
DPT,Dermatopontin,40.57,0,561
SELL,Selectin L,40.3,39.18,561
RNASE1,"Ribonuclease A family member 1, pancreatic",39.7,20.95,561
POSTN,Periostin,39.3,14.59,561
CR1,Complement C3b/C4b receptor 1 (Knops blood group),39.05,36.43,561
TGFBR3,Transforming growth factor beta receptor 3,38.67,15.08,561
DEFB1,Defensin beta 1,38.07,30.26,561
SUSD2,Sushi domain containing 2,37.6,28.16,561
ART3,ADP-ribosyltransferase 3 (inactive),36.84,36.77,561
CR2,Complement C3d receptor 2,36.25,47,561
TNXB,Tenascin XB,35.85,31.7,561
TNN,Tenascin N,35.65,35.9,561
CYTL1,Cytokine like 1,35.13,45.18,561
CLEC11A,C-type lectin domain containing 11A,34.83,31.81,561
PON1,Paraoxonase 1,34.79,29.28,561
CD99,CD99 molecule (Xg blood group),34.51,10.77,561
GRN,Granulin precursor,33.66,29.85,561
SSC5D,Scavenger receptor cysteine rich family member with 5 domains,33.26,39.48,561
IGFBP1,Insulin like growth factor binding protein 1,33.24,9.61,561
PRSS2,Serine protease 2,33.05,31.87,561
IGFBP3,Insulin like growth factor binding protein 3,32.56,22.73,561
CTRB1,Chymotrypsinogen B1,32.52,37.21,561
FCRL5,Fc receptor like 5,32.04,39.77,561
GSR,Glutathione-disulfide reductase,31.73,17.68,561
NCAM1,Neural cell adhesion molecule 1,31.63,26.62,561
ALCAM,Activated leukocyte cell adhesion molecule,31.36,29.56,561
RNASE4,Ribonuclease A family member 4,31.03,20.66,561
VSIG4,V-set and immunoglobulin domain containing 4,31.02,31.65,561
CPB1,Carboxypeptidase B1,30.82,38.79,561
ITGB1,Integrin subunit beta 1,30.53,18.45,561
APOM,Apolipoprotein M,30.26,23.66,561
NRP2,Neuropilin 2,30.22,20.1,561
TFF3,Trefoil factor 3,29.71,2.42,561
ST6GAL1,"ST6 beta-galactoside alpha-2,6-sialyltransferase 1",29.62,16.75,561
PRAP1,Proline rich acidic protein 1,29.49,18.58,561
CD55,CD55 molecule (Cromer blood group),29.38,27.96,561
IL1RL1,Interleukin 1 receptor like 1,29.23,42.66,561
CNTN4,Contactin 4,29.1,32.67,561
CD99L2,CD99 molecule like 2,28.53,15.72,561
DKK3,Dickkopf WNT signaling pathway inhibitor 3,27.92,37.72,561
CDH5,Cadherin 5,27.77,40.26,561
FCER2,Fc epsilon receptor II,27.62,51.94,561
BGLAP,Bone gamma-carboxyglutamate protein,27.51,6.57,561
QPCT,Glutaminyl-peptide cyclotransferase,27.36,34.9,561
APOL1,Apolipoprotein L1,26.58,24.47,561
OAF,Out at first homolog,26.52,29.17,561
TNC,Tenascin C,26.4,43.64,561
IL2RA,Interleukin 2 receptor subunit alpha,26.22,37.38,561
IGFBP2,Insulin like growth factor binding protein 2,26.11,23.91,561
GGT1,Gamma-glutamyltransferase 1,25.08,23.88,561
TWF2,Twinfilin actin binding protein 2,24.9,2.12,561
CSTB,Cystatin B,24.62,13.32,561
ICAM1,Intercellular adhesion molecule 1,23.82,42.26,561
GDF15,Growth differentiation factor 15,23.47,35.44,561
PNLIP,Pancreatic lipase,23.24,40.66,561
AXL,AXL receptor tyrosine kinase,23.16,43.3,561
CPQ,Carboxypeptidase Q,23.15,15.54,561
IL1R1,Interleukin 1 receptor type 1,23.12,33.75,561
SELE,Selectin E,22.68,55.75,561
DSG2,Desmoglein 2,22.32,36.65,561
CKB,Creatine kinase B,22.18,25.14,561
C2,Complement C2,22.12,15.25,561
PCOLCE,Procollagen C-endopeptidase enhancer,22.12,26.24,561
F7,Coagulation factor VII,21.91,33.09,561
HYAL1,Hyaluronidase 1,21.35,6.26,561
TFF1,Trefoil factor 1,21.29,34.2,561
MIF,Macrophage migration inhibitory factor,20.69,2.05,561
FAS,Fas cell surface death receptor,20.16,24.74,561
OSMR,Oncostatin M receptor,20.15,44.11,561
BPIFB1,BPI fold containing family B member 1,20.05,29.87,561
TCN2,Transcobalamin 2,19.78,22.77,561
GUCA2A,Guanylate cyclase activator 2A,19.75,11.13,561
FABP4,Fatty acid binding protein 4,19.7,33.85,561
SPP1,Secreted phosphoprotein 1,19.58,2.07,561
TGOLN2,Trans-golgi network protein 2,19.55,37.88,561
AOC3,Amine oxidase copper containing 3,19.41,41.47,561
ITGAM,Integrin subunit alpha M,19.25,25.71,561
CSF1R,Colony stimulating factor 1 receptor,19.06,56.6,561
INHBC,Inhibin subunit beta C,18.99,44.92,561
GNLY,Granulysin,18.86,15.42,561
HPD,4-hydroxyphenylpyruvate dioxygenase,18.64,27.99,561
CHGA,Chromogranin A,18.15,17.06,561
LTBP2,Latent transforming growth factor beta binding protein 2,17.87,29.78,561
CTBS,Chitobiase,17.83,40.15,561
CA3,Carbonic anhydrase 3,17.54,11.07,561
CELA2A,Chymotrypsin like elastase 2A,17.52,49.59,561
PEAR1,Platelet endothelial aggregation receptor 1,17.44,28.09,561
PRG2,"Proteoglycan 2, pro eosinophil major basic protein",17.42,26.22,561
PEBP1,Phosphatidylethanolamine binding protein 1,17.4,1.72,561
NOTCH1,Notch receptor 1,17.14,33.11,561
MESD,Mesoderm development LRP chaperone,16.88,2.07,561
PROC,"Protein C, inactivator of coagulation factors Va and VIIIa",16.88,32.68,561
PGLYRP1,Peptidoglycan recognition protein 1,16.66,34.56,561
SHBG,Sex hormone binding globulin,16.44,18.01,561
TREML2,Triggering receptor expressed on myeloid cells like 2,16.41,47.92,561
GP6,Glycoprotein VI platelet,16.25,1.62,561
PLA2G7,Phospholipase A2 group VII,16.09,45,561
F11,Coagulation factor XI,15.86,49.16,561
GP1BA,Glycoprotein Ib platelet subunit alpha,15.76,29.25,561
HSPB1,Heat shock protein family B (small) member 1,15.57,2.73,561
DLK1,Delta like non-canonical Notch ligand 1,15.54,57.32,561
PPIB,Peptidylprolyl isomerase B,15.47,0.49,561
SERPINB1,Serpin family B member 1,15.44,3.39,561
CRTAC1,Cartilage acidic protein 1,15.3,47.76,561
CD93,CD93 molecule,15.1,26.4,561
F10,Coagulation factor X,15.1,18.9,561
CASP3,Caspase 3,14.93,4.42,561
CNDP1,Carnosine dipeptidase 1,14.1,34.61,561
MCAM,Melanoma cell adhesion molecule,13.8,34.38,561
CELA3A,Chymotrypsin like elastase 3A,13.74,46.43,561
SOD3,Superoxide dismutase 3,13.61,49.16,561
CD14,CD14 molecule,13.3,35.47,561
NPC2,NPC intracellular cholesterol transporter 2,13.22,32.35,561
THBS4,Thrombospondin 4,13,19.32,561
CCL18,C-C motif chemokine ligand 18,12.66,51.34,561
TFF2,Trefoil factor 2,12.14,24.18,561
GSN,Gelsolin,12.05,23.06,561
MFGE8,Milk fat globule EGF and factor V/VIII domain containing,11.52,17.71,561
CBLN2,Cerebellin 2 precursor,11.48,48.3,561
CD300LG,CD300 molecule like family member g,11.47,29.87,561
PDLIM1,PDZ and LIM domain 1,11.16,1.84,561
PGA4,Pepsinogen A4,11.06,42.49,561
DBI,"Diazepam binding inhibitor, acyl-CoA binding protein",10.94,5.74,561
PLA2G1B,Phospholipase A2 group IB,10.89,52.92,561
PDIA4,Protein disulfide isomerase family A member 4,10.37,2.1,561
PTPRF,Protein tyrosine phosphatase receptor type F,10.32,28.93,561
PSAP,Prosaposin,10.02,19.8,561
CES1,Carboxylesterase 1,9.96,50.02,561
NPTX2,Neuronal pentraxin 2,9.36,40.47,561
SEMA7A,Semaphorin 7A (John Milton Hagen blood group),9.27,42.56,561
ANPEP,"Alanyl aminopeptidase, membrane",9.18,40.59,561
CD46,CD46 molecule,9.15,16.9,561
TNFSF13B,TNF superfamily member 13b,9.12,33.88,561
CNTN1,Contactin 1,9.04,51.37,561
F11R,F11 receptor,8.98,6.06,561
AGT,Angiotensinogen,8.76,27.45,561
CTHRC1,Collagen triple helix repeat containing 1,8.5,13.76,561
ADGRE5,Adhesion G protein-coupled receptor E5,8.48,34.52,561
CFHR5,Complement factor H related 5,8.38,39.16,561
AHSG,Alpha 2-HS glycoprotein,8.38,41.26,561
ADA2,Adenosine deaminase 2,8.35,48.62,561
IGFBP7,Insulin like growth factor binding protein 7,8.34,23.74,561
CD163,CD163 molecule,8.24,62.11,561
BLMH,Bleomycin hydrolase,8.13,27.21,561
TFPI,Tissue factor pathway inhibitor,8.1,36.72,561
STIP1,Stress induced phosphoprotein 1,8.1,0.5,561
NPTX1,Neuronal pentraxin 1,8.02,42.16,561
KIT,"KIT proto-oncogene, receptor tyrosine kinase",7.78,50.07,561
ANGPTL3,Angiopoietin like 3,7.7,37.59,561
NID2,Nidogen 2,7.58,26.73,561
FCN2,Ficolin 2,7.44,62.83,561
NRP1,Neuropilin 1,7.4,34.2,561
PAM,Peptidylglycine alpha-amidating monooxygenase,7.36,46.92,561
ADAMTSL2,ADAMTS like 2,7.33,40.94,561
CST3,Cystatin C,7.28,30.86,561
PARK7,Parkinsonism associated deglycase,7.25,2.52,561
PCSK9,Proprotein convertase subtilisin/kexin type 9,6.97,12.64,561
PLAU,"Plasminogen activator, urokinase",6.65,37.07,561
TGFBI,Transforming growth factor beta induced,6.59,48.89,561
HGFAC,HGF activator,6.49,50.12,561
VNN1,Vanin 1,6.44,70.56,561
SPINT1,"Serine peptidase inhibitor, Kunitz type 1",6.43,38.12,561
TNFRSF1B,TNF receptor superfamily member 1B,6.36,36.66,561
IVL,Involucrin,5.99,45.98,561
BCHE,Butyrylcholinesterase,5.89,55.8,561
COL6A3,Collagen type VI alpha 3 chain,5.87,20.66,561
MEGF9,Multiple EGF like domains 9,5.78,29.03,561
PLTP,Phospholipid transfer protein,5.72,18.66,561
TXNRD1,Thioredoxin reductase 1,5.71,6.38,561
IL7R,Interleukin 7 receptor,5.59,71.15,561
CORO1A,Coronin 1A,5.59,3.17,561
NOTCH2,Notch receptor 2,5.45,56.19,561
SERPINA11,Serpin family A member 11,5.23,41.1,561
HPSE,Heparanase,5.21,16.92,561
SERPINE1,Serpin family E member 1,4.98,13.04,561
TNFRSF17,TNF receptor superfamily member 17,4.9,37.04,561
BCAM,Basal cell adhesion molecule (Lutheran blood group),4.82,49.13,561
VASN,Vasorin,4.75,35.04,561
ICAM3,Intercellular adhesion molecule 3,4.74,64.76,561
NOTCH3,Notch receptor 3,4.48,20.14,561
CCL5,C-C motif chemokine ligand 5,4.45,17.33,561
FYB1,FYN binding protein 1,4.41,11,561
CCL16,C-C motif chemokine ligand 16,4.41,61.31,561
CILP,Cartilage intermediate layer protein,4.4,24.86,561
CLPS,Colipase,4.3,57.73,561
THBS2,Thrombospondin 2,4.21,52.59,561
CLEC4M,C-type lectin domain family 4 member M,4.19,60.39,561
REG1A,Regenerating family member 1 alpha,4.17,25.02,561
DNASE1,Deoxyribonuclease 1,4.14,63.25,561
GAS6,Growth arrest specific 6,4.09,15.54,561
CPN2,Carboxypeptidase N subunit 2,4.08,76.14,561
VASP,Vasodilator stimulated phosphoprotein,4.01,5.3,561
C1QTNF1,C1q and TNF related 1,3.99,29.06,561
IFNAR2,Interferon alpha and beta receptor subunit 2,3.98,48.69,561
ACE,Angiotensin I converting enzyme,3.98,65.31,561
TNFRSF1A,TNF receptor superfamily member 1A,3.8,31.21,561
PILRA,Paired immunoglobin like type 2 receptor alpha,3.46,68.61,561
LDLR,Low density lipoprotein receptor,3.32,29.68,561
FCN1,Ficolin 1,3.3,51.11,561
LCP1,Lymphocyte cytosolic protein 1,3.28,64.32,561
RELT,RELT TNF receptor,3.21,35.59,561
GPI,Glucose-6-phosphate isomerase,3.12,8.17,561
LILRA2,Leukocyte immunoglobulin like receptor A2,3.1,74.06,561
COMP,Cartilage oligomeric matrix protein,3.06,14.54,561
TNFRSF10C,TNF receptor superfamily member 10c,3.02,66.9,561
CA2,Carbonic anhydrase 2,2.93,0,561
GOT1,Glutamic-oxaloacetic transaminase 1,2.93,18.73,561
SPARCL1,SPARC like 1,2.85,58.72,561
CCL14,C-C motif chemokine ligand 14,2.81,34.91,561
PLXNB2,Plexin B2,2.73,61.1,561
SIRPA,Signal regulatory protein alpha,2.71,79.33,561
SOD2,Superoxide dismutase 2,2.7,5.85,561
IL6R,Interleukin 6 receptor,2.7,72.82,561
MMP9,Matrix metallopeptidase 9,2.69,11.25,561
CTSZ,Cathepsin Z,2.68,49.35,561
CTSB,Cathepsin B,2.57,44.45,561
DSC2,Desmocollin 2,2.54,41.97,561
PDGFA,Platelet derived growth factor subunit A,2.54,16.33,561
EPHB4,EPH receptor B4,2.3,49.43,561
UMOD,Uromodulin,2.28,84.72,561
PIK3IP1,Phosphoinositide-3-kinase interacting protein 1,2.24,40.45,561
CLEC14A,C-type lectin domain containing 14A,2.17,38.15,561
PAMR1,Peptidase domain containing associated with muscle regeneration 1,2.06,45.71,561
CHL1,Cell adhesion molecule L1 like,2.05,58.73,561
CA1,Carbonic anhydrase 1,2.04,1.96,561
PI16,Peptidase inhibitor 16,2.03,31.16,561
IL17RA,Interleukin 17 receptor A,1.96,85.8,561
LILRB5,Leukocyte immunoglobulin like receptor B5,1.93,93.06,561
TALDO1,Transaldolase 1,1.92,8.89,561
ESAM,Endothelial cell adhesion molecule,1.9,18.59,561
FETUB,Fetuin B,1.9,29.85,561
STAB2,Stabilin 2,1.88,61.94,561
RETN,Resistin,1.87,33.39,561
RNASET2,Ribonuclease T2,1.86,39.87,561
REG1B,Regenerating family member 1 beta,1.85,21.2,561
PTGDS,Prostaglandin D2 synthase,1.8,31.73,561
AHSP,Alpha hemoglobin stabilizing protein,1.78,14.95,561
EGFR,Epidermal growth factor receptor,1.74,30.37,561
COLEC11,Collectin subfamily member 11,1.67,34.32,561
NOMO1,NODAL modulator 1,1.63,39.54,561
RNASE6,Ribonuclease A family member k6,1.61,46.05,561
IGDCC4,Immunoglobulin superfamily DCC subclass member 4,1.58,31.22,561
CXCL16,C-X-C motif chemokine ligand 16,1.55,40.18,561
LAMB2,Laminin subunit beta 2,1.51,59.36,561
CXCL3,C-X-C motif chemokine ligand 3,1.46,13.7,561
HSPG2,Heparan sulfate proteoglycan 2,1.42,23.23,561
PECAM1,Platelet and endothelial cell adhesion molecule 1,1.36,36.23,561
MRC1,Mannose receptor C-type 1,1.34,44.8,561
FGL1,Fibrinogen like 1,1.29,35.88,561
NCAM2,Neural cell adhesion molecule 2,1.27,68.52,561
LCAT,Lecithin-cholesterol acyltransferase,1.27,28.8,561
FBLN2,Fibulin 2,1.2,23.57,561
CCL15,C-C motif chemokine ligand 15,1.07,72.8,561
BDNF,Brain derived neurotrophic factor,1.04,20.35,561
TIMP1,TIMP metallopeptidase inhibitor 1,0.97,16.1,561
PTPRS,Protein tyrosine phosphatase receptor type S,0.93,51.87,561
IGF2R,Insulin like growth factor 2 receptor,0.88,53.65,561
TIE1,Tyrosine kinase with immunoglobulin like and EGF like domains 1,0.81,61.37,561
OGN,Osteoglycin,0.8,4.16,561
PRG3,"Proteoglycan 3, pro eosinophil major basic protein 2",0.78,40.17,561
EFNA1,Ephrin A1,0.77,24.56,561
MYOC,Myocilin,0.71,43.44,561
SELP,Selectin P,0.7,12.32,561
IL18BP,Interleukin 18 binding protein,0.68,42.05,561
REG3A,Regenerating family member 3 alpha,0.53,46.5,561
NID1,Nidogen 1,0.52,32.67,561
SHISA5,Shisa family member 5,0.5,18.26,561
CD248,CD248 molecule,0.49,20.34,561
RARRES2,Retinoic acid receptor responder 2,0.44,27.07,561
BLVRB,Biliverdin reductase B,0.39,0,561
ALDH1A1,Aldehyde dehydrogenase 1 family member A1,0.36,7.48,561
HYOU1,Hypoxia up-regulated 1,0.35,25.89,561
ADAMTS13,ADAM metallopeptidase with thrombospondin type 1 motif 13,0.28,47.22,561
SPINK1,Serine peptidase inhibitor Kazal type 1,0.28,44.47,561
PDGFRB,Platelet derived growth factor receptor beta,0.25,81.73,561
MET,"MET proto-oncogene, receptor tyrosine kinase",0.21,39.73,561
PEPD,Peptidase D,0.17,44.07,561
CDH1,Cadherin 1,0.14,44.01,561
ENG,Endoglin,0.1,34.38,561
WARS1,Tryptophanyl-tRNA synthetase 1,0.1,21.54,561
ICAM2,Intercellular adhesion molecule 2,0.1,80.93,561
PRCP,Prolylcarboxypeptidase,0.08,12.55,561
