string_external_id,abundance
9606.ENSP00000295897,343168
9606.ENSP00000431254,48749
9606.ENSP00000251595,37554
9606.ENSP00000322421,36446
9606.ENSP00000306099,22629
9606.ENSP00000236850,19458
9606.ENSP00000385834,19102
9606.ENSP00000356969,15785
9606.ENSP00000498441,15041
9606.ENSP00000273784,14627
9606.ENSP00000416066,12606
9606.ENSP00000360522,12515
9606.ENSP00000348170,11665
9606.ENSP00000465356,11452
9606.ENSP00000237014,10602
9606.ENSP00000265983,10505
9606.ENSP00000227667,9446
9606.ENSP00000259396,9241
9606.ENSP00000323929,8541
9606.ENSP00000245907,8147
9606.ENSP00000421725,8086
9606.ENSP00000466775,7867
9606.ENSP00000336829,7849
9606.ENSP00000370010,7587
9606.ENSP00000345179,7540
9606.ENSP00000494175,7256
9606.ENSP00000356671,7194
9606.ENSP00000264613,6596
9606.ENSP00000338082,6575
9606.ENSP00000362924,6419
9606.ENSP00000263100,5920
9606.ENSP00000350425,5648
9606.ENSP00000292401,5533
9606.ENSP00000262962,4818
9606.ENSP00000327431,4536
9606.ENSP00000205948,4465
9606.ENSP00000265132,3864
9606.ENSP00000394936,3724
9606.ENSP00000308938,3495
9606.ENSP00000356399,3432
9606.ENSP00000252244,3428
9606.ENSP00000255040,3420
9606.ENSP00000355627,3395
9606.ENSP00000493985,3300
9606.ENSP00000450540,3198
9606.ENSP00000308541,3129
9606.ENSP00000252486,3123
9606.ENSP00000321853,3054
9606.ENSP00000246662,2950
9606.ENSP00000496470,2870
9606.ENSP00000226218,2685
9606.ENSP00000315130,2682
9606.ENSP00000254722,2631
9606.ENSP00000440066,2581
9606.ENSP00000416561,2573
9606.ENSP00000215727,2556
9606.ENSP00000351190,2523
9606.ENSP00000302621,2518
9606.ENSP00000232003,2497
9606.ENSP00000266041,2479
9606.ENSP00000292609,2390
9606.ENSP00000296130,2385
9606.ENSP00000441828,2306
9606.ENSP00000263408,2294
9606.ENSP00000313967,2171
9606.ENSP00000278407,2161
9606.ENSP00000396688,2101
9606.ENSP00000410815,2082
9606.ENSP00000415941,2055
9606.ENSP00000273283,2049
9606.ENSP00000356037,1985
9606.ENSP00000357156,1980
9606.ENSP00000452662,1910
9606.ENSP00000269576,1824
9606.ENSP00000266718,1780
9606.ENSP00000363770,1767
9606.ENSP00000233242,1751
9606.ENSP00000222381,1717
9606.ENSP00000278222,1714
9606.ENSP00000480035,1698
9606.ENSP00000296028,1616
9606.ENSP00000322061,1610
9606.ENSP00000365081,1605
9606.ENSP00000329374,1589
9606.ENSP00000384906,1509
9606.ENSP00000485552,1406
9606.ENSP00000342850,1403
9606.ENSP00000363773,1317
9606.ENSP00000346839,1306
9606.ENSP00000226355,1245
9606.ENSP00000478725,1224
9606.ENSP00000475107,1224
9606.ENSP00000314299,1165
9606.ENSP00000331544,1136
9606.ENSP00000494708,1133
9606.ENSP00000373477,1083
9606.ENSP00000270879,1066
9606.ENSP00000416683,1059
9606.ENSP00000319464,974
9606.ENSP00000385035,971
9606.ENSP00000317674,968
9606.ENSP00000478893,937
9606.ENSP00000310861,926
9606.ENSP00000255030,905
9606.ENSP00000223642,886
9606.ENSP00000451172,866
9606.ENSP00000474135,837
9606.ENSP00000299367,818
9606.ENSP00000359446,802
9606.ENSP00000364709,790
9606.ENSP00000444271,785
9606.ENSP00000376637,770
9606.ENSP00000296029,768
9606.ENSP00000356385,744
9606.ENSP00000385519,742
9606.ENSP00000436126,728
9606.ENSP00000380070,719
9606.ENSP00000479032,717
9606.ENSP00000482678,717
9606.ENSP00000497910,699
9606.ENSP00000263413,665
9606.ENSP00000266542,644
9606.ENSP00000253496,642
9606.ENSP00000479675,642
9606.ENSP00000218099,629
9606.ENSP00000381448,622
9606.ENSP00000181383,620
9606.ENSP00000261267,619
9606.ENSP00000360687,610
9606.ENSP00000369816,607
9606.ENSP00000217182,603
9606.ENSP00000360697,602
9606.ENSP00000370473,602
9606.ENSP00000468253,599
9606.ENSP00000354458,596
9606.ENSP00000468236,584
9606.ENSP00000430656,582
9606.ENSP00000264381,564
9606.ENSP00000264690,560
9606.ENSP00000360281,548
9606.ENSP00000262919,543
9606.ENSP00000357727,523
9606.ENSP00000358045,521
9606.ENSP00000247153,515
9606.ENSP00000378131,492
9606.ENSP00000452347,480
9606.ENSP00000377783,469
9606.ENSP00000488437,468
9606.ENSP00000415769,461
9606.ENSP00000277903,460
9606.ENSP00000421801,451
9606.ENSP00000481152,444
9606.ENSP00000246635,442
9606.ENSP00000308720,438
9606.ENSP00000494750,415
9606.ENSP00000498227,411
9606.ENSP00000261994,405
9606.ENSP00000414287,396
9606.ENSP00000256178,382
9606.ENSP00000262776,375
9606.ENSP00000483567,374
9606.ENSP00000265029,371
9606.ENSP00000301522,371
9606.ENSP00000234071,371
9606.ENSP00000493607,359
9606.ENSP00000491969,357
9606.ENSP00000366109,347
9606.ENSP00000292896,345
9606.ENSP00000301653,345
9606.ENSP00000381057,338
9606.ENSP00000226524,337
9606.ENSP00000357721,333
9606.ENSP00000363079,327
9606.ENSP00000406773,326
9606.ENSP00000448220,326
9606.ENSP00000264005,322
9606.ENSP00000399679,318
9606.ENSP00000458162,314
9606.ENSP00000381250,312
9606.ENSP00000384957,310
9606.ENSP00000252242,306
9606.ENSP00000356395,298
9606.ENSP00000261336,297
9606.ENSP00000167586,295
9606.ENSP00000452747,295
9606.ENSP00000483585,295
9606.ENSP00000391826,294
9606.ENSP00000372139,292
9606.ENSP00000252252,291
9606.ENSP00000425915,290
9606.ENSP00000372136,285
9606.ENSP00000328359,285
9606.ENSP00000243611,282
9606.ENSP00000500193,273
9606.ENSP00000356382,270
9606.ENSP00000369317,268
9606.ENSP00000356771,267
9606.ENSP00000336762,260
9606.ENSP00000260356,256
9606.ENSP00000497550,249
9606.ENSP00000252250,241
9606.ENSP00000478289,229
9606.ENSP00000219302,228
9606.ENSP00000389026,226
9606.ENSP00000351682,225
9606.ENSP00000168148,217
9606.ENSP00000329312,207
9606.ENSP00000260118,206
9606.ENSP00000225655,206
9606.ENSP00000347933,204
9606.ENSP00000352458,204
9606.ENSP00000241052,199
9606.ENSP00000363064,195
9606.ENSP00000378058,188
9606.ENSP00000389814,187
9606.ENSP00000233809,183
9606.ENSP00000379138,182
9606.ENSP00000256509,181
9606.ENSP00000376886,181
9606.ENSP00000230036,180
9606.ENSP00000337060,170
9606.ENSP00000333203,167
9606.ENSP00000291744,163
9606.ENSP00000356574,160
9606.ENSP00000264832,157
9606.ENSP00000217407,153
9606.ENSP00000230050,151
9606.ENSP00000242465,149
9606.ENSP00000348933,149
9606.ENSP00000381581,148
9606.ENSP00000263368,147
9606.ENSP00000419425,147
9606.ENSP00000321334,146
9606.ENSP00000329380,145
9606.ENSP00000233143,145
9606.ENSP00000432660,145
9606.ENSP00000480132,144
9606.ENSP00000308452,144
9606.ENSP00000306864,143
9606.ENSP00000261405,142
9606.ENSP00000415283,139
9606.ENSP00000222271,134
9606.ENSP00000264036,133
9606.ENSP00000362108,131
9606.ENSP00000364731,130
9606.ENSP00000269593,127
9606.ENSP00000216968,127
9606.ENSP00000285379,126
9606.ENSP00000299578,125
9606.ENSP00000452245,121
9606.ENSP00000355645,121
9606.ENSP00000418009,120
9606.ENSP00000223061,120
9606.ENSP00000252951,119
9606.ENSP00000494125,118
9606.ENSP00000433642,118
9606.ENSP00000376776,117
9606.ENSP00000376889,114
9606.ENSP00000290378,112
9606.ENSP00000305988,112
9606.ENSP00000244137,111
9606.ENSP00000357711,111
9606.ENSP00000296280,110
9606.ENSP00000416330,107
9606.ENSP00000416126,107
9606.ENSP00000348888,106
9606.ENSP00000342710,105
9606.ENSP00000264870,104
9606.ENSP00000407685,103
9606.ENSP00000301656,103
9606.ENSP00000224784,103
9606.ENSP00000371554,102
9606.ENSP00000234313,102
9606.ENSP00000386857,102
9606.ENSP00000307786,99.5
9606.ENSP00000497767,99.4
9606.ENSP00000218388,99.3
9606.ENSP00000270792,98.3
9606.ENSP00000379287,95.8
9606.ENSP00000256785,95.5
9606.ENSP00000344458,94.8
9606.ENSP00000204679,93.8
9606.ENSP00000270142,93.6
9606.ENSP00000356905,91.9
9606.ENSP00000297258,90.2
9606.ENSP00000497290,90.1
9606.ENSP00000233813,89.1
9606.ENSP00000324173,87.7
9606.ENSP00000294728,87.5
9606.ENSP00000286301,86.2
9606.ENSP00000398632,84.7
9606.ENSP00000256404,82.4
9606.ENSP00000357448,82.2
9606.ENSP00000231061,81.5
9606.ENSP00000388107,79.8
9606.ENSP00000355568,79.5
9606.ENSP00000301464,79.4
9606.ENSP00000359664,79.4
9606.ENSP00000446955,79.3
9606.ENSP00000411770,78.7
9606.ENSP00000211998,78.3
9606.ENSP00000358866,77.5
9606.ENSP00000383690,77
9606.ENSP00000252245,75.9
9606.ENSP00000402060,75.7
9606.ENSP00000262746,75.6
9606.ENSP00000381607,75.1
9606.ENSP00000357076,73.9
9606.ENSP00000305675,73
9606.ENSP00000216181,72.5
9606.ENSP00000352071,72.4
9606.ENSP00000316029,72.2
9606.ENSP00000356030,71.4
9606.ENSP00000498684,71.2
9606.ENSP00000356275,69
9606.ENSP00000300060,67.3
9606.ENSP00000366525,67
9606.ENSP00000350364,66.9
9606.ENSP00000296435,66.2
9606.ENSP00000358727,65
9606.ENSP00000356946,64.9
9606.ENSP00000291568,64.5
9606.ENSP00000265371,64.3
9606.ENSP00000295666,63.2
9606.ENSP00000320171,62.5
9606.ENSP00000369689,62.3
9606.ENSP00000475216,60.9
9606.ENSP00000445175,60.6
9606.ENSP00000387654,59.3
9606.ENSP00000366460,59.3
9606.ENSP00000342026,58.3
9606.ENSP00000361064,58.1
9606.ENSP00000259486,58
9606.ENSP00000408411,57.8
9606.ENSP00000352835,57.7
9606.ENSP00000246006,57.1
9606.ENSP00000498577,56.6
9606.ENSP00000496166,56.2
9606.ENSP00000414856,55
9606.ENSP00000417138,53.9
9606.ENSP00000231751,53.4
9606.ENSP00000416706,53.3
9606.ENSP00000320866,53.3
9606.ENSP00000303276,53.1
9606.ENSP00000369071,52.7
9606.ENSP00000379975,51.6
9606.ENSP00000359629,51.6
9606.ENSP00000264474,50.7
9606.ENSP00000257901,50.3
9606.ENSP00000383931,50.1
9606.ENSP00000229270,49.7
9606.ENSP00000200676,48.4
9606.ENSP00000221476,47.5
9606.ENSP00000377546,46.9
9606.ENSP00000357453,46.9
9606.ENSP00000228945,46.5
9606.ENSP00000272317,46.4
9606.ENSP00000331736,46.4
9606.ENSP00000333298,46.3
9606.ENSP00000251645,46.3
9606.ENSP00000339730,45.9
9606.ENSP00000364711,45.1
9606.ENSP00000257192,44.9
9606.ENSP00000357791,44.9
9606.ENSP00000357542,44.8
9606.ENSP00000378431,43.9
9606.ENSP00000323313,43.6
9606.ENSP00000248553,43.1
9606.ENSP00000495530,43
9606.ENSP00000362413,43
9606.ENSP00000485952,42.3
9606.ENSP00000444533,41.8
9606.ENSP00000217133,41.8
9606.ENSP00000265627,41.7
9606.ENSP00000307705,40.8
9606.ENSP00000498879,40.6
9606.ENSP00000261769,40.4
9606.ENSP00000378957,40.1
9606.ENSP00000274793,39.3
9606.ENSP00000160262,39.2
9606.ENSP00000303208,39.2
9606.ENSP00000478771,39
9606.ENSP00000261313,38.9
9606.ENSP00000376475,38.8
9606.ENSP00000284322,38.3
9606.ENSP00000312134,37.9
9606.ENSP00000479097,37.9
9606.ENSP00000217456,37.8
9606.ENSP00000458977,37.4
9606.ENSP00000345347,37.4
9606.ENSP00000265016,37.4
9606.ENSP00000262584,37.1
9606.ENSP00000233156,37
9606.ENSP00000484998,37
9606.ENSP00000255409,36.8
9606.ENSP00000357709,36.4
9606.ENSP00000376840,36.2
9606.ENSP00000305263,35.9
9606.ENSP00000262768,35.5
9606.ENSP00000351022,35.3
9606.ENSP00000311313,35.1
9606.ENSP00000359910,34.4
9606.ENSP00000330382,34.3
9606.ENSP00000356632,34.2
9606.ENSP00000329165,34.1
9606.ENSP00000367615,33.9
9606.ENSP00000293670,33.8
9606.ENSP00000329797,33.8
9606.ENSP00000324422,33.8
9606.ENSP00000474412,33.8
9606.ENSP00000419000,33.5
9606.ENSP00000251646,33.5
9606.ENSP00000340278,33.5
9606.ENSP00000363827,33.4
9606.ENSP00000228938,33.2
9606.ENSP00000354280,33
9606.ENSP00000299767,33
9606.ENSP00000360305,32.8
9606.ENSP00000360858,32.7
9606.ENSP00000369129,32.5
9606.ENSP00000362299,32.5
9606.ENSP00000307975,32.5
9606.ENSP00000377508,32.5
9606.ENSP00000447006,32
9606.ENSP00000501093,31.9
9606.ENSP00000314807,31.9
9606.ENSP00000405338,31.7
9606.ENSP00000376800,31.7
9606.ENSP00000360532,31.7
9606.ENSP00000327801,31.7
9606.ENSP00000367545,31.6
9606.ENSP00000300289,31.6
9606.ENSP00000279227,31.3
9606.ENSP00000339251,31
9606.ENSP00000311502,30.9
9606.ENSP00000353408,30.9
9606.ENSP00000439189,30.8
9606.ENSP00000342082,30.7
9606.ENSP00000300026,30.6
9606.ENSP00000319281,30.6
9606.ENSP00000369349,30.5
9606.ENSP00000496494,30.4
9606.ENSP00000355124,30.4
9606.ENSP00000362352,30.1
9606.ENSP00000479488,30.1
9606.ENSP00000449404,30.1
9606.ENSP00000353731,30.1
9606.ENSP00000451206,30
9606.ENSP00000304355,29.9
9606.ENSP00000219070,29.7
9606.ENSP00000306261,29.7
9606.ENSP00000233735,29.4
9606.ENSP00000378731,29
9606.ENSP00000264335,29
9606.ENSP00000295834,29
9606.ENSP00000360797,28.9
9606.ENSP00000391481,28.5
9606.ENSP00000310573,28.3
9606.ENSP00000221515,28.3
9606.ENSP00000400010,28.2
9606.ENSP00000383382,28.2
9606.ENSP00000236671,28.1
9606.ENSP00000500990,28
9606.ENSP00000268613,27.7
9606.ENSP00000349493,27.7
9606.ENSP00000370588,27.7
9606.ENSP00000378517,27.7
9606.ENSP00000332723,27.4
9606.ENSP00000346032,27.2
9606.ENSP00000349320,27.2
9606.ENSP00000385080,27.1
9606.ENSP00000253039,27
9606.ENSP00000363641,26.9
9606.ENSP00000271638,26.9
9606.ENSP00000007735,26.8
9606.ENSP00000321106,26.4
9606.ENSP00000264606,26.4
9606.ENSP00000379350,26.2
9606.ENSP00000304945,26.2
9606.ENSP00000486361,26
9606.ENSP00000296695,25.9
9606.ENSP00000216492,25.9
9606.ENSP00000367154,25.7
9606.ENSP00000332613,25.6
9606.ENSP00000322323,25.5
9606.ENSP00000478024,25.5
9606.ENSP00000418112,25.5
9606.ENSP00000386786,25.4
9606.ENSP00000359991,25.3
9606.ENSP00000353025,25
9606.ENSP00000244537,25
9606.ENSP00000295550,25
9606.ENSP00000305595,24.9
9606.ENSP00000337598,24.8
9606.ENSP00000278282,24.8
9606.ENSP00000219150,24.8
9606.ENSP00000296503,24.7
9606.ENSP00000264025,24.6
9606.ENSP00000225927,24.4
9606.ENSP00000373364,24.3
9606.ENSP00000367123,24.3
9606.ENSP00000275525,24.2
9606.ENSP00000413479,24
9606.ENSP00000499797,24
9606.ENSP00000477310,24
9606.ENSP00000217131,23.9
9606.ENSP00000248437,23.9
9606.ENSP00000377941,23.8
9606.ENSP00000053867,23.8
9606.ENSP00000345672,23.4
9606.ENSP00000215909,23.4
9606.ENSP00000357731,23.3
9606.ENSP00000339063,23.2
9606.ENSP00000284981,23
9606.ENSP00000265131,23
9606.ENSP00000362308,22.9
9606.ENSP00000354532,22.9
9606.ENSP00000360170,22.9
9606.ENSP00000433760,22.9
9606.ENSP00000328358,22.8
9606.ENSP00000430242,22.6
9606.ENSP00000361867,22.6
9606.ENSP00000307199,22.5
9606.ENSP00000327070,22.3
9606.ENSP00000303366,22.2
9606.ENSP00000257974,22.2
9606.ENSP00000339566,22.1
9606.ENSP00000481056,22.1
9606.ENSP00000477781,22
9606.ENSP00000330101,22
9606.ENSP00000359539,21.8
9606.ENSP00000359131,21.2
9606.ENSP00000357726,21.2
9606.ENSP00000262428,21.1
9606.ENSP00000260702,21
9606.ENSP00000249066,20.9
9606.ENSP00000342012,20.8
9606.ENSP00000340989,20.6
9606.ENSP00000376611,20.6
9606.ENSP00000312652,20.6
9606.ENSP00000306362,20.6
9606.ENSP00000335024,20.5
9606.ENSP00000377570,20.4
9606.ENSP00000243924,20.4
9606.ENSP00000414359,20.4
9606.ENSP00000478763,20.4
9606.ENSP00000341198,20.4
9606.ENSP00000392718,20.2
9606.ENSP00000365465,19.9
9606.ENSP00000446215,19.9
9606.ENSP00000499683,19.7
9606.ENSP00000306330,19.7
9606.ENSP00000269141,19.6
9606.ENSP00000298159,19.5
9606.ENSP00000310036,19.3
9606.ENSP00000284856,19.2
9606.ENSP00000291295,19.1
9606.ENSP00000354003,19.1
9606.ENSP00000355180,19.1
9606.ENSP00000471894,19
9606.ENSP00000365757,18.9
9606.ENSP00000261937,18.8
9606.ENSP00000249842,18.8
9606.ENSP00000263686,18.8
9606.ENSP00000369055,18.7
9606.ENSP00000367196,18.6
9606.ENSP00000489910,18.5
9606.ENSP00000363040,18.4
9606.ENSP00000278927,18.4
9606.ENSP00000346478,18.3
9606.ENSP00000499717,18.3
9606.ENSP00000379873,18.2
9606.ENSP00000427687,18.2
9606.ENSP00000361883,18.1
9606.ENSP00000356024,17.9
9606.ENSP00000291009,17.9
9606.ENSP00000257198,17.9
9606.ENSP00000307014,17.8
9606.ENSP00000378394,17.8
9606.ENSP00000484078,17.7
9606.ENSP00000312326,17.6
9606.ENSP00000349687,17.6
9606.ENSP00000262418,17.5
9606.ENSP00000370698,17.5
9606.ENSP00000357704,17.4
9606.ENSP00000452786,17.4
9606.ENSP00000357922,17.3
9606.ENSP00000361930,17.2
9606.ENSP00000256104,17.2
9606.ENSP00000256078,17.2
9606.ENSP00000473348,17.2
9606.ENSP00000493701,16.9
9606.ENSP00000397261,16.9
9606.ENSP00000386043,16.8
9606.ENSP00000258969,16.8
9606.ENSP00000339001,16.8
9606.ENSP00000264187,16.8
9606.ENSP00000437125,16.7
9606.ENSP00000223321,16.6
9606.ENSP00000325527,16.6
9606.ENSP00000161559,16.5
9606.ENSP00000499422,16.5
9606.ENSP00000386488,16.3
9606.ENSP00000396722,16.2
9606.ENSP00000284292,16.2
9606.ENSP00000263598,16.2
9606.ENSP00000304229,16.1
9606.ENSP00000250559,16.1
9606.ENSP00000470972,16.1
9606.ENSP00000289749,15.8
9606.ENSP00000346508,15.8
9606.ENSP00000349270,15.6
9606.ENSP00000364935,15.5
9606.ENSP00000245932,15.4
9606.ENSP00000261590,15.4
9606.ENSP00000228811,15.4
9606.ENSP00000446252,15.4
9606.ENSP00000336799,15.3
9606.ENSP00000366513,15.2
9606.ENSP00000364119,15.2
9606.ENSP00000223836,15
9606.ENSP00000361097,14.9
9606.ENSP00000216336,14.9
9606.ENSP00000442920,14.9
9606.ENSP00000274368,14.8
9606.ENSP00000377456,14.8
9606.ENSP00000405573,14.7
9606.ENSP00000381133,14.7
9606.ENSP00000261716,14.7
9606.ENSP00000251268,14.7
9606.ENSP00000297785,14.7
9606.ENSP00000354826,14.7
9606.ENSP00000377558,14.7
9606.ENSP00000244534,14.6
9606.ENSP00000364992,14.6
9606.ENSP00000246515,14.5
9606.ENSP00000221130,14.4
9606.ENSP00000215637,14.4
9606.ENSP00000386284,14.3
9606.ENSP00000296417,14.2
9606.ENSP00000363452,14.2
9606.ENSP00000381386,14.1
9606.ENSP00000319104,14.1
9606.ENSP00000271450,14.1
9606.ENSP00000308405,14
9606.ENSP00000285381,14
9606.ENSP00000393417,14
9606.ENSP00000326888,13.9
9606.ENSP00000002165,13.9
9606.ENSP00000499289,13.9
9606.ENSP00000285670,13.9
9606.ENSP00000480150,13.9
9606.ENSP00000483688,13.8
9606.ENSP00000261479,13.8
9606.ENSP00000303942,13.8
9606.ENSP00000264595,13.8
9606.ENSP00000352798,13.8
9606.ENSP00000361083,13.7
9606.ENSP00000259989,13.7
9606.ENSP00000262407,13.7
9606.ENSP00000330074,13.7
9606.ENSP00000479089,13.6
9606.ENSP00000463559,13.6
9606.ENSP00000309096,13.6
9606.ENSP00000251643,13.5
9606.ENSP00000463939,13.5
9606.ENSP00000464359,13.4
9606.ENSP00000383392,13.4
9606.ENSP00000271308,13.4
9606.ENSP00000228740,13.3
9606.ENSP00000361855,13.3
9606.ENSP00000221930,13.3
9606.ENSP00000402855,13.3
9606.ENSP00000312367,13.2
9606.ENSP00000457421,13.2
9606.ENSP00000321259,13.2
9606.ENSP00000429374,13.2
9606.ENSP00000497642,13.2
9606.ENSP00000332790,13.2
9606.ENSP00000383003,13.1
9606.ENSP00000297012,13.1
9606.ENSP00000363603,13
9606.ENSP00000263238,13
9606.ENSP00000265073,13
9606.ENSP00000439020,12.9
9606.ENSP00000380602,12.9
9606.ENSP00000356386,12.9
9606.ENSP00000358155,12.9
9606.ENSP00000222399,12.8
9606.ENSP00000263246,12.7
9606.ENSP00000446007,12.7
9606.ENSP00000332194,12.7
9606.ENSP00000475814,12.7
9606.ENSP00000347168,12.7
9606.ENSP00000366974,12.7
9606.ENSP00000367034,12.7
9606.ENSP00000443017,12.7
9606.ENSP00000462355,12.7
9606.ENSP00000462667,12.7
9606.ENSP00000479106,12.7
9606.ENSP00000479461,12.7
9606.ENSP00000479794,12.7
9606.ENSP00000480960,12.7
9606.ENSP00000481486,12.7
9606.ENSP00000484789,12.7
9606.ENSP00000489236,12.7
9606.ENSP00000438553,12.7
9606.ENSP00000225964,12.6
9606.ENSP00000295633,12.6
9606.ENSP00000339477,12.5
9606.ENSP00000312700,12.4
9606.ENSP00000279022,12.3
9606.ENSP00000481109,12.3
9606.ENSP00000369314,12.3
9606.ENSP00000403645,12.1
9606.ENSP00000351589,12
9606.ENSP00000352119,12
9606.ENSP00000352627,12
9606.ENSP00000482431,12
9606.ENSP00000482538,12
9606.ENSP00000341094,12
9606.ENSP00000376197,12
9606.ENSP00000328484,12
9606.ENSP00000366679,12
9606.ENSP00000270776,11.9
9606.ENSP00000466134,11.9
9606.ENSP00000380676,11.9
9606.ENSP00000263665,11.9
9606.ENSP00000367022,11.8
9606.ENSP00000303373,11.8
9606.ENSP00000355656,11.8
9606.ENSP00000483842,11.8
9606.ENSP00000358035,11.7
9606.ENSP00000434024,11.7
9606.ENSP00000008938,11.6
9606.ENSP00000394496,11.6
9606.ENSP00000306100,11.6
9606.ENSP00000274054,11.6
9606.ENSP00000378292,11.5
9606.ENSP00000363869,11.5
9606.ENSP00000271835,11.5
9606.ENSP00000384262,11.5
9606.ENSP00000366654,11.4
9606.ENSP00000334798,11.4
9606.ENSP00000450385,11.3
9606.ENSP00000430690,11.3
9606.ENSP00000382731,11.3
9606.ENSP00000491316,11.3
9606.ENSP00000287097,11.3
9606.ENSP00000333900,11.3
9606.ENSP00000290866,11.2
9606.ENSP00000369538,11.1
9606.ENSP00000296877,11.1
9606.ENSP00000199764,11.1
9606.ENSP00000248975,11.1
9606.ENSP00000360997,11.1
9606.ENSP00000220166,11.1
9606.ENSP00000294742,11.1
9606.ENSP00000384515,11.1
9606.ENSP00000299198,11
9606.ENSP00000455897,11
9606.ENSP00000274532,10.9
9606.ENSP00000265717,10.9
9606.ENSP00000379438,10.9
9606.ENSP00000253109,10.9
9606.ENSP00000225275,10.9
9606.ENSP00000401010,10.9
9606.ENSP00000478061,10.8
9606.ENSP00000380432,10.8
9606.ENSP00000308716,10.8
9606.ENSP00000408025,10.7
9606.ENSP00000222286,10.7
9606.ENSP00000375429,10.7
9606.ENSP00000348064,10.7
9606.ENSP00000261714,10.7
9606.ENSP00000360576,10.7
9606.ENSP00000495909,10.6
9606.ENSP00000442600,10.5
9606.ENSP00000347495,10.5
9606.ENSP00000443475,10.4
9606.ENSP00000307240,10.4
9606.ENSP00000485129,10.4
9606.ENSP00000380855,10.4
9606.ENSP00000416293,10.4
9606.ENSP00000368265,10.3
9606.ENSP00000248564,10.3
9606.ENSP00000361932,10.3
9606.ENSP00000361405,10.3
9606.ENSP00000483570,10.2
9606.ENSP00000356581,10.2
9606.ENSP00000325240,10.2
9606.ENSP00000220763,10.1
9606.ENSP00000351157,10.1
9606.ENSP00000441543,10.1
9606.ENSP00000349437,10.1
9606.ENSP00000264731,10
9606.ENSP00000286713,9.96
9606.ENSP00000327336,9.94
9606.ENSP00000383563,9.94
9606.ENSP00000450436,9.93
9606.ENSP00000495750,9.89
9606.ENSP00000233893,9.87
9606.ENSP00000362080,9.84
9606.ENSP00000325564,9.84
9606.ENSP00000489311,9.8
9606.ENSP00000295408,9.78
9606.ENSP00000216129,9.78
9606.ENSP00000498807,9.78
9606.ENSP00000330959,9.74
9606.ENSP00000352455,9.7
9606.ENSP00000340211,9.68
9606.ENSP00000387176,9.67
9606.ENSP00000289316,9.65
9606.ENSP00000307280,9.62
9606.ENSP00000269389,9.59
9606.ENSP00000366694,9.56
9606.ENSP00000223095,9.56
9606.ENSP00000355228,9.47
9606.ENSP00000258341,9.45
9606.ENSP00000348163,9.44
9606.ENSP00000356198,9.43
9606.ENSP00000333326,9.38
9606.ENSP00000263168,9.37
9606.ENSP00000326042,9.36
9606.ENSP00000382982,9.36
9606.ENSP00000463325,9.36
9606.ENSP00000221891,9.29
9606.ENSP00000323063,9.26
9606.ENSP00000296585,9.24
9606.ENSP00000379032,9.23
9606.ENSP00000349446,9.19
9606.ENSP00000341289,9.19
9606.ENSP00000385714,9.17
9606.ENSP00000391504,9.16
9606.ENSP00000393312,9.14
9606.ENSP00000332706,9.14
9606.ENSP00000479169,9.07
9606.ENSP00000357981,8.98
9606.ENSP00000366618,8.97
9606.ENSP00000477527,8.95
9606.ENSP00000445002,8.95
9606.ENSP00000385923,8.93
9606.ENSP00000406478,8.92
9606.ENSP00000321744,8.91
9606.ENSP00000348924,8.91
9606.ENSP00000366962,8.91
9606.ENSP00000445633,8.91
9606.ENSP00000489317,8.91
9606.ENSP00000228825,8.89
9606.ENSP00000483903,8.88
9606.ENSP00000261483,8.85
9606.ENSP00000365402,8.85
9606.ENSP00000356919,8.84
9606.ENSP00000358151,8.79
9606.ENSP00000376678,8.79
9606.ENSP00000482674,8.75
9606.ENSP00000264651,8.74
9606.ENSP00000289004,8.73
9606.ENSP00000477907,8.73
9606.ENSP00000361511,8.69
9606.ENSP00000445831,8.66
9606.ENSP00000261416,8.65
9606.ENSP00000301178,8.62
9606.ENSP00000356899,8.62
9606.ENSP00000329243,8.61
9606.ENSP00000356015,8.61
9606.ENSP00000262193,8.6
9606.ENSP00000361554,8.55
9606.ENSP00000463092,8.53
9606.ENSP00000306606,8.5
9606.ENSP00000225899,8.44
9606.ENSP00000370115,8.44
9606.ENSP00000379140,8.41
9606.ENSP00000363891,8.39
9606.ENSP00000280706,8.38
9606.ENSP00000353030,8.38
9606.ENSP00000336702,8.35
9606.ENSP00000316543,8.31
9606.ENSP00000353720,8.3
9606.ENSP00000373370,8.3
9606.ENSP00000479284,8.29
9606.ENSP00000394720,8.28
9606.ENSP00000368314,8.26
9606.ENSP00000495214,8.23
9606.ENSP00000261918,8.23
9606.ENSP00000438205,8.22
9606.ENSP00000044462,8.2
9606.ENSP00000386538,8.13
9606.ENSP00000498786,8.03
9606.ENSP00000274353,8
9606.ENSP00000037502,7.98
9606.ENSP00000324105,7.97
9606.ENSP00000438248,7.97
9606.ENSP00000498019,7.96
9606.ENSP00000367202,7.95
9606.ENSP00000347140,7.95
9606.ENSP00000221804,7.94
9606.ENSP00000335153,7.94
9606.ENSP00000383364,7.93
9606.ENSP00000377055,7.91
9606.ENSP00000267119,7.87
9606.ENSP00000298556,7.87
9606.ENSP00000365745,7.86
9606.ENSP00000467537,7.84
9606.ENSP00000493623,7.83
9606.ENSP00000295685,7.82
9606.ENSP00000284240,7.8
9606.ENSP00000257951,7.79
9606.ENSP00000297283,7.78
9606.ENSP00000318197,7.77
9606.ENSP00000400376,7.75
9606.ENSP00000361562,7.74
9606.ENSP00000371497,7.73
9606.ENSP00000288135,7.72
9606.ENSP00000371267,7.71
9606.ENSP00000417207,7.71
9606.ENSP00000357691,7.7
9606.ENSP00000374274,7.66
9606.ENSP00000338934,7.63
9606.ENSP00000375618,7.6
9606.ENSP00000387356,7.59
9606.ENSP00000437783,7.55
9606.ENSP00000294304,7.55
9606.ENSP00000266085,7.51
9606.ENSP00000246895,7.51
9606.ENSP00000306461,7.5
9606.ENSP00000333277,7.47
9606.ENSP00000313571,7.46
9606.ENSP00000367891,7.46
9606.ENSP00000359077,7.46
9606.ENSP00000340019,7.45
9606.ENSP00000317272,7.43
9606.ENSP00000225550,7.42
9606.ENSP00000379682,7.41
9606.ENSP00000308782,7.41
9606.ENSP00000256412,7.41
9606.ENSP00000495273,7.39
9606.ENSP00000499582,7.39
9606.ENSP00000367220,7.37
9606.ENSP00000259818,7.3
9606.ENSP00000369703,7.3
9606.ENSP00000265162,7.29
9606.ENSP00000188790,7.22
9606.ENSP00000426455,7.19
9606.ENSP00000274507,7.18
9606.ENSP00000357751,7.18
9606.ENSP00000300249,7.17
9606.ENSP00000362817,7.15
9606.ENSP00000352936,7.14
9606.ENSP00000360871,7.14
9606.ENSP00000498853,7.11
9606.ENSP00000377948,7.1
9606.ENSP00000433999,7.09
9606.ENSP00000360609,7.06
9606.ENSP00000375428,7.06
9606.ENSP00000292641,7.05
9606.ENSP00000371420,7.04
9606.ENSP00000251047,7.02
9606.ENSP00000295731,6.97
9606.ENSP00000395983,6.96
9606.ENSP00000353452,6.95
9606.ENSP00000357425,6.92
9606.ENSP00000216455,6.9
9606.ENSP00000418070,6.89
9606.ENSP00000334187,6.88
9606.ENSP00000317128,6.87
9606.ENSP00000290349,6.83
9606.ENSP00000335397,6.8
9606.ENSP00000480884,6.79
9606.ENSP00000246646,6.78
9606.ENSP00000362334,6.77
9606.ENSP00000357470,6.74
9606.ENSP00000433560,6.74
9606.ENSP00000265563,6.73
9606.ENSP00000302046,6.68
9606.ENSP00000319623,6.66
9606.ENSP00000410798,6.66
9606.ENSP00000481571,6.66
9606.ENSP00000351338,6.66
9606.ENSP00000437402,6.61
9606.ENSP00000488838,6.6
9606.ENSP00000303206,6.59
9606.ENSP00000262030,6.57
9606.ENSP00000358723,6.54
9606.ENSP00000274764,6.53
9606.ENSP00000268766,6.52
9606.ENSP00000321856,6.5
9606.ENSP00000435096,6.46
9606.ENSP00000354691,6.41
9606.ENSP00000254810,6.4
9606.ENSP00000390265,6.4
9606.ENSP00000290541,6.36
9606.ENSP00000254878,6.35
9606.ENSP00000345395,6.35
9606.ENSP00000308117,6.32
9606.ENSP00000215770,6.3
9606.ENSP00000373489,6.29
9606.ENSP00000438024,6.29
9606.ENSP00000228936,6.26
9606.ENSP00000357718,6.25
9606.ENSP00000283752,6.21
9606.ENSP00000275493,6.2
9606.ENSP00000215832,6.14
9606.ENSP00000064571,6.12
9606.ENSP00000355751,6.12
9606.ENSP00000256103,6.12
9606.ENSP00000301246,6.11
9606.ENSP00000376317,6.11
9606.ENSP00000357764,6.1
9606.ENSP00000351777,6.1
9606.ENSP00000212355,6.09
9606.ENSP00000249647,6.08
9606.ENSP00000388169,6.08
9606.ENSP00000381340,6.06
9606.ENSP00000344465,6.05
9606.ENSP00000257264,6.04
9606.ENSP00000309836,6.01
9606.ENSP00000352252,5.99
9606.ENSP00000349430,5.98
9606.ENSP00000313603,5.97
9606.ENSP00000431240,5.95
9606.ENSP00000364694,5.94
9606.ENSP00000481622,5.94
9606.ENSP00000491341,5.94
9606.ENSP00000277865,5.94
9606.ENSP00000265087,5.93
9606.ENSP00000423354,5.91
9606.ENSP00000355780,5.89
9606.ENSP00000167588,5.87
9606.ENSP00000476136,5.86
9606.ENSP00000484411,5.85
9606.ENSP00000496982,5.85
9606.ENSP00000356954,5.85
9606.ENSP00000399168,5.84
9606.ENSP00000348461,5.83
9606.ENSP00000318916,5.82
9606.ENSP00000369618,5.81
9606.ENSP00000216802,5.79
9606.ENSP00000360124,5.79
9606.ENSP00000296955,5.77
9606.ENSP00000386443,5.77
9606.ENSP00000479955,5.75
9606.ENSP00000362463,5.73
9606.ENSP00000318646,5.73
9606.ENSP00000225972,5.72
9606.ENSP00000310219,5.7
9606.ENSP00000343171,5.69
9606.ENSP00000422176,5.68
9606.ENSP00000262613,5.68
9606.ENSP00000252699,5.66
9606.ENSP00000361959,5.65
9606.ENSP00000256646,5.62
9606.ENSP00000264071,5.61
9606.ENSP00000293745,5.6
9606.ENSP00000355632,5.58
9606.ENSP00000496414,5.57
9606.ENSP00000215838,5.55
9606.ENSP00000369822,5.53
9606.ENSP00000461947,5.53
9606.ENSP00000479168,5.52
9606.ENSP00000357283,5.46
9606.ENSP00000345259,5.44
9606.ENSP00000215754,5.39
9606.ENSP00000389631,5.39
9606.ENSP00000363593,5.38
9606.ENSP00000346694,5.38
9606.ENSP00000274276,5.38
9606.ENSP00000215912,5.38
9606.ENSP00000283296,5.36
9606.ENSP00000307940,5.34
9606.ENSP00000367817,5.32
9606.ENSP00000264265,5.31
9606.ENSP00000456436,5.31
9606.ENSP00000246069,5.3
9606.ENSP00000263946,5.29
9606.ENSP00000244573,5.29
9606.ENSP00000394071,5.29
9606.ENSP00000353582,5.28
9606.ENSP00000301729,5.28
9606.ENSP00000362238,5.27
9606.ENSP00000231484,5.26
9606.ENSP00000495192,5.25
9606.ENSP00000209668,5.24
9606.ENSP00000249071,5.24
9606.ENSP00000392511,5.22
9606.ENSP00000330862,5.2
9606.ENSP00000052754,5.19
9606.ENSP00000481114,5.19
9606.ENSP00000319846,5.18
9606.ENSP00000312286,5.18
9606.ENSP00000345344,5.17
9606.ENSP00000364700,5.15
9606.ENSP00000358154,5.14
9606.ENSP00000385479,5.14
9606.ENSP00000293778,5.13
9606.ENSP00000433112,5.11
9606.ENSP00000330658,5.09
9606.ENSP00000335463,5.08
9606.ENSP00000308970,5.08
9606.ENSP00000372218,5.06
9606.ENSP00000320295,5.06
9606.ENSP00000477538,5.05
9606.ENSP00000346037,5.05
9606.ENSP00000371958,5.04
9606.ENSP00000364721,5.04
9606.ENSP00000309124,5
9606.ENSP00000370867,5
9606.ENSP00000344547,4.97
9606.ENSP00000258962,4.97
9606.ENSP00000221957,4.97
9606.ENSP00000499406,4.95
9606.ENSP00000327513,4.9
9606.ENSP00000296370,4.89
9606.ENSP00000420826,4.89
9606.ENSP00000498584,4.88
9606.ENSP00000352288,4.87
9606.ENSP00000358223,4.87
9606.ENSP00000298223,4.87
9606.ENSP00000330720,4.85
9606.ENSP00000358548,4.85
9606.ENSP00000275815,4.84
9606.ENSP00000338703,4.82
9606.ENSP00000265462,4.81
9606.ENSP00000269848,4.8
9606.ENSP00000336831,4.79
9606.ENSP00000455114,4.79
9606.ENSP00000481450,4.78
9606.ENSP00000372155,4.76
9606.ENSP00000411096,4.76
9606.ENSP00000354090,4.75
9606.ENSP00000361140,4.75
9606.ENSP00000290158,4.75
9606.ENSP00000497221,4.74
9606.ENSP00000297029,4.74
9606.ENSP00000464849,4.73
9606.ENSP00000355955,4.72
9606.ENSP00000347635,4.72
9606.ENSP00000350708,4.71
9606.ENSP00000378199,4.7
9606.ENSP00000424630,4.68
9606.ENSP00000261799,4.68
9606.ENSP00000264908,4.65
9606.ENSP00000372313,4.63
9606.ENSP00000472469,4.63
9606.ENSP00000327116,4.63
9606.ENSP00000250495,4.62
9606.ENSP00000273550,4.62
9606.ENSP00000219169,4.59
9606.ENSP00000305995,4.54
9606.ENSP00000358501,4.53
9606.ENSP00000243077,4.53
9606.ENSP00000238875,4.52
9606.ENSP00000011292,4.52
9606.ENSP00000342137,4.51
9606.ENSP00000409581,4.51
9606.ENSP00000280904,4.49
9606.ENSP00000299518,4.48
9606.ENSP00000209718,4.47
9606.ENSP00000386498,4.45
9606.ENSP00000380165,4.44
9606.ENSP00000338864,4.42
9606.ENSP00000482548,4.41
9606.ENSP00000378408,4.4
9606.ENSP00000369198,4.38
9606.ENSP00000402758,4.38
9606.ENSP00000265709,4.37
9606.ENSP00000216218,4.36
9606.ENSP00000497225,4.36
9606.ENSP00000263867,4.33
9606.ENSP00000360730,4.32
9606.ENSP00000380440,4.31
9606.ENSP00000364349,4.3
9606.ENSP00000217386,4.3
9606.ENSP00000311121,4.23
9606.ENSP00000369682,4.23
9606.ENSP00000316416,4.23
9606.ENSP00000376623,4.23
9606.ENSP00000355315,4.22
9606.ENSP00000363973,4.22
9606.ENSP00000472249,4.21
9606.ENSP00000346088,4.2
9606.ENSP00000387261,4.18
9606.ENSP00000460236,4.17
9606.ENSP00000307188,4.16
9606.ENSP00000365426,4.16
9606.ENSP00000392423,4.15
9606.ENSP00000272067,4.15
9606.ENSP00000379838,4.13
9606.ENSP00000296511,4.12
9606.ENSP00000262455,4.1
9606.ENSP00000342098,4.09
9606.ENSP00000381736,4.08
9606.ENSP00000394227,4.07
9606.ENSP00000355325,4.06
9606.ENSP00000322837,4.05
9606.ENSP00000385385,4.04
9606.ENSP00000367992,4.02
9606.ENSP00000005587,4.02
9606.ENSP00000289371,4.02
9606.ENSP00000379051,3.99
9606.ENSP00000316176,3.99
9606.ENSP00000252603,3.98
9606.ENSP00000315299,3.97
9606.ENSP00000358160,3.94
9606.ENSP00000366999,3.94
9606.ENSP00000480826,3.94
9606.ENSP00000483283,3.94
9606.ENSP00000484095,3.94
9606.ENSP00000484638,3.94
9606.ENSP00000484658,3.94
9606.ENSP00000484841,3.94
9606.ENSP00000489282,3.94
9606.ENSP00000430706,3.93
9606.ENSP00000320084,3.92
9606.ENSP00000412189,3.92
9606.ENSP00000370542,3.9
9606.ENSP00000483300,3.9
9606.ENSP00000358853,3.88
9606.ENSP00000262947,3.87
9606.ENSP00000354581,3.86
9606.ENSP00000205402,3.86
9606.ENSP00000479586,3.83
9606.ENSP00000375430,3.83
9606.ENSP00000218230,3.82
9606.ENSP00000377494,3.81
9606.ENSP00000426906,3.81
9606.ENSP00000331901,3.8
9606.ENSP00000273258,3.79
9606.ENSP00000361400,3.79
9606.ENSP00000483403,3.77
9606.ENSP00000315997,3.76
9606.ENSP00000368646,3.76
9606.ENSP00000376865,3.75
9606.ENSP00000497733,3.74
9606.ENSP00000394560,3.74
9606.ENSP00000400906,3.74
9606.ENSP00000296754,3.74
9606.ENSP00000353590,3.73
9606.ENSP00000452948,3.71
9606.ENSP00000302393,3.71
9606.ENSP00000343445,3.7
9606.ENSP00000468690,3.7
9606.ENSP00000312946,3.69
9606.ENSP00000304283,3.69
9606.ENSP00000426083,3.68
9606.ENSP00000310491,3.67
9606.ENSP00000405965,3.66
9606.ENSP00000481313,3.66
9606.ENSP00000266646,3.65
9606.ENSP00000357392,3.64
9606.ENSP00000384964,3.64
9606.ENSP00000381494,3.62
9606.ENSP00000239462,3.62
9606.ENSP00000364801,3.61
9606.ENSP00000489642,3.6
9606.ENSP00000384296,3.6
9606.ENSP00000247461,3.59
9606.ENSP00000375238,3.59
9606.ENSP00000384169,3.59
9606.ENSP00000277120,3.56
9606.ENSP00000291495,3.55
9606.ENSP00000296674,3.54
9606.ENSP00000260950,3.54
9606.ENSP00000365458,3.54
9606.ENSP00000222374,3.53
9606.ENSP00000428209,3.53
9606.ENSP00000340466,3.52
9606.ENSP00000367446,3.51
9606.ENSP00000399805,3.51
9606.ENSP00000305731,3.5
9606.ENSP00000302150,3.49
9606.ENSP00000227266,3.48
9606.ENSP00000431984,3.48
9606.ENSP00000358777,3.47
9606.ENSP00000304408,3.47
9606.ENSP00000217244,3.46
9606.ENSP00000407487,3.45
9606.ENSP00000454071,3.45
9606.ENSP00000365663,3.45
9606.ENSP00000270233,3.44
9606.ENSP00000262094,3.43
9606.ENSP00000332073,3.43
9606.ENSP00000375237,3.42
9606.ENSP00000377583,3.42
9606.ENSP00000274773,3.42
9606.ENSP00000211076,3.42
9606.ENSP00000345008,3.41
9606.ENSP00000357131,3.41
9606.ENSP00000331897,3.4
9606.ENSP00000382777,3.38
9606.ENSP00000364140,3.38
9606.ENSP00000499129,3.38
9606.ENSP00000362820,3.37
9606.ENSP00000318406,3.37
9606.ENSP00000351646,3.36
9606.ENSP00000355657,3.36
9606.ENSP00000371018,3.36
9606.ENSP00000297436,3.35
9606.ENSP00000367806,3.35
9606.ENSP00000364802,3.33
9606.ENSP00000323927,3.33
9606.ENSP00000467024,3.33
9606.ENSP00000346959,3.31
9606.ENSP00000407586,3.31
9606.ENSP00000291527,3.31
9606.ENSP00000430598,3.3
9606.ENSP00000363500,3.3
9606.ENSP00000219197,3.29
9606.ENSP00000311364,3.28
9606.ENSP00000307513,3.28
9606.ENSP00000365042,3.28
9606.ENSP00000367406,3.27
9606.ENSP00000342818,3.27
9606.ENSP00000303356,3.25
9606.ENSP00000263268,3.25
9606.ENSP00000262120,3.24
9606.ENSP00000469926,3.23
9606.ENSP00000494040,3.23
9606.ENSP00000389103,3.21
9606.ENSP00000312506,3.2
9606.ENSP00000312002,3.2
9606.ENSP00000264029,3.2
9606.ENSP00000325146,3.19
9606.ENSP00000479153,3.17
9606.ENSP00000463057,3.17
9606.ENSP00000166139,3.17
9606.ENSP00000297325,3.15
9606.ENSP00000354947,3.15
9606.ENSP00000434279,3.14
9606.ENSP00000244930,3.14
9606.ENSP00000339795,3.13
9606.ENSP00000293379,3.13
9606.ENSP00000354207,3.12
9606.ENSP00000303908,3.1
9606.ENSP00000259526,3.09
9606.ENSP00000248598,3.08
9606.ENSP00000263671,3.07
9606.ENSP00000428518,3.06
9606.ENSP00000361060,3.05
9606.ENSP00000306185,3.05
9606.ENSP00000364212,3.04
9606.ENSP00000296412,3.03
9606.ENSP00000325905,3.03
9606.ENSP00000476412,3.03
9606.ENSP00000385000,3.03
9606.ENSP00000296930,3.03
9606.ENSP00000335029,3.02
9606.ENSP00000297261,3.02
9606.ENSP00000451560,3.01
9606.ENSP00000456206,3.01
9606.ENSP00000254958,3.01
9606.ENSP00000379038,3
9606.ENSP00000400365,3
9606.ENSP00000431548,3
9606.ENSP00000274565,2.99
9606.ENSP00000217426,2.99
9606.ENSP00000270077,2.97
9606.ENSP00000308893,2.97
9606.ENSP00000366047,2.94
9606.ENSP00000353072,2.94
9606.ENSP00000270586,2.94
9606.ENSP00000432472,2.93
9606.ENSP00000216392,2.92
9606.ENSP00000341214,2.9
9606.ENSP00000302961,2.9
9606.ENSP00000470615,2.9
9606.ENSP00000297439,2.89
9606.ENSP00000377036,2.89
9606.ENSP00000262506,2.88
9606.ENSP00000263388,2.88
9606.ENSP00000301149,2.88
9606.ENSP00000296350,2.87
9606.ENSP00000275428,2.87
9606.ENSP00000366984,2.87
9606.ENSP00000339157,2.87
9606.ENSP00000345656,2.86
9606.ENSP00000491073,2.85
9606.ENSP00000242285,2.85
9606.ENSP00000357769,2.85
9606.ENSP00000357772,2.85
9606.ENSP00000264039,2.84
9606.ENSP00000495247,2.83
9606.ENSP00000369081,2.82
9606.ENSP00000227348,2.82
9606.ENSP00000310226,2.82
9606.ENSP00000427866,2.82
9606.ENSP00000293831,2.81
9606.ENSP00000054668,2.8
9606.ENSP00000261798,2.79
9606.ENSP00000344758,2.77
9606.ENSP00000365435,2.76
9606.ENSP00000473553,2.76
9606.ENSP00000357753,2.74
9606.ENSP00000361818,2.74
9606.ENSP00000397082,2.74
9606.ENSP00000251566,2.73
9606.ENSP00000338413,2.73
9606.ENSP00000341826,2.72
9606.ENSP00000313699,2.72
9606.ENSP00000259254,2.72
9606.ENSP00000368244,2.72
9606.ENSP00000361662,2.72
9606.ENSP00000219345,2.7
9606.ENSP00000439444,2.7
9606.ENSP00000463419,2.7
9606.ENSP00000485638,2.7
9606.ENSP00000415743,2.7
9606.ENSP00000411355,2.7
9606.ENSP00000357218,2.7
9606.ENSP00000217423,2.7
9606.ENSP00000303246,2.69
9606.ENSP00000351536,2.68
9606.ENSP00000434847,2.68
9606.ENSP00000468424,2.66
9606.ENSP00000308727,2.66
9606.ENSP00000254301,2.66
9606.ENSP00000253354,2.66
9606.ENSP00000264710,2.65
9606.ENSP00000263798,2.63
9606.ENSP00000490744,2.61
9606.ENSP00000415579,2.61
9606.ENSP00000265062,2.61
9606.ENSP00000244333,2.61
9606.ENSP00000303057,2.6
9606.ENSP00000301329,2.6
9606.ENSP00000297268,2.59
9606.ENSP00000360147,2.59
9606.ENSP00000349259,2.59
9606.ENSP00000374013,2.58
9606.ENSP00000496713,2.57
9606.ENSP00000427985,2.56
9606.ENSP00000464619,2.56
9606.ENSP00000485206,2.56
9606.ENSP00000420065,2.56
9606.ENSP00000261883,2.55
9606.ENSP00000301945,2.55
9606.ENSP00000361366,2.55
9606.ENSP00000357668,2.54
9606.ENSP00000353608,2.53
9606.ENSP00000296694,2.52
9606.ENSP00000357737,2.52
9606.ENSP00000345229,2.5
9606.ENSP00000361471,2.5
9606.ENSP00000302620,2.49
9606.ENSP00000471455,2.49
9606.ENSP00000339801,2.49
9606.ENSP00000303963,2.48
9606.ENSP00000401564,2.48
9606.ENSP00000357740,2.47
9606.ENSP00000399376,2.47
9606.ENSP00000310832,2.46
9606.ENSP00000278505,2.45
9606.ENSP00000322373,2.45
9606.ENSP00000341625,2.45
9606.ENSP00000331019,2.45
9606.ENSP00000330484,2.44
9606.ENSP00000357744,2.44
9606.ENSP00000376423,2.44
9606.ENSP00000357746,2.43
9606.ENSP00000256682,2.42
9606.ENSP00000307156,2.42
9606.ENSP00000425031,2.42
9606.ENSP00000226207,2.42
9606.ENSP00000284440,2.42
9606.ENSP00000369965,2.42
9606.ENSP00000289902,2.41
9606.ENSP00000169298,2.41
9606.ENSP00000309477,2.41
9606.ENSP00000395473,2.41
9606.ENSP00000217971,2.41
9606.ENSP00000351770,2.4
9606.ENSP00000333938,2.38
9606.ENSP00000479606,2.38
9606.ENSP00000351497,2.38
9606.ENSP00000473631,2.38
9606.ENSP00000311997,2.37
9606.ENSP00000354610,2.37
9606.ENSP00000261366,2.37
9606.ENSP00000299427,2.37
9606.ENSP00000295095,2.37
9606.ENSP00000249330,2.36
9606.ENSP00000335246,2.35
9606.ENSP00000484824,2.35
9606.ENSP00000357255,2.34
9606.ENSP00000306285,2.32
9606.ENSP00000357789,2.31
9606.ENSP00000002829,2.31
9606.ENSP00000417653,2.31
9606.ENSP00000361761,2.31
9606.ENSP00000259938,2.31
9606.ENSP00000377195,2.3
9606.ENSP00000434717,2.3
9606.ENSP00000341838,2.29
9606.ENSP00000220478,2.29
9606.ENSP00000356058,2.29
9606.ENSP00000376276,2.29
9606.ENSP00000453508,2.29
9606.ENSP00000344420,2.28
9606.ENSP00000352257,2.28
9606.ENSP00000308753,2.28
9606.ENSP00000323587,2.28
9606.ENSP00000305975,2.28
9606.ENSP00000409107,2.27
9606.ENSP00000417222,2.27
9606.ENSP00000334985,2.26
9606.ENSP00000498395,2.26
9606.ENSP00000437041,2.25
9606.ENSP00000361413,2.25
9606.ENSP00000265071,2.25
9606.ENSP00000494373,2.25
9606.ENSP00000498587,2.24
9606.ENSP00000313437,2.24
9606.ENSP00000445418,2.23
9606.ENSP00000284719,2.22
9606.ENSP00000453089,2.21
9606.ENSP00000348849,2.21
9606.ENSP00000401645,2.2
9606.ENSP00000216962,2.2
9606.ENSP00000259607,2.2
9606.ENSP00000310244,2.19
9606.ENSP00000418767,2.19
9606.ENSP00000386717,2.18
9606.ENSP00000278572,2.18
9606.ENSP00000318697,2.18
9606.ENSP00000264993,2.17
9606.ENSP00000364805,2.16
9606.ENSP00000217121,2.16
9606.ENSP00000357858,2.16
9606.ENSP00000291526,2.16
9606.ENSP00000275603,2.15
9606.ENSP00000264933,2.14
9606.ENSP00000259457,2.14
9606.ENSP00000411719,2.14
9606.ENSP00000310998,2.13
9606.ENSP00000348099,2.13
9606.ENSP00000497720,2.13
9606.ENSP00000265077,2.11
9606.ENSP00000216330,2.1
9606.ENSP00000497574,2.1
9606.ENSP00000256759,2.1
9606.ENSP00000226299,2.09
9606.ENSP00000382814,2.09
9606.ENSP00000359096,2.09
9606.ENSP00000359100,2.09
9606.ENSP00000410452,2.09
9606.ENSP00000418754,2.08
9606.ENSP00000257867,2.08
9606.ENSP00000369677,2.07
9606.ENSP00000423602,2.06
9606.ENSP00000484431,2.06
9606.ENSP00000295822,2.06
9606.ENSP00000368678,2.05
9606.ENSP00000243052,2.05
9606.ENSP00000369375,2.05
9606.ENSP00000482075,2.05
9606.ENSP00000198536,2.04
9606.ENSP00000343577,2.04
9606.ENSP00000347655,2.04
9606.ENSP00000307423,2.04
9606.ENSP00000349428,2.03
9606.ENSP00000312999,2.03
9606.ENSP00000054950,2.03
9606.ENSP00000264833,2.02
9606.ENSP00000252483,2.01
9606.ENSP00000362680,2.01
9606.ENSP00000357362,2
9606.ENSP00000365131,2
9606.ENSP00000346300,1.99
9606.ENSP00000360635,1.98
9606.ENSP00000256383,1.98
9606.ENSP00000376309,1.98
9606.ENSP00000341743,1.98
9606.ENSP00000270625,1.97
9606.ENSP00000078429,1.97
9606.ENSP00000431536,1.96
9606.ENSP00000296577,1.95
9606.ENSP00000378332,1.95
9606.ENSP00000379616,1.95
9606.ENSP00000354468,1.94
9606.ENSP00000269195,1.94
9606.ENSP00000357980,1.93
9606.ENSP00000216124,1.93
9606.ENSP00000376458,1.93
9606.ENSP00000309565,1.93
9606.ENSP00000307674,1.93
9606.ENSP00000359778,1.93
9606.ENSP00000250092,1.92
9606.ENSP00000298510,1.92
9606.ENSP00000235835,1.92
9606.ENSP00000410833,1.92
9606.ENSP00000354294,1.91
9606.ENSP00000333664,1.91
9606.ENSP00000302324,1.91
9606.ENSP00000246337,1.91
9606.ENSP00000256010,1.9
9606.ENSP00000357055,1.9
9606.ENSP00000416523,1.89
9606.ENSP00000485117,1.89
9606.ENSP00000250101,1.89
9606.ENSP00000356790,1.89
9606.ENSP00000261890,1.89
9606.ENSP00000311648,1.88
9606.ENSP00000376297,1.87
9606.ENSP00000468002,1.87
9606.ENSP00000075120,1.87
9606.ENSP00000299022,1.87
9606.ENSP00000416341,1.86
9606.ENSP00000379651,1.86
9606.ENSP00000391592,1.86
9606.ENSP00000479861,1.86
9606.ENSP00000218758,1.85
9606.ENSP00000292125,1.85
9606.ENSP00000384770,1.85
9606.ENSP00000413507,1.85
9606.ENSP00000285093,1.85
9606.ENSP00000285599,1.85
9606.ENSP00000499387,1.84
9606.ENSP00000276692,1.84
9606.ENSP00000362123,1.84
9606.ENSP00000440485,1.84
9606.ENSP00000357118,1.84
9606.ENSP00000046794,1.83
9606.ENSP00000299698,1.83
9606.ENSP00000261978,1.83
9606.ENSP00000265000,1.82
9606.ENSP00000385706,1.82
9606.ENSP00000289373,1.81
9606.ENSP00000455771,1.81
9606.ENSP00000472749,1.81
9606.ENSP00000420321,1.81
9606.ENSP00000255381,1.81
9606.ENSP00000418081,1.81
9606.ENSP00000283646,1.81
9606.ENSP00000327589,1.8
9606.ENSP00000360882,1.8
9606.ENSP00000378360,1.79
9606.ENSP00000371798,1.79
9606.ENSP00000487719,1.79
9606.ENSP00000229340,1.78
9606.ENSP00000490225,1.78
9606.ENSP00000285930,1.78
9606.ENSP00000410715,1.78
9606.ENSP00000498875,1.78
9606.ENSP00000281821,1.77
9606.ENSP00000328397,1.77
9606.ENSP00000468308,1.76
9606.ENSP00000287590,1.76
9606.ENSP00000164139,1.76
9606.ENSP00000300935,1.76
9606.ENSP00000361871,1.75
9606.ENSP00000362946,1.75
9606.ENSP00000376911,1.74
9606.ENSP00000307889,1.74
9606.ENSP00000432973,1.74
9606.ENSP00000386289,1.74
9606.ENSP00000225698,1.74
9606.ENSP00000357005,1.74
9606.ENSP00000327145,1.73
9606.ENSP00000474534,1.73
9606.ENSP00000359345,1.73
9606.ENSP00000295640,1.72
9606.ENSP00000493805,1.72
9606.ENSP00000300527,1.72
9606.ENSP00000294435,1.72
9606.ENSP00000349324,1.72
9606.ENSP00000353013,1.71
9606.ENSP00000364016,1.71
9606.ENSP00000377192,1.7
9606.ENSP00000424565,1.7
9606.ENSP00000370047,1.7
9606.ENSP00000253408,1.7
9606.ENSP00000431822,1.69
9606.ENSP00000027335,1.69
9606.ENSP00000377696,1.69
9606.ENSP00000436607,1.69
9606.ENSP00000370744,1.69
9606.ENSP00000479656,1.69
9606.ENSP00000237696,1.69
9606.ENSP00000484343,1.68
9606.ENSP00000322273,1.68
9606.ENSP00000281243,1.68
9606.ENSP00000356540,1.68
9606.ENSP00000480821,1.68
9606.ENSP00000318195,1.68
9606.ENSP00000460602,1.68
9606.ENSP00000335074,1.68
9606.ENSP00000309334,1.67
9606.ENSP00000353393,1.67
9606.ENSP00000316491,1.67
9606.ENSP00000499140,1.67
9606.ENSP00000305714,1.67
9606.ENSP00000358719,1.67
9606.ENSP00000357265,1.67
9606.ENSP00000385451,1.67
9606.ENSP00000482743,1.66
9606.ENSP00000347872,1.66
9606.ENSP00000252804,1.66
9606.ENSP00000245620,1.66
9606.ENSP00000294360,1.65
9606.ENSP00000360939,1.65
9606.ENSP00000375978,1.65
9606.ENSP00000480322,1.65
9606.ENSP00000308208,1.64
9606.ENSP00000380367,1.64
9606.ENSP00000483018,1.63
9606.ENSP00000284984,1.62
9606.ENSP00000413436,1.62
9606.ENSP00000360021,1.62
9606.ENSP00000356104,1.61
9606.ENSP00000358857,1.61
9606.ENSP00000297185,1.61
9606.ENSP00000319730,1.61
9606.ENSP00000319140,1.6
9606.ENSP00000355537,1.6
9606.ENSP00000472985,1.6
9606.ENSP00000292408,1.59
9606.ENSP00000238044,1.59
9606.ENSP00000440125,1.59
9606.ENSP00000403172,1.59
9606.ENSP00000333547,1.59
9606.ENSP00000354929,1.58
9606.ENSP00000462298,1.58
9606.ENSP00000354652,1.58
9606.ENSP00000479969,1.58
9606.ENSP00000440005,1.58
9606.ENSP00000411825,1.58
9606.ENSP00000330393,1.58
9606.ENSP00000389649,1.57
9606.ENSP00000385958,1.57
9606.ENSP00000376055,1.57
9606.ENSP00000311538,1.57
9606.ENSP00000470538,1.57
9606.ENSP00000222482,1.57
9606.ENSP00000286788,1.57
9606.ENSP00000265729,1.57
9606.ENSP00000402608,1.56
9606.ENSP00000362127,1.56
9606.ENSP00000339835,1.56
9606.ENSP00000334072,1.56
9606.ENSP00000263354,1.55
9606.ENSP00000353259,1.55
9606.ENSP00000365773,1.55
9606.ENSP00000380514,1.54
9606.ENSP00000226004,1.54
9606.ENSP00000263379,1.54
9606.ENSP00000265753,1.53
9606.ENSP00000313199,1.53
9606.ENSP00000231721,1.52
9606.ENSP00000366024,1.52
9606.ENSP00000324804,1.5
9606.ENSP00000421736,1.5
9606.ENSP00000263923,1.5
9606.ENSP00000369889,1.49
9606.ENSP00000356016,1.49
9606.ENSP00000357123,1.48
9606.ENSP00000313432,1.48
9606.ENSP00000410852,1.48
9606.ENSP00000416158,1.47
9606.ENSP00000442626,1.47
9606.ENSP00000418529,1.47
9606.ENSP00000407193,1.47
9606.ENSP00000273395,1.47
9606.ENSP00000377296,1.47
9606.ENSP00000351807,1.46
9606.ENSP00000400433,1.46
9606.ENSP00000356110,1.46
9606.ENSP00000251372,1.46
9606.ENSP00000362339,1.46
9606.ENSP00000479536,1.46
9606.ENSP00000417864,1.46
9606.ENSP00000311905,1.45
9606.ENSP00000265986,1.45
9606.ENSP00000385158,1.45
9606.ENSP00000377616,1.45
9606.ENSP00000039007,1.44
9606.ENSP00000325239,1.44
9606.ENSP00000356162,1.44
9606.ENSP00000434103,1.44
9606.ENSP00000385852,1.44
9606.ENSP00000305556,1.44
9606.ENSP00000483599,1.43
9606.ENSP00000354772,1.43
9606.ENSP00000348668,1.43
9606.ENSP00000299300,1.43
9606.ENSP00000341170,1.42
9606.ENSP00000265471,1.42
9606.ENSP00000491215,1.42
9606.ENSP00000261735,1.42
9606.ENSP00000327255,1.42
9606.ENSP00000310110,1.42
9606.ENSP00000196061,1.42
9606.ENSP00000236959,1.41
9606.ENSP00000385757,1.41
9606.ENSP00000497691,1.41
9606.ENSP00000261180,1.41
9606.ENSP00000360120,1.4
9606.ENSP00000350005,1.4
9606.ENSP00000278025,1.4
9606.ENSP00000204961,1.4
9606.ENSP00000357189,1.4
9606.ENSP00000216338,1.4
9606.ENSP00000370750,1.4
9606.ENSP00000313490,1.39
9606.ENSP00000302886,1.39
9606.ENSP00000156626,1.39
9606.ENSP00000332449,1.39
9606.ENSP00000497402,1.38
9606.ENSP00000245206,1.38
9606.ENSP00000404203,1.37
9606.ENSP00000493716,1.37
9606.ENSP00000381717,1.37
9606.ENSP00000392398,1.37
9606.ENSP00000301455,1.36
9606.ENSP00000272519,1.36
9606.ENSP00000357702,1.36
9606.ENSP00000349168,1.36
9606.ENSP00000229795,1.36
9606.ENSP00000368664,1.35
9606.ENSP00000282588,1.35
9606.ENSP00000379888,1.35
9606.ENSP00000225174,1.35
9606.ENSP00000384537,1.35
9606.ENSP00000379680,1.35
9606.ENSP00000385899,1.35
9606.ENSP00000483989,1.34
9606.ENSP00000350090,1.34
9606.ENSP00000472124,1.34
9606.ENSP00000397843,1.34
9606.ENSP00000340292,1.33
9606.ENSP00000326737,1.33
9606.ENSP00000436422,1.33
9606.ENSP00000381666,1.33
9606.ENSP00000452697,1.33
9606.ENSP00000358635,1.33
9606.ENSP00000499935,1.33
9606.ENSP00000473238,1.33
9606.ENSP00000334928,1.32
9606.ENSP00000246957,1.32
9606.ENSP00000258091,1.32
9606.ENSP00000292079,1.32
9606.ENSP00000233954,1.31
9606.ENSP00000386651,1.31
9606.ENSP00000299140,1.31
9606.ENSP00000316042,1.31
9606.ENSP00000264249,1.31
9606.ENSP00000285667,1.31
9606.ENSP00000361777,1.3
9606.ENSP00000346050,1.3
9606.ENSP00000267485,1.3
9606.ENSP00000371715,1.3
9606.ENSP00000261601,1.3
9606.ENSP00000478767,1.29
9606.ENSP00000451291,1.29
9606.ENSP00000357022,1.29
9606.ENSP00000482899,1.29
9606.ENSP00000428184,1.29
9606.ENSP00000355082,1.29
9606.ENSP00000355011,1.28
9606.ENSP00000216554,1.28
9606.ENSP00000356918,1.28
9606.ENSP00000241337,1.27
9606.ENSP00000394316,1.27
9606.ENSP00000354739,1.27
9606.ENSP00000365817,1.27
9606.ENSP00000426909,1.27
9606.ENSP00000361076,1.27
9606.ENSP00000269489,1.26
9606.ENSP00000352584,1.26
9606.ENSP00000364949,1.25
9606.ENSP00000365362,1.25
9606.ENSP00000250340,1.25
9606.ENSP00000224073,1.25
9606.ENSP00000290354,1.25
9606.ENSP00000234038,1.25
9606.ENSP00000228506,1.25
9606.ENSP00000283905,1.24
9606.ENSP00000216780,1.24
9606.ENSP00000279027,1.24
9606.ENSP00000469240,1.24
9606.ENSP00000377549,1.24
9606.ENSP00000242140,1.23
9606.ENSP00000267814,1.23
9606.ENSP00000265148,1.23
9606.ENSP00000351075,1.23
9606.ENSP00000309830,1.23
9606.ENSP00000230431,1.22
9606.ENSP00000307971,1.22
9606.ENSP00000351314,1.22
9606.ENSP00000221992,1.21
9606.ENSP00000333666,1.21
9606.ENSP00000389351,1.2
9606.ENSP00000231487,1.2
9606.ENSP00000268695,1.2
9606.ENSP00000347041,1.2
9606.ENSP00000466259,1.2
9606.ENSP00000369921,1.2
9606.ENSP00000339933,1.2
9606.ENSP00000328270,1.2
9606.ENSP00000387286,1.19
9606.ENSP00000296456,1.19
9606.ENSP00000394842,1.18
9606.ENSP00000375629,1.18
9606.ENSP00000339328,1.18
9606.ENSP00000274364,1.18
9606.ENSP00000295006,1.18
9606.ENSP00000244336,1.18
9606.ENSP00000341524,1.18
9606.ENSP00000438677,1.17
9606.ENSP00000311430,1.17
9606.ENSP00000231368,1.17
9606.ENSP00000363018,1.17
9606.ENSP00000313007,1.17
9606.ENSP00000379845,1.17
9606.ENSP00000401508,1.16
9606.ENSP00000215829,1.16
9606.ENSP00000280258,1.16
9606.ENSP00000295688,1.16
9606.ENSP00000400175,1.16
9606.ENSP00000326381,1.16
9606.ENSP00000355493,1.16
9606.ENSP00000376345,1.16
9606.ENSP00000306003,1.15
9606.ENSP00000281282,1.15
9606.ENSP00000262375,1.15
9606.ENSP00000481917,1.15
9606.ENSP00000361112,1.15
9606.ENSP00000466090,1.14
9606.ENSP00000262262,1.14
9606.ENSP00000368970,1.14
9606.ENSP00000497777,1.14
9606.ENSP00000217515,1.14
9606.ENSP00000416269,1.14
9606.ENSP00000464813,1.13
9606.ENSP00000245185,1.13
9606.ENSP00000298310,1.13
9606.ENSP00000378177,1.13
9606.ENSP00000485357,1.12
9606.ENSP00000246151,1.12
9606.ENSP00000480043,1.12
9606.ENSP00000347507,1.12
9606.ENSP00000364986,1.12
9606.ENSP00000375236,1.12
9606.ENSP00000332215,1.11
9606.ENSP00000265052,1.11
9606.ENSP00000268603,1.11
9606.ENSP00000477639,1.11
9606.ENSP00000376410,1.11
9606.ENSP00000386896,1.11
9606.ENSP00000470259,1.1
9606.ENSP00000440045,1.1
9606.ENSP00000500409,1.1
9606.ENSP00000481309,1.1
9606.ENSP00000396937,1.1
9606.ENSP00000385763,1.1
9606.ENSP00000370254,1.1
9606.ENSP00000349722,1.1
9606.ENSP00000440502,1.09
9606.ENSP00000354961,1.09
9606.ENSP00000492992,1.09
9606.ENSP00000230588,1.09
9606.ENSP00000375632,1.09
9606.ENSP00000317780,1.09
9606.ENSP00000261758,1.09
9606.ENSP00000361626,1.09
9606.ENSP00000266397,1.09
9606.ENSP00000309953,1.09
9606.ENSP00000366050,1.09
9606.ENSP00000365048,1.09
9606.ENSP00000377958,1.09
9606.ENSP00000320176,1.08
9606.ENSP00000481646,1.08
9606.ENSP00000419628,1.08
9606.ENSP00000358765,1.08
9606.ENSP00000314508,1.08
9606.ENSP00000411613,1.07
9606.ENSP00000320324,1.07
9606.ENSP00000357801,1.07
9606.ENSP00000370129,1.07
9606.ENSP00000378046,1.07
9606.ENSP00000215743,1.07
9606.ENSP00000365693,1.06
9606.ENSP00000352438,1.06
9606.ENSP00000495672,1.06
9606.ENSP00000321195,1.06
9606.ENSP00000248933,1.06
9606.ENSP00000260408,1.06
9606.ENSP00000284154,1.06
9606.ENSP00000495951,1.06
9606.ENSP00000442318,1.06
9606.ENSP00000247665,1.05
9606.ENSP00000452126,1.05
9606.ENSP00000357905,1.05
9606.ENSP00000431140,1.04
9606.ENSP00000301420,1.04
9606.ENSP00000380679,1.04
9606.ENSP00000261070,1.04
9606.ENSP00000259470,1.04
9606.ENSP00000345957,1.04
9606.ENSP00000399511,1.03
9606.ENSP00000371194,1.03
9606.ENSP00000349078,1.03
9606.ENSP00000313875,1.03
9606.ENSP00000311035,1.02
9606.ENSP00000306390,1.02
9606.ENSP00000264012,1.02
9606.ENSP00000424183,1.02
9606.ENSP00000280326,1.02
9606.ENSP00000485259,1.02
9606.ENSP00000053243,1.01
9606.ENSP00000435777,1.01
9606.ENSP00000299957,1.01
9606.ENSP00000454437,1.01
9606.ENSP00000433681,1.01
9606.ENSP00000382595,1.01
9606.ENSP00000301659,1.01
9606.ENSP00000221980,1.01
9606.ENSP00000014930,1.01
9606.ENSP00000360034,1.01
9606.ENSP00000478931,1.01
9606.ENSP00000500237,1
9606.ENSP00000326813,1
9606.ENSP00000358099,1
9606.ENSP00000456920,1
9606.ENSP00000346550,1
9606.ENSP00000493382,0.997
9606.ENSP00000259727,0.997
9606.ENSP00000232975,0.995
9606.ENSP00000480140,0.993
9606.ENSP00000355518,0.989
9606.ENSP00000238018,0.989
9606.ENSP00000356917,0.988
9606.ENSP00000296444,0.988
9606.ENSP00000372105,0.985
9606.ENSP00000372127,0.985
9606.ENSP00000372154,0.985
9606.ENSP00000372484,0.985
9606.ENSP00000477653,0.984
9606.ENSP00000449089,0.983
9606.ENSP00000245552,0.981
9606.ENSP00000317334,0.976
9606.ENSP00000498074,0.976
9606.ENSP00000467579,0.976
9606.ENSP00000354927,0.975
9606.ENSP00000348635,0.973
9606.ENSP00000476119,0.97
9606.ENSP00000420213,0.969
9606.ENSP00000301242,0.967
9606.ENSP00000206765,0.966
9606.ENSP00000308908,0.965
9606.ENSP00000378782,0.965
9606.ENSP00000276079,0.962
9606.ENSP00000362524,0.962
9606.ENSP00000250831,0.96
9606.ENSP00000307155,0.96
9606.ENSP00000216286,0.959
9606.ENSP00000347152,0.957
9606.ENSP00000365147,0.955
9606.ENSP00000317985,0.952
9606.ENSP00000353099,0.952
9606.ENSP00000378851,0.951
9606.ENSP00000483364,0.947
9606.ENSP00000303634,0.946
9606.ENSP00000233078,0.945
9606.ENSP00000334008,0.943
9606.ENSP00000429707,0.943
9606.ENSP00000304467,0.942
9606.ENSP00000293288,0.942
9606.ENSP00000344819,0.939
9606.ENSP00000416606,0.938
9606.ENSP00000355996,0.935
9606.ENSP00000311184,0.932
9606.ENSP00000380427,0.931
9606.ENSP00000369927,0.931
9606.ENSP00000261507,0.931
9606.ENSP00000268182,0.929
9606.ENSP00000328325,0.928
9606.ENSP00000378487,0.928
9606.ENSP00000356652,0.926
9606.ENSP00000298690,0.926
9606.ENSP00000305005,0.925
9606.ENSP00000225171,0.925
9606.ENSP00000381216,0.924
9606.ENSP00000322439,0.923
9606.ENSP00000314067,0.922
9606.ENSP00000369814,0.92
9606.ENSP00000346931,0.92
9606.ENSP00000420091,0.919
9606.ENSP00000434516,0.918
9606.ENSP00000354525,0.918
9606.ENSP00000384330,0.916
9606.ENSP00000420311,0.915
9606.ENSP00000354357,0.912
9606.ENSP00000231461,0.911
9606.ENSP00000357535,0.909
9606.ENSP00000371393,0.909
9606.ENSP00000380948,0.908
9606.ENSP00000346990,0.906
9606.ENSP00000337354,0.905
9606.ENSP00000493664,0.904
9606.ENSP00000495360,0.903
9606.ENSP00000413707,0.901
9606.ENSP00000496250,0.901
9606.ENSP00000359871,0.901
9606.ENSP00000262623,0.899
9606.ENSP00000300413,0.899
9606.ENSP00000434412,0.896
9606.ENSP00000223129,0.893
9606.ENSP00000263593,0.891
9606.ENSP00000331831,0.891
9606.ENSP00000343924,0.886
9606.ENSP00000452763,0.886
9606.ENSP00000005286,0.885
9606.ENSP00000005257,0.884
9606.ENSP00000477648,0.883
9606.ENSP00000320117,0.883
9606.ENSP00000257770,0.883
9606.ENSP00000261208,0.881
9606.ENSP00000388552,0.881
9606.ENSP00000291700,0.879
9606.ENSP00000311032,0.878
9606.ENSP00000290200,0.878
9606.ENSP00000438507,0.878
9606.ENSP00000363745,0.876
9606.ENSP00000305692,0.876
9606.ENSP00000340836,0.876
9606.ENSP00000393241,0.874
9606.ENSP00000267884,0.873
9606.ENSP00000361636,0.873
9606.ENSP00000315702,0.872
9606.ENSP00000429150,0.871
9606.ENSP00000367872,0.871
9606.ENSP00000279575,0.871
9606.ENSP00000428612,0.87
9606.ENSP00000469468,0.87
9606.ENSP00000387310,0.868
9606.ENSP00000345848,0.863
9606.ENSP00000315477,0.862
9606.ENSP00000382334,0.856
9606.ENSP00000324693,0.855
9606.ENSP00000316228,0.855
9606.ENSP00000481912,0.855
9606.ENSP00000344218,0.852
9606.ENSP00000374113,0.852
9606.ENSP00000419485,0.851
9606.ENSP00000360423,0.851
9606.ENSP00000356430,0.85
9606.ENSP00000263864,0.85
9606.ENSP00000255194,0.85
9606.ENSP00000354612,0.849
9606.ENSP00000325548,0.848
9606.ENSP00000392189,0.848
9606.ENSP00000380307,0.848
9606.ENSP00000418193,0.848
9606.ENSP00000000233,0.845
9606.ENSP00000305480,0.845
9606.ENSP00000352639,0.843
9606.ENSP00000009530,0.842
9606.ENSP00000318822,0.842
9606.ENSP00000256593,0.84
9606.ENSP00000378534,0.839
9606.ENSP00000362576,0.838
9606.ENSP00000218516,0.837
9606.ENSP00000325425,0.836
9606.ENSP00000173527,0.836
9606.ENSP00000357384,0.836
9606.ENSP00000263579,0.834
9606.ENSP00000474560,0.831
9606.ENSP00000377640,0.827
9606.ENSP00000314901,0.825
9606.ENSP00000314029,0.823
9606.ENSP00000303147,0.823
9606.ENSP00000449328,0.822
9606.ENSP00000255192,0.82
9606.ENSP00000498662,0.817
9606.ENSP00000445929,0.817
9606.ENSP00000366015,0.817
9606.ENSP00000321573,0.816
9606.ENSP00000499501,0.815
9606.ENSP00000225430,0.813
9606.ENSP00000043402,0.813
9606.ENSP00000482810,0.809
9606.ENSP00000247470,0.809
9606.ENSP00000369784,0.809
9606.ENSP00000363993,0.809
9606.ENSP00000482760,0.807
9606.ENSP00000456974,0.807
9606.ENSP00000265565,0.806
9606.ENSP00000324343,0.806
9606.ENSP00000300574,0.803
9606.ENSP00000380333,0.8
9606.ENSP00000305260,0.798
9606.ENSP00000291759,0.798
9606.ENSP00000493594,0.798
9606.ENSP00000243938,0.797
9606.ENSP00000347823,0.792
9606.ENSP00000233997,0.792
9606.ENSP00000422007,0.791
9606.ENSP00000480359,0.791
9606.ENSP00000415786,0.791
9606.ENSP00000378563,0.789
9606.ENSP00000351619,0.787
9606.ENSP00000363382,0.785
9606.ENSP00000362010,0.785
9606.ENSP00000466010,0.783
9606.ENSP00000205061,0.781
9606.ENSP00000340546,0.781
9606.ENSP00000436318,0.779
9606.ENSP00000269503,0.779
9606.ENSP00000331087,0.777
9606.ENSP00000341885,0.775
9606.ENSP00000285208,0.774
9606.ENSP00000294189,0.772
9606.ENSP00000326031,0.772
9606.ENSP00000340305,0.769
9606.ENSP00000410059,0.768
9606.ENSP00000376609,0.768
9606.ENSP00000377833,0.768
9606.ENSP00000318868,0.767
9606.ENSP00000427424,0.767
9606.ENSP00000428982,0.766
9606.ENSP00000346827,0.765
9606.ENSP00000362807,0.764
9606.ENSP00000296861,0.761
9606.ENSP00000221847,0.76
9606.ENSP00000444357,0.759
9606.ENSP00000377582,0.759
9606.ENSP00000386380,0.759
9606.ENSP00000378786,0.757
9606.ENSP00000359258,0.757
9606.ENSP00000410769,0.755
9606.ENSP00000296658,0.754
9606.ENSP00000232217,0.752
9606.ENSP00000340668,0.752
9606.ENSP00000428845,0.751
9606.ENSP00000284767,0.751
9606.ENSP00000338964,0.75
9606.ENSP00000252809,0.75
9606.ENSP00000357835,0.748
9606.ENSP00000367315,0.748
9606.ENSP00000284031,0.748
9606.ENSP00000339824,0.747
9606.ENSP00000377061,0.747
9606.ENSP00000466818,0.746
9606.ENSP00000303550,0.746
9606.ENSP00000321005,0.746
9606.ENSP00000375076,0.745
9606.ENSP00000478059,0.745
9606.ENSP00000357106,0.744
9606.ENSP00000223357,0.743
9606.ENSP00000228463,0.742
9606.ENSP00000217402,0.74
9606.ENSP00000300283,0.74
9606.ENSP00000406577,0.74
9606.ENSP00000346251,0.738
9606.ENSP00000372394,0.736
9606.ENSP00000388825,0.735
9606.ENSP00000379506,0.735
9606.ENSP00000422896,0.734
9606.ENSP00000335620,0.733
9606.ENSP00000378359,0.729
9606.ENSP00000249363,0.728
9606.ENSP00000308430,0.728
9606.ENSP00000261292,0.721
9606.ENSP00000257861,0.721
9606.ENSP00000295927,0.721
9606.ENSP00000485525,0.721
9606.ENSP00000308944,0.719
9606.ENSP00000356791,0.719
9606.ENSP00000265838,0.719
9606.ENSP00000222968,0.719
9606.ENSP00000265195,0.718
9606.ENSP00000248572,0.717
9606.ENSP00000375234,0.717
9606.ENSP00000360776,0.717
9606.ENSP00000239367,0.715
9606.ENSP00000367655,0.713
9606.ENSP00000222002,0.713
9606.ENSP00000255087,0.713
9606.ENSP00000285735,0.713
9606.ENSP00000299299,0.712
9606.ENSP00000387882,0.711
9606.ENSP00000360671,0.711
9606.ENSP00000428085,0.709
9606.ENSP00000398722,0.709
9606.ENSP00000330523,0.709
9606.ENSP00000359540,0.709
9606.ENSP00000251691,0.708
9606.ENSP00000484609,0.707
9606.ENSP00000423674,0.707
9606.ENSP00000359098,0.705
9606.ENSP00000362329,0.705
9606.ENSP00000269392,0.703
9606.ENSP00000380958,0.703
9606.ENSP00000222481,0.7
9606.ENSP00000296255,0.699
9606.ENSP00000368066,0.699
9606.ENSP00000369915,0.697
9606.ENSP00000307214,0.696
9606.ENSP00000323856,0.695
9606.ENSP00000367263,0.694
9606.ENSP00000346762,0.694
9606.ENSP00000447001,0.693
9606.ENSP00000359693,0.689
9606.ENSP00000452123,0.689
9606.ENSP00000360473,0.689
9606.ENSP00000359410,0.686
9606.ENSP00000401980,0.686
9606.ENSP00000380378,0.684
9606.ENSP00000304891,0.684
9606.ENSP00000427552,0.683
9606.ENSP00000386894,0.682
9606.ENSP00000366950,0.681
9606.ENSP00000499241,0.681
9606.ENSP00000291565,0.68
9606.ENSP00000329360,0.679
9606.ENSP00000001008,0.679
9606.ENSP00000386041,0.676
9606.ENSP00000441875,0.675
9606.ENSP00000346158,0.674
9606.ENSP00000344504,0.674
9606.ENSP00000416429,0.673
9606.ENSP00000379895,0.672
9606.ENSP00000280605,0.672
9606.ENSP00000222553,0.671
9606.ENSP00000385452,0.67
9606.ENSP00000340409,0.67
9606.ENSP00000377995,0.669
9606.ENSP00000306328,0.669
9606.ENSP00000431813,0.667
9606.ENSP00000260563,0.664
9606.ENSP00000358510,0.664
9606.ENSP00000375232,0.663
9606.ENSP00000406598,0.663
9606.ENSP00000312734,0.663
9606.ENSP00000336868,0.662
9606.ENSP00000216254,0.662
9606.ENSP00000258424,0.661
9606.ENSP00000370975,0.658
9606.ENSP00000366970,0.656
9606.ENSP00000351905,0.654
9606.ENSP00000378812,0.653
9606.ENSP00000361965,0.653
9606.ENSP00000292169,0.652
9606.ENSP00000327545,0.652
9606.ENSP00000393845,0.651
9606.ENSP00000230085,0.651
9606.ENSP00000242786,0.651
9606.ENSP00000284818,0.649
9606.ENSP00000275560,0.648
9606.ENSP00000293362,0.648
9606.ENSP00000398803,0.647
9606.ENSP00000337838,0.647
9606.ENSP00000017003,0.642
9606.ENSP00000493688,0.642
9606.ENSP00000387164,0.641
9606.ENSP00000307549,0.641
9606.ENSP00000457386,0.641
9606.ENSP00000449770,0.64
9606.ENSP00000334448,0.639
9606.ENSP00000343129,0.639
9606.ENSP00000297347,0.638
9606.ENSP00000367096,0.638
9606.ENSP00000317331,0.638
9606.ENSP00000324672,0.634
9606.ENSP00000310585,0.633
9606.ENSP00000355377,0.633
9606.ENSP00000386959,0.63
9606.ENSP00000306752,0.629
9606.ENSP00000295448,0.629
9606.ENSP00000254029,0.628
9606.ENSP00000259253,0.627
9606.ENSP00000287667,0.627
9606.ENSP00000254528,0.626
9606.ENSP00000420168,0.626
9606.ENSP00000376421,0.624
9606.ENSP00000413606,0.624
9606.ENSP00000286548,0.624
9606.ENSP00000342056,0.622
9606.ENSP00000373706,0.62
9606.ENSP00000298786,0.619
9606.ENSP00000464317,0.619
9606.ENSP00000499089,0.618
9606.ENSP00000331242,0.618
9606.ENSP00000296027,0.617
9606.ENSP00000346001,0.616
9606.ENSP00000378897,0.616
9606.ENSP00000306920,0.615
9606.ENSP00000369757,0.615
9606.ENSP00000311300,0.614
9606.ENSP00000329662,0.614
9606.ENSP00000347046,0.611
9606.ENSP00000359719,0.611
9606.ENSP00000365950,0.611
9606.ENSP00000306157,0.609
9606.ENSP00000348316,0.609
9606.ENSP00000225792,0.605
9606.ENSP00000353203,0.605
9606.ENSP00000348056,0.604
9606.ENSP00000303987,0.604
9606.ENSP00000398568,0.603
9606.ENSP00000320043,0.602
9606.ENSP00000220772,0.601
9606.ENSP00000222219,0.599
9606.ENSP00000451080,0.598
9606.ENSP00000439601,0.597
9606.ENSP00000335203,0.596
9606.ENSP00000264553,0.595
9606.ENSP00000297904,0.594
9606.ENSP00000365063,0.594
9606.ENSP00000401678,0.594
9606.ENSP00000438262,0.593
9606.ENSP00000348959,0.593
9606.ENSP00000435289,0.591
9606.ENSP00000417748,0.589
9606.ENSP00000349595,0.589
9606.ENSP00000406482,0.588
9606.ENSP00000207549,0.588
9606.ENSP00000299855,0.587
9606.ENSP00000311713,0.585
9606.ENSP00000366430,0.584
9606.ENSP00000377446,0.584
9606.ENSP00000272252,0.583
9606.ENSP00000421592,0.583
9606.ENSP00000481244,0.582
9606.ENSP00000381086,0.581
9606.ENSP00000287008,0.581
9606.ENSP00000357768,0.58
9606.ENSP00000357773,0.58
9606.ENSP00000233154,0.578
9606.ENSP00000452762,0.577
9606.ENSP00000373586,0.577
9606.ENSP00000429824,0.577
9606.ENSP00000378769,0.576
9606.ENSP00000383232,0.575
9606.ENSP00000377470,0.574
9606.ENSP00000364114,0.574
9606.ENSP00000341779,0.574
9606.ENSP00000225719,0.573
9606.ENSP00000355577,0.572
9606.ENSP00000361287,0.572
9606.ENSP00000443965,0.572
9606.ENSP00000296506,0.571
9606.ENSP00000312070,0.57
9606.ENSP00000259469,0.57
9606.ENSP00000499465,0.569
9606.ENSP00000357152,0.569
9606.ENSP00000266736,0.569
9606.ENSP00000387662,0.569
9606.ENSP00000261023,0.569
9606.ENSP00000366307,0.569
9606.ENSP00000385749,0.568
9606.ENSP00000432412,0.568
9606.ENSP00000287143,0.568
9606.ENSP00000350757,0.568
9606.ENSP00000357766,0.568
9606.ENSP00000215570,0.567
9606.ENSP00000370593,0.566
9606.ENSP00000368767,0.565
9606.ENSP00000418572,0.565
9606.ENSP00000261733,0.564
9606.ENSP00000331734,0.564
9606.ENSP00000222005,0.564
9606.ENSP00000295491,0.562
9606.ENSP00000360645,0.561
9606.ENSP00000387757,0.561
9606.ENSP00000253799,0.561
9606.ENSP00000246868,0.559
9606.ENSP00000430269,0.559
9606.ENSP00000342109,0.559
9606.ENSP00000244020,0.558
9606.ENSP00000265362,0.557
9606.ENSP00000370517,0.556
9606.ENSP00000423563,0.555
9606.ENSP00000225371,0.554
9606.ENSP00000356319,0.553
9606.ENSP00000332806,0.552
9606.ENSP00000344786,0.552
9606.ENSP00000297265,0.552
9606.ENSP00000369139,0.551
9606.ENSP00000319788,0.55
9606.ENSP00000237530,0.55
9606.ENSP00000436455,0.55
9606.ENSP00000318635,0.549
9606.ENSP00000364685,0.549
9606.ENSP00000475750,0.548
9606.ENSP00000316809,0.547
9606.ENSP00000222725,0.547
9606.ENSP00000444425,0.546
9606.ENSP00000379802,0.545
9606.ENSP00000362592,0.545
9606.ENSP00000300175,0.544
9606.ENSP00000409666,0.543
9606.ENSP00000204604,0.543
9606.ENSP00000298248,0.543
9606.ENSP00000465103,0.541
9606.ENSP00000501245,0.541
9606.ENSP00000217195,0.541
9606.ENSP00000259056,0.54
9606.ENSP00000358921,0.54
9606.ENSP00000229268,0.538
9606.ENSP00000262644,0.538
9606.ENSP00000444935,0.538
9606.ENSP00000355470,0.537
9606.ENSP00000216044,0.536
9606.ENSP00000304592,0.534
9606.ENSP00000478672,0.534
9606.ENSP00000493780,0.534
9606.ENSP00000362409,0.534
9606.ENSP00000366955,0.533
9606.ENSP00000362744,0.533
9606.ENSP00000342374,0.533
9606.ENSP00000417354,0.533
9606.ENSP00000350676,0.532
9606.ENSP00000355330,0.531
9606.ENSP00000040663,0.53
9606.ENSP00000362207,0.528
9606.ENSP00000431482,0.527
9606.ENSP00000364486,0.526
9606.ENSP00000437737,0.526
9606.ENSP00000399229,0.526
9606.ENSP00000301046,0.525
9606.ENSP00000383115,0.524
9606.ENSP00000372221,0.523
9606.ENSP00000259951,0.523
9606.ENSP00000265395,0.522
9606.ENSP00000350896,0.522
9606.ENSP00000306010,0.521
9606.ENSP00000419945,0.52
9606.ENSP00000382274,0.519
9606.ENSP00000210633,0.519
9606.ENSP00000482801,0.518
9606.ENSP00000357695,0.516
9606.ENSP00000249014,0.515
9606.ENSP00000368496,0.515
9606.ENSP00000345107,0.514
9606.ENSP00000295992,0.514
9606.ENSP00000401437,0.514
9606.ENSP00000399888,0.513
9606.ENSP00000303920,0.512
9606.ENSP00000389289,0.512
9606.ENSP00000477502,0.511
9606.ENSP00000347948,0.51
9606.ENSP00000264637,0.51
9606.ENSP00000325376,0.509
9606.ENSP00000428540,0.508
9606.ENSP00000382434,0.508
9606.ENSP00000500329,0.508
9606.ENSP00000362900,0.507
9606.ENSP00000380310,0.506
9606.ENSP00000417185,0.506
9606.ENSP00000497249,0.506
9606.ENSP00000364028,0.505
9606.ENSP00000386559,0.503
9606.ENSP00000366819,0.501
9606.ENSP00000334186,0.501
9606.ENSP00000254108,0.501
9606.ENSP00000333441,0.501
9606.ENSP00000360569,0.5
9606.ENSP00000446271,0.5
9606.ENSP00000359211,0.498
9606.ENSP00000386104,0.497
9606.ENSP00000312673,0.497
9606.ENSP00000269202,0.497
9606.ENSP00000297156,0.496
9606.ENSP00000421710,0.496
9606.ENSP00000463051,0.495
9606.ENSP00000209875,0.494
9606.ENSP00000243457,0.494
9606.ENSP00000280346,0.493
9606.ENSP00000248594,0.491
9606.ENSP00000365730,0.491
9606.ENSP00000334922,0.491
9606.ENSP00000273450,0.49
9606.ENSP00000404121,0.489
9606.ENSP00000359645,0.488
9606.ENSP00000262865,0.488
9606.ENSP00000231004,0.487
9606.ENSP00000004982,0.487
9606.ENSP00000419665,0.486
9606.ENSP00000419411,0.486
9606.ENSP00000498336,0.485
9606.ENSP00000408910,0.485
9606.ENSP00000258145,0.484
9606.ENSP00000309524,0.484
9606.ENSP00000406229,0.483
9606.ENSP00000487693,0.483
9606.ENSP00000402584,0.482
9606.ENSP00000425561,0.482
9606.ENSP00000328444,0.482
9606.ENSP00000328729,0.481
9606.ENSP00000339238,0.481
9606.ENSP00000331258,0.48
9606.ENSP00000361635,0.479
9606.ENSP00000265643,0.479
9606.ENSP00000454786,0.479
9606.ENSP00000371193,0.479
9606.ENSP00000329522,0.477
9606.ENSP00000265866,0.477
9606.ENSP00000389414,0.475
9606.ENSP00000265634,0.475
9606.ENSP00000236826,0.474
9606.ENSP00000428340,0.472
9606.ENSP00000353769,0.472
9606.ENSP00000454341,0.472
9606.ENSP00000396527,0.471
9606.ENSP00000404570,0.471
9606.ENSP00000410992,0.47
9606.ENSP00000332049,0.47
9606.ENSP00000251535,0.47
9606.ENSP00000261427,0.47
9606.ENSP00000370635,0.47
9606.ENSP00000317257,0.469
9606.ENSP00000356602,0.469
9606.ENSP00000332511,0.468
9606.ENSP00000346805,0.468
9606.ENSP00000357776,0.466
9606.ENSP00000380856,0.465
9606.ENSP00000258201,0.465
9606.ENSP00000343957,0.465
9606.ENSP00000297848,0.465
9606.ENSP00000246115,0.464
9606.ENSP00000416033,0.464
9606.ENSP00000353654,0.464
9606.ENSP00000362441,0.463
9606.ENSP00000367762,0.463
9606.ENSP00000351539,0.463
9606.ENSP00000407822,0.462
9606.ENSP00000296420,0.462
9606.ENSP00000260447,0.461
9606.ENSP00000478121,0.461
9606.ENSP00000400894,0.46
9606.ENSP00000258613,0.459
9606.ENSP00000498660,0.459
9606.ENSP00000256858,0.458
9606.ENSP00000430620,0.458
9606.ENSP00000304782,0.457
9606.ENSP00000339912,0.457
9606.ENSP00000302728,0.456
9606.ENSP00000254166,0.456
9606.ENSP00000497641,0.456
9606.ENSP00000358081,0.456
9606.ENSP00000431076,0.456
9606.ENSP00000440826,0.456
9606.ENSP00000497260,0.456
9606.ENSP00000297435,0.455
9606.ENSP00000224721,0.455
9606.ENSP00000329403,0.455
9606.ENSP00000273353,0.455
9606.ENSP00000311221,0.454
9606.ENSP00000463393,0.453
9606.ENSP00000388311,0.452
9606.ENSP00000466009,0.451
9606.ENSP00000374332,0.45
9606.ENSP00000298281,0.449
9606.ENSP00000480535,0.448
9606.ENSP00000252939,0.447
9606.ENSP00000358867,0.447
9606.ENSP00000375108,0.447
9606.ENSP00000365891,0.446
9606.ENSP00000371152,0.446
9606.ENSP00000363071,0.446
9606.ENSP00000333947,0.445
9606.ENSP00000221418,0.444
9606.ENSP00000287202,0.443
9606.ENSP00000376330,0.442
9606.ENSP00000263212,0.442
9606.ENSP00000297107,0.44
9606.ENSP00000369146,0.439
9606.ENSP00000282018,0.438
9606.ENSP00000364813,0.437
9606.ENSP00000340983,0.437
9606.ENSP00000365220,0.436
9606.ENSP00000349252,0.436
9606.ENSP00000268379,0.436
9606.ENSP00000383938,0.434
9606.ENSP00000312617,0.434
9606.ENSP00000300605,0.434
9606.ENSP00000358547,0.434
9606.ENSP00000370812,0.433
9606.ENSP00000381129,0.432
9606.ENSP00000341490,0.432
9606.ENSP00000245121,0.432
9606.ENSP00000315383,0.431
9606.ENSP00000371548,0.431
9606.ENSP00000481314,0.43
9606.ENSP00000054666,0.429
9606.ENSP00000498991,0.428
9606.ENSP00000292432,0.428
9606.ENSP00000359297,0.427
9606.ENSP00000377047,0.427
9606.ENSP00000352849,0.425
9606.ENSP00000498466,0.425
9606.ENSP00000257789,0.425
9606.ENSP00000385828,0.424
9606.ENSP00000498358,0.424
9606.ENSP00000419446,0.424
9606.ENSP00000497413,0.424
9606.ENSP00000363840,0.423
9606.ENSP00000238738,0.422
9606.ENSP00000319501,0.421
9606.ENSP00000280800,0.421
9606.ENSP00000377576,0.421
9606.ENSP00000462468,0.421
9606.ENSP00000424571,0.421
9606.ENSP00000494697,0.42
9606.ENSP00000496129,0.419
9606.ENSP00000319255,0.419
9606.ENSP00000290231,0.418
9606.ENSP00000293350,0.418
9606.ENSP00000316779,0.418
9606.ENSP00000451261,0.417
9606.ENSP00000451712,0.417
9606.ENSP00000294964,0.415
9606.ENSP00000301263,0.415
9606.ENSP00000357008,0.414
9606.ENSP00000008527,0.413
9606.ENSP00000263645,0.413
9606.ENSP00000263277,0.413
9606.ENSP00000418082,0.412
9606.ENSP00000368818,0.412
9606.ENSP00000168216,0.411
9606.ENSP00000357633,0.411
9606.ENSP00000328777,0.411
9606.ENSP00000262942,0.41
9606.ENSP00000361900,0.41
9606.ENSP00000263733,0.41
9606.ENSP00000295694,0.409
9606.ENSP00000484472,0.409
9606.ENSP00000377060,0.408
9606.ENSP00000383376,0.408
9606.ENSP00000371336,0.408
9606.ENSP00000354720,0.408
9606.ENSP00000370808,0.407
9606.ENSP00000085068,0.406
9606.ENSP00000387050,0.405
9606.ENSP00000246548,0.405
9606.ENSP00000384564,0.405
9606.ENSP00000376506,0.404
9606.ENSP00000368458,0.404
9606.ENSP00000232461,0.403
9606.ENSP00000288228,0.403
9606.ENSP00000365569,0.403
9606.ENSP00000306105,0.402
9606.ENSP00000394051,0.401
9606.ENSP00000313420,0.401
9606.ENSP00000304133,0.4
9606.ENSP00000221419,0.399
9606.ENSP00000210313,0.399
9606.ENSP00000311469,0.398
9606.ENSP00000261868,0.398
9606.ENSP00000375151,0.397
9606.ENSP00000353462,0.395
9606.ENSP00000353646,0.394
9606.ENSP00000356257,0.393
9606.ENSP00000355396,0.392
9606.ENSP00000320089,0.392
9606.ENSP00000452521,0.392
9606.ENSP00000421566,0.391
9606.ENSP00000327054,0.39
9606.ENSP00000278836,0.389
9606.ENSP00000388806,0.389
9606.ENSP00000256001,0.389
9606.ENSP00000287641,0.389
9606.ENSP00000217958,0.389
9606.ENSP00000263071,0.389
9606.ENSP00000418593,0.388
9606.ENSP00000345361,0.386
9606.ENSP00000450480,0.386
9606.ENSP00000321070,0.386
9606.ENSP00000365227,0.386
9606.ENSP00000238721,0.385
9606.ENSP00000281589,0.385
9606.ENSP00000220592,0.384
9606.ENSP00000262494,0.384
9606.ENSP00000271588,0.382
9606.ENSP00000377681,0.381
9606.ENSP00000499067,0.381
9606.ENSP00000349748,0.381
9606.ENSP00000261797,0.381
9606.ENSP00000265909,0.381
9606.ENSP00000344577,0.38
9606.ENSP00000261858,0.38
9606.ENSP00000006053,0.38
9606.ENSP00000392330,0.38
9606.ENSP00000356520,0.38
9606.ENSP00000373073,0.38
9606.ENSP00000350673,0.378
9606.ENSP00000356230,0.377
9606.ENSP00000300784,0.377
9606.ENSP00000494664,0.376
9606.ENSP00000371594,0.376
9606.ENSP00000358414,0.375
9606.ENSP00000303211,0.373
9606.ENSP00000296452,0.372
9606.ENSP00000245539,0.372
9606.ENSP00000497443,0.371
9606.ENSP00000416558,0.371
9606.ENSP00000294618,0.37
9606.ENSP00000441434,0.37
9606.ENSP00000210187,0.37
9606.ENSP00000365312,0.37
9606.ENSP00000269571,0.369
9606.ENSP00000266031,0.369
9606.ENSP00000363162,0.369
9606.ENSP00000452120,0.368
9606.ENSP00000300245,0.367
9606.ENSP00000380074,0.367
9606.ENSP00000225726,0.367
9606.ENSP00000278742,0.366
9606.ENSP00000203407,0.366
9606.ENSP00000379339,0.365
9606.ENSP00000234347,0.365
9606.ENSP00000243347,0.365
9606.ENSP00000357080,0.364
9606.ENSP00000255120,0.363
9606.ENSP00000498852,0.362
9606.ENSP00000336687,0.36
9606.ENSP00000248923,0.36
9606.ENSP00000493023,0.36
9606.ENSP00000364293,0.359
9606.ENSP00000434241,0.359
9606.ENSP00000446828,0.359
9606.ENSP00000428924,0.359
9606.ENSP00000407301,0.358
9606.ENSP00000331209,0.358
9606.ENSP00000356436,0.358
9606.ENSP00000363559,0.358
9606.ENSP00000262424,0.357
9606.ENSP00000391488,0.357
9606.ENSP00000225525,0.356
9606.ENSP00000480853,0.356
9606.ENSP00000262207,0.356
9606.ENSP00000261921,0.355
9606.ENSP00000428544,0.354
9606.ENSP00000346671,0.354
9606.ENSP00000414398,0.354
9606.ENSP00000360688,0.353
9606.ENSP00000307900,0.353
9606.ENSP00000378588,0.352
9606.ENSP00000417175,0.352
9606.ENSP00000274024,0.352
9606.ENSP00000463784,0.351
9606.ENSP00000346340,0.351
9606.ENSP00000335196,0.351
9606.ENSP00000408526,0.35
9606.ENSP00000362638,0.35
9606.ENSP00000254072,0.35
9606.ENSP00000324857,0.349
9606.ENSP00000337632,0.348
9606.ENSP00000222390,0.348
9606.ENSP00000352138,0.347
9606.ENSP00000277570,0.347
9606.ENSP00000432768,0.347
9606.ENSP00000358851,0.347
9606.ENSP00000403077,0.346
9606.ENSP00000264954,0.346
9606.ENSP00000416583,0.346
9606.ENSP00000331127,0.346
9606.ENSP00000346015,0.344
9606.ENSP00000379739,0.344
9606.ENSP00000343742,0.343
9606.ENSP00000349436,0.343
9606.ENSP00000359698,0.342
9606.ENSP00000312027,0.342
9606.ENSP00000318912,0.342
9606.ENSP00000385269,0.342
9606.ENSP00000252999,0.341
9606.ENSP00000377075,0.341
9606.ENSP00000450873,0.341
9606.ENSP00000438399,0.34
9606.ENSP00000366161,0.339
9606.ENSP00000254898,0.339
9606.ENSP00000404432,0.338
9606.ENSP00000405165,0.338
9606.ENSP00000331411,0.338
9606.ENSP00000273398,0.337
9606.ENSP00000383894,0.336
9606.ENSP00000262376,0.336
9606.ENSP00000247970,0.336
9606.ENSP00000259407,0.336
9606.ENSP00000482841,0.335
9606.ENSP00000206423,0.335
9606.ENSP00000370074,0.335
9606.ENSP00000462435,0.334
9606.ENSP00000481762,0.334
9606.ENSP00000280557,0.334
9606.ENSP00000162749,0.334
9606.ENSP00000352162,0.333
9606.ENSP00000257359,0.333
9606.ENSP00000463058,0.333
9606.ENSP00000385905,0.333
9606.ENSP00000310094,0.333
9606.ENSP00000232744,0.332
9606.ENSP00000258281,0.332
9606.ENSP00000356634,0.332
9606.ENSP00000362688,0.332
9606.ENSP00000314173,0.332
9606.ENSP00000241261,0.331
9606.ENSP00000311449,0.331
9606.ENSP00000364163,0.331
9606.ENSP00000216190,0.331
9606.ENSP00000356214,0.331
9606.ENSP00000211122,0.33
9606.ENSP00000365505,0.329
9606.ENSP00000353375,0.329
9606.ENSP00000391748,0.328
9606.ENSP00000356989,0.328
9606.ENSP00000234160,0.328
9606.ENSP00000361642,0.328
9606.ENSP00000318799,0.328
9606.ENSP00000339186,0.327
9606.ENSP00000257860,0.326
9606.ENSP00000345282,0.325
9606.ENSP00000333769,0.325
9606.ENSP00000266087,0.324
9606.ENSP00000314543,0.323
9606.ENSP00000315370,0.323
9606.ENSP00000196371,0.322
9606.ENSP00000346103,0.322
9606.ENSP00000494550,0.322
9606.ENSP00000406261,0.322
9606.ENSP00000363832,0.321
9606.ENSP00000295256,0.32
9606.ENSP00000356213,0.32
9606.ENSP00000260599,0.317
9606.ENSP00000270139,0.316
9606.ENSP00000463842,0.316
9606.ENSP00000334287,0.314
9606.ENSP00000498402,0.314
9606.ENSP00000261318,0.313
9606.ENSP00000242208,0.313
9606.ENSP00000499021,0.313
9606.ENSP00000322628,0.313
9606.ENSP00000225512,0.312
9606.ENSP00000333952,0.312
9606.ENSP00000289166,0.312
9606.ENSP00000361926,0.311
9606.ENSP00000350102,0.311
9606.ENSP00000355718,0.31
9606.ENSP00000429309,0.309
9606.ENSP00000247026,0.309
9606.ENSP00000300291,0.309
9606.ENSP00000334051,0.308
9606.ENSP00000310572,0.308
9606.ENSP00000495463,0.308
9606.ENSP00000369293,0.308
9606.ENSP00000376899,0.307
9606.ENSP00000264161,0.307
9606.ENSP00000318804,0.307
9606.ENSP00000216034,0.306
9606.ENSP00000231524,0.306
9606.ENSP00000268712,0.306
9606.ENSP00000295379,0.306
9606.ENSP00000354488,0.305
9606.ENSP00000318716,0.305
9606.ENSP00000493302,0.304
9606.ENSP00000360436,0.304
9606.ENSP00000258317,0.304
9606.ENSP00000322991,0.304
9606.ENSP00000483562,0.303
9606.ENSP00000427279,0.303
9606.ENSP00000266732,0.303
9606.ENSP00000264170,0.302
9606.ENSP00000335006,0.302
9606.ENSP00000498772,0.302
9606.ENSP00000405577,0.302
9606.ENSP00000397563,0.302
9606.ENSP00000316589,0.302
9606.ENSP00000210444,0.302
9606.ENSP00000296026,0.301
9606.ENSP00000481029,0.301
9606.ENSP00000330918,0.3
9606.ENSP00000417580,0.3
9606.ENSP00000379472,0.299
9606.ENSP00000375857,0.299
9606.ENSP00000272902,0.299
9606.ENSP00000253108,0.298
9606.ENSP00000480313,0.298
9606.ENSP00000358309,0.297
9606.ENSP00000223127,0.297
9606.ENSP00000356828,0.297
9606.ENSP00000291577,0.297
9606.ENSP00000280987,0.297
9606.ENSP00000457539,0.296
9606.ENSP00000403039,0.295
9606.ENSP00000400717,0.295
9606.ENSP00000389252,0.295
9606.ENSP00000199708,0.295
9606.ENSP00000355995,0.295
9606.ENSP00000309591,0.294
9606.ENSP00000286175,0.294
9606.ENSP00000166345,0.293
9606.ENSP00000381857,0.293
9606.ENSP00000266735,0.293
9606.ENSP00000228318,0.292
9606.ENSP00000273920,0.291
9606.ENSP00000358460,0.291
9606.ENSP00000485630,0.291
9606.ENSP00000492634,0.291
9606.ENSP00000316737,0.29
9606.ENSP00000357759,0.29
9606.ENSP00000475270,0.29
9606.ENSP00000349541,0.29
9606.ENSP00000387262,0.289
9606.ENSP00000365651,0.289
9606.ENSP00000308815,0.289
9606.ENSP00000394510,0.288
9606.ENSP00000301039,0.287
9606.ENSP00000295777,0.287
9606.ENSP00000367265,0.287
9606.ENSP00000481038,0.287
9606.ENSP00000272238,0.286
9606.ENSP00000496959,0.286
9606.ENSP00000258243,0.286
9606.ENSP00000425634,0.285
9606.ENSP00000360577,0.284
9606.ENSP00000234816,0.284
9606.ENSP00000375622,0.283
9606.ENSP00000411960,0.283
9606.ENSP00000364649,0.283
9606.ENSP00000417898,0.283
9606.ENSP00000224356,0.283
9606.ENSP00000408146,0.283
9606.ENSP00000438406,0.282
9606.ENSP00000217939,0.282
9606.ENSP00000436812,0.281
9606.ENSP00000248444,0.281
9606.ENSP00000175756,0.281
9606.ENSP00000355689,0.28
9606.ENSP00000373918,0.28
9606.ENSP00000325312,0.28
9606.ENSP00000360660,0.28
9606.ENSP00000289968,0.28
9606.ENSP00000221801,0.279
9606.ENSP00000364585,0.279
9606.ENSP00000329890,0.278
9606.ENSP00000466379,0.278
9606.ENSP00000335325,0.278
9606.ENSP00000259667,0.278
9606.ENSP00000343690,0.278
9606.ENSP00000303108,0.278
9606.ENSP00000283871,0.278
9606.ENSP00000466214,0.277
9606.ENSP00000201586,0.277
9606.ENSP00000358939,0.277
9606.ENSP00000483552,0.276
9606.ENSP00000240851,0.276
9606.ENSP00000319918,0.275
9606.ENSP00000392094,0.275
9606.ENSP00000198801,0.275
9606.ENSP00000381339,0.275
9606.ENSP00000334869,0.274
9606.ENSP00000404236,0.274
9606.ENSP00000262306,0.274
9606.ENSP00000380911,0.274
9606.ENSP00000243344,0.274
9606.ENSP00000471041,0.274
9606.ENSP00000199448,0.273
9606.ENSP00000264094,0.273
9606.ENSP00000368808,0.273
9606.ENSP00000497744,0.273
9606.ENSP00000220003,0.273
9606.ENSP00000220420,0.273
9606.ENSP00000353165,0.272
9606.ENSP00000281923,0.272
9606.ENSP00000376807,0.271
9606.ENSP00000303706,0.271
9606.ENSP00000387710,0.271
9606.ENSP00000354876,0.27
9606.ENSP00000363001,0.27
9606.ENSP00000376615,0.27
9606.ENSP00000264028,0.27
9606.ENSP00000317721,0.27
9606.ENSP00000273371,0.268
9606.ENSP00000304987,0.268
9606.ENSP00000332656,0.267
9606.ENSP00000283882,0.267
9606.ENSP00000330433,0.267
9606.ENSP00000280097,0.267
9606.ENSP00000340900,0.267
9606.ENSP00000261574,0.266
9606.ENSP00000333667,0.266
9606.ENSP00000329097,0.266
9606.ENSP00000344166,0.265
9606.ENSP00000308219,0.265
9606.ENSP00000413861,0.264
9606.ENSP00000223136,0.264
9606.ENSP00000251337,0.263
9606.ENSP00000417142,0.263
9606.ENSP00000356263,0.263
9606.ENSP00000366246,0.263
9606.ENSP00000262646,0.262
9606.ENSP00000386766,0.261
9606.ENSP00000294973,0.261
9606.ENSP00000255189,0.261
9606.ENSP00000451976,0.261
9606.ENSP00000283249,0.26
9606.ENSP00000228841,0.26
9606.ENSP00000363638,0.26
9606.ENSP00000344829,0.26
9606.ENSP00000377381,0.26
9606.ENSP00000322524,0.26
9606.ENSP00000244520,0.26
9606.ENSP00000417517,0.26
9606.ENSP00000375150,0.26
9606.ENSP00000480680,0.259
9606.ENSP00000429986,0.259
9606.ENSP00000272937,0.258
9606.ENSP00000338769,0.258
9606.ENSP00000457513,0.258
9606.ENSP00000429931,0.258
9606.ENSP00000388293,0.258
9606.ENSP00000284523,0.257
9606.ENSP00000283916,0.257
9606.ENSP00000368927,0.257
9606.ENSP00000216479,0.257
9606.ENSP00000305529,0.257
9606.ENSP00000368452,0.256
9606.ENSP00000252593,0.256
9606.ENSP00000390204,0.256
9606.ENSP00000361894,0.255
9606.ENSP00000226091,0.255
9606.ENSP00000330746,0.254
9606.ENSP00000266581,0.254
9606.ENSP00000330488,0.254
9606.ENSP00000417335,0.254
9606.ENSP00000362116,0.254
9606.ENSP00000321584,0.253
9606.ENSP00000415676,0.253
9606.ENSP00000369871,0.253
9606.ENSP00000360540,0.253
9606.ENSP00000398610,0.252
9606.ENSP00000352836,0.252
9606.ENSP00000273596,0.252
9606.ENSP00000309415,0.252
9606.ENSP00000437082,0.252
9606.ENSP00000497784,0.252
9606.ENSP00000252071,0.252
9606.ENSP00000305230,0.252
9606.ENSP00000446099,0.252
9606.ENSP00000427679,0.251
9606.ENSP00000359225,0.251
9606.ENSP00000252575,0.25
9606.ENSP00000425824,0.25
9606.ENSP00000360266,0.25
9606.ENSP00000216714,0.249
9606.ENSP00000364000,0.249
9606.ENSP00000374507,0.248
9606.ENSP00000233121,0.248
9606.ENSP00000348982,0.248
9606.ENSP00000262031,0.248
9606.ENSP00000366682,0.248
9606.ENSP00000450353,0.247
9606.ENSP00000389237,0.247
9606.ENSP00000375682,0.247
9606.ENSP00000399457,0.247
9606.ENSP00000392660,0.247
9606.ENSP00000286353,0.247
9606.ENSP00000281456,0.247
9606.ENSP00000297001,0.247
9606.ENSP00000378056,0.246
9606.ENSP00000478755,0.246
9606.ENSP00000432786,0.246
9606.ENSP00000361927,0.245
9606.ENSP00000353284,0.245
9606.ENSP00000295851,0.244
9606.ENSP00000278671,0.244
9606.ENSP00000258052,0.244
9606.ENSP00000290271,0.243
9606.ENSP00000384193,0.243
9606.ENSP00000419325,0.242
9606.ENSP00000463154,0.242
9606.ENSP00000322568,0.242
9606.ENSP00000311984,0.242
9606.ENSP00000361306,0.242
9606.ENSP00000385142,0.241
9606.ENSP00000266712,0.241
9606.ENSP00000387228,0.241
9606.ENSP00000411013,0.24
9606.ENSP00000483110,0.24
9606.ENSP00000373702,0.24
9606.ENSP00000483786,0.239
9606.ENSP00000383365,0.239
9606.ENSP00000319664,0.239
9606.ENSP00000306844,0.239
9606.ENSP00000425759,0.239
9606.ENSP00000356405,0.239
9606.ENSP00000221566,0.238
9606.ENSP00000338039,0.238
9606.ENSP00000385300,0.237
9606.ENSP00000339720,0.237
9606.ENSP00000358737,0.237
9606.ENSP00000371253,0.237
9606.ENSP00000361512,0.237
9606.ENSP00000487365,0.237
9606.ENSP00000364589,0.237
9606.ENSP00000317144,0.237
9606.ENSP00000370023,0.236
9606.ENSP00000411198,0.236
9606.ENSP00000389297,0.236
9606.ENSP00000400113,0.236
9606.ENSP00000379330,0.235
9606.ENSP00000349142,0.235
9606.ENSP00000466025,0.235
9606.ENSP00000359990,0.235
9606.ENSP00000264741,0.235
9606.ENSP00000351926,0.234
9606.ENSP00000446100,0.234
9606.ENSP00000298283,0.234
9606.ENSP00000252622,0.234
9606.ENSP00000417277,0.233
9606.ENSP00000261167,0.233
9606.ENSP00000314733,0.233
9606.ENSP00000308610,0.233
9606.ENSP00000299259,0.233
9606.ENSP00000324204,0.232
9606.ENSP00000385523,0.232
9606.ENSP00000448035,0.232
9606.ENSP00000227525,0.232
9606.ENSP00000375149,0.231
9606.ENSP00000308725,0.231
9606.ENSP00000055335,0.231
9606.ENSP00000256925,0.231
9606.ENSP00000322579,0.231
9606.ENSP00000459566,0.23
9606.ENSP00000396301,0.23
9606.ENSP00000298316,0.23
9606.ENSP00000193322,0.229
9606.ENSP00000487444,0.229
9606.ENSP00000410910,0.229
9606.ENSP00000307540,0.229
9606.ENSP00000259206,0.228
9606.ENSP00000320485,0.228
9606.ENSP00000441158,0.228
9606.ENSP00000303758,0.228
9606.ENSP00000419449,0.227
9606.ENSP00000263694,0.227
9606.ENSP00000450909,0.227
9606.ENSP00000360365,0.227
9606.ENSP00000377862,0.226
9606.ENSP00000338369,0.226
9606.ENSP00000220616,0.226
9606.ENSP00000350162,0.226
9606.ENSP00000257414,0.226
9606.ENSP00000291554,0.226
9606.ENSP00000482816,0.226
9606.ENSP00000467141,0.226
9606.ENSP00000401502,0.225
9606.ENSP00000367893,0.225
9606.ENSP00000368920,0.225
9606.ENSP00000383168,0.225
9606.ENSP00000446743,0.224
9606.ENSP00000376077,0.224
9606.ENSP00000309968,0.224
9606.ENSP00000282486,0.224
9606.ENSP00000281187,0.224
9606.ENSP00000354669,0.224
9606.ENSP00000492441,0.224
9606.ENSP00000354346,0.223
9606.ENSP00000373860,0.223
9606.ENSP00000447942,0.223
9606.ENSP00000221855,0.222
9606.ENSP00000361949,0.221
9606.ENSP00000438483,0.221
9606.ENSP00000303145,0.221
9606.ENSP00000274457,0.22
9606.ENSP00000352956,0.22
9606.ENSP00000499232,0.22
9606.ENSP00000363557,0.22
9606.ENSP00000284273,0.219
9606.ENSP00000310117,0.219
9606.ENSP00000365462,0.219
9606.ENSP00000430432,0.219
9606.ENSP00000323328,0.219
9606.ENSP00000322396,0.219
9606.ENSP00000493153,0.218
9606.ENSP00000326706,0.218
9606.ENSP00000325690,0.218
9606.ENSP00000359675,0.218
9606.ENSP00000299138,0.217
9606.ENSP00000498766,0.217
9606.ENSP00000301012,0.217
9606.ENSP00000387159,0.217
9606.ENSP00000391788,0.217
9606.ENSP00000288087,0.216
9606.ENSP00000406022,0.215
9606.ENSP00000343479,0.215
9606.ENSP00000281031,0.215
9606.ENSP00000222247,0.215
9606.ENSP00000301458,0.215
9606.ENSP00000276651,0.215
9606.ENSP00000399862,0.214
9606.ENSP00000348381,0.214
9606.ENSP00000246529,0.214
9606.ENSP00000270645,0.214
9606.ENSP00000359663,0.213
9606.ENSP00000312834,0.213
9606.ENSP00000366898,0.213
9606.ENSP00000322706,0.213
9606.ENSP00000378260,0.213
9606.ENSP00000219313,0.213
9606.ENSP00000261015,0.212
9606.ENSP00000215375,0.212
9606.ENSP00000417235,0.212
9606.ENSP00000253754,0.211
9606.ENSP00000341944,0.211
9606.ENSP00000356468,0.211
9606.ENSP00000307241,0.21
9606.ENSP00000247226,0.21
9606.ENSP00000357012,0.21
9606.ENSP00000380033,0.21
9606.ENSP00000335557,0.21
9606.ENSP00000217173,0.21
9606.ENSP00000412361,0.21
9606.ENSP00000319060,0.21
9606.ENSP00000391249,0.21
9606.ENSP00000328169,0.209
9606.ENSP00000497326,0.209
9606.ENSP00000331368,0.209
9606.ENSP00000358464,0.209
9606.ENSP00000356982,0.209
9606.ENSP00000319096,0.209
9606.ENSP00000355241,0.209
9606.ENSP00000366519,0.208
9606.ENSP00000365963,0.208
9606.ENSP00000251582,0.207
9606.ENSP00000392270,0.207
9606.ENSP00000391311,0.207
9606.ENSP00000481542,0.207
9606.ENSP00000367151,0.207
9606.ENSP00000289746,0.207
9606.ENSP00000451300,0.206
9606.ENSP00000256644,0.206
9606.ENSP00000350199,0.206
9606.ENSP00000317175,0.206
9606.ENSP00000310129,0.206
9606.ENSP00000290299,0.205
9606.ENSP00000428223,0.205
9606.ENSP00000354919,0.204
9606.ENSP00000366288,0.204
9606.ENSP00000482613,0.204
9606.ENSP00000280377,0.204
9606.ENSP00000387123,0.204
9606.ENSP00000375730,0.204
9606.ENSP00000363822,0.204
9606.ENSP00000421965,0.203
9606.ENSP00000264932,0.203
9606.ENSP00000266557,0.203
9606.ENSP00000353007,0.203
9606.ENSP00000354251,0.203
9606.ENSP00000347942,0.203
9606.ENSP00000220764,0.203
9606.ENSP00000464121,0.202
9606.ENSP00000303423,0.202
9606.ENSP00000359393,0.202
9606.ENSP00000318177,0.202
9606.ENSP00000369424,0.202
9606.ENSP00000262150,0.201
9606.ENSP00000343636,0.201
9606.ENSP00000364898,0.201
9606.ENSP00000476252,0.201
9606.ENSP00000442397,0.201
9606.ENSP00000391211,0.201
9606.ENSP00000376919,0.2
9606.ENSP00000485527,0.2
9606.ENSP00000499044,0.2
9606.ENSP00000362682,0.199
9606.ENSP00000464383,0.199
9606.ENSP00000265164,0.199
9606.ENSP00000483254,0.199
9606.ENSP00000367038,0.199
9606.ENSP00000262225,0.199
9606.ENSP00000392767,0.198
9606.ENSP00000379678,0.198
9606.ENSP00000350734,0.198
9606.ENSP00000384477,0.197
9606.ENSP00000358840,0.197
9606.ENSP00000273308,0.196
9606.ENSP00000346027,0.196
9606.ENSP00000350085,0.196
9606.ENSP00000267113,0.195
9606.ENSP00000321848,0.195
9606.ENSP00000478892,0.195
9606.ENSP00000447852,0.195
9606.ENSP00000381231,0.194
9606.ENSP00000238508,0.194
9606.ENSP00000500094,0.194
9606.ENSP00000349727,0.194
9606.ENSP00000368278,0.194
9606.ENSP00000480428,0.193
9606.ENSP00000368952,0.193
9606.ENSP00000369979,0.193
9606.ENSP00000362551,0.193
9606.ENSP00000300688,0.193
9606.ENSP00000310928,0.193
9606.ENSP00000354360,0.192
9606.ENSP00000157812,0.192
9606.ENSP00000369702,0.192
9606.ENSP00000384109,0.192
9606.ENSP00000263088,0.192
9606.ENSP00000347755,0.192
9606.ENSP00000296581,0.191
9606.ENSP00000224652,0.191
9606.ENSP00000378368,0.19
9606.ENSP00000338727,0.19
9606.ENSP00000338967,0.19
9606.ENSP00000364193,0.19
9606.ENSP00000458770,0.19
9606.ENSP00000368517,0.19
9606.ENSP00000330389,0.189
9606.ENSP00000440847,0.189
9606.ENSP00000395590,0.189
9606.ENSP00000367797,0.189
9606.ENSP00000491657,0.189
9606.ENSP00000477856,0.188
9606.ENSP00000495274,0.188
9606.ENSP00000420195,0.188
9606.ENSP00000346120,0.188
9606.ENSP00000357158,0.188
9606.ENSP00000264758,0.188
9606.ENSP00000414906,0.188
9606.ENSP00000296046,0.188
9606.ENSP00000172229,0.187
9606.ENSP00000369286,0.187
9606.ENSP00000418525,0.187
9606.ENSP00000370737,0.187
9606.ENSP00000301764,0.186
9606.ENSP00000359804,0.186
9606.ENSP00000349274,0.186
9606.ENSP00000290216,0.186
9606.ENSP00000272444,0.186
9606.ENSP00000296464,0.186
9606.ENSP00000277225,0.186
9606.ENSP00000403536,0.186
9606.ENSP00000263314,0.186
9606.ENSP00000361993,0.185
9606.ENSP00000472710,0.185
9606.ENSP00000321348,0.185
9606.ENSP00000299441,0.185
9606.ENSP00000263208,0.185
9606.ENSP00000414321,0.185
9606.ENSP00000308292,0.185
9606.ENSP00000318297,0.184
9606.ENSP00000292782,0.184
9606.ENSP00000228136,0.184
9606.ENSP00000248098,0.184
9606.ENSP00000375881,0.184
9606.ENSP00000470059,0.183
9606.ENSP00000225519,0.183
9606.ENSP00000233468,0.183
9606.ENSP00000432770,0.182
9606.ENSP00000220809,0.182
9606.ENSP00000369456,0.181
9606.ENSP00000294904,0.181
9606.ENSP00000380365,0.181
9606.ENSP00000378965,0.18
9606.ENSP00000404375,0.18
9606.ENSP00000476480,0.18
9606.ENSP00000471683,0.179
9606.ENSP00000313829,0.179
9606.ENSP00000319814,0.178
9606.ENSP00000359765,0.178
9606.ENSP00000399485,0.178
9606.ENSP00000477590,0.178
9606.ENSP00000326817,0.177
9606.ENSP00000244926,0.177
9606.ENSP00000287295,0.177
9606.ENSP00000490083,0.176
9606.ENSP00000302100,0.176
9606.ENSP00000227756,0.176
9606.ENSP00000078445,0.176
9606.ENSP00000216185,0.176
9606.ENSP00000378409,0.176
9606.ENSP00000360141,0.175
9606.ENSP00000300107,0.175
9606.ENSP00000000412,0.175
9606.ENSP00000410294,0.175
9606.ENSP00000333266,0.174
9606.ENSP00000354560,0.174
9606.ENSP00000369134,0.174
9606.ENSP00000366249,0.174
9606.ENSP00000418823,0.174
9606.ENSP00000331678,0.174
9606.ENSP00000232564,0.173
9606.ENSP00000332887,0.173
9606.ENSP00000419260,0.172
9606.ENSP00000386141,0.172
9606.ENSP00000361001,0.172
9606.ENSP00000272233,0.172
9606.ENSP00000332604,0.171
9606.ENSP00000349400,0.171
9606.ENSP00000497588,0.171
9606.ENSP00000258418,0.171
9606.ENSP00000353422,0.17
9606.ENSP00000350332,0.17
9606.ENSP00000261772,0.17
9606.ENSP00000340691,0.17
9606.ENSP00000385215,0.17
9606.ENSP00000240123,0.169
9606.ENSP00000349116,0.169
9606.ENSP00000383053,0.168
9606.ENSP00000370258,0.168
9606.ENSP00000337146,0.167
9606.ENSP00000215904,0.167
9606.ENSP00000343064,0.167
9606.ENSP00000352111,0.167
9606.ENSP00000384000,0.167
9606.ENSP00000347427,0.167
9606.ENSP00000275364,0.167
9606.ENSP00000349679,0.167
9606.ENSP00000364782,0.167
9606.ENSP00000301873,0.167
9606.ENSP00000421232,0.166
9606.ENSP00000262043,0.166
9606.ENSP00000339813,0.166
9606.ENSP00000261637,0.166
9606.ENSP00000499199,0.165
9606.ENSP00000409382,0.165
9606.ENSP00000216117,0.165
9606.ENSP00000359045,0.165
9606.ENSP00000360682,0.164
9606.ENSP00000286760,0.164
9606.ENSP00000266546,0.164
9606.ENSP00000296145,0.164
9606.ENSP00000250111,0.164
9606.ENSP00000289473,0.164
9606.ENSP00000463375,0.163
9606.ENSP00000324532,0.162
9606.ENSP00000283629,0.162
9606.ENSP00000353741,0.162
9606.ENSP00000480987,0.162
9606.ENSP00000481886,0.162
9606.ENSP00000403459,0.161
9606.ENSP00000364765,0.161
9606.ENSP00000349629,0.161
9606.ENSP00000360821,0.161
9606.ENSP00000463379,0.16
9606.ENSP00000257290,0.16
9606.ENSP00000324101,0.16
9606.ENSP00000433933,0.159
9606.ENSP00000352401,0.159
9606.ENSP00000442682,0.159
9606.ENSP00000250784,0.159
9606.ENSP00000383949,0.159
9606.ENSP00000267101,0.159
9606.ENSP00000288670,0.158
9606.ENSP00000370242,0.158
9606.ENSP00000364183,0.158
9606.ENSP00000365851,0.158
9606.ENSP00000373539,0.158
9606.ENSP00000410862,0.157
9606.ENSP00000300900,0.157
9606.ENSP00000362456,0.157
9606.ENSP00000295228,0.157
9606.ENSP00000361914,0.157
9606.ENSP00000256460,0.157
9606.ENSP00000346537,0.157
9606.ENSP00000259365,0.156
9606.ENSP00000263655,0.156
9606.ENSP00000326804,0.156
9606.ENSP00000356465,0.156
9606.ENSP00000264313,0.156
9606.ENSP00000313088,0.156
9606.ENSP00000485276,0.155
9606.ENSP00000215730,0.155
9606.ENSP00000464342,0.155
9606.ENSP00000331358,0.154
9606.ENSP00000384364,0.154
9606.ENSP00000318318,0.154
9606.ENSP00000498602,0.154
9606.ENSP00000222402,0.154
9606.ENSP00000363019,0.154
9606.ENSP00000259205,0.154
9606.ENSP00000385721,0.154
9606.ENSP00000307640,0.154
9606.ENSP00000470129,0.154
9606.ENSP00000368982,0.154
9606.ENSP00000210060,0.154
9606.ENSP00000425809,0.154
9606.ENSP00000247933,0.153
9606.ENSP00000359892,0.153
9606.ENSP00000394163,0.153
9606.ENSP00000495845,0.153
9606.ENSP00000343658,0.153
9606.ENSP00000257245,0.153
9606.ENSP00000415430,0.153
9606.ENSP00000289932,0.152
9606.ENSP00000352413,0.152
9606.ENSP00000268099,0.152
9606.ENSP00000497759,0.152
9606.ENSP00000276420,0.152
9606.ENSP00000364870,0.152
9606.ENSP00000339398,0.152
9606.ENSP00000444076,0.152
9606.ENSP00000238497,0.152
9606.ENSP00000241453,0.152
9606.ENSP00000176763,0.151
9606.ENSP00000267584,0.151
9606.ENSP00000366902,0.151
9606.ENSP00000356988,0.151
9606.ENSP00000486357,0.151
9606.ENSP00000219599,0.15
9606.ENSP00000326018,0.15
9606.ENSP00000392395,0.15
9606.ENSP00000350848,0.15
9606.ENSP00000262626,0.15
9606.ENSP00000416255,0.15
9606.ENSP00000366565,0.15
9606.ENSP00000499020,0.15
9606.ENSP00000005260,0.15
9606.ENSP00000323280,0.15
9606.ENSP00000369395,0.149
9606.ENSP00000398131,0.149
9606.ENSP00000262105,0.149
9606.ENSP00000378400,0.149
9606.ENSP00000352447,0.149
9606.ENSP00000243563,0.149
9606.ENSP00000216361,0.149
9606.ENSP00000368119,0.149
9606.ENSP00000228251,0.148
9606.ENSP00000352785,0.148
9606.ENSP00000216223,0.148
9606.ENSP00000400591,0.148
9606.ENSP00000310649,0.148
9606.ENSP00000436049,0.148
9606.ENSP00000307297,0.148
9606.ENSP00000248668,0.147
9606.ENSP00000301587,0.147
9606.ENSP00000291576,0.147
9606.ENSP00000482107,0.147
9606.ENSP00000426119,0.147
9606.ENSP00000299045,0.147
9606.ENSP00000322339,0.147
9606.ENSP00000257868,0.147
9606.ENSP00000382717,0.147
9606.ENSP00000263956,0.146
9606.ENSP00000362776,0.146
9606.ENSP00000481357,0.146
9606.ENSP00000384863,0.146
9606.ENSP00000393566,0.146
9606.ENSP00000232905,0.146
9606.ENSP00000315263,0.146
9606.ENSP00000483125,0.146
9606.ENSP00000392353,0.145
9606.ENSP00000424655,0.145
9606.ENSP00000383986,0.145
9606.ENSP00000264930,0.145
9606.ENSP00000369127,0.145
9606.ENSP00000482826,0.145
9606.ENSP00000290122,0.145
9606.ENSP00000365172,0.145
9606.ENSP00000431049,0.145
9606.ENSP00000496268,0.144
9606.ENSP00000261303,0.144
9606.ENSP00000234454,0.144
9606.ENSP00000326759,0.144
9606.ENSP00000480474,0.143
9606.ENSP00000386911,0.143
9606.ENSP00000265260,0.142
9606.ENSP00000366488,0.142
9606.ENSP00000360028,0.142
9606.ENSP00000489551,0.142
9606.ENSP00000478017,0.142
9606.ENSP00000485450,0.142
9606.ENSP00000458075,0.142
9606.ENSP00000393474,0.142
9606.ENSP00000356000,0.142
9606.ENSP00000269221,0.141
9606.ENSP00000356515,0.141
9606.ENSP00000269214,0.141
9606.ENSP00000385432,0.14
9606.ENSP00000345270,0.14
9606.ENSP00000436604,0.14
9606.ENSP00000445508,0.14
9606.ENSP00000256637,0.14
9606.ENSP00000378323,0.14
9606.ENSP00000404854,0.139
9606.ENSP00000386636,0.139
9606.ENSP00000265598,0.139
9606.ENSP00000365370,0.139
9606.ENSP00000389326,0.139
9606.ENSP00000305725,0.138
9606.ENSP00000216410,0.138
9606.ENSP00000362643,0.138
9606.ENSP00000394107,0.138
9606.ENSP00000479203,0.138
9606.ENSP00000449270,0.138
9606.ENSP00000354497,0.138
9606.ENSP00000297770,0.138
9606.ENSP00000253719,0.137
9606.ENSP00000291458,0.137
9606.ENSP00000343885,0.137
9606.ENSP00000377284,0.137
9606.ENSP00000334834,0.136
9606.ENSP00000348708,0.136
9606.ENSP00000356247,0.136
9606.ENSP00000278568,0.136
9606.ENSP00000288699,0.136
9606.ENSP00000357564,0.135
9606.ENSP00000354722,0.135
9606.ENSP00000445306,0.135
9606.ENSP00000367913,0.135
9606.ENSP00000416959,0.135
9606.ENSP00000360184,0.134
9606.ENSP00000264072,0.134
9606.ENSP00000360727,0.134
9606.ENSP00000378845,0.134
9606.ENSP00000334642,0.134
9606.ENSP00000276390,0.134
9606.ENSP00000261700,0.134
9606.ENSP00000280871,0.133
9606.ENSP00000261349,0.133
9606.ENSP00000370222,0.133
9606.ENSP00000433126,0.133
9606.ENSP00000296543,0.133
9606.ENSP00000363794,0.132
9606.ENSP00000253023,0.132
9606.ENSP00000457258,0.131
9606.ENSP00000297423,0.131
9606.ENSP00000477713,0.131
9606.ENSP00000377797,0.131
9606.ENSP00000338814,0.131
9606.ENSP00000398688,0.13
9606.ENSP00000370194,0.13
9606.ENSP00000386807,0.13
9606.ENSP00000319531,0.13
9606.ENSP00000253024,0.13
9606.ENSP00000333019,0.13
9606.ENSP00000323687,0.13
9606.ENSP00000342858,0.129
9606.ENSP00000334952,0.129
9606.ENSP00000366156,0.129
9606.ENSP00000342262,0.129
9606.ENSP00000344831,0.129
9606.ENSP00000364464,0.129
9606.ENSP00000290765,0.129
9606.ENSP00000499185,0.129
9606.ENSP00000300181,0.129
9606.ENSP00000310670,0.129
9606.ENSP00000418695,0.129
9606.ENSP00000364076,0.128
9606.ENSP00000355623,0.128
9606.ENSP00000310216,0.128
9606.ENSP00000306335,0.128
9606.ENSP00000283290,0.128
9606.ENSP00000414303,0.128
9606.ENSP00000346577,0.128
9606.ENSP00000318602,0.128
9606.ENSP00000221496,0.128
9606.ENSP00000252590,0.128
9606.ENSP00000472929,0.128
9606.ENSP00000340935,0.127
9606.ENSP00000359085,0.127
9606.ENSP00000319739,0.127
9606.ENSP00000260227,0.127
9606.ENSP00000361066,0.127
9606.ENSP00000398368,0.127
9606.ENSP00000479202,0.127
9606.ENSP00000355110,0.126
9606.ENSP00000315731,0.126
9606.ENSP00000340402,0.126
9606.ENSP00000482180,0.126
9606.ENSP00000371230,0.126
9606.ENSP00000003302,0.125
9606.ENSP00000430494,0.125
9606.ENSP00000170150,0.125
9606.ENSP00000377867,0.125
9606.ENSP00000358824,0.124
9606.ENSP00000373905,0.124
9606.ENSP00000447000,0.124
9606.ENSP00000359864,0.124
9606.ENSP00000391490,0.124
9606.ENSP00000347055,0.124
9606.ENSP00000403644,0.124
9606.ENSP00000252102,0.123
9606.ENSP00000216500,0.123
9606.ENSP00000423463,0.123
9606.ENSP00000399518,0.123
9606.ENSP00000345193,0.123
9606.ENSP00000348769,0.123
9606.ENSP00000430325,0.123
9606.ENSP00000257836,0.123
9606.ENSP00000472998,0.122
9606.ENSP00000406162,0.122
9606.ENSP00000262304,0.122
9606.ENSP00000296149,0.122
9606.ENSP00000324573,0.122
9606.ENSP00000249923,0.122
9606.ENSP00000272217,0.122
9606.ENSP00000329748,0.122
9606.ENSP00000357065,0.121
9606.ENSP00000309640,0.121
9606.ENSP00000379110,0.121
9606.ENSP00000238651,0.121
9606.ENSP00000404923,0.121
9606.ENSP00000294309,0.121
9606.ENSP00000352706,0.121
9606.ENSP00000266659,0.12
9606.ENSP00000293825,0.12
9606.ENSP00000311224,0.12
9606.ENSP00000263636,0.12
9606.ENSP00000257189,0.12
9606.ENSP00000485401,0.12
9606.ENSP00000259241,0.12
9606.ENSP00000271064,0.12
9606.ENSP00000249299,0.12
9606.ENSP00000386892,0.12
9606.ENSP00000355361,0.12
9606.ENSP00000358310,0.12
9606.ENSP00000331210,0.12
9606.ENSP00000331746,0.119
9606.ENSP00000290039,0.119
9606.ENSP00000384886,0.119
9606.ENSP00000357048,0.119
9606.ENSP00000261381,0.119
9606.ENSP00000264670,0.119
9606.ENSP00000362734,0.119
9606.ENSP00000364210,0.119
9606.ENSP00000261712,0.119
9606.ENSP00000253413,0.119
9606.ENSP00000307863,0.119
9606.ENSP00000309474,0.119
9606.ENSP00000388942,0.118
9606.ENSP00000301740,0.118
9606.ENSP00000497716,0.118
9606.ENSP00000301785,0.118
9606.ENSP00000497169,0.118
9606.ENSP00000351669,0.118
9606.ENSP00000301831,0.117
9606.ENSP00000479719,0.117
9606.ENSP00000368831,0.117
9606.ENSP00000366942,0.117
9606.ENSP00000347591,0.117
9606.ENSP00000262384,0.117
9606.ENSP00000355302,0.117
9606.ENSP00000354742,0.117
9606.ENSP00000400142,0.117
9606.ENSP00000307275,0.117
9606.ENSP00000494538,0.116
9606.ENSP00000161006,0.116
9606.ENSP00000366474,0.116
9606.ENSP00000261600,0.116
9606.ENSP00000369473,0.116
9606.ENSP00000262948,0.116
9606.ENSP00000324856,0.115
9606.ENSP00000295087,0.115
9606.ENSP00000251496,0.115
9606.ENSP00000397435,0.115
9606.ENSP00000367939,0.115
9606.ENSP00000308024,0.114
9606.ENSP00000351310,0.114
9606.ENSP00000357304,0.114
9606.ENSP00000382508,0.114
9606.ENSP00000307078,0.114
9606.ENSP00000446916,0.114
9606.ENSP00000343158,0.114
9606.ENSP00000480004,0.114
9606.ENSP00000318944,0.113
9606.ENSP00000324064,0.113
9606.ENSP00000343507,0.113
9606.ENSP00000496597,0.113
9606.ENSP00000428572,0.113
9606.ENSP00000499734,0.113
9606.ENSP00000431800,0.113
9606.ENSP00000357787,0.113
9606.ENSP00000264260,0.113
9606.ENSP00000387282,0.113
9606.ENSP00000356590,0.113
9606.ENSP00000271636,0.113
9606.ENSP00000480157,0.112
9606.ENSP00000269159,0.112
9606.ENSP00000222543,0.112
9606.ENSP00000494087,0.112
9606.ENSP00000360262,0.111
9606.ENSP00000392896,0.111
9606.ENSP00000375678,0.111
9606.ENSP00000240587,0.111
9606.ENSP00000310978,0.11
9606.ENSP00000419194,0.11
9606.ENSP00000483313,0.11
9606.ENSP00000362566,0.11
9606.ENSP00000478026,0.11
9606.ENSP00000440542,0.11
9606.ENSP00000262577,0.109
9606.ENSP00000362153,0.109
9606.ENSP00000295702,0.109
9606.ENSP00000220325,0.109
9606.ENSP00000295148,0.109
9606.ENSP00000389168,0.108
9606.ENSP00000345555,0.108
9606.ENSP00000317891,0.108
9606.ENSP00000447053,0.108
9606.ENSP00000468040,0.108
9606.ENSP00000412130,0.108
9606.ENSP00000347852,0.108
9606.ENSP00000306320,0.107
9606.ENSP00000441126,0.107
9606.ENSP00000328070,0.107
9606.ENSP00000454746,0.107
9606.ENSP00000344666,0.107
9606.ENSP00000478212,0.107
9606.ENSP00000257408,0.107
9606.ENSP00000352536,0.107
9606.ENSP00000419027,0.107
9606.ENSP00000379364,0.106
9606.ENSP00000430774,0.106
9606.ENSP00000296266,0.106
9606.ENSP00000327191,0.106
9606.ENSP00000440246,0.106
9606.ENSP00000365012,0.106
9606.ENSP00000401470,0.106
9606.ENSP00000457408,0.106
9606.ENSP00000443631,0.106
9606.ENSP00000381058,0.106
9606.ENSP00000380559,0.106
9606.ENSP00000462998,0.106
9606.ENSP00000296741,0.106
9606.ENSP00000492220,0.105
9606.ENSP00000345445,0.105
9606.ENSP00000295206,0.105
9606.ENSP00000367991,0.105
9606.ENSP00000230538,0.105
9606.ENSP00000417182,0.105
9606.ENSP00000307288,0.105
9606.ENSP00000311344,0.105
9606.ENSP00000379133,0.104
9606.ENSP00000216038,0.104
9606.ENSP00000400908,0.104
9606.ENSP00000308606,0.104
9606.ENSP00000405453,0.104
9606.ENSP00000473036,0.104
9606.ENSP00000338235,0.103
9606.ENSP00000314030,0.103
9606.ENSP00000244728,0.103
9606.ENSP00000473929,0.103
9606.ENSP00000320949,0.103
9606.ENSP00000355890,0.103
9606.ENSP00000378275,0.103
9606.ENSP00000298912,0.103
9606.ENSP00000302586,0.103
9606.ENSP00000359594,0.102
9606.ENSP00000229214,0.102
9606.ENSP00000430237,0.102
9606.ENSP00000378972,0.102
9606.ENSP00000295453,0.102
9606.ENSP00000355759,0.102
9606.ENSP00000443459,0.102
9606.ENSP00000349143,0.102
9606.ENSP00000298875,0.102
9606.ENSP00000425996,0.102
9606.ENSP00000359114,0.102
9606.ENSP00000267484,0.102
9606.ENSP00000383851,0.102
9606.ENSP00000259339,0.102
9606.ENSP00000355402,0.101
9606.ENSP00000381488,0.101
9606.ENSP00000273359,0.101
9606.ENSP00000483185,0.101
9606.ENSP00000359621,0.101
9606.ENSP00000357057,0.101
9606.ENSP00000274140,0.101
9606.ENSP00000442736,0.1
9606.ENSP00000379282,0.1
9606.ENSP00000265922,0.1
9606.ENSP00000342235,0.1
9606.ENSP00000381844,0.1
9606.ENSP00000479134,0.1
9606.ENSP00000386156,0.1
9606.ENSP00000418648,0.1
9606.ENSP00000393316,0.099
9606.ENSP00000282397,0.099
9606.ENSP00000386433,0.099
9606.ENSP00000312624,0.099
9606.ENSP00000329419,0.099
9606.ENSP00000281419,0.099
9606.ENSP00000413592,0.099
9606.ENSP00000294119,0.099
9606.ENSP00000263196,0.099
9606.ENSP00000336721,0.099
9606.ENSP00000317902,0.099
9606.ENSP00000379042,0.099
9606.ENSP00000288221,0.099
9606.ENSP00000340510,0.099
9606.ENSP00000489597,0.099
9606.ENSP00000379366,0.098
9606.ENSP00000312942,0.098
9606.ENSP00000367139,0.098
9606.ENSP00000282466,0.098
9606.ENSP00000484689,0.098
9606.ENSP00000326858,0.098
9606.ENSP00000262113,0.098
9606.ENSP00000420384,0.098
9606.ENSP00000338258,0.098
9606.ENSP00000262982,0.098
9606.ENSP00000377845,0.098
9606.ENSP00000304102,0.098
9606.ENSP00000302037,0.098
9606.ENSP00000378284,0.097
9606.ENSP00000251900,0.097
9606.ENSP00000312671,0.097
9606.ENSP00000242776,0.097
9606.ENSP00000325136,0.097
9606.ENSP00000405926,0.097
9606.ENSP00000370912,0.097
9606.ENSP00000358140,0.097
9606.ENSP00000349768,0.097
9606.ENSP00000473172,0.097
9606.ENSP00000276440,0.097
9606.ENSP00000480483,0.097
9606.ENSP00000417378,0.097
9606.ENSP00000313921,0.096
9606.ENSP00000298527,0.096
9606.ENSP00000357288,0.096
9606.ENSP00000355536,0.096
9606.ENSP00000352272,0.096
9606.ENSP00000358451,0.096
9606.ENSP00000380692,0.096
9606.ENSP00000378992,0.096
9606.ENSP00000432568,0.096
9606.ENSP00000323099,0.096
9606.ENSP00000360525,0.096
9606.ENSP00000480946,0.096
9606.ENSP00000497613,0.095
9606.ENSP00000350512,0.095
9606.ENSP00000415178,0.095
9606.ENSP00000348442,0.095
9606.ENSP00000388337,0.095
9606.ENSP00000317468,0.095
9606.ENSP00000489588,0.095
9606.ENSP00000266376,0.095
9606.ENSP00000385848,0.095
9606.ENSP00000303525,0.095
9606.ENSP00000360938,0.095
9606.ENSP00000397925,0.095
9606.ENSP00000473047,0.095
9606.ENSP00000312081,0.094
9606.ENSP00000294053,0.094
9606.ENSP00000258796,0.094
9606.ENSP00000336741,0.094
9606.ENSP00000478187,0.094
9606.ENSP00000260746,0.094
9606.ENSP00000268835,0.094
9606.ENSP00000426548,0.094
9606.ENSP00000280527,0.094
9606.ENSP00000354125,0.094
9606.ENSP00000435637,0.093
9606.ENSP00000357909,0.093
9606.ENSP00000357679,0.093
9606.ENSP00000369399,0.093
9606.ENSP00000441858,0.093
9606.ENSP00000493536,0.093
9606.ENSP00000384490,0.093
9606.ENSP00000312284,0.093
9606.ENSP00000500386,0.093
9606.ENSP00000337733,0.092
9606.ENSP00000420525,0.092
9606.ENSP00000346173,0.092
9606.ENSP00000354080,0.092
9606.ENSP00000380174,0.092
9606.ENSP00000298767,0.092
9606.ENSP00000322788,0.092
9606.ENSP00000259006,0.092
9606.ENSP00000370114,0.092
9606.ENSP00000330391,0.092
9606.ENSP00000379212,0.092
9606.ENSP00000482445,0.092
9606.ENSP00000278886,0.091
9606.ENSP00000223029,0.091
9606.ENSP00000274137,0.091
9606.ENSP00000499593,0.091
9606.ENSP00000364448,0.091
9606.ENSP00000363661,0.091
9606.ENSP00000319240,0.091
9606.ENSP00000393313,0.091
9606.ENSP00000361027,0.091
9606.ENSP00000012443,0.091
9606.ENSP00000354109,0.091
9606.ENSP00000328848,0.091
9606.ENSP00000354416,0.091
9606.ENSP00000283285,0.091
9606.ENSP00000358307,0.09
9606.ENSP00000317159,0.09
9606.ENSP00000392066,0.09
9606.ENSP00000391739,0.09
9606.ENSP00000302160,0.09
9606.ENSP00000298569,0.09
9606.ENSP00000447378,0.09
9606.ENSP00000473391,0.09
9606.ENSP00000353129,0.09
9606.ENSP00000011898,0.09
9606.ENSP00000307132,0.09
9606.ENSP00000327290,0.09
9606.ENSP00000220849,0.09
9606.ENSP00000242804,0.09
9606.ENSP00000254190,0.089
9606.ENSP00000326003,0.089
9606.ENSP00000382485,0.089
9606.ENSP00000303830,0.089
9606.ENSP00000313391,0.089
9606.ENSP00000320246,0.089
9606.ENSP00000501317,0.089
9606.ENSP00000452280,0.089
9606.ENSP00000234310,0.089
9606.ENSP00000248076,0.089
9606.ENSP00000334373,0.088
9606.ENSP00000259708,0.088
9606.ENSP00000499466,0.088
9606.ENSP00000495413,0.088
9606.ENSP00000361057,0.088
9606.ENSP00000280245,0.088
9606.ENSP00000299106,0.088
9606.ENSP00000301956,0.088
9606.ENSP00000223369,0.088
9606.ENSP00000272771,0.088
9606.ENSP00000295113,0.088
9606.ENSP00000429243,0.087
9606.ENSP00000323096,0.087
9606.ENSP00000484398,0.087
9606.ENSP00000355541,0.087
9606.ENSP00000325748,0.087
9606.ENSP00000233596,0.087
9606.ENSP00000339467,0.087
9606.ENSP00000194214,0.087
9606.ENSP00000298198,0.087
9606.ENSP00000333837,0.087
9606.ENSP00000378917,0.087
9606.ENSP00000369042,0.086
9606.ENSP00000354791,0.086
9606.ENSP00000325266,0.086
9606.ENSP00000231498,0.086
9606.ENSP00000484288,0.086
9606.ENSP00000375733,0.086
9606.ENSP00000356370,0.086
9606.ENSP00000178638,0.086
9606.ENSP00000215565,0.085
9606.ENSP00000222800,0.085
9606.ENSP00000265171,0.085
9606.ENSP00000333896,0.085
9606.ENSP00000410339,0.085
9606.ENSP00000359504,0.085
9606.ENSP00000415454,0.085
9606.ENSP00000370653,0.085
9606.ENSP00000498994,0.084
9606.ENSP00000267082,0.084
9606.ENSP00000233668,0.084
9606.ENSP00000346634,0.084
9606.ENSP00000380227,0.084
9606.ENSP00000327368,0.084
9606.ENSP00000373700,0.084
9606.ENSP00000357674,0.084
9606.ENSP00000382177,0.084
9606.ENSP00000381101,0.084
9606.ENSP00000362041,0.084
9606.ENSP00000264657,0.083
9606.ENSP00000438455,0.083
9606.ENSP00000403954,0.083
9606.ENSP00000294785,0.083
9606.ENSP00000480221,0.083
9606.ENSP00000473001,0.083
9606.ENSP00000378877,0.083
9606.ENSP00000335304,0.082
9606.ENSP00000384363,0.082
9606.ENSP00000348162,0.082
9606.ENSP00000366404,0.082
9606.ENSP00000350170,0.082
9606.ENSP00000444586,0.082
9606.ENSP00000360664,0.082
9606.ENSP00000490953,0.082
9606.ENSP00000349490,0.082
9606.ENSP00000219235,0.082
9606.ENSP00000486252,0.082
9606.ENSP00000438689,0.082
9606.ENSP00000364902,0.082
9606.ENSP00000261623,0.082
9606.ENSP00000262288,0.082
9606.ENSP00000357494,0.082
9606.ENSP00000310596,0.081
9606.ENSP00000330601,0.081
9606.ENSP00000357876,0.081
9606.ENSP00000264828,0.081
9606.ENSP00000254193,0.081
9606.ENSP00000262554,0.081
9606.ENSP00000359219,0.081
9606.ENSP00000254051,0.081
9606.ENSP00000285398,0.081
9606.ENSP00000362110,0.081
9606.ENSP00000229379,0.081
9606.ENSP00000363852,0.081
9606.ENSP00000302486,0.081
9606.ENSP00000337133,0.081
9606.ENSP00000286744,0.081
9606.ENSP00000309572,0.08
9606.ENSP00000216862,0.08
9606.ENSP00000431512,0.08
9606.ENSP00000261893,0.08
9606.ENSP00000386880,0.08
9606.ENSP00000252825,0.08
9606.ENSP00000260665,0.08
9606.ENSP00000446039,0.08
9606.ENSP00000376213,0.08
9606.ENSP00000360913,0.08
9606.ENSP00000310658,0.079
9606.ENSP00000347836,0.079
9606.ENSP00000358814,0.079
9606.ENSP00000361087,0.079
9606.ENSP00000371532,0.079
9606.ENSP00000366563,0.079
9606.ENSP00000382518,0.079
9606.ENSP00000265727,0.079
9606.ENSP00000025008,0.079
9606.ENSP00000354511,0.079
9606.ENSP00000387593,0.079
9606.ENSP00000352208,0.079
9606.ENSP00000480836,0.079
9606.ENSP00000318684,0.078
9606.ENSP00000345837,0.078
9606.ENSP00000369897,0.078
9606.ENSP00000309794,0.078
9606.ENSP00000367787,0.078
9606.ENSP00000348602,0.078
9606.ENSP00000317232,0.078
9606.ENSP00000419088,0.078
9606.ENSP00000326649,0.078
9606.ENSP00000363642,0.078
9606.ENSP00000482657,0.078
9606.ENSP00000336587,0.078
9606.ENSP00000498697,0.077
9606.ENSP00000425587,0.077
9606.ENSP00000406367,0.077
9606.ENSP00000410758,0.077
9606.ENSP00000479617,0.077
9606.ENSP00000366604,0.077
9606.ENSP00000367309,0.077
9606.ENSP00000259631,0.077
9606.ENSP00000355566,0.077
9606.ENSP00000369887,0.077
9606.ENSP00000303992,0.077
9606.ENSP00000229922,0.077
9606.ENSP00000370962,0.077
9606.ENSP00000363727,0.077
9606.ENSP00000331062,0.077
9606.ENSP00000262102,0.077
9606.ENSP00000265056,0.077
9606.ENSP00000351990,0.077
9606.ENSP00000478766,0.077
9606.ENSP00000468312,0.077
9606.ENSP00000371419,0.077
9606.ENSP00000451040,0.077
9606.ENSP00000371517,0.077
9606.ENSP00000258526,0.076
9606.ENSP00000276590,0.076
9606.ENSP00000244217,0.076
9606.ENSP00000055682,0.076
9606.ENSP00000318861,0.076
9606.ENSP00000223641,0.076
9606.ENSP00000366927,0.076
9606.ENSP00000264904,0.076
9606.ENSP00000370376,0.076
9606.ENSP00000299314,0.076
9606.ENSP00000185206,0.076
9606.ENSP00000436585,0.075
9606.ENSP00000264229,0.075
9606.ENSP00000354255,0.075
9606.ENSP00000240185,0.075
9606.ENSP00000381026,0.075
9606.ENSP00000370745,0.075
9606.ENSP00000422464,0.075
9606.ENSP00000355599,0.075
9606.ENSP00000340864,0.075
9606.ENSP00000370826,0.075
9606.ENSP00000315659,0.075
9606.ENSP00000378557,0.075
9606.ENSP00000390783,0.074
9606.ENSP00000173229,0.074
9606.ENSP00000317382,0.074
9606.ENSP00000221494,0.074
9606.ENSP00000498627,0.074
9606.ENSP00000337014,0.074
9606.ENSP00000300738,0.074
9606.ENSP00000297354,0.074
9606.ENSP00000314023,0.074
9606.ENSP00000384766,0.074
9606.ENSP00000385443,0.074
9606.ENSP00000381504,0.074
9606.ENSP00000352738,0.074
9606.ENSP00000234831,0.074
9606.ENSP00000379098,0.074
9606.ENSP00000369045,0.073
9606.ENSP00000311746,0.073
9606.ENSP00000305193,0.073
9606.ENSP00000464391,0.073
9606.ENSP00000325562,0.073
9606.ENSP00000480027,0.072
9606.ENSP00000386609,0.072
9606.ENSP00000401445,0.072
9606.ENSP00000302194,0.072
9606.ENSP00000348234,0.072
9606.ENSP00000418447,0.072
9606.ENSP00000294129,0.072
9606.ENSP00000360129,0.072
9606.ENSP00000356481,0.072
9606.ENSP00000454038,0.072
9606.ENSP00000477572,0.072
9606.ENSP00000363092,0.072
9606.ENSP00000356155,0.072
9606.ENSP00000311083,0.072
9606.ENSP00000286428,0.072
9606.ENSP00000256854,0.072
9606.ENSP00000368135,0.072
9606.ENSP00000469035,0.072
9606.ENSP00000480314,0.072
9606.ENSP00000350630,0.072
9606.ENSP00000353910,0.072
9606.ENSP00000378191,0.071
9606.ENSP00000332118,0.071
9606.ENSP00000482704,0.071
9606.ENSP00000451998,0.071
9606.ENSP00000293217,0.071
9606.ENSP00000363205,0.071
9606.ENSP00000416037,0.071
9606.ENSP00000266679,0.071
9606.ENSP00000377148,0.07
9606.ENSP00000378402,0.07
9606.ENSP00000474096,0.07
9606.ENSP00000260102,0.07
9606.ENSP00000322804,0.07
9606.ENSP00000292475,0.07
9606.ENSP00000430075,0.07
9606.ENSP00000405963,0.07
9606.ENSP00000231009,0.07
9606.ENSP00000216442,0.069
9606.ENSP00000471477,0.069
9606.ENSP00000296786,0.069
9606.ENSP00000240618,0.069
9606.ENSP00000406293,0.068
9606.ENSP00000380308,0.068
9606.ENSP00000356416,0.068
9606.ENSP00000367356,0.068
9606.ENSP00000370419,0.068
9606.ENSP00000353600,0.068
9606.ENSP00000378570,0.068
9606.ENSP00000259782,0.068
9606.ENSP00000362803,0.068
9606.ENSP00000496832,0.068
9606.ENSP00000381220,0.068
9606.ENSP00000368544,0.068
9606.ENSP00000301258,0.068
9606.ENSP00000432279,0.068
9606.ENSP00000270861,0.068
9606.ENSP00000361499,0.068
9606.ENSP00000290573,0.068
9606.ENSP00000441802,0.068
9606.ENSP00000330825,0.067
9606.ENSP00000259053,0.067
9606.ENSP00000357452,0.067
9606.ENSP00000466140,0.067
9606.ENSP00000493691,0.067
9606.ENSP00000314897,0.067
9606.ENSP00000358563,0.067
9606.ENSP00000362873,0.067
9606.ENSP00000306397,0.067
9606.ENSP00000380869,0.067
9606.ENSP00000364815,0.067
9606.ENSP00000359939,0.067
9606.ENSP00000258080,0.067
9606.ENSP00000366233,0.067
9606.ENSP00000361120,0.067
9606.ENSP00000263559,0.067
9606.ENSP00000451792,0.067
9606.ENSP00000463574,0.067
9606.ENSP00000227524,0.067
9606.ENSP00000263054,0.066
9606.ENSP00000255858,0.066
9606.ENSP00000353332,0.066
9606.ENSP00000417659,0.066
9606.ENSP00000356389,0.066
9606.ENSP00000322408,0.066
9606.ENSP00000222345,0.066
9606.ENSP00000336729,0.066
9606.ENSP00000380336,0.066
9606.ENSP00000258739,0.066
9606.ENSP00000274813,0.066
9606.ENSP00000430945,0.066
9606.ENSP00000357178,0.066
9606.ENSP00000356864,0.066
9606.ENSP00000364490,0.066
9606.ENSP00000347005,0.066
9606.ENSP00000324763,0.066
9606.ENSP00000227918,0.065
9606.ENSP00000296181,0.065
9606.ENSP00000260045,0.065
9606.ENSP00000335321,0.065
9606.ENSP00000325377,0.065
9606.ENSP00000419395,0.065
9606.ENSP00000381588,0.065
9606.ENSP00000288014,0.065
9606.ENSP00000354394,0.065
9606.ENSP00000376141,0.065
9606.ENSP00000286371,0.065
9606.ENSP00000376167,0.065
9606.ENSP00000328069,0.065
9606.ENSP00000231572,0.065
9606.ENSP00000467176,0.064
9606.ENSP00000317379,0.064
9606.ENSP00000352264,0.064
9606.ENSP00000362314,0.064
9606.ENSP00000221138,0.064
9606.ENSP00000346012,0.064
9606.ENSP00000346080,0.064
9606.ENSP00000268125,0.064
9606.ENSP00000216122,0.064
9606.ENSP00000407323,0.064
9606.ENSP00000323036,0.064
9606.ENSP00000439250,0.064
9606.ENSP00000226796,0.064
9606.ENSP00000353959,0.064
9606.ENSP00000408695,0.064
9606.ENSP00000311429,0.064
9606.ENSP00000477352,0.064
9606.ENSP00000217289,0.064
9606.ENSP00000357087,0.063
9606.ENSP00000298139,0.063
9606.ENSP00000312158,0.063
9606.ENSP00000363614,0.063
9606.ENSP00000383866,0.063
9606.ENSP00000467262,0.063
9606.ENSP00000301691,0.063
9606.ENSP00000336712,0.063
9606.ENSP00000355467,0.063
9606.ENSP00000393557,0.063
9606.ENSP00000463027,0.063
9606.ENSP00000282878,0.063
9606.ENSP00000320309,0.062
9606.ENSP00000273986,0.062
9606.ENSP00000429900,0.062
9606.ENSP00000265562,0.062
9606.ENSP00000355574,0.062
9606.ENSP00000345083,0.062
9606.ENSP00000379111,0.062
9606.ENSP00000243298,0.062
9606.ENSP00000255266,0.061
9606.ENSP00000419786,0.061
9606.ENSP00000327608,0.061
9606.ENSP00000255136,0.061
9606.ENSP00000497569,0.061
9606.ENSP00000366243,0.061
9606.ENSP00000348278,0.061
9606.ENSP00000373312,0.061
9606.ENSP00000434359,0.061
9606.ENSP00000420641,0.061
9606.ENSP00000267938,0.061
9606.ENSP00000483397,0.061
9606.ENSP00000250124,0.061
9606.ENSP00000338777,0.061
9606.ENSP00000256255,0.061
9606.ENSP00000320886,0.06
9606.ENSP00000262013,0.06
9606.ENSP00000264663,0.06
9606.ENSP00000302768,0.06
9606.ENSP00000409126,0.06
9606.ENSP00000498260,0.06
9606.ENSP00000310557,0.06
9606.ENSP00000316454,0.06
9606.ENSP00000264331,0.06
9606.ENSP00000360293,0.06
9606.ENSP00000254322,0.06
9606.ENSP00000449396,0.06
9606.ENSP00000369038,0.06
9606.ENSP00000406723,0.06
9606.ENSP00000483375,0.06
9606.ENSP00000482773,0.06
9606.ENSP00000310842,0.06
9606.ENSP00000341247,0.06
9606.ENSP00000265379,0.059
9606.ENSP00000407422,0.059
9606.ENSP00000366783,0.059
9606.ENSP00000366746,0.059
9606.ENSP00000377840,0.059
9606.ENSP00000233379,0.059
9606.ENSP00000477908,0.059
9606.ENSP00000348965,0.059
9606.ENSP00000487800,0.059
9606.ENSP00000393511,0.059
9606.ENSP00000384408,0.059
9606.ENSP00000366800,0.059
9606.ENSP00000497587,0.059
9606.ENSP00000482442,0.059
9606.ENSP00000326247,0.059
9606.ENSP00000349893,0.059
9606.ENSP00000363041,0.059
9606.ENSP00000377372,0.058
9606.ENSP00000252934,0.058
9606.ENSP00000354762,0.058
9606.ENSP00000281154,0.058
9606.ENSP00000341821,0.058
9606.ENSP00000377914,0.058
9606.ENSP00000434830,0.058
9606.ENSP00000359976,0.058
9606.ENSP00000436423,0.058
9606.ENSP00000311747,0.058
9606.ENSP00000340329,0.058
9606.ENSP00000367952,0.058
9606.ENSP00000472467,0.058
9606.ENSP00000389176,0.058
9606.ENSP00000378699,0.058
9606.ENSP00000353142,0.058
9606.ENSP00000408410,0.058
9606.ENSP00000225665,0.058
9606.ENSP00000367794,0.057
9606.ENSP00000379601,0.057
9606.ENSP00000428585,0.057
9606.ENSP00000325589,0.057
9606.ENSP00000386541,0.057
9606.ENSP00000400882,0.057
9606.ENSP00000356541,0.057
9606.ENSP00000382707,0.057
9606.ENSP00000446460,0.057
9606.ENSP00000377954,0.057
9606.ENSP00000467423,0.057
9606.ENSP00000431418,0.057
9606.ENSP00000364691,0.057
9606.ENSP00000320025,0.056
9606.ENSP00000363873,0.056
9606.ENSP00000438949,0.056
9606.ENSP00000333551,0.056
9606.ENSP00000378760,0.056
9606.ENSP00000242848,0.056
9606.ENSP00000234701,0.056
9606.ENSP00000345195,0.056
9606.ENSP00000263556,0.056
9606.ENSP00000341819,0.056
9606.ENSP00000348886,0.056
9606.ENSP00000307567,0.056
9606.ENSP00000343366,0.056
9606.ENSP00000216225,0.056
9606.ENSP00000358674,0.056
9606.ENSP00000376417,0.056
9606.ENSP00000483640,0.056
9606.ENSP00000366271,0.056
9606.ENSP00000223167,0.056
9606.ENSP00000264167,0.055
9606.ENSP00000370767,0.055
9606.ENSP00000357110,0.055
9606.ENSP00000351632,0.055
9606.ENSP00000298743,0.055
9606.ENSP00000397249,0.055
9606.ENSP00000347184,0.055
9606.ENSP00000361845,0.055
9606.ENSP00000362618,0.055
9606.ENSP00000362621,0.055
9606.ENSP00000301407,0.055
9606.ENSP00000299752,0.055
9606.ENSP00000274938,0.055
9606.ENSP00000414350,0.055
9606.ENSP00000341141,0.055
9606.ENSP00000321606,0.055
9606.ENSP00000470246,0.055
9606.ENSP00000379396,0.055
9606.ENSP00000365351,0.055
9606.ENSP00000312250,0.054
9606.ENSP00000461324,0.054
9606.ENSP00000253048,0.054
9606.ENSP00000415151,0.054
9606.ENSP00000427562,0.054
9606.ENSP00000331983,0.054
9606.ENSP00000249442,0.053
9606.ENSP00000387739,0.053
9606.ENSP00000349790,0.053
9606.ENSP00000477870,0.053
9606.ENSP00000375836,0.053
9606.ENSP00000269373,0.053
9606.ENSP00000239940,0.053
9606.ENSP00000358466,0.053
9606.ENSP00000356991,0.053
9606.ENSP00000261813,0.053
9606.ENSP00000301015,0.053
9606.ENSP00000245838,0.053
9606.ENSP00000403362,0.052
9606.ENSP00000378912,0.052
9606.ENSP00000481699,0.052
9606.ENSP00000272847,0.052
9606.ENSP00000318066,0.052
9606.ENSP00000356599,0.052
9606.ENSP00000404833,0.052
9606.ENSP00000351520,0.052
9606.ENSP00000484497,0.052
9606.ENSP00000481994,0.052
9606.ENSP00000334319,0.052
9606.ENSP00000265997,0.052
9606.ENSP00000331748,0.052
9606.ENSP00000315295,0.052
9606.ENSP00000427975,0.052
9606.ENSP00000367050,0.052
9606.ENSP00000246194,0.052
9606.ENSP00000292562,0.052
9606.ENSP00000386444,0.052
9606.ENSP00000361892,0.052
9606.ENSP00000381461,0.052
9606.ENSP00000385361,0.052
9606.ENSP00000369786,0.052
9606.ENSP00000459451,0.052
9606.ENSP00000388731,0.051
9606.ENSP00000304854,0.051
9606.ENSP00000325448,0.051
9606.ENSP00000344562,0.051
9606.ENSP00000347232,0.051
9606.ENSP00000444810,0.051
9606.ENSP00000261263,0.051
9606.ENSP00000365576,0.051
9606.ENSP00000325594,0.051
9606.ENSP00000219689,0.051
9606.ENSP00000267205,0.051
9606.ENSP00000367086,0.051
9606.ENSP00000496804,0.051
9606.ENSP00000475615,0.051
9606.ENSP00000424501,0.051
9606.ENSP00000352295,0.051
9606.ENSP00000391596,0.051
9606.ENSP00000373404,0.051
9606.ENSP00000337065,0.051
9606.ENSP00000260197,0.051
9606.ENSP00000264414,0.051
9606.ENSP00000435189,0.051
9606.ENSP00000215793,0.051
9606.ENSP00000309542,0.05
9606.ENSP00000322192,0.05
9606.ENSP00000367391,0.05
9606.ENSP00000379512,0.05
9606.ENSP00000343190,0.05
9606.ENSP00000332788,0.05
9606.ENSP00000444565,0.05
9606.ENSP00000299697,0.05
9606.ENSP00000278823,0.05
9606.ENSP00000313851,0.05
9606.ENSP00000254719,0.05
9606.ENSP00000261308,0.05
9606.ENSP00000360718,0.05
9606.ENSP00000222256,0.05
9606.ENSP00000246071,0.05
9606.ENSP00000295770,0.05
9606.ENSP00000365269,0.05
9606.ENSP00000346453,0.05
9606.ENSP00000377344,0.05
9606.ENSP00000271628,0.05
9606.ENSP00000384126,0.05
9606.ENSP00000397968,0.05
9606.ENSP00000367476,0.049
9606.ENSP00000341189,0.049
9606.ENSP00000316173,0.049
9606.ENSP00000467290,0.049
9606.ENSP00000336606,0.049
9606.ENSP00000338034,0.049
9606.ENSP00000406463,0.049
9606.ENSP00000300055,0.049
9606.ENSP00000363398,0.049
9606.ENSP00000388183,0.049
9606.ENSP00000396308,0.049
9606.ENSP00000284136,0.049
9606.ENSP00000361009,0.049
9606.ENSP00000438349,0.049
9606.ENSP00000479919,0.049
9606.ENSP00000229264,0.048
9606.ENSP00000374455,0.048
9606.ENSP00000276282,0.048
9606.ENSP00000359520,0.048
9606.ENSP00000364150,0.048
9606.ENSP00000412209,0.048
9606.ENSP00000261875,0.048
9606.ENSP00000270509,0.048
9606.ENSP00000300850,0.048
9606.ENSP00000356579,0.048
9606.ENSP00000265641,0.048
9606.ENSP00000320885,0.048
9606.ENSP00000265070,0.048
9606.ENSP00000481012,0.048
9606.ENSP00000320936,0.048
9606.ENSP00000478877,0.048
9606.ENSP00000301396,0.048
9606.ENSP00000370882,0.047
9606.ENSP00000304364,0.047
9606.ENSP00000306881,0.047
9606.ENSP00000379169,0.047
9606.ENSP00000455561,0.047
9606.ENSP00000244763,0.047
9606.ENSP00000322276,0.047
9606.ENSP00000330631,0.047
9606.ENSP00000373570,0.047
9606.ENSP00000343435,0.047
9606.ENSP00000262738,0.047
9606.ENSP00000364794,0.047
9606.ENSP00000432586,0.047
9606.ENSP00000271469,0.047
9606.ENSP00000411821,0.047
9606.ENSP00000339067,0.047
9606.ENSP00000345824,0.047
9606.ENSP00000364107,0.047
9606.ENSP00000364110,0.047
9606.ENSP00000427900,0.047
9606.ENSP00000324651,0.047
9606.ENSP00000301408,0.047
9606.ENSP00000349954,0.047
9606.ENSP00000403649,0.047
9606.ENSP00000470813,0.047
9606.ENSP00000357873,0.047
9606.ENSP00000460348,0.047
9606.ENSP00000262717,0.047
9606.ENSP00000355651,0.047
9606.ENSP00000392028,0.046
9606.ENSP00000282412,0.046
9606.ENSP00000417980,0.046
9606.ENSP00000266503,0.046
9606.ENSP00000319781,0.046
9606.ENSP00000496921,0.046
9606.ENSP00000380241,0.046
9606.ENSP00000418401,0.046
9606.ENSP00000361998,0.046
9606.ENSP00000328287,0.046
9606.ENSP00000369739,0.046
9606.ENSP00000341562,0.046
9606.ENSP00000353864,0.046
9606.ENSP00000222120,0.046
9606.ENSP00000430338,0.046
9606.ENSP00000392709,0.046
9606.ENSP00000374309,0.046
9606.ENSP00000385610,0.046
9606.ENSP00000362304,0.046
9606.ENSP00000252542,0.046
9606.ENSP00000445381,0.046
9606.ENSP00000315931,0.046
9606.ENSP00000314649,0.045
9606.ENSP00000404042,0.045
9606.ENSP00000356218,0.045
9606.ENSP00000431165,0.045
9606.ENSP00000263025,0.045
9606.ENSP00000296755,0.045
9606.ENSP00000259037,0.045
9606.ENSP00000455791,0.045
9606.ENSP00000311165,0.045
9606.ENSP00000351209,0.045
9606.ENSP00000460070,0.045
9606.ENSP00000263697,0.045
9606.ENSP00000453801,0.045
9606.ENSP00000421191,0.045
9606.ENSP00000462701,0.045
9606.ENSP00000449785,0.045
9606.ENSP00000360613,0.045
9606.ENSP00000268717,0.045
9606.ENSP00000169551,0.045
9606.ENSP00000480270,0.045
9606.ENSP00000484342,0.045
9606.ENSP00000387303,0.044
9606.ENSP00000264279,0.044
9606.ENSP00000363211,0.044
9606.ENSP00000358022,0.044
9606.ENSP00000264639,0.044
9606.ENSP00000247194,0.044
9606.ENSP00000037243,0.044
9606.ENSP00000261800,0.044
9606.ENSP00000283148,0.044
9606.ENSP00000392500,0.044
9606.ENSP00000382004,0.044
9606.ENSP00000380734,0.044
9606.ENSP00000348128,0.044
9606.ENSP00000360268,0.044
9606.ENSP00000362273,0.044
9606.ENSP00000289228,0.044
9606.ENSP00000353826,0.044
9606.ENSP00000242375,0.043
9606.ENSP00000371362,0.043
9606.ENSP00000413697,0.043
9606.ENSP00000273130,0.043
9606.ENSP00000261622,0.043
9606.ENSP00000386593,0.043
9606.ENSP00000489859,0.043
9606.ENSP00000437554,0.043
9606.ENSP00000420237,0.043
9606.ENSP00000321703,0.043
9606.ENSP00000362136,0.043
9606.ENSP00000476820,0.043
9606.ENSP00000340688,0.043
9606.ENSP00000464522,0.043
9606.ENSP00000376390,0.042
9606.ENSP00000304802,0.042
9606.ENSP00000387307,0.042
9606.ENSP00000259845,0.042
9606.ENSP00000305647,0.042
9606.ENSP00000225831,0.042
9606.ENSP00000215659,0.042
9606.ENSP00000259632,0.042
9606.ENSP00000354543,0.042
9606.ENSP00000231173,0.042
9606.ENSP00000318650,0.042
9606.ENSP00000389445,0.042
9606.ENSP00000356545,0.042
9606.ENSP00000330945,0.042
9606.ENSP00000248633,0.042
9606.ENSP00000383295,0.042
9606.ENSP00000314151,0.042
9606.ENSP00000263285,0.042
9606.ENSP00000280357,0.042
9606.ENSP00000386239,0.042
9606.ENSP00000442050,0.042
9606.ENSP00000345988,0.042
9606.ENSP00000480763,0.042
9606.ENSP00000382697,0.042
9606.ENSP00000310668,0.041
9606.ENSP00000304139,0.041
9606.ENSP00000356421,0.041
9606.ENSP00000283147,0.041
9606.ENSP00000254976,0.041
9606.ENSP00000359680,0.041
9606.ENSP00000390158,0.041
9606.ENSP00000294724,0.041
9606.ENSP00000316032,0.041
9606.ENSP00000436047,0.041
9606.ENSP00000381293,0.041
9606.ENSP00000378743,0.041
9606.ENSP00000366221,0.041
9606.ENSP00000392549,0.041
9606.ENSP00000419879,0.041
9606.ENSP00000416797,0.041
9606.ENSP00000400459,0.04
9606.ENSP00000362205,0.04
9606.ENSP00000359940,0.04
9606.ENSP00000452877,0.04
9606.ENSP00000304669,0.04
9606.ENSP00000356972,0.04
9606.ENSP00000271620,0.04
9606.ENSP00000350949,0.04
9606.ENSP00000358478,0.04
9606.ENSP00000492906,0.04
9606.ENSP00000370372,0.04
9606.ENSP00000383216,0.04
9606.ENSP00000223500,0.04
9606.ENSP00000468367,0.04
9606.ENSP00000216200,0.04
9606.ENSP00000478179,0.04
9606.ENSP00000341637,0.04
9606.ENSP00000463978,0.04
9606.ENSP00000367208,0.04
9606.ENSP00000377015,0.04
9606.ENSP00000419970,0.04
9606.ENSP00000428746,0.04
9606.ENSP00000333685,0.039
9606.ENSP00000501150,0.039
9606.ENSP00000330633,0.039
9606.ENSP00000359727,0.039
9606.ENSP00000263774,0.039
9606.ENSP00000478754,0.039
9606.ENSP00000405514,0.039
9606.ENSP00000270225,0.039
9606.ENSP00000262442,0.039
9606.ENSP00000414597,0.039
9606.ENSP00000386531,0.039
9606.ENSP00000359958,0.039
9606.ENSP00000241041,0.039
9606.ENSP00000287156,0.039
9606.ENSP00000375649,0.039
9606.ENSP00000365255,0.039
9606.ENSP00000357714,0.039
9606.ENSP00000361458,0.039
9606.ENSP00000273347,0.039
9606.ENSP00000364979,0.039
9606.ENSP00000263735,0.039
9606.ENSP00000329715,0.039
9606.ENSP00000262765,0.038
9606.ENSP00000414904,0.038
9606.ENSP00000365840,0.038
9606.ENSP00000306253,0.038
9606.ENSP00000376142,0.038
9606.ENSP00000377668,0.038
9606.ENSP00000265605,0.038
9606.ENSP00000217901,0.038
9606.ENSP00000420298,0.038
9606.ENSP00000338487,0.038
9606.ENSP00000252723,0.038
9606.ENSP00000327509,0.038
9606.ENSP00000320521,0.038
9606.ENSP00000471191,0.038
9606.ENSP00000497406,0.038
9606.ENSP00000348565,0.038
9606.ENSP00000328928,0.038
9606.ENSP00000263847,0.038
9606.ENSP00000377396,0.037
9606.ENSP00000340454,0.037
9606.ENSP00000228918,0.037
9606.ENSP00000478253,0.037
9606.ENSP00000307046,0.037
9606.ENSP00000264380,0.037
9606.ENSP00000283243,0.037
9606.ENSP00000260385,0.037
9606.ENSP00000424595,0.037
9606.ENSP00000346483,0.037
9606.ENSP00000498603,0.037
9606.ENSP00000362532,0.037
9606.ENSP00000290705,0.037
9606.ENSP00000330587,0.037
9606.ENSP00000392147,0.037
9606.ENSP00000378974,0.037
9606.ENSP00000278353,0.037
9606.ENSP00000478303,0.037
9606.ENSP00000331602,0.037
9606.ENSP00000261250,0.036
9606.ENSP00000289429,0.036
9606.ENSP00000419101,0.036
9606.ENSP00000449428,0.036
9606.ENSP00000229314,0.036
9606.ENSP00000433919,0.036
9606.ENSP00000359596,0.036
9606.ENSP00000419851,0.036
9606.ENSP00000417677,0.036
9606.ENSP00000362399,0.036
9606.ENSP00000457723,0.036
9606.ENSP00000411010,0.036
9606.ENSP00000342778,0.036
9606.ENSP00000261304,0.036
9606.ENSP00000264377,0.036
9606.ENSP00000317992,0.036
9606.ENSP00000433664,0.036
9606.ENSP00000253363,0.036
9606.ENSP00000326261,0.036
9606.ENSP00000482374,0.036
9606.ENSP00000345359,0.036
9606.ENSP00000156471,0.036
9606.ENSP00000366384,0.036
9606.ENSP00000374323,0.036
9606.ENSP00000358616,0.036
9606.ENSP00000319883,0.036
9606.ENSP00000392985,0.035
9606.ENSP00000360798,0.035
9606.ENSP00000262374,0.035
9606.ENSP00000377969,0.035
9606.ENSP00000383274,0.035
9606.ENSP00000477999,0.035
9606.ENSP00000336866,0.035
9606.ENSP00000283195,0.035
9606.ENSP00000200181,0.035
9606.ENSP00000231238,0.035
9606.ENSP00000418915,0.035
9606.ENSP00000333003,0.035
9606.ENSP00000265978,0.035
9606.ENSP00000298854,0.035
9606.ENSP00000457733,0.035
9606.ENSP00000444411,0.035
9606.ENSP00000233025,0.035
9606.ENSP00000261973,0.035
9606.ENSP00000317445,0.035
9606.ENSP00000266970,0.035
9606.ENSP00000345719,0.035
9606.ENSP00000480750,0.035
9606.ENSP00000331487,0.035
9606.ENSP00000204726,0.035
9606.ENSP00000340736,0.035
9606.ENSP00000308597,0.035
9606.ENSP00000061240,0.034
9606.ENSP00000284987,0.034
9606.ENSP00000278412,0.034
9606.ENSP00000416951,0.034
9606.ENSP00000448785,0.034
9606.ENSP00000263182,0.034
9606.ENSP00000295463,0.034
9606.ENSP00000007699,0.034
9606.ENSP00000460665,0.034
9606.ENSP00000166244,0.034
9606.ENSP00000234396,0.034
9606.ENSP00000471700,0.034
9606.ENSP00000302079,0.034
9606.ENSP00000303222,0.034
9606.ENSP00000245934,0.034
9606.ENSP00000456548,0.034
9606.ENSP00000356807,0.034
9606.ENSP00000361475,0.034
9606.ENSP00000490491,0.034
9606.ENSP00000350937,0.034
9606.ENSP00000363257,0.034
9606.ENSP00000365895,0.034
9606.ENSP00000385450,0.034
9606.ENSP00000480421,0.034
9606.ENSP00000359837,0.034
9606.ENSP00000310657,0.034
9606.ENSP00000235090,0.034
9606.ENSP00000345492,0.034
9606.ENSP00000295987,0.033
9606.ENSP00000337451,0.033
9606.ENSP00000406209,0.033
9606.ENSP00000443795,0.033
9606.ENSP00000485478,0.033
9606.ENSP00000258198,0.033
9606.ENSP00000369192,0.033
9606.ENSP00000262726,0.033
9606.ENSP00000211287,0.033
9606.ENSP00000377814,0.033
9606.ENSP00000496954,0.033
9606.ENSP00000221922,0.033
9606.ENSP00000497444,0.033
9606.ENSP00000364080,0.033
9606.ENSP00000385410,0.033
9606.ENSP00000245923,0.033
9606.ENSP00000366798,0.033
9606.ENSP00000300648,0.033
9606.ENSP00000325002,0.033
9606.ENSP00000386655,0.032
9606.ENSP00000264463,0.032
9606.ENSP00000272371,0.032
9606.ENSP00000358064,0.032
9606.ENSP00000249269,0.032
9606.ENSP00000460871,0.032
9606.ENSP00000414095,0.032
9606.ENSP00000351214,0.032
9606.ENSP00000401888,0.032
9606.ENSP00000386302,0.032
9606.ENSP00000384794,0.032
9606.ENSP00000307181,0.032
9606.ENSP00000442756,0.032
9606.ENSP00000445492,0.032
9606.ENSP00000334197,0.032
9606.ENSP00000341382,0.032
9606.ENSP00000364320,0.032
9606.ENSP00000410470,0.032
9606.ENSP00000482263,0.032
9606.ENSP00000457748,0.032
9606.ENSP00000277632,0.032
9606.ENSP00000431391,0.032
9606.ENSP00000344260,0.032
9606.ENSP00000362125,0.032
9606.ENSP00000243786,0.032
9606.ENSP00000313752,0.032
9606.ENSP00000296702,0.032
9606.ENSP00000396452,0.032
9606.ENSP00000319169,0.032
9606.ENSP00000369647,0.032
9606.ENSP00000381097,0.032
9606.ENSP00000324463,0.031
9606.ENSP00000273261,0.031
9606.ENSP00000355809,0.031
9606.ENSP00000290401,0.031
9606.ENSP00000378725,0.031
9606.ENSP00000364864,0.031
9606.ENSP00000263780,0.031
9606.ENSP00000490163,0.031
9606.ENSP00000222145,0.031
9606.ENSP00000323304,0.031
9606.ENSP00000397881,0.031
9606.ENSP00000455215,0.031
9606.ENSP00000323421,0.031
9606.ENSP00000355895,0.031
9606.ENSP00000271688,0.031
9606.ENSP00000498362,0.031
9606.ENSP00000359025,0.031
9606.ENSP00000435210,0.031
9606.ENSP00000293826,0.031
9606.ENSP00000445806,0.031
9606.ENSP00000367498,0.031
9606.ENSP00000252512,0.031
9606.ENSP00000270642,0.03
9606.ENSP00000493555,0.03
9606.ENSP00000393379,0.03
9606.ENSP00000482515,0.03
9606.ENSP00000454562,0.03
9606.ENSP00000362560,0.03
9606.ENSP00000399475,0.03
9606.ENSP00000347457,0.03
9606.ENSP00000301336,0.03
9606.ENSP00000339280,0.03
9606.ENSP00000362479,0.03
9606.ENSP00000362144,0.03
9606.ENSP00000278198,0.03
9606.ENSP00000418582,0.03
9606.ENSP00000355777,0.03
9606.ENSP00000368104,0.03
9606.ENSP00000397679,0.03
9606.ENSP00000269886,0.03
9606.ENSP00000387239,0.03
9606.ENSP00000181796,0.03
9606.ENSP00000371040,0.03
9606.ENSP00000409738,0.029
9606.ENSP00000225929,0.029
9606.ENSP00000343505,0.029
9606.ENSP00000369857,0.029
9606.ENSP00000388713,0.029
9606.ENSP00000267426,0.029
9606.ENSP00000256441,0.029
9606.ENSP00000349860,0.029
9606.ENSP00000368683,0.029
9606.ENSP00000364361,0.029
9606.ENSP00000375863,0.029
9606.ENSP00000416250,0.029
9606.ENSP00000376523,0.029
9606.ENSP00000303070,0.029
9606.ENSP00000215567,0.029
9606.ENSP00000465419,0.029
9606.ENSP00000469242,0.029
9606.ENSP00000202677,0.029
9606.ENSP00000281828,0.029
9606.ENSP00000451828,0.029
9606.ENSP00000327268,0.029
9606.ENSP00000448059,0.029
9606.ENSP00000425394,0.029
9606.ENSP00000324122,0.029
9606.ENSP00000350012,0.029
9606.ENSP00000254336,0.029
9606.ENSP00000303575,0.029
9606.ENSP00000441000,0.029
9606.ENSP00000482169,0.029
9606.ENSP00000305790,0.029
9606.ENSP00000356576,0.029
9606.ENSP00000372210,0.029
9606.ENSP00000262710,0.028
9606.ENSP00000315190,0.028
9606.ENSP00000345731,0.028
9606.ENSP00000408979,0.028
9606.ENSP00000363023,0.028
9606.ENSP00000376465,0.028
9606.ENSP00000361875,0.028
9606.ENSP00000312066,0.028
9606.ENSP00000364597,0.028
9606.ENSP00000393453,0.028
9606.ENSP00000296597,0.028
9606.ENSP00000307208,0.028
9606.ENSP00000346437,0.028
9606.ENSP00000355922,0.028
9606.ENSP00000338019,0.028
9606.ENSP00000425961,0.028
9606.ENSP00000356505,0.028
9606.ENSP00000356448,0.027
9606.ENSP00000232219,0.027
9606.ENSP00000374490,0.027
9606.ENSP00000286955,0.027
9606.ENSP00000264705,0.027
9606.ENSP00000365477,0.027
9606.ENSP00000410481,0.027
9606.ENSP00000264864,0.027
9606.ENSP00000484580,0.027
9606.ENSP00000371503,0.027
9606.ENSP00000359398,0.027
9606.ENSP00000288607,0.027
9606.ENSP00000440905,0.027
9606.ENSP00000262302,0.027
9606.ENSP00000290341,0.027
9606.ENSP00000354923,0.027
9606.ENSP00000338862,0.027
9606.ENSP00000497510,0.027
9606.ENSP00000258729,0.027
9606.ENSP00000398560,0.027
9606.ENSP00000251296,0.027
9606.ENSP00000416739,0.027
9606.ENSP00000479669,0.027
9606.ENSP00000479730,0.027
9606.ENSP00000240617,0.027
9606.ENSP00000337991,0.027
9606.ENSP00000263997,0.027
9606.ENSP00000262027,0.027
9606.ENSP00000331342,0.027
9606.ENSP00000315476,0.027
9606.ENSP00000488481,0.027
9606.ENSP00000271651,0.027
9606.ENSP00000324806,0.027
9606.ENSP00000384018,0.027
9606.ENSP00000310696,0.027
9606.ENSP00000264156,0.027
9606.ENSP00000290921,0.027
9606.ENSP00000291386,0.027
9606.ENSP00000414178,0.026
9606.ENSP00000394734,0.026
9606.ENSP00000323889,0.026
9606.ENSP00000251166,0.026
9606.ENSP00000334696,0.026
9606.ENSP00000314441,0.026
9606.ENSP00000360002,0.026
9606.ENSP00000332690,0.026
9606.ENSP00000310723,0.026
9606.ENSP00000267163,0.026
9606.ENSP00000355889,0.026
9606.ENSP00000332900,0.026
9606.ENSP00000481006,0.026
9606.ENSP00000246891,0.026
9606.ENSP00000373827,0.026
9606.ENSP00000262629,0.026
9606.ENSP00000311122,0.026
9606.ENSP00000256969,0.026
9606.ENSP00000268661,0.026
9606.ENSP00000377836,0.026
9606.ENSP00000377225,0.026
9606.ENSP00000322730,0.026
9606.ENSP00000229395,0.026
9606.ENSP00000380460,0.026
9606.ENSP00000378067,0.026
9606.ENSP00000301067,0.026
9606.ENSP00000377298,0.026
9606.ENSP00000362728,0.026
9606.ENSP00000354451,0.026
9606.ENSP00000433361,0.026
9606.ENSP00000307697,0.026
9606.ENSP00000480186,0.026
9606.ENSP00000258874,0.026
9606.ENSP00000442795,0.026
9606.ENSP00000501111,0.026
9606.ENSP00000376154,0.026
9606.ENSP00000364858,0.025
9606.ENSP00000273047,0.025
9606.ENSP00000376472,0.025
9606.ENSP00000225614,0.025
9606.ENSP00000498060,0.025
9606.ENSP00000417171,0.025
9606.ENSP00000332879,0.025
9606.ENSP00000309515,0.025
9606.ENSP00000255082,0.025
9606.ENSP00000423313,0.025
9606.ENSP00000450281,0.025
9606.ENSP00000264108,0.025
9606.ENSP00000216252,0.025
9606.ENSP00000349305,0.025
9606.ENSP00000305919,0.025
9606.ENSP00000278193,0.025
9606.ENSP00000438993,0.025
9606.ENSP00000377027,0.025
9606.ENSP00000346148,0.025
9606.ENSP00000496564,0.025
9606.ENSP00000401264,0.025
9606.ENSP00000219022,0.025
9606.ENSP00000216468,0.025
9606.ENSP00000368022,0.025
9606.ENSP00000377233,0.025
9606.ENSP00000362014,0.025
9606.ENSP00000380702,0.025
9606.ENSP00000376188,0.025
9606.ENSP00000158771,0.025
9606.ENSP00000479119,0.025
9606.ENSP00000370193,0.025
9606.ENSP00000280481,0.025
9606.ENSP00000334145,0.025
9606.ENSP00000265339,0.025
9606.ENSP00000254508,0.025
9606.ENSP00000431759,0.025
9606.ENSP00000378338,0.025
9606.ENSP00000316905,0.025
9606.ENSP00000327533,0.025
9606.ENSP00000444561,0.025
9606.ENSP00000379156,0.024
9606.ENSP00000478474,0.024
9606.ENSP00000361923,0.024
9606.ENSP00000419060,0.024
9606.ENSP00000363899,0.024
9606.ENSP00000300961,0.024
9606.ENSP00000321108,0.024
9606.ENSP00000377665,0.024
9606.ENSP00000249750,0.024
9606.ENSP00000290277,0.024
9606.ENSP00000440222,0.024
9606.ENSP00000246792,0.024
9606.ENSP00000336666,0.024
9606.ENSP00000309270,0.024
9606.ENSP00000430031,0.024
9606.ENSP00000274712,0.024
9606.ENSP00000408581,0.024
9606.ENSP00000257527,0.024
9606.ENSP00000377303,0.024
9606.ENSP00000254695,0.024
9606.ENSP00000328570,0.024
9606.ENSP00000384999,0.024
9606.ENSP00000385477,0.024
9606.ENSP00000481842,0.024
9606.ENSP00000376686,0.024
9606.ENSP00000361918,0.024
9606.ENSP00000258770,0.024
9606.ENSP00000232607,0.024
9606.ENSP00000385746,0.024
9606.ENSP00000299166,0.024
9606.ENSP00000255416,0.024
9606.ENSP00000369899,0.024
9606.ENSP00000328023,0.024
9606.ENSP00000365807,0.024
9606.ENSP00000466880,0.024
9606.ENSP00000351155,0.024
9606.ENSP00000377633,0.024
9606.ENSP00000333157,0.024
9606.ENSP00000233057,0.024
9606.ENSP00000490297,0.023
9606.ENSP00000200457,0.023
9606.ENSP00000350911,0.023
9606.ENSP00000315386,0.023
9606.ENSP00000253110,0.023
9606.ENSP00000359128,0.023
9606.ENSP00000460885,0.023
9606.ENSP00000497069,0.023
9606.ENSP00000356224,0.023
9606.ENSP00000479064,0.023
9606.ENSP00000444688,0.023
9606.ENSP00000401197,0.023
9606.ENSP00000379256,0.023
9606.ENSP00000307959,0.023
9606.ENSP00000298375,0.023
9606.ENSP00000380453,0.023
9606.ENSP00000305603,0.023
9606.ENSP00000468723,0.023
9606.ENSP00000361731,0.023
9606.ENSP00000310042,0.023
9606.ENSP00000332256,0.023
9606.ENSP00000341483,0.023
9606.ENSP00000375777,0.023
9606.ENSP00000327453,0.023
9606.ENSP00000294258,0.023
9606.ENSP00000495128,0.023
9606.ENSP00000276571,0.023
9606.ENSP00000453302,0.023
9606.ENSP00000257287,0.023
9606.ENSP00000272645,0.023
9606.ENSP00000361363,0.023
9606.ENSP00000381589,0.022
9606.ENSP00000270631,0.022
9606.ENSP00000304822,0.022
9606.ENSP00000410964,0.022
9606.ENSP00000233840,0.022
9606.ENSP00000301244,0.022
9606.ENSP00000336914,0.022
9606.ENSP00000315630,0.022
9606.ENSP00000323879,0.022
9606.ENSP00000482916,0.022
9606.ENSP00000498653,0.022
9606.ENSP00000367024,0.022
9606.ENSP00000295718,0.022
9606.ENSP00000380024,0.022
9606.ENSP00000391942,0.022
9606.ENSP00000348821,0.022
9606.ENSP00000385207,0.022
9606.ENSP00000291552,0.022
9606.ENSP00000485022,0.022
9606.ENSP00000245816,0.022
9606.ENSP00000421315,0.022
9606.ENSP00000334374,0.022
9606.ENSP00000490038,0.022
9606.ENSP00000361850,0.022
9606.ENSP00000385927,0.022
9606.ENSP00000264144,0.022
9606.ENSP00000433208,0.022
9606.ENSP00000317123,0.022
9606.ENSP00000355437,0.022
9606.ENSP00000302938,0.022
9606.ENSP00000455643,0.022
9606.ENSP00000353770,0.022
9606.ENSP00000234420,0.022
9606.ENSP00000387535,0.022
9606.ENSP00000419195,0.022
9606.ENSP00000411152,0.022
9606.ENSP00000364860,0.022
9606.ENSP00000290291,0.022
9606.ENSP00000266719,0.022
9606.ENSP00000375778,0.022
9606.ENSP00000354490,0.022
9606.ENSP00000337445,0.022
9606.ENSP00000337261,0.022
9606.ENSP00000266544,0.021
9606.ENSP00000281081,0.021
9606.ENSP00000339916,0.021
9606.ENSP00000358865,0.021
9606.ENSP00000357583,0.021
9606.ENSP00000427463,0.021
9606.ENSP00000492798,0.021
9606.ENSP00000426632,0.021
9606.ENSP00000349359,0.021
9606.ENSP00000293872,0.021
9606.ENSP00000417583,0.021
9606.ENSP00000216297,0.021
9606.ENSP00000261439,0.021
9606.ENSP00000200557,0.021
9606.ENSP00000379383,0.021
9606.ENSP00000324628,0.021
9606.ENSP00000084798,0.021
9606.ENSP00000485484,0.021
9606.ENSP00000498771,0.021
9606.ENSP00000312021,0.021
9606.ENSP00000338788,0.021
9606.ENSP00000303754,0.021
9606.ENSP00000229281,0.021
9606.ENSP00000363318,0.021
9606.ENSP00000274787,0.021
9606.ENSP00000446917,0.021
9606.ENSP00000261636,0.021
9606.ENSP00000282903,0.021
9606.ENSP00000354340,0.021
9606.ENSP00000358696,0.021
9606.ENSP00000357206,0.021
9606.ENSP00000420608,0.021
9606.ENSP00000309285,0.021
9606.ENSP00000382269,0.021
9606.ENSP00000365116,0.021
9606.ENSP00000263401,0.021
9606.ENSP00000368190,0.021
9606.ENSP00000353270,0.021
9606.ENSP00000361231,0.021
9606.ENSP00000284073,0.02
9606.ENSP00000270538,0.02
9606.ENSP00000491651,0.02
9606.ENSP00000255681,0.02
9606.ENSP00000279441,0.02
9606.ENSP00000389182,0.02
9606.ENSP00000231021,0.02
9606.ENSP00000424838,0.02
9606.ENSP00000358770,0.02
9606.ENSP00000313877,0.02
9606.ENSP00000330075,0.02
9606.ENSP00000265734,0.02
9606.ENSP00000251968,0.02
9606.ENSP00000293879,0.02
9606.ENSP00000284878,0.02
9606.ENSP00000262487,0.02
9606.ENSP00000325017,0.02
9606.ENSP00000406157,0.02
9606.ENSP00000328088,0.02
9606.ENSP00000309092,0.02
9606.ENSP00000286398,0.02
9606.ENSP00000312304,0.02
9606.ENSP00000283228,0.02
9606.ENSP00000339191,0.02
9606.ENSP00000259456,0.02
9606.ENSP00000418008,0.02
9606.ENSP00000219479,0.02
9606.ENSP00000272190,0.02
9606.ENSP00000482543,0.02
9606.ENSP00000253673,0.02
9606.ENSP00000315644,0.02
9606.ENSP00000349313,0.02
9606.ENSP00000414202,0.02
9606.ENSP00000464814,0.02
9606.ENSP00000263433,0.02
9606.ENSP00000380334,0.02
9606.ENSP00000389277,0.02
9606.ENSP00000258494,0.02
9606.ENSP00000495507,0.02
9606.ENSP00000266126,0.02
9606.ENSP00000425556,0.02
9606.ENSP00000361842,0.019
9606.ENSP00000347451,0.019
9606.ENSP00000261942,0.019
9606.ENSP00000256433,0.019
9606.ENSP00000358554,0.019
9606.ENSP00000351740,0.019
9606.ENSP00000367198,0.019
9606.ENSP00000220853,0.019
9606.ENSP00000453969,0.019
9606.ENSP00000359497,0.019
9606.ENSP00000233146,0.019
9606.ENSP00000312675,0.019
9606.ENSP00000360498,0.019
9606.ENSP00000272732,0.019
9606.ENSP00000307508,0.019
9606.ENSP00000249700,0.019
9606.ENSP00000331201,0.019
9606.ENSP00000346643,0.019
9606.ENSP00000279146,0.019
9606.ENSP00000497174,0.019
9606.ENSP00000381489,0.019
9606.ENSP00000295065,0.019
9606.ENSP00000337168,0.019
9606.ENSP00000295767,0.019
9606.ENSP00000378887,0.019
9606.ENSP00000306866,0.019
9606.ENSP00000301281,0.019
9606.ENSP00000342215,0.019
9606.ENSP00000264363,0.019
9606.ENSP00000352400,0.019
9606.ENSP00000494504,0.019
9606.ENSP00000244709,0.019
9606.ENSP00000345295,0.019
9606.ENSP00000353444,0.019
9606.ENSP00000333591,0.019
9606.ENSP00000449751,0.019
9606.ENSP00000417963,0.018
9606.ENSP00000300231,0.018
9606.ENSP00000440402,0.018
9606.ENSP00000351957,0.018
9606.ENSP00000349576,0.018
9606.ENSP00000368030,0.018
9606.ENSP00000254654,0.018
9606.ENSP00000375829,0.018
9606.ENSP00000233710,0.018
9606.ENSP00000387075,0.018
9606.ENSP00000269299,0.018
9606.ENSP00000354554,0.018
9606.ENSP00000432511,0.018
9606.ENSP00000299608,0.018
9606.ENSP00000403925,0.018
9606.ENSP00000346442,0.018
9606.ENSP00000325941,0.018
9606.ENSP00000368605,0.018
9606.ENSP00000218008,0.018
9606.ENSP00000311697,0.018
9606.ENSP00000466639,0.018
9606.ENSP00000448012,0.018
9606.ENSP00000419243,0.018
9606.ENSP00000348395,0.018
9606.ENSP00000354201,0.018
9606.ENSP00000395772,0.018
9606.ENSP00000397394,0.018
9606.ENSP00000359603,0.018
9606.ENSP00000260443,0.018
9606.ENSP00000362268,0.018
9606.ENSP00000262932,0.018
9606.ENSP00000354522,0.018
9606.ENSP00000261503,0.018
9606.ENSP00000258105,0.018
9606.ENSP00000373669,0.018
9606.ENSP00000337513,0.018
9606.ENSP00000242351,0.018
9606.ENSP00000345774,0.018
9606.ENSP00000359799,0.018
9606.ENSP00000417229,0.018
9606.ENSP00000263102,0.018
9606.ENSP00000373244,0.018
9606.ENSP00000431840,0.017
9606.ENSP00000403768,0.017
9606.ENSP00000307292,0.017
9606.ENSP00000378721,0.017
9606.ENSP00000483001,0.017
9606.ENSP00000297350,0.017
9606.ENSP00000434466,0.017
9606.ENSP00000380638,0.017
9606.ENSP00000429283,0.017
9606.ENSP00000347648,0.017
9606.ENSP00000484928,0.017
9606.ENSP00000357644,0.017
9606.ENSP00000248342,0.017
9606.ENSP00000274721,0.017
9606.ENSP00000344942,0.017
9606.ENSP00000360683,0.017
9606.ENSP00000244669,0.017
9606.ENSP00000451945,0.017
9606.ENSP00000215812,0.017
9606.ENSP00000417273,0.017
9606.ENSP00000497653,0.017
9606.ENSP00000276055,0.017
9606.ENSP00000361245,0.017
9606.ENSP00000231420,0.017
9606.ENSP00000323967,0.017
9606.ENSP00000254770,0.017
9606.ENSP00000357292,0.017
9606.ENSP00000370724,0.017
9606.ENSP00000263087,0.017
9606.ENSP00000265459,0.017
9606.ENSP00000397552,0.017
9606.ENSP00000364289,0.017
9606.ENSP00000491516,0.017
9606.ENSP00000454623,0.017
9606.ENSP00000306117,0.017
9606.ENSP00000316729,0.017
9606.ENSP00000359300,0.017
9606.ENSP00000365522,0.017
9606.ENSP00000402460,0.017
9606.ENSP00000446054,0.017
9606.ENSP00000264246,0.017
9606.ENSP00000265564,0.017
9606.ENSP00000402084,0.017
9606.ENSP00000268668,0.017
9606.ENSP00000494360,0.017
9606.ENSP00000327604,0.017
9606.ENSP00000388299,0.017
9606.ENSP00000339787,0.017
9606.ENSP00000295266,0.017
9606.ENSP00000219244,0.017
9606.ENSP00000423673,0.016
9606.ENSP00000363117,0.016
9606.ENSP00000388996,0.016
9606.ENSP00000378401,0.016
9606.ENSP00000365261,0.016
9606.ENSP00000278483,0.016
9606.ENSP00000421326,0.016
9606.ENSP00000293373,0.016
9606.ENSP00000441726,0.016
9606.ENSP00000245451,0.016
9606.ENSP00000389160,0.016
9606.ENSP00000497609,0.016
9606.ENSP00000302724,0.016
9606.ENSP00000336740,0.016
9606.ENSP00000484105,0.016
9606.ENSP00000252085,0.016
9606.ENSP00000352522,0.016
9606.ENSP00000377224,0.016
9606.ENSP00000301908,0.016
9606.ENSP00000297537,0.016
9606.ENSP00000243776,0.016
9606.ENSP00000360762,0.016
9606.ENSP00000318960,0.016
9606.ENSP00000326424,0.016
9606.ENSP00000288139,0.016
9606.ENSP00000241305,0.016
9606.ENSP00000306614,0.016
9606.ENSP00000053469,0.016
9606.ENSP00000493232,0.016
9606.ENSP00000447488,0.016
9606.ENSP00000348459,0.016
9606.ENSP00000343896,0.016
9606.ENSP00000415034,0.016
9606.ENSP00000339976,0.016
9606.ENSP00000477602,0.016
9606.ENSP00000376753,0.016
9606.ENSP00000216214,0.016
9606.ENSP00000389175,0.016
9606.ENSP00000348944,0.016
9606.ENSP00000393987,0.016
9606.ENSP00000366998,0.016
9606.ENSP00000356584,0.016
9606.ENSP00000264972,0.016
9606.ENSP00000312311,0.016
9606.ENSP00000396330,0.016
9606.ENSP00000403614,0.016
9606.ENSP00000368959,0.016
9606.ENSP00000364263,0.016
9606.ENSP00000310901,0.016
9606.ENSP00000402346,0.016
9606.ENSP00000352163,0.016
9606.ENSP00000351631,0.016
9606.ENSP00000269499,0.016
9606.ENSP00000358149,0.016
9606.ENSP00000478874,0.016
9606.ENSP00000276297,0.016
9606.ENSP00000171887,0.016
9606.ENSP00000264896,0.016
9606.ENSP00000313454,0.015
9606.ENSP00000379696,0.015
9606.ENSP00000263980,0.015
9606.ENSP00000481457,0.015
9606.ENSP00000245304,0.015
9606.ENSP00000359911,0.015
9606.ENSP00000238616,0.015
9606.ENSP00000386023,0.015
9606.ENSP00000340347,0.015
9606.ENSP00000470560,0.015
9606.ENSP00000360252,0.015
9606.ENSP00000345895,0.015
9606.ENSP00000343535,0.015
9606.ENSP00000250693,0.015
9606.ENSP00000253686,0.015
9606.ENSP00000366923,0.015
9606.ENSP00000447730,0.015
9606.ENSP00000264360,0.015
9606.ENSP00000291707,0.015
9606.ENSP00000318165,0.015
9606.ENSP00000357622,0.015
9606.ENSP00000221859,0.015
9606.ENSP00000236040,0.015
9606.ENSP00000327506,0.015
9606.ENSP00000356301,0.015
9606.ENSP00000342331,0.015
9606.ENSP00000292211,0.015
9606.ENSP00000241502,0.015
9606.ENSP00000291890,0.015
9606.ENSP00000470555,0.015
9606.ENSP00000220669,0.015
9606.ENSP00000203629,0.015
9606.ENSP00000325827,0.015
9606.ENSP00000358482,0.015
9606.ENSP00000422473,0.015
9606.ENSP00000381549,0.015
9606.ENSP00000327694,0.015
9606.ENSP00000246912,0.015
9606.ENSP00000354681,0.015
9606.ENSP00000484875,0.015
9606.ENSP00000319851,0.015
9606.ENSP00000378053,0.015
9606.ENSP00000381859,0.015
9606.ENSP00000299157,0.015
9606.ENSP00000229390,0.015
9606.ENSP00000354213,0.015
9606.ENSP00000313809,0.015
9606.ENSP00000263239,0.015
9606.ENSP00000358001,0.015
9606.ENSP00000436864,0.015
9606.ENSP00000386992,0.015
9606.ENSP00000263202,0.015
9606.ENSP00000400101,0.015
9606.ENSP00000274063,0.015
9606.ENSP00000383042,0.014
9606.ENSP00000306888,0.014
9606.ENSP00000465500,0.014
9606.ENSP00000273857,0.014
9606.ENSP00000455607,0.014
9606.ENSP00000157600,0.014
9606.ENSP00000357838,0.014
9606.ENSP00000281938,0.014
9606.ENSP00000280772,0.014
9606.ENSP00000315013,0.014
9606.ENSP00000375147,0.014
9606.ENSP00000399441,0.014
9606.ENSP00000220913,0.014
9606.ENSP00000333919,0.014
9606.ENSP00000354553,0.014
9606.ENSP00000364883,0.014
9606.ENSP00000371693,0.014
9606.ENSP00000314500,0.014
9606.ENSP00000222330,0.014
9606.ENSP00000366630,0.014
9606.ENSP00000358532,0.014
9606.ENSP00000299727,0.014
9606.ENSP00000353518,0.014
9606.ENSP00000473153,0.014
9606.ENSP00000378426,0.014
9606.ENSP00000470142,0.014
9606.ENSP00000413163,0.014
9606.ENSP00000381008,0.014
9606.ENSP00000351605,0.014
9606.ENSP00000239926,0.014
9606.ENSP00000341117,0.014
9606.ENSP00000343657,0.014
9606.ENSP00000447679,0.014
9606.ENSP00000321544,0.014
9606.ENSP00000300151,0.014
9606.ENSP00000444211,0.014
9606.ENSP00000356975,0.014
9606.ENSP00000266560,0.014
9606.ENSP00000250498,0.014
9606.ENSP00000356056,0.014
9606.ENSP00000362759,0.014
9606.ENSP00000230048,0.014
9606.ENSP00000221166,0.014
9606.ENSP00000361616,0.014
9606.ENSP00000375616,0.014
9606.ENSP00000378854,0.014
9606.ENSP00000472919,0.013
9606.ENSP00000379392,0.013
9606.ENSP00000481096,0.013
9606.ENSP00000371770,0.013
9606.ENSP00000366637,0.013
9606.ENSP00000360642,0.013
9606.ENSP00000438465,0.013
9606.ENSP00000359233,0.013
9606.ENSP00000267859,0.013
9606.ENSP00000262545,0.013
9606.ENSP00000317404,0.013
9606.ENSP00000448536,0.013
9606.ENSP00000345412,0.013
9606.ENSP00000246914,0.013
9606.ENSP00000320509,0.013
9606.ENSP00000357051,0.013
9606.ENSP00000262518,0.013
9606.ENSP00000223364,0.013
9606.ENSP00000383911,0.013
9606.ENSP00000233575,0.013
9606.ENSP00000355607,0.013
9606.ENSP00000498386,0.013
9606.ENSP00000355500,0.013
9606.ENSP00000455547,0.013
9606.ENSP00000227520,0.013
9606.ENSP00000363286,0.013
9606.ENSP00000371940,0.013
9606.ENSP00000254630,0.013
9606.ENSP00000399415,0.013
9606.ENSP00000301364,0.013
9606.ENSP00000273179,0.013
9606.ENSP00000342015,0.013
9606.ENSP00000379457,0.013
9606.ENSP00000367570,0.013
9606.ENSP00000266594,0.013
9606.ENSP00000326550,0.013
9606.ENSP00000260970,0.013
9606.ENSP00000370460,0.013
9606.ENSP00000370748,0.013
9606.ENSP00000399208,0.013
9606.ENSP00000428288,0.013
9606.ENSP00000265594,0.013
9606.ENSP00000274606,0.013
9606.ENSP00000313833,0.013
9606.ENSP00000365533,0.013
9606.ENSP00000431971,0.013
9606.ENSP00000318585,0.013
9606.ENSP00000370055,0.013
9606.ENSP00000307850,0.013
9606.ENSP00000378733,0.012
9606.ENSP00000253382,0.012
9606.ENSP00000279242,0.012
9606.ENSP00000343966,0.012
9606.ENSP00000496315,0.012
9606.ENSP00000418669,0.012
9606.ENSP00000323867,0.012
9606.ENSP00000306449,0.012
9606.ENSP00000363680,0.012
9606.ENSP00000374069,0.012
9606.ENSP00000348054,0.012
9606.ENSP00000359380,0.012
9606.ENSP00000251636,0.012
9606.ENSP00000319636,0.012
9606.ENSP00000223398,0.012
9606.ENSP00000297267,0.012
9606.ENSP00000416534,0.012
9606.ENSP00000341961,0.012
9606.ENSP00000264498,0.012
9606.ENSP00000347672,0.012
9606.ENSP00000437271,0.012
9606.ENSP00000358294,0.012
9606.ENSP00000320663,0.012
9606.ENSP00000308897,0.012
9606.ENSP00000379691,0.012
9606.ENSP00000408005,0.012
9606.ENSP00000312222,0.012
9606.ENSP00000348429,0.012
9606.ENSP00000349923,0.012
9606.ENSP00000475700,0.012
9606.ENSP00000261889,0.012
9606.ENSP00000360944,0.012
9606.ENSP00000314615,0.012
9606.ENSP00000376565,0.012
9606.ENSP00000357320,0.012
9606.ENSP00000486901,0.012
9606.ENSP00000381785,0.012
9606.ENSP00000218340,0.012
9606.ENSP00000244745,0.012
9606.ENSP00000274496,0.012
9606.ENSP00000252599,0.012
9606.ENSP00000329507,0.012
9606.ENSP00000482639,0.012
9606.ENSP00000289269,0.012
9606.ENSP00000267406,0.012
9606.ENSP00000461945,0.012
9606.ENSP00000358983,0.012
9606.ENSP00000254480,0.012
9606.ENSP00000386759,0.012
9606.ENSP00000301765,0.012
9606.ENSP00000264436,0.012
9606.ENSP00000360250,0.012
9606.ENSP00000337816,0.012
9606.ENSP00000265174,0.012
9606.ENSP00000426613,0.012
9606.ENSP00000461295,0.012
9606.ENSP00000258098,0.012
9606.ENSP00000385695,0.012
9606.ENSP00000345001,0.012
9606.ENSP00000253778,0.012
9606.ENSP00000406286,0.012
9606.ENSP00000261837,0.012
9606.ENSP00000280154,0.012
9606.ENSP00000264220,0.012
9606.ENSP00000380837,0.012
9606.ENSP00000341045,0.012
9606.ENSP00000381970,0.012
9606.ENSP00000329926,0.012
9606.ENSP00000335055,0.012
9606.ENSP00000285814,0.012
9606.ENSP00000440945,0.012
9606.ENSP00000434034,0.012
9606.ENSP00000452549,0.012
9606.ENSP00000480484,0.011
9606.ENSP00000260402,0.011
9606.ENSP00000382341,0.011
9606.ENSP00000367938,0.011
9606.ENSP00000360638,0.011
9606.ENSP00000243346,0.011
9606.ENSP00000333401,0.011
9606.ENSP00000343635,0.011
9606.ENSP00000352408,0.011
9606.ENSP00000356811,0.011
9606.ENSP00000369500,0.011
9606.ENSP00000400057,0.011
9606.ENSP00000411471,0.011
9606.ENSP00000450731,0.011
9606.ENSP00000215071,0.011
9606.ENSP00000293261,0.011
9606.ENSP00000377617,0.011
9606.ENSP00000271373,0.011
9606.ENSP00000359506,0.011
9606.ENSP00000426167,0.011
9606.ENSP00000326708,0.011
9606.ENSP00000269701,0.011
9606.ENSP00000366098,0.011
9606.ENSP00000255631,0.011
9606.ENSP00000353575,0.011
9606.ENSP00000356696,0.011
9606.ENSP00000354573,0.011
9606.ENSP00000274376,0.011
9606.ENSP00000342276,0.011
9606.ENSP00000304923,0.011
9606.ENSP00000360782,0.011
9606.ENSP00000362711,0.011
9606.ENSP00000311657,0.011
9606.ENSP00000489189,0.011
9606.ENSP00000376272,0.011
9606.ENSP00000370718,0.011
9606.ENSP00000455813,0.011
9606.ENSP00000277895,0.011
9606.ENSP00000390661,0.011
9606.ENSP00000239449,0.011
9606.ENSP00000444408,0.011
9606.ENSP00000414921,0.011
9606.ENSP00000414982,0.011
9606.ENSP00000484903,0.011
9606.ENSP00000359295,0.011
9606.ENSP00000442656,0.011
9606.ENSP00000265074,0.011
9606.ENSP00000442699,0.011
9606.ENSP00000321874,0.011
9606.ENSP00000386378,0.011
9606.ENSP00000341963,0.011
9606.ENSP00000039989,0.011
9606.ENSP00000435365,0.011
9606.ENSP00000296499,0.011
9606.ENSP00000336994,0.011
9606.ENSP00000452885,0.011
9606.ENSP00000334037,0.011
9606.ENSP00000387996,0.011
9606.ENSP00000293328,0.011
9606.ENSP00000379181,0.011
9606.ENSP00000367316,0.011
9606.ENSP00000347484,0.011
9606.ENSP00000378040,0.011
9606.ENSP00000369627,0.011
9606.ENSP00000369419,0.01
9606.ENSP00000226317,0.01
9606.ENSP00000340820,0.01
9606.ENSP00000299213,0.01
9606.ENSP00000271889,0.01
9606.ENSP00000439170,0.01
9606.ENSP00000456242,0.01
9606.ENSP00000288266,0.01
9606.ENSP00000296411,0.01
9606.ENSP00000247020,0.01
9606.ENSP00000367851,0.01
9606.ENSP00000252711,0.01
9606.ENSP00000433209,0.01
9606.ENSP00000431459,0.01
9606.ENSP00000325074,0.01
9606.ENSP00000217188,0.01
9606.ENSP00000238788,0.01
9606.ENSP00000359866,0.01
9606.ENSP00000364978,0.01
9606.ENSP00000359988,0.01
9606.ENSP00000341208,0.01
9606.ENSP00000376132,0.01
9606.ENSP00000285419,0.01
9606.ENSP00000441369,0.01
9606.ENSP00000363419,0.01
9606.ENSP00000428426,0.01
9606.ENSP00000325917,0.01
9606.ENSP00000261707,0.01
9606.ENSP00000301838,0.01
9606.ENSP00000495631,0.01
9606.ENSP00000357086,0.01
9606.ENSP00000387471,0.01
9606.ENSP00000263672,0.01
9606.ENSP00000268261,0.01
9606.ENSP00000397927,0.01
9606.ENSP00000451818,0.01
9606.ENSP00000263657,0.01
9606.ENSP00000350719,0.01
9606.ENSP00000229402,0.01
9606.ENSP00000281928,0.01
9606.ENSP00000376808,0.01
9606.ENSP00000367407,0.01
9606.ENSP00000337194,0.01
9606.ENSP00000292823,0.01
9606.ENSP00000387077,0.01
9606.ENSP00000366237,0.01
9606.ENSP00000379204,0.01
9606.ENSP00000479130,0.01
9606.ENSP00000230640,0.01
9606.ENSP00000493515,0.01
9606.ENSP00000329295,0.01
9606.ENSP00000363068,0.01
9606.ENSP00000374135,0.01
9606.ENSP00000365075,0.01
9606.ENSP00000479816,0.01
9606.ENSP00000362139,0.01
9606.ENSP00000312981,0.01
9606.ENSP00000287727,0.01
9606.ENSP00000302476,0.01
9606.ENSP00000217109,0.01
9606.ENSP00000386918,0.01
9606.ENSP00000363458,0.01
9606.ENSP00000263174,0.01
9606.ENSP00000345292,0.01
9606.ENSP00000284320,0.01
9606.ENSP00000499074,0.01
9606.ENSP00000262291,0.01
9606.ENSP00000308012,0.01
9606.ENSP00000373433,0.01
9606.ENSP00000356646,0.01
9606.ENSP00000359665,0.01
9606.ENSP00000356694,0.01
9606.ENSP00000469049,0.01
9606.ENSP00000254940,0.01
9606.ENSP00000315774,0.01
9606.ENSP00000497230,0.01
9606.ENSP00000224807,0.01
9606.ENSP00000263918,0.01
9606.ENSP00000215882,0.01
9606.ENSP00000455106,0.009
9606.ENSP00000439065,0.009
9606.ENSP00000496793,0.009
9606.ENSP00000233627,0.009
9606.ENSP00000419184,0.009
9606.ENSP00000482232,0.009
9606.ENSP00000362361,0.009
9606.ENSP00000358812,0.009
9606.ENSP00000363826,0.009
9606.ENSP00000424474,0.009
9606.ENSP00000389140,0.009
9606.ENSP00000384719,0.009
9606.ENSP00000253457,0.009
9606.ENSP00000351159,0.009
9606.ENSP00000355896,0.009
9606.ENSP00000355486,0.009
9606.ENSP00000365806,0.009
9606.ENSP00000345096,0.009
9606.ENSP00000339883,0.009
9606.ENSP00000480050,0.009
9606.ENSP00000326981,0.009
9606.ENSP00000264033,0.009
9606.ENSP00000394394,0.009
9606.ENSP00000282541,0.009
9606.ENSP00000338885,0.009
9606.ENSP00000457788,0.009
9606.ENSP00000386458,0.009
9606.ENSP00000265351,0.009
9606.ENSP00000277165,0.009
9606.ENSP00000401191,0.009
9606.ENSP00000236192,0.009
9606.ENSP00000223073,0.009
9606.ENSP00000348912,0.009
9606.ENSP00000268058,0.009
9606.ENSP00000371175,0.009
9606.ENSP00000317955,0.009
9606.ENSP00000350075,0.009
9606.ENSP00000309555,0.009
9606.ENSP00000261374,0.009
9606.ENSP00000497294,0.009
9606.ENSP00000276585,0.009
9606.ENSP00000306817,0.009
9606.ENSP00000362931,0.009
9606.ENSP00000362649,0.009
9606.ENSP00000270458,0.009
9606.ENSP00000497008,0.009
9606.ENSP00000425840,0.009
9606.ENSP00000362107,0.009
9606.ENSP00000265069,0.009
9606.ENSP00000377390,0.009
9606.ENSP00000377250,0.009
9606.ENSP00000385836,0.009
9606.ENSP00000388658,0.009
9606.ENSP00000352608,0.009
9606.ENSP00000320543,0.009
9606.ENSP00000364840,0.009
9606.ENSP00000340648,0.009
9606.ENSP00000382779,0.009
9606.ENSP00000246802,0.009
9606.ENSP00000349588,0.009
9606.ENSP00000417901,0.009
9606.ENSP00000445408,0.009
9606.ENSP00000367185,0.009
9606.ENSP00000320658,0.009
9606.ENSP00000498855,0.009
9606.ENSP00000402935,0.009
9606.ENSP00000424123,0.009
9606.ENSP00000422591,0.009
9606.ENSP00000414302,0.009
9606.ENSP00000261667,0.009
9606.ENSP00000239690,0.009
9606.ENSP00000403397,0.009
9606.ENSP00000362195,0.009
9606.ENSP00000263897,0.009
9606.ENSP00000243501,0.009
9606.ENSP00000464050,0.009
9606.ENSP00000315182,0.009
9606.ENSP00000400168,0.009
9606.ENSP00000337053,0.009
9606.ENSP00000431371,0.009
9606.ENSP00000266682,0.009
9606.ENSP00000401018,0.009
9606.ENSP00000380178,0.009
9606.ENSP00000085219,0.009
9606.ENSP00000216832,0.009
9606.ENSP00000300650,0.009
9606.ENSP00000280362,0.009
9606.ENSP00000326253,0.009
9606.ENSP00000341292,0.009
9606.ENSP00000357150,0.009
9606.ENSP00000484121,0.009
9606.ENSP00000392065,0.009
9606.ENSP00000354111,0.009
9606.ENSP00000433488,0.009
9606.ENSP00000297534,0.009
9606.ENSP00000355587,0.009
9606.ENSP00000328187,0.009
9606.ENSP00000277746,0.009
9606.ENSP00000254928,0.009
9606.ENSP00000267103,0.009
9606.ENSP00000311677,0.009
9606.ENSP00000356563,0.009
9606.ENSP00000386942,0.009
9606.ENSP00000255390,0.009
9606.ENSP00000254442,0.009
9606.ENSP00000412324,0.009
9606.ENSP00000308193,0.008
9606.ENSP00000302935,0.008
9606.ENSP00000272091,0.008
9606.ENSP00000243253,0.008
9606.ENSP00000310448,0.008
9606.ENSP00000246117,0.008
9606.ENSP00000262139,0.008
9606.ENSP00000292430,0.008
9606.ENSP00000355237,0.008
9606.ENSP00000284274,0.008
9606.ENSP00000294353,0.008
9606.ENSP00000497185,0.008
9606.ENSP00000480476,0.008
9606.ENSP00000264183,0.008
9606.ENSP00000348838,0.008
9606.ENSP00000481301,0.008
9606.ENSP00000401338,0.008
9606.ENSP00000266025,0.008
9606.ENSP00000494678,0.008
9606.ENSP00000368727,0.008
9606.ENSP00000402756,0.008
9606.ENSP00000408295,0.008
9606.ENSP00000365401,0.008
9606.ENSP00000335636,0.008
9606.ENSP00000338844,0.008
9606.ENSP00000381611,0.008
9606.ENSP00000337358,0.008
9606.ENSP00000253362,0.008
9606.ENSP00000290759,0.008
9606.ENSP00000339587,0.008
9606.ENSP00000267202,0.008
9606.ENSP00000355968,0.008
9606.ENSP00000267085,0.008
9606.ENSP00000262290,0.008
9606.ENSP00000221265,0.008
9606.ENSP00000305288,0.008
9606.ENSP00000370968,0.008
9606.ENSP00000301904,0.008
9606.ENSP00000491537,0.008
9606.ENSP00000497274,0.008
9606.ENSP00000350310,0.008
9606.ENSP00000262958,0.008
9606.ENSP00000384259,0.008
9606.ENSP00000297508,0.008
9606.ENSP00000251108,0.008
9606.ENSP00000265361,0.008
9606.ENSP00000384849,0.008
9606.ENSP00000346890,0.008
9606.ENSP00000414147,0.008
9606.ENSP00000264255,0.008
9606.ENSP00000368062,0.008
9606.ENSP00000428564,0.008
9606.ENSP00000273317,0.008
9606.ENSP00000257604,0.008
9606.ENSP00000311545,0.008
9606.ENSP00000482457,0.008
9606.ENSP00000405424,0.008
9606.ENSP00000311857,0.008
9606.ENSP00000363944,0.008
9606.ENSP00000262662,0.008
9606.ENSP00000370589,0.008
9606.ENSP00000305653,0.008
9606.ENSP00000359655,0.008
9606.ENSP00000216487,0.008
9606.ENSP00000342502,0.008
9606.ENSP00000253237,0.008
9606.ENSP00000338185,0.008
9606.ENSP00000438040,0.007
9606.ENSP00000457243,0.007
9606.ENSP00000476145,0.007
9606.ENSP00000261195,0.007
9606.ENSP00000322460,0.007
9606.ENSP00000355785,0.007
9606.ENSP00000361834,0.007
9606.ENSP00000371341,0.007
9606.ENSP00000359956,0.007
9606.ENSP00000292879,0.007
9606.ENSP00000414068,0.007
9606.ENSP00000298925,0.007
9606.ENSP00000374447,0.007
9606.ENSP00000250699,0.007
9606.ENSP00000351908,0.007
9606.ENSP00000344816,0.007
9606.ENSP00000296518,0.007
9606.ENSP00000486109,0.007
9606.ENSP00000313581,0.007
9606.ENSP00000494609,0.007
9606.ENSP00000359333,0.007
9606.ENSP00000478600,0.007
9606.ENSP00000215885,0.007
9606.ENSP00000337128,0.007
9606.ENSP00000269980,0.007
9606.ENSP00000375479,0.007
9606.ENSP00000325398,0.007
9606.ENSP00000361467,0.007
9606.ENSP00000361162,0.007
9606.ENSP00000428055,0.007
9606.ENSP00000356070,0.007
9606.ENSP00000261488,0.007
9606.ENSP00000388638,0.007
9606.ENSP00000352614,0.007
9606.ENSP00000399970,0.007
9606.ENSP00000479322,0.007
9606.ENSP00000420127,0.007
9606.ENSP00000337088,0.007
9606.ENSP00000367721,0.007
9606.ENSP00000296557,0.007
9606.ENSP00000377275,0.007
9606.ENSP00000275072,0.007
9606.ENSP00000206542,0.007
9606.ENSP00000219271,0.007
9606.ENSP00000374152,0.007
9606.ENSP00000479904,0.007
9606.ENSP00000361010,0.007
9606.ENSP00000259400,0.007
9606.ENSP00000378856,0.007
9606.ENSP00000357748,0.007
9606.ENSP00000410561,0.007
9606.ENSP00000496044,0.007
9606.ENSP00000336769,0.007
9606.ENSP00000359575,0.007
9606.ENSP00000353114,0.007
9606.ENSP00000343867,0.007
9606.ENSP00000362151,0.007
9606.ENSP00000381840,0.007
9606.ENSP00000294485,0.007
9606.ENSP00000493901,0.007
9606.ENSP00000371936,0.007
9606.ENSP00000370125,0.007
9606.ENSP00000339389,0.007
9606.ENSP00000264605,0.007
9606.ENSP00000359531,0.007
9606.ENSP00000331902,0.007
9606.ENSP00000390625,0.007
9606.ENSP00000264276,0.007
9606.ENSP00000351811,0.007
9606.ENSP00000263932,0.007
9606.ENSP00000253462,0.007
9606.ENSP00000336752,0.007
9606.ENSP00000466718,0.007
9606.ENSP00000232375,0.007
9606.ENSP00000315017,0.007
9606.ENSP00000240423,0.007
9606.ENSP00000497280,0.007
9606.ENSP00000378306,0.007
9606.ENSP00000240874,0.007
9606.ENSP00000278314,0.007
9606.ENSP00000401328,0.007
9606.ENSP00000363435,0.007
9606.ENSP00000288235,0.007
9606.ENSP00000454407,0.007
9606.ENSP00000348215,0.007
9606.ENSP00000403701,0.007
9606.ENSP00000339826,0.007
9606.ENSP00000466298,0.007
9606.ENSP00000341551,0.007
9606.ENSP00000377370,0.007
9606.ENSP00000378074,0.007
9606.ENSP00000257181,0.007
9606.ENSP00000440077,0.007
9606.ENSP00000301272,0.007
9606.ENSP00000359683,0.007
9606.ENSP00000417464,0.007
9606.ENSP00000238855,0.007
9606.ENSP00000361634,0.007
9606.ENSP00000489869,0.006
9606.ENSP00000316338,0.006
9606.ENSP00000321347,0.006
9606.ENSP00000283027,0.006
9606.ENSP00000489674,0.006
9606.ENSP00000337587,0.006
9606.ENSP00000433967,0.006
9606.ENSP00000366757,0.006
9606.ENSP00000237837,0.006
9606.ENSP00000359364,0.006
9606.ENSP00000267812,0.006
9606.ENSP00000315564,0.006
9606.ENSP00000307264,0.006
9606.ENSP00000361522,0.006
9606.ENSP00000329932,0.006
9606.ENSP00000372112,0.006
9606.ENSP00000324527,0.006
9606.ENSP00000443246,0.006
9606.ENSP00000335247,0.006
9606.ENSP00000228928,0.006
9606.ENSP00000366091,0.006
9606.ENSP00000433490,0.006
9606.ENSP00000354432,0.006
9606.ENSP00000342790,0.006
9606.ENSP00000413896,0.006
9606.ENSP00000485370,0.006
9606.ENSP00000375608,0.006
9606.ENSP00000498872,0.006
9606.ENSP00000385006,0.006
9606.ENSP00000281171,0.006
9606.ENSP00000266079,0.006
9606.ENSP00000328694,0.006
9606.ENSP00000339850,0.006
9606.ENSP00000271234,0.006
9606.ENSP00000358089,0.006
9606.ENSP00000244007,0.006
9606.ENSP00000350547,0.006
9606.ENSP00000498936,0.006
9606.ENSP00000344468,0.006
9606.ENSP00000420161,0.006
9606.ENSP00000309142,0.006
9606.ENSP00000367239,0.006
9606.ENSP00000311405,0.006
9606.ENSP00000296424,0.006
9606.ENSP00000356920,0.006
9606.ENSP00000478479,0.006
9606.ENSP00000498330,0.006
9606.ENSP00000308546,0.006
9606.ENSP00000273905,0.006
9606.ENSP00000343405,0.006
9606.ENSP00000306900,0.006
9606.ENSP00000384273,0.006
9606.ENSP00000238647,0.006
9606.ENSP00000300651,0.006
9606.ENSP00000356355,0.006
9606.ENSP00000261396,0.006
9606.ENSP00000317895,0.006
9606.ENSP00000497160,0.006
9606.ENSP00000330898,0.006
9606.ENSP00000260585,0.006
9606.ENSP00000379836,0.006
9606.ENSP00000475986,0.006
9606.ENSP00000225729,0.006
9606.ENSP00000437073,0.006
9606.ENSP00000356438,0.006
9606.ENSP00000340796,0.006
9606.ENSP00000370625,0.006
9606.ENSP00000316950,0.006
9606.ENSP00000360183,0.006
9606.ENSP00000261037,0.006
9606.ENSP00000335038,0.006
9606.ENSP00000261652,0.006
9606.ENSP00000411418,0.006
9606.ENSP00000268802,0.006
9606.ENSP00000404304,0.006
9606.ENSP00000381272,0.006
9606.ENSP00000254950,0.006
9606.ENSP00000491596,0.006
9606.ENSP00000302413,0.006
9606.ENSP00000349824,0.006
9606.ENSP00000342637,0.006
9606.ENSP00000369810,0.006
9606.ENSP00000349658,0.006
9606.ENSP00000357552,0.006
9606.ENSP00000293973,0.006
9606.ENSP00000410818,0.006
9606.ENSP00000259569,0.006
9606.ENSP00000363054,0.006
9606.ENSP00000429084,0.006
9606.ENSP00000312143,0.006
9606.ENSP00000363313,0.006
9606.ENSP00000263904,0.006
9606.ENSP00000325863,0.006
9606.ENSP00000312262,0.006
9606.ENSP00000302640,0.006
9606.ENSP00000271715,0.006
9606.ENSP00000359151,0.006
9606.ENSP00000263382,0.006
9606.ENSP00000231228,0.006
9606.ENSP00000346829,0.006
9606.ENSP00000395708,0.006
9606.ENSP00000285848,0.006
9606.ENSP00000413156,0.006
9606.ENSP00000342680,0.006
9606.ENSP00000357060,0.006
9606.ENSP00000458954,0.006
9606.ENSP00000223366,0.006
9606.ENSP00000363921,0.006
9606.ENSP00000416040,0.006
9606.ENSP00000414624,0.006
9606.ENSP00000303997,0.006
9606.ENSP00000345793,0.006
9606.ENSP00000316357,0.006
9606.ENSP00000377936,0.006
9606.ENSP00000377700,0.006
9606.ENSP00000064780,0.006
9606.ENSP00000385751,0.006
9606.ENSP00000023939,0.006
9606.ENSP00000317714,0.006
9606.ENSP00000362717,0.006
9606.ENSP00000252456,0.006
9606.ENSP00000324741,0.006
9606.ENSP00000292614,0.006
9606.ENSP00000282382,0.006
9606.ENSP00000359216,0.006
9606.ENSP00000483872,0.006
9606.ENSP00000482358,0.006
9606.ENSP00000380996,0.006
9606.ENSP00000256196,0.006
9606.ENSP00000385616,0.006
9606.ENSP00000483328,0.006
9606.ENSP00000263800,0.005
9606.ENSP00000481022,0.005
9606.ENSP00000498251,0.005
9606.ENSP00000353846,0.005
9606.ENSP00000430282,0.005
9606.ENSP00000341206,0.005
9606.ENSP00000324890,0.005
9606.ENSP00000417196,0.005
9606.ENSP00000302805,0.005
9606.ENSP00000379030,0.005
9606.ENSP00000352248,0.005
9606.ENSP00000403343,0.005
9606.ENSP00000416097,0.005
9606.ENSP00000368100,0.005
9606.ENSP00000425631,0.005
9606.ENSP00000402644,0.005
9606.ENSP00000339532,0.005
9606.ENSP00000340883,0.005
9606.ENSP00000287844,0.005
9606.ENSP00000458986,0.005
9606.ENSP00000365201,0.005
9606.ENSP00000398736,0.005
9606.ENSP00000340684,0.005
9606.ENSP00000219548,0.005
9606.ENSP00000253861,0.005
9606.ENSP00000412566,0.005
9606.ENSP00000494831,0.005
9606.ENSP00000337289,0.005
9606.ENSP00000396628,0.005
9606.ENSP00000199814,0.005
9606.ENSP00000271332,0.005
9606.ENSP00000356357,0.005
9606.ENSP00000363228,0.005
9606.ENSP00000347916,0.005
9606.ENSP00000369411,0.005
9606.ENSP00000393154,0.005
9606.ENSP00000280701,0.005
9606.ENSP00000328773,0.005
9606.ENSP00000399403,0.005
9606.ENSP00000295981,0.005
9606.ENSP00000280700,0.005
9606.ENSP00000371858,0.005
9606.ENSP00000359423,0.005
9606.ENSP00000401303,0.005
9606.ENSP00000401720,0.005
9606.ENSP00000489687,0.005
9606.ENSP00000284110,0.005
9606.ENSP00000222388,0.005
9606.ENSP00000305682,0.005
9606.ENSP00000350223,0.005
9606.ENSP00000295588,0.005
9606.ENSP00000274569,0.005
9606.ENSP00000297540,0.005
9606.ENSP00000419545,0.005
9606.ENSP00000417451,0.005
9606.ENSP00000380878,0.005
9606.ENSP00000257347,0.005
9606.ENSP00000347538,0.005
9606.ENSP00000354040,0.005
9606.ENSP00000216160,0.005
9606.ENSP00000360916,0.005
9606.ENSP00000263321,0.005
9606.ENSP00000369453,0.005
9606.ENSP00000265107,0.005
9606.ENSP00000371084,0.005
9606.ENSP00000365643,0.005
9606.ENSP00000370736,0.005
9606.ENSP00000386710,0.005
9606.ENSP00000343497,0.005
9606.ENSP00000374265,0.005
9606.ENSP00000296474,0.005
9606.ENSP00000417404,0.005
9606.ENSP00000395738,0.005
9606.ENSP00000342981,0.005
9606.ENSP00000335261,0.005
9606.ENSP00000373854,0.005
9606.ENSP00000398495,0.005
9606.ENSP00000499058,0.005
9606.ENSP00000360157,0.005
9606.ENSP00000265388,0.005
9606.ENSP00000307260,0.005
9606.ENSP00000245046,0.005
9606.ENSP00000377374,0.005
9606.ENSP00000478490,0.005
9606.ENSP00000216121,0.005
9606.ENSP00000218436,0.005
9606.ENSP00000350549,0.005
9606.ENSP00000435460,0.005
9606.ENSP00000207870,0.005
9606.ENSP00000288532,0.005
9606.ENSP00000362751,0.005
9606.ENSP00000495112,0.005
9606.ENSP00000335623,0.005
9606.ENSP00000384084,0.005
9606.ENSP00000378485,0.005
9606.ENSP00000327246,0.005
9606.ENSP00000286574,0.005
9606.ENSP00000356842,0.005
9606.ENSP00000471457,0.005
9606.ENSP00000424328,0.005
9606.ENSP00000260113,0.005
9606.ENSP00000384638,0.005
9606.ENSP00000360269,0.005
9606.ENSP00000272602,0.005
9606.ENSP00000378367,0.005
9606.ENSP00000408342,0.005
9606.ENSP00000262189,0.005
9606.ENSP00000431983,0.005
9606.ENSP00000384015,0.005
9606.ENSP00000358755,0.005
9606.ENSP00000366748,0.005
9606.ENSP00000323076,0.005
9606.ENSP00000309689,0.005
9606.ENSP00000369461,0.005
9606.ENSP00000475028,0.005
9606.ENSP00000285199,0.005
9606.ENSP00000380467,0.005
9606.ENSP00000379047,0.005
9606.ENSP00000317904,0.005
9606.ENSP00000457411,0.005
9606.ENSP00000396673,0.005
9606.ENSP00000233099,0.005
9606.ENSP00000418287,0.005
9606.ENSP00000391583,0.005
9606.ENSP00000476386,0.005
9606.ENSP00000276925,0.005
9606.ENSP00000246532,0.005
9606.ENSP00000384949,0.005
9606.ENSP00000359000,0.005
9606.ENSP00000482228,0.005
9606.ENSP00000320401,0.005
9606.ENSP00000354649,0.005
9606.ENSP00000482218,0.005
9606.ENSP00000446280,0.005
9606.ENSP00000347532,0.005
9606.ENSP00000489123,0.005
9606.ENSP00000428646,0.005
9606.ENSP00000374484,0.005
9606.ENSP00000320081,0.005
9606.ENSP00000368984,0.004
9606.ENSP00000411532,0.004
9606.ENSP00000427874,0.004
9606.ENSP00000302274,0.004
9606.ENSP00000254846,0.004
9606.ENSP00000269228,0.004
9606.ENSP00000423325,0.004
9606.ENSP00000498939,0.004
9606.ENSP00000358490,0.004
9606.ENSP00000298229,0.004
9606.ENSP00000262764,0.004
9606.ENSP00000473383,0.004
9606.ENSP00000324729,0.004
9606.ENSP00000308479,0.004
9606.ENSP00000479964,0.004
9606.ENSP00000370395,0.004
9606.ENSP00000433666,0.004
9606.ENSP00000422607,0.004
9606.ENSP00000381377,0.004
9606.ENSP00000260643,0.004
9606.ENSP00000352882,0.004
9606.ENSP00000261183,0.004
9606.ENSP00000353874,0.004
9606.ENSP00000345192,0.004
9606.ENSP00000366396,0.004
9606.ENSP00000347719,0.004
9606.ENSP00000238823,0.004
9606.ENSP00000380421,0.004
9606.ENSP00000326128,0.004
9606.ENSP00000446242,0.004
9606.ENSP00000413520,0.004
9606.ENSP00000327821,0.004
9606.ENSP00000292246,0.004
9606.ENSP00000285968,0.004
9606.ENSP00000476117,0.004
9606.ENSP00000374529,0.004
9606.ENSP00000332013,0.004
9606.ENSP00000291860,0.004
9606.ENSP00000422626,0.004
9606.ENSP00000446576,0.004
9606.ENSP00000311825,0.004
9606.ENSP00000460971,0.004
9606.ENSP00000452181,0.004
9606.ENSP00000379865,0.004
9606.ENSP00000358714,0.004
9606.ENSP00000384625,0.004
9606.ENSP00000296582,0.004
9606.ENSP00000451129,0.004
9606.ENSP00000220509,0.004
9606.ENSP00000371638,0.004
9606.ENSP00000356591,0.004
9606.ENSP00000381104,0.004
9606.ENSP00000305221,0.004
9606.ENSP00000296129,0.004
9606.ENSP00000367890,0.004
9606.ENSP00000485513,0.004
9606.ENSP00000441032,0.004
9606.ENSP00000361725,0.004
9606.ENSP00000460964,0.004
9606.ENSP00000378165,0.004
9606.ENSP00000217381,0.004
9606.ENSP00000269187,0.004
9606.ENSP00000279281,0.004
9606.ENSP00000218348,0.004
9606.ENSP00000359512,0.004
9606.ENSP00000364621,0.004
9606.ENSP00000315379,0.004
9606.ENSP00000377944,0.004
9606.ENSP00000262213,0.004
9606.ENSP00000322716,0.004
9606.ENSP00000359485,0.004
9606.ENSP00000364635,0.004
9606.ENSP00000381958,0.004
9606.ENSP00000302629,0.004
9606.ENSP00000451211,0.004
9606.ENSP00000424363,0.004
9606.ENSP00000296486,0.004
9606.ENSP00000349594,0.004
9606.ENSP00000481848,0.004
9606.ENSP00000355812,0.004
9606.ENSP00000220597,0.004
9606.ENSP00000284669,0.004
9606.ENSP00000360317,0.004
9606.ENSP00000265807,0.004
9606.ENSP00000306015,0.004
9606.ENSP00000265872,0.004
9606.ENSP00000317473,0.004
9606.ENSP00000300456,0.004
9606.ENSP00000364403,0.004
9606.ENSP00000256999,0.004
9606.ENSP00000479889,0.004
9606.ENSP00000439856,0.004
9606.ENSP00000477314,0.004
9606.ENSP00000267257,0.004
9606.ENSP00000362888,0.004
9606.ENSP00000411397,0.004
9606.ENSP00000375478,0.004
9606.ENSP00000179259,0.004
9606.ENSP00000219334,0.004
9606.ENSP00000282633,0.004
9606.ENSP00000381823,0.004
9606.ENSP00000491504,0.004
9606.ENSP00000499092,0.004
9606.ENSP00000272430,0.004
9606.ENSP00000370966,0.004
9606.ENSP00000343325,0.004
9606.ENSP00000264079,0.004
9606.ENSP00000430344,0.004
9606.ENSP00000318629,0.004
9606.ENSP00000303511,0.004
9606.ENSP00000400646,0.004
9606.ENSP00000401513,0.004
9606.ENSP00000380942,0.004
9606.ENSP00000383199,0.004
9606.ENSP00000379709,0.004
9606.ENSP00000383226,0.004
9606.ENSP00000263150,0.004
9606.ENSP00000445757,0.004
9606.ENSP00000407087,0.004
9606.ENSP00000055077,0.004
9606.ENSP00000354335,0.004
9606.ENSP00000254799,0.004
9606.ENSP00000361602,0.004
9606.ENSP00000203556,0.004
9606.ENSP00000312185,0.004
9606.ENSP00000256722,0.004
9606.ENSP00000321345,0.004
9606.ENSP00000238112,0.004
9606.ENSP00000358232,0.003
9606.ENSP00000312356,0.003
9606.ENSP00000438085,0.003
9606.ENSP00000300079,0.003
9606.ENSP00000272852,0.003
9606.ENSP00000344223,0.003
9606.ENSP00000362071,0.003
9606.ENSP00000350874,0.003
9606.ENSP00000230340,0.003
9606.ENSP00000321239,0.003
9606.ENSP00000479811,0.003
9606.ENSP00000334329,0.003
9606.ENSP00000340373,0.003
9606.ENSP00000354837,0.003
9606.ENSP00000430128,0.003
9606.ENSP00000425497,0.003
9606.ENSP00000378063,0.003
9606.ENSP00000323568,0.003
9606.ENSP00000410811,0.003
9606.ENSP00000298943,0.003
9606.ENSP00000435412,0.003
9606.ENSP00000369409,0.003
9606.ENSP00000337443,0.003
9606.ENSP00000338093,0.003
9606.ENSP00000276689,0.003
9606.ENSP00000401831,0.003
9606.ENSP00000350359,0.003
9606.ENSP00000266980,0.003
9606.ENSP00000420449,0.003
9606.ENSP00000321971,0.003
9606.ENSP00000297431,0.003
9606.ENSP00000286364,0.003
9606.ENSP00000271732,0.003
9606.ENSP00000244040,0.003
9606.ENSP00000492384,0.003
9606.ENSP00000296498,0.003
9606.ENSP00000265081,0.003
9606.ENSP00000495563,0.003
9606.ENSP00000348010,0.003
9606.ENSP00000354848,0.003
9606.ENSP00000242592,0.003
9606.ENSP00000435585,0.003
9606.ENSP00000362244,0.003
9606.ENSP00000366387,0.003
9606.ENSP00000341597,0.003
9606.ENSP00000477817,0.003
9606.ENSP00000335565,0.003
9606.ENSP00000362300,0.003
9606.ENSP00000460823,0.003
9606.ENSP00000498065,0.003
9606.ENSP00000384302,0.003
9606.ENSP00000465685,0.003
9606.ENSP00000358283,0.003
9606.ENSP00000467107,0.003
9606.ENSP00000481380,0.003
9606.ENSP00000360316,0.003
9606.ENSP00000358474,0.003
9606.ENSP00000415464,0.003
9606.ENSP00000339479,0.003
9606.ENSP00000379602,0.003
9606.ENSP00000397312,0.003
9606.ENSP00000382390,0.003
9606.ENSP00000359385,0.003
9606.ENSP00000319979,0.003
9606.ENSP00000300404,0.003
9606.ENSP00000482335,0.003
9606.ENSP00000497305,0.003
9606.ENSP00000362115,0.003
9606.ENSP00000348416,0.003
9606.ENSP00000265748,0.003
9606.ENSP00000362824,0.003
9606.ENSP00000366283,0.003
9606.ENSP00000482438,0.003
9606.ENSP00000381601,0.003
9606.ENSP00000368439,0.003
9606.ENSP00000348211,0.003
9606.ENSP00000367028,0.003
9606.ENSP00000382382,0.003
9606.ENSP00000410242,0.003
9606.ENSP00000265334,0.003
9606.ENSP00000430024,0.003
9606.ENSP00000392043,0.003
9606.ENSP00000343515,0.003
9606.ENSP00000355988,0.003
9606.ENSP00000359630,0.003
9606.ENSP00000354158,0.003
9606.ENSP00000253247,0.003
9606.ENSP00000285873,0.003
9606.ENSP00000332576,0.003
9606.ENSP00000227322,0.003
9606.ENSP00000381594,0.003
9606.ENSP00000363894,0.003
9606.ENSP00000373772,0.003
9606.ENSP00000357073,0.003
9606.ENSP00000422185,0.003
9606.ENSP00000446184,0.003
9606.ENSP00000355964,0.003
9606.ENSP00000404676,0.003
9606.ENSP00000298288,0.003
9606.ENSP00000156109,0.003
9606.ENSP00000297338,0.003
9606.ENSP00000444156,0.003
9606.ENSP00000405012,0.003
9606.ENSP00000346886,0.003
9606.ENSP00000423505,0.003
9606.ENSP00000335560,0.003
9606.ENSP00000350541,0.003
9606.ENSP00000419412,0.003
9606.ENSP00000410083,0.003
9606.ENSP00000426638,0.003
9606.ENSP00000382071,0.003
9606.ENSP00000354718,0.003
9606.ENSP00000251143,0.003
9606.ENSP00000263125,0.003
9606.ENSP00000477848,0.003
9606.ENSP00000402510,0.003
9606.ENSP00000259335,0.003
9606.ENSP00000330475,0.003
9606.ENSP00000478830,0.003
9606.ENSP00000391101,0.003
9606.ENSP00000416338,0.003
9606.ENSP00000293760,0.003
9606.ENSP00000346155,0.003
9606.ENSP00000290246,0.003
9606.ENSP00000368884,0.003
9606.ENSP00000450857,0.003
9606.ENSP00000460380,0.003
9606.ENSP00000417402,0.003
9606.ENSP00000244043,0.003
9606.ENSP00000319992,0.003
9606.ENSP00000360922,0.003
9606.ENSP00000351138,0.003
9606.ENSP00000463233,0.003
9606.ENSP00000448182,0.003
9606.ENSP00000338191,0.003
9606.ENSP00000268206,0.003
9606.ENSP00000261965,0.003
9606.ENSP00000339145,0.003
9606.ENSP00000477973,0.003
9606.ENSP00000233055,0.003
9606.ENSP00000422941,0.003
9606.ENSP00000417078,0.003
9606.ENSP00000263966,0.003
9606.ENSP00000279387,0.003
9606.ENSP00000334836,0.003
9606.ENSP00000299633,0.003
9606.ENSP00000333262,0.003
9606.ENSP00000315768,0.003
9606.ENSP00000360472,0.003
9606.ENSP00000353512,0.003
9606.ENSP00000314099,0.003
9606.ENSP00000490119,0.003
9606.ENSP00000264230,0.003
9606.ENSP00000464145,0.003
9606.ENSP00000011619,0.003
9606.ENSP00000264065,0.003
9606.ENSP00000262430,0.003
9606.ENSP00000494965,0.003
9606.ENSP00000340913,0.003
9606.ENSP00000231137,0.003
9606.ENSP00000351137,0.003
9606.ENSP00000286657,0.003
9606.ENSP00000379839,0.003
9606.ENSP00000375809,0.003
9606.ENSP00000325677,0.003
9606.ENSP00000376335,0.003
9606.ENSP00000336127,0.003
9606.ENSP00000337998,0.003
9606.ENSP00000239444,0.003
9606.ENSP00000265769,0.003
9606.ENSP00000364449,0.003
9606.ENSP00000356202,0.003
9606.ENSP00000265431,0.003
9606.ENSP00000349486,0.003
9606.ENSP00000367177,0.003
9606.ENSP00000306459,0.003
9606.ENSP00000314606,0.002
9606.ENSP00000303766,0.002
9606.ENSP00000164133,0.002
9606.ENSP00000370214,0.002
9606.ENSP00000358071,0.002
9606.ENSP00000371051,0.002
9606.ENSP00000346206,0.002
9606.ENSP00000263093,0.002
9606.ENSP00000362687,0.002
9606.ENSP00000294413,0.002
9606.ENSP00000482647,0.002
9606.ENSP00000497669,0.002
9606.ENSP00000358060,0.002
9606.ENSP00000312618,0.002
9606.ENSP00000262320,0.002
9606.ENSP00000341171,0.002
9606.ENSP00000305699,0.002
9606.ENSP00000332371,0.002
9606.ENSP00000354812,0.002
9606.ENSP00000363654,0.002
9606.ENSP00000380921,0.002
9606.ENSP00000423067,0.002
9606.ENSP00000470252,0.002
9606.ENSP00000501254,0.002
9606.ENSP00000347710,0.002
9606.ENSP00000412763,0.002
9606.ENSP00000486285,0.002
9606.ENSP00000375986,0.002
9606.ENSP00000407182,0.002
9606.ENSP00000356746,0.002
9606.ENSP00000473990,0.002
9606.ENSP00000445277,0.002
9606.ENSP00000336923,0.002
9606.ENSP00000268919,0.002
9606.ENSP00000324287,0.002
9606.ENSP00000386588,0.002
9606.ENSP00000475724,0.002
9606.ENSP00000314499,0.002
9606.ENSP00000053468,0.002
9606.ENSP00000303153,0.002
9606.ENSP00000497737,0.002
9606.ENSP00000365637,0.002
9606.ENSP00000322229,0.002
9606.ENSP00000424827,0.002
9606.ENSP00000498867,0.002
9606.ENSP00000380044,0.002
9606.ENSP00000383067,0.002
9606.ENSP00000273695,0.002
9606.ENSP00000261776,0.002
9606.ENSP00000309031,0.002
9606.ENSP00000245544,0.002
9606.ENSP00000264914,0.002
9606.ENSP00000351250,0.002
9606.ENSP00000366557,0.002
9606.ENSP00000325561,0.002
9606.ENSP00000482486,0.002
9606.ENSP00000371577,0.002
9606.ENSP00000400870,0.002
9606.ENSP00000304689,0.002
9606.ENSP00000433071,0.002
9606.ENSP00000426786,0.002
9606.ENSP00000380495,0.002
9606.ENSP00000344331,0.002
9606.ENSP00000355741,0.002
9606.ENSP00000375821,0.002
9606.ENSP00000370377,0.002
9606.ENSP00000350032,0.002
9606.ENSP00000444412,0.002
9606.ENSP00000361004,0.002
9606.ENSP00000458663,0.002
9606.ENSP00000426174,0.002
9606.ENSP00000496394,0.002
9606.ENSP00000345243,0.002
9606.ENSP00000261880,0.002
9606.ENSP00000496014,0.002
9606.ENSP00000299440,0.002
9606.ENSP00000357928,0.002
9606.ENSP00000265085,0.002
9606.ENSP00000377789,0.002
9606.ENSP00000013125,0.002
9606.ENSP00000377971,0.002
9606.ENSP00000360290,0.002
9606.ENSP00000261191,0.002
9606.ENSP00000446093,0.002
9606.ENSP00000464087,0.002
9606.ENSP00000430684,0.002
9606.ENSP00000326603,0.002
9606.ENSP00000406861,0.002
9606.ENSP00000355419,0.002
9606.ENSP00000488422,0.002
9606.ENSP00000297440,0.002
9606.ENSP00000440185,0.002
9606.ENSP00000365528,0.002
9606.ENSP00000396467,0.002
9606.ENSP00000322218,0.002
9606.ENSP00000343629,0.002
9606.ENSP00000357459,0.002
9606.ENSP00000252744,0.002
9606.ENSP00000268150,0.002
9606.ENSP00000365938,0.002
9606.ENSP00000359488,0.002
9606.ENSP00000373420,0.002
9606.ENSP00000216727,0.002
9606.ENSP00000270176,0.002
9606.ENSP00000230354,0.002
9606.ENSP00000176195,0.002
9606.ENSP00000496870,0.002
9606.ENSP00000386810,0.002
9606.ENSP00000309714,0.002
9606.ENSP00000405574,0.002
9606.ENSP00000428112,0.002
9606.ENSP00000336783,0.002
9606.ENSP00000311778,0.002
9606.ENSP00000459943,0.002
9606.ENSP00000362186,0.002
9606.ENSP00000360715,0.002
9606.ENSP00000465630,0.002
9606.ENSP00000358747,0.002
9606.ENSP00000427567,0.002
9606.ENSP00000495556,0.002
9606.ENSP00000383402,0.002
9606.ENSP00000006724,0.002
9606.ENSP00000407726,0.002
9606.ENSP00000194155,0.002
9606.ENSP00000245957,0.002
9606.ENSP00000257829,0.002
9606.ENSP00000334910,0.002
9606.ENSP00000371572,0.002
9606.ENSP00000341947,0.002
9606.ENSP00000367459,0.002
9606.ENSP00000342434,0.002
9606.ENSP00000306637,0.002
9606.ENSP00000303709,0.002
9606.ENSP00000459551,0.002
9606.ENSP00000454836,0.002
9606.ENSP00000379721,0.002
9606.ENSP00000194152,0.002
9606.ENSP00000265104,0.002
9606.ENSP00000365606,0.002
9606.ENSP00000464535,0.002
9606.ENSP00000264431,0.002
9606.ENSP00000379931,0.002
9606.ENSP00000387641,0.002
9606.ENSP00000358159,0.002
9606.ENSP00000359552,0.002
9606.ENSP00000326324,0.002
9606.ENSP00000356233,0.002
9606.ENSP00000393392,0.002
9606.ENSP00000307666,0.002
9606.ENSP00000267430,0.002
9606.ENSP00000405456,0.002
9606.ENSP00000481733,0.002
9606.ENSP00000231130,0.002
9606.ENSP00000409924,0.002
9606.ENSP00000450742,0.002
9606.ENSP00000299977,0.002
9606.ENSP00000327569,0.002
9606.ENSP00000200135,0.002
9606.ENSP00000338641,0.002
9606.ENSP00000231887,0.002
9606.ENSP00000358715,0.002
9606.ENSP00000380697,0.002
9606.ENSP00000376955,0.002
9606.ENSP00000372067,0.002
9606.ENSP00000315775,0.002
9606.ENSP00000332973,0.002
9606.ENSP00000347464,0.002
9606.ENSP00000473623,0.002
9606.ENSP00000361298,0.002
9606.ENSP00000405620,0.002
9606.ENSP00000386881,0.002
9606.ENSP00000354850,0.002
9606.ENSP00000314556,0.002
9606.ENSP00000308179,0.002
9606.ENSP00000320006,0.002
9606.ENSP00000263576,0.002
9606.ENSP00000332164,0.002
9606.ENSP00000442553,0.002
9606.ENSP00000016946,0.002
9606.ENSP00000330842,0.002
9606.ENSP00000337641,0.002
9606.ENSP00000362702,0.002
9606.ENSP00000239446,0.002
9606.ENSP00000351346,0.002
9606.ENSP00000299736,0.002
9606.ENSP00000332444,0.001
9606.ENSP00000234488,0.001
9606.ENSP00000262450,0.001
9606.ENSP00000363708,0.001
9606.ENSP00000253693,0.001
9606.ENSP00000381214,0.001
9606.ENSP00000394331,0.001
9606.ENSP00000453170,0.001
9606.ENSP00000378624,0.001
9606.ENSP00000337572,0.001
9606.ENSP00000378324,0.001
9606.ENSP00000284885,0.001
9606.ENSP00000473469,0.001
9606.ENSP00000265742,0.001
9606.ENSP00000357631,0.001
9606.ENSP00000375892,0.001
9606.ENSP00000428714,0.001
9606.ENSP00000401076,0.001
9606.ENSP00000370196,0.001
9606.ENSP00000398481,0.001
9606.ENSP00000364398,0.001
9606.ENSP00000376930,0.001
9606.ENSP00000484060,0.001
9606.ENSP00000192788,0.001
9606.ENSP00000412940,0.001
9606.ENSP00000231134,0.001
9606.ENSP00000491014,0.001
9606.ENSP00000334153,0.001
9606.ENSP00000373215,0.001
9606.ENSP00000436773,0.001
9606.ENSP00000391723,0.001
9606.ENSP00000350314,0.001
9606.ENSP00000262160,0.001
9606.ENSP00000348984,0.001
9606.ENSP00000352572,0.001
9606.ENSP00000346283,0.001
9606.ENSP00000497053,0.001
9606.ENSP00000303427,0.001
9606.ENSP00000297954,0.001
9606.ENSP00000217372,0.001
9606.ENSP00000382356,0.001
9606.ENSP00000278618,0.001
9606.ENSP00000251413,0.001
9606.ENSP00000251412,0.001
9606.ENSP00000263431,0.001
9606.ENSP00000264661,0.001
9606.ENSP00000378340,0.001
9606.ENSP00000288680,0.001
9606.ENSP00000359925,0.001
9606.ENSP00000358495,0.001
9606.ENSP00000357393,0.001
9606.ENSP00000260372,0.001
9606.ENSP00000358716,0.001
9606.ENSP00000359818,0.001
9606.ENSP00000286835,0.001
9606.ENSP00000380781,0.001
9606.ENSP00000282096,0.001
9606.ENSP00000364847,0.001
9606.ENSP00000458762,0.001
9606.ENSP00000219476,0.001
9606.ENSP00000386456,0.001
9606.ENSP00000345491,0.001
9606.ENSP00000361658,0.001
9606.ENSP00000245983,0.001
9606.ENSP00000349971,0.001
9606.ENSP00000286732,0.001
9606.ENSP00000261745,0.001
9606.ENSP00000369154,0.001
9606.ENSP00000413098,0.001
9606.ENSP00000354314,0.001
9606.ENSP00000491066,0.001
9606.ENSP00000469315,0.001
9606.ENSP00000422533,0.001
9606.ENSP00000368771,0.001
9606.ENSP00000419782,0.001
9606.ENSP00000361219,0.001
9606.ENSP00000482732,0.001
9606.ENSP00000384615,0.001
9606.ENSP00000367888,0.001
9606.ENSP00000351475,0.001
9606.ENSP00000396935,0.001
9606.ENSP00000237654,0.001
9606.ENSP00000275766,0.001
9606.ENSP00000444660,0.001
9606.ENSP00000362287,0.001
9606.ENSP00000296215,0.001
9606.ENSP00000358374,0.001
9606.ENSP00000362306,0.001
9606.ENSP00000363031,0.001
9606.ENSP00000364567,0.001
9606.ENSP00000489273,0.001
9606.ENSP00000489328,0.001
9606.ENSP00000479773,0.001
9606.ENSP00000317578,0.001
9606.ENSP00000329558,0.001
9606.ENSP00000343001,0.001
9606.ENSP00000342143,0.001
9606.ENSP00000489547,0.001
9606.ENSP00000251607,0.001
9606.ENSP00000368856,0.001
9606.ENSP00000415517,0.001
9606.ENSP00000264218,0.001
9606.ENSP00000310933,0.001
9606.ENSP00000427882,0.001
9606.ENSP00000366997,0.001
9606.ENSP00000428280,0.001
9606.ENSP00000368716,0.001
9606.ENSP00000419313,0.001
9606.ENSP00000257904,0.001
9606.ENSP00000377262,0.001
9606.ENSP00000468633,0.001
9606.ENSP00000333779,0.0009
9606.ENSP00000219406,0.0009
9606.ENSP00000369292,0.0009
9606.ENSP00000222139,0.0009
9606.ENSP00000243326,0.0009
9606.ENSP00000365071,0.0009
9606.ENSP00000351446,0.0009
9606.ENSP00000387145,0.0009
9606.ENSP00000287380,0.0009
9606.ENSP00000340328,0.0009
9606.ENSP00000271526,0.0009
9606.ENSP00000223023,0.0009
9606.ENSP00000380901,0.0009
9606.ENSP00000305334,0.0009
9606.ENSP00000260010,0.0009
9606.ENSP00000483667,0.0009
9606.ENSP00000414750,0.0009
9606.ENSP00000457230,0.0009
9606.ENSP00000342812,0.0009
9606.ENSP00000365130,0.0009
9606.ENSP00000360817,0.0009
9606.ENSP00000467271,0.0009
9606.ENSP00000422435,0.0009
9606.ENSP00000359119,0.0009
9606.ENSP00000358120,0.0009
9606.ENSP00000455507,0.0009
9606.ENSP00000350036,0.0009
9606.ENSP00000396345,0.0009
9606.ENSP00000262215,0.0009
9606.ENSP00000295619,0.0008
9606.ENSP00000342216,0.0008
9606.ENSP00000293330,0.0008
9606.ENSP00000265271,0.0008
9606.ENSP00000474204,0.0008
9606.ENSP00000474388,0.0008
9606.ENSP00000483345,0.0008
9606.ENSP00000486687,0.0008
9606.ENSP00000378236,0.0008
9606.ENSP00000385579,0.0008
9606.ENSP00000371321,0.0008
9606.ENSP00000428787,0.0008
9606.ENSP00000307519,0.0008
9606.ENSP00000328551,0.0008
9606.ENSP00000369390,0.0008
9606.ENSP00000386653,0.0008
9606.ENSP00000387250,0.0008
9606.ENSP00000347408,0.0008
9606.ENSP00000426741,0.0008
9606.ENSP00000336775,0.0008
9606.ENSP00000225983,0.0008
9606.ENSP00000485659,0.0008
9606.ENSP00000281772,0.0008
9606.ENSP00000406472,0.0008
9606.ENSP00000360431,0.0008
9606.ENSP00000340672,0.0008
9606.ENSP00000218548,0.0008
9606.ENSP00000259021,0.0008
9606.ENSP00000372499,0.0008
9606.ENSP00000250617,0.0007
9606.ENSP00000387211,0.0007
9606.ENSP00000420269,0.0007
9606.ENSP00000355613,0.0007
9606.ENSP00000382342,0.0007
9606.ENSP00000369798,0.0007
9606.ENSP00000385727,0.0007
9606.ENSP00000346335,0.0007
9606.ENSP00000423665,0.0007
9606.ENSP00000261211,0.0007
9606.ENSP00000276052,0.0007
9606.ENSP00000386834,0.0007
9606.ENSP00000487785,0.0007
9606.ENSP00000267890,0.0007
9606.ENSP00000398890,0.0007
9606.ENSP00000498803,0.0007
9606.ENSP00000269053,0.0007
9606.ENSP00000215368,0.0007
9606.ENSP00000445001,0.0007
9606.ENSP00000351113,0.0007
9606.ENSP00000360493,0.0006
9606.ENSP00000307939,0.0006
9606.ENSP00000357315,0.0006
9606.ENSP00000378635,0.0006
9606.ENSP00000265342,0.0006
9606.ENSP00000498499,0.0006
9606.ENSP00000379904,0.0006
9606.ENSP00000256497,0.0006
9606.ENSP00000421868,0.0006
9606.ENSP00000332389,0.0006
9606.ENSP00000485238,0.0006
9606.ENSP00000181839,0.0006
9606.ENSP00000385823,0.0006
9606.ENSP00000333633,0.0006
9606.ENSP00000273063,0.0006
9606.ENSP00000462963,0.0006
9606.ENSP00000469613,0.0006
9606.ENSP00000380747,0.0006
9606.ENSP00000363216,0.0006
9606.ENSP00000264399,0.0006
9606.ENSP00000373783,0.0006
9606.ENSP00000372689,0.0006
9606.ENSP00000393847,0.0005
9606.ENSP00000396843,0.0005
9606.ENSP00000385722,0.0005
9606.ENSP00000386840,0.0005
9606.ENSP00000302967,0.0005
9606.ENSP00000487717,0.0005
9606.ENSP00000370340,0.0005
9606.ENSP00000358784,0.0005
9606.ENSP00000218089,0.0005
9606.ENSP00000367064,0.0005
9606.ENSP00000321997,0.0005
9606.ENSP00000321735,0.0005
9606.ENSP00000263710,0.0005
9606.ENSP00000381007,0.0005
9606.ENSP00000376708,0.0005
9606.ENSP00000353128,0.0005
9606.ENSP00000297990,0.0005
9606.ENSP00000370483,0.0005
9606.ENSP00000410746,0.0005
9606.ENSP00000280979,0.0005
9606.ENSP00000493560,0.0005
9606.ENSP00000321221,0.0005
9606.ENSP00000360231,0.0005
9606.ENSP00000233948,0.0005
9606.ENSP00000369716,0.0005
9606.ENSP00000351591,0.0004
9606.ENSP00000381605,0.0004
9606.ENSP00000431083,0.0004
9606.ENSP00000499900,0.0004
9606.ENSP00000348169,0.0004
9606.ENSP00000226382,0.0004
9606.ENSP00000386213,0.0004
9606.ENSP00000477445,0.0004
9606.ENSP00000330199,0.0004
9606.ENSP00000358994,0.0004
9606.ENSP00000348673,0.0004
9606.ENSP00000358820,0.0004
9606.ENSP00000333836,0.0004
9606.ENSP00000299705,0.0004
9606.ENSP00000252318,0.0004
9606.ENSP00000357072,0.0004
9606.ENSP00000357484,0.0004
9606.ENSP00000245817,0.0004
9606.ENSP00000342828,0.0004
9606.ENSP00000316527,0.0004
9606.ENSP00000365625,0.0004
9606.ENSP00000376534,0.0004
9606.ENSP00000336800,0.0004
9606.ENSP00000222339,0.0004
9606.ENSP00000424544,0.0004
9606.ENSP00000265403,0.0004
9606.ENSP00000310375,0.0004
9606.ENSP00000258873,0.0004
9606.ENSP00000360597,0.0004
9606.ENSP00000318900,0.0004
9606.ENSP00000354777,0.0004
9606.ENSP00000378418,0.0004
9606.ENSP00000304811,0.0004
9606.ENSP00000485337,0.0004
9606.ENSP00000362294,0.0003
9606.ENSP00000313423,0.0003
9606.ENSP00000386200,0.0003
9606.ENSP00000358698,0.0003
9606.ENSP00000387683,0.0003
9606.ENSP00000367910,0.0003
9606.ENSP00000495965,0.0003
9606.ENSP00000250351,0.0003
9606.ENSP00000264658,0.0003
9606.ENSP00000351015,0.0003
9606.ENSP00000338010,0.0003
9606.ENSP00000360761,0.0003
9606.ENSP00000366280,0.0003
9606.ENSP00000458355,0.0003
9606.ENSP00000378077,0.0003
9606.ENSP00000366827,0.0003
9606.ENSP00000326598,0.0003
9606.ENSP00000418875,0.0003
9606.ENSP00000460274,0.0003
9606.ENSP00000262415,0.0003
9606.ENSP00000261839,0.0003
9606.ENSP00000355001,0.0003
9606.ENSP00000348554,0.0003
9606.ENSP00000398880,0.0003
9606.ENSP00000429601,0.0003
9606.ENSP00000285039,0.0003
9606.ENSP00000253812,0.0003
9606.ENSP00000362181,0.0003
9606.ENSP00000470879,0.0003
9606.ENSP00000301671,0.0003
9606.ENSP00000256797,0.0003
9606.ENSP00000341044,0.0003
9606.ENSP00000346659,0.0003
9606.ENSP00000358423,0.0003
9606.ENSP00000252971,0.0003
9606.ENSP00000400252,0.0003
9606.ENSP00000470123,0.0003
9606.ENSP00000348314,0.0003
9606.ENSP00000312082,0.0003
9606.ENSP00000254854,0.0003
9606.ENSP00000290776,0.0003
9606.ENSP00000261377,0.0003
9606.ENSP00000386331,0.0003
9606.ENSP00000473159,0.0003
9606.ENSP00000274306,0.0003
9606.ENSP00000412363,0.0003
9606.ENSP00000373343,0.0002
9606.ENSP00000373696,0.0002
9606.ENSP00000270593,0.0002
9606.ENSP00000365514,0.0002
9606.ENSP00000321077,0.0002
9606.ENSP00000415090,0.0002
9606.ENSP00000325313,0.0002
9606.ENSP00000402576,0.0002
9606.ENSP00000478606,0.0002
9606.ENSP00000344828,0.0002
9606.ENSP00000276654,0.0002
9606.ENSP00000315602,0.0002
9606.ENSP00000346802,0.0002
9606.ENSP00000351035,0.0002
9606.ENSP00000319118,0.0002
9606.ENSP00000394888,0.0002
9606.ENSP00000314348,0.0002
9606.ENSP00000293851,0.0002
9606.ENSP00000346667,0.0002
9606.ENSP00000239450,0.0002
9606.ENSP00000478878,0.0002
9606.ENSP00000383558,0.0002
9606.ENSP00000368612,0.0002
9606.ENSP00000257863,0.0002
9606.ENSP00000362092,0.0002
9606.ENSP00000303909,0.0002
9606.ENSP00000244751,0.0002
9606.ENSP00000299308,0.0002
9606.ENSP00000497217,0.0002
9606.ENSP00000422431,0.0002
9606.ENSP00000266671,0.0002
9606.ENSP00000498757,0.0002
9606.ENSP00000362330,0.0002
9606.ENSP00000350066,0.0002
9606.ENSP00000268720,0.0002
9606.ENSP00000290583,0.0002
9606.ENSP00000249373,0.0002
9606.ENSP00000395929,0.0002
9606.ENSP00000234798,0.0002
9606.ENSP00000304956,0.0002
9606.ENSP00000404220,0.0002
9606.ENSP00000421180,0.0002
9606.ENSP00000390084,0.0002
9606.ENSP00000434552,0.0002
9606.ENSP00000497112,0.0002
9606.ENSP00000491655,0.0002
9606.ENSP00000357643,0.0002
9606.ENSP00000359567,0.0002
9606.ENSP00000385235,0.0002
9606.ENSP00000345147,0.0002
9606.ENSP00000408792,0.0002
9606.ENSP00000495481,0.0002
9606.ENSP00000354910,0.0002
9606.ENSP00000373518,0.0002
9606.ENSP00000472305,0.0001
9606.ENSP00000331867,0.0001
9606.ENSP00000328277,0.0001
9606.ENSP00000242728,0.0001
9606.ENSP00000344411,0.0001
9606.ENSP00000364265,0.0001
9606.ENSP00000437790,0.0001
9606.ENSP00000462337,0.0001
9606.ENSP00000376322,0.0001
9606.ENSP00000331791,0.0001
9606.ENSP00000295759,0.0001
9606.ENSP00000434655,0.0001
9606.ENSP00000428480,0.0001
9606.ENSP00000476499,0.0001
9606.ENSP00000363929,0.0001
9606.ENSP00000367668,0.0001
9606.ENSP00000357669,0.0001
9606.ENSP00000216139,0.0001
9606.ENSP00000329170,0.0001
9606.ENSP00000479745,0.0001
9606.ENSP00000276185,0.0001
9606.ENSP00000255608,0.0001
9606.ENSP00000259455,0.0001
9606.ENSP00000435300,0.0001
9606.ENSP00000216341,0.0001
9606.ENSP00000280606,0.0001
9606.ENSP00000274008,0.0001
9606.ENSP00000381476,0.0001
9606.ENSP00000456500,0.0001
9606.ENSP00000254579,0.0001
9606.ENSP00000296137,0.0001
9606.ENSP00000320563,0.0001
9606.ENSP00000458537,0.0001
9606.ENSP00000307235,0.0001
9606.ENSP00000380019,0.0001
9606.ENSP00000368332,0.0001
9606.ENSP00000252891,9.00E-05
9606.ENSP00000373937,9.00E-05
9606.ENSP00000363193,9.00E-05
9606.ENSP00000355719,9.00E-05
9606.ENSP00000295971,8.00E-05
9606.ENSP00000469417,8.00E-05
9606.ENSP00000371661,7.00E-05
9606.ENSP00000348489,7.00E-05
9606.ENSP00000388620,7.00E-05
9606.ENSP00000263205,7.00E-05
9606.ENSP00000374212,7.00E-05
9606.ENSP00000492058,6.00E-05
9606.ENSP00000424737,6.00E-05
9606.ENSP00000299882,6.00E-05
9606.ENSP00000410041,6.00E-05
9606.ENSP00000348573,6.00E-05
9606.ENSP00000244769,6.00E-05
9606.ENSP00000263094,5.00E-05
9606.ENSP00000338806,5.00E-05
9606.ENSP00000262461,5.00E-05
9606.ENSP00000379866,4.00E-05
9606.ENSP00000283921,4.00E-05
9606.ENSP00000437659,4.00E-05
9606.ENSP00000304108,4.00E-05
9606.ENSP00000379915,4.00E-05
9606.ENSP00000354597,3.00E-05
9606.ENSP00000262719,3.00E-05
9606.ENSP00000399851,3.00E-05
9606.ENSP00000268281,3.00E-05
9606.ENSP00000497651,2.00E-05
9606.ENSP00000320794,2.00E-05
9606.ENSP00000262367,2.00E-05
9606.ENSP00000323074,2.00E-05
9606.ENSP00000314080,2.00E-05
9606.ENSP00000489829,2.00E-05
9606.ENSP00000493252,1.00E-05
