string_external_id,abundance,raw_spectral_count
9606.ENSP00000380070,7397,2409
9606.ENSP00000494750,7321,9024
9606.ENSP00000458162,7321,9024
9606.ENSP00000419425,5711,1255
9606.ENSP00000345347,5662,1021
9606.ENSP00000225655,5548,1386
9606.ENSP00000254810,5082,2394
9606.ENSP00000355780,5082,2394
9606.ENSP00000446007,4951,3351
9606.ENSP00000432660,4666,1266
9606.ENSP00000495530,4260,2593
9606.ENSP00000228945,4093,750
9606.ENSP00000307705,4039,2040
9606.ENSP00000381581,3863,4006
9606.ENSP00000219150,3570,1293
9606.ENSP00000339566,3442,1909
9606.ENSP00000366109,3410,1386
9606.ENSP00000216181,3408,9238
9606.ENSP00000244534,3380,1889
9606.ENSP00000379287,3347,1261
9606.ENSP00000339063,3250,1532
9606.ENSP00000346694,3093,1107
9606.ENSP00000353408,3015,2491
9606.ENSP00000362413,3006,1719
9606.ENSP00000479461,2883,4487
9606.ENSP00000462355,2883,4487
9606.ENSP00000347168,2883,4487
9606.ENSP00000366974,2883,4487
9606.ENSP00000481486,2883,4487
9606.ENSP00000479106,2883,4487
9606.ENSP00000484789,2883,4487
9606.ENSP00000244537,2883,4487
9606.ENSP00000443017,2883,4487
9606.ENSP00000480960,2883,4487
9606.ENSP00000489236,2883,4487
9606.ENSP00000479794,2883,4487
9606.ENSP00000367034,2883,4487
9606.ENSP00000462667,2883,4487
9606.ENSP00000385479,2843,2337
9606.ENSP00000333277,2843,2337
9606.ENSP00000358154,2843,2337
9606.ENSP00000330074,2741,681
9606.ENSP00000332790,2729,2406
9606.ENSP00000346550,2662,2329
9606.ENSP00000252244,2548,2269
9606.ENSP00000229270,2526,1180
9606.ENSP00000318195,2474,1151
9606.ENSP00000388107,2453,1417
9606.ENSP00000269576,2325,1768
9606.ENSP00000297012,2292,2799
9606.ENSP00000296930,2262,510
9606.ENSP00000296503,2081,484
9606.ENSP00000358866,2050,6444
9606.ENSP00000309830,2026,98
9606.ENSP00000427687,2019,1178
9606.ENSP00000361883,1985,1209
9606.ENSP00000365458,1971,977
9606.ENSP00000357704,1959,229
9606.ENSP00000246662,1946,1243
9606.ENSP00000320171,1941,1337
9606.ENSP00000434024,1911,2657
9606.ENSP00000355657,1909,2275
9606.ENSP00000484658,1872,2294
9606.ENSP00000484841,1872,2294
9606.ENSP00000489282,1872,2294
9606.ENSP00000480826,1872,2294
9606.ENSP00000358160,1872,2294
9606.ENSP00000366999,1872,2294
9606.ENSP00000484638,1872,2294
9606.ENSP00000352252,1872,2294
9606.ENSP00000483283,1872,2294
9606.ENSP00000484095,1872,2294
9606.ENSP00000272317,1864,1428
9606.ENSP00000451291,1844,830
9606.ENSP00000361930,1831,791
9606.ENSP00000340019,1788,1171
9606.ENSP00000263168,1785,670
9606.ENSP00000381736,1781,1228
9606.ENSP00000273258,1768,169
9606.ENSP00000372155,1756,667
9606.ENSP00000262746,1715,527
9606.ENSP00000295685,1710,597
9606.ENSP00000381607,1685,451
9606.ENSP00000332194,1671,2788
9606.ENSP00000261313,1659,317
9606.ENSP00000270792,1656,112
9606.ENSP00000375978,1640,1250
9606.ENSP00000261366,1634,1223
9606.ENSP00000475814,1624,2795
9606.ENSP00000358155,1624,2795
9606.ENSP00000482431,1606,2793
9606.ENSP00000352119,1606,2793
9606.ENSP00000352627,1606,2793
9606.ENSP00000366679,1606,2793
9606.ENSP00000328484,1606,2793
9606.ENSP00000482538,1606,2793
9606.ENSP00000351589,1606,2793
9606.ENSP00000262030,1597,1186
9606.ENSP00000438553,1596,2781
9606.ENSP00000367022,1595,2741
9606.ENSP00000437125,1586,1498
9606.ENSP00000249071,1576,493
9606.ENSP00000313199,1571,434
9606.ENSP00000391481,1569,840
9606.ENSP00000400433,1558,603
9606.ENSP00000341094,1550,2648
9606.ENSP00000360609,1543,1998
9606.ENSP00000270142,1540,173
9606.ENSP00000303373,1539,2596
9606.ENSP00000483842,1539,2596
9606.ENSP00000355656,1539,2596
9606.ENSP00000301522,1502,382
9606.ENSP00000476136,1494,3691
9606.ENSP00000358151,1490,3692
9606.ENSP00000477527,1490,3692
9606.ENSP00000482674,1489,3690
9606.ENSP00000216802,1475,377
9606.ENSP00000320176,1456,495
9606.ENSP00000355315,1451,9
9606.ENSP00000320866,1422,496
9606.ENSP00000349168,1415,715
9606.ENSP00000491215,1409,1134
9606.ENSP00000349430,1405,3898
9606.ENSP00000348924,1401,3899
9606.ENSP00000366962,1401,3899
9606.ENSP00000479169,1401,3899
9606.ENSP00000289316,1401,3899
9606.ENSP00000489317,1401,3899
9606.ENSP00000321744,1401,3899
9606.ENSP00000483903,1401,3899
9606.ENSP00000445633,1401,3899
9606.ENSP00000477907,1400,3893
9606.ENSP00000491341,1382,3805
9606.ENSP00000481622,1382,3805
9606.ENSP00000346032,1381,752
9606.ENSP00000349428,1378,552
9606.ENSP00000290378,1377,4731
9606.ENSP00000325376,1376,1137
9606.ENSP00000479284,1369,3169
9606.ENSP00000355645,1369,4712
9606.ENSP00000263238,1365,714
9606.ENSP00000366618,1352,3694
9606.ENSP00000348849,1346,119
9606.ENSP00000447001,1343,212
9606.ENSP00000300026,1321,349
9606.ENSP00000265073,1320,202
9606.ENSP00000262428,1318,235
9606.ENSP00000224784,1316,4589
9606.ENSP00000352257,1313,947
9606.ENSP00000445831,1305,3897
9606.ENSP00000327070,1302,630
9606.ENSP00000386857,1300,4584
9606.ENSP00000259469,1290,54
9606.ENSP00000357076,1284,509
9606.ENSP00000497733,1278,285
9606.ENSP00000423563,1260,523
9606.ENSP00000307940,1259,1341
9606.ENSP00000364935,1258,412
9606.ENSP00000399888,1254,109
9606.ENSP00000401010,1237,490
9606.ENSP00000357801,1229,96
9606.ENSP00000308405,1218,1324
9606.ENSP00000296417,1218,1324
9606.ENSP00000338934,1213,1454
9606.ENSP00000463939,1205,249
9606.ENSP00000335153,1199,1942
9606.ENSP00000340278,1194,272
9606.ENSP00000310861,1185,1398
9606.ENSP00000311430,1159,398
9606.ENSP00000489311,1134,2648
9606.ENSP00000411355,1127,1781
9606.ENSP00000378487,1122,460
9606.ENSP00000251595,1118,327
9606.ENSP00000322421,1118,327
9606.ENSP00000278572,1118,434
9606.ENSP00000316029,1117,3356
9606.ENSP00000493701,1111,1062
9606.ENSP00000258962,1110,330
9606.ENSP00000496166,1105,886
9606.ENSP00000222247,1103,205
9606.ENSP00000389103,1102,143
9606.ENSP00000276079,1099,537
9606.ENSP00000365147,1091,278
9606.ENSP00000359991,1081,489
9606.ENSP00000385958,1078,106
9606.ENSP00000367220,1074,436
9606.ENSP00000494175,1073,378
9606.ENSP00000485952,1072,858
9606.ENSP00000324173,1061,942
9606.ENSP00000362820,1043,144
9606.ENSP00000252699,1041,1740
9606.ENSP00000339001,1039,1541
9606.ENSP00000376309,1032,371
9606.ENSP00000418082,1028,89
9606.ENSP00000426909,1023,416
9606.ENSP00000464813,998,106
9606.ENSP00000445175,997,644
9606.ENSP00000369757,985,181
9606.ENSP00000413436,983,150
9606.ENSP00000221419,956,558
9606.ENSP00000357727,951,192
9606.ENSP00000376652,945,480
9606.ENSP00000168216,945,309
9606.ENSP00000395535,943,503
9606.ENSP00000478771,943,1410
9606.ENSP00000400175,940,327
9606.ENSP00000493536,930,910
9606.ENSP00000300289,927,706
9606.ENSP00000309334,910,152
9606.ENSP00000225430,905,94
9606.ENSP00000244573,899,719
9606.ENSP00000355228,897,40
9606.ENSP00000405965,893,111
9606.ENSP00000341524,892,376
9606.ENSP00000325240,890,261
9606.ENSP00000403172,890,238
9606.ENSP00000327054,888,701
9606.ENSP00000233893,887,153
9606.ENSP00000367263,887,7463
9606.ENSP00000359345,885,257
9606.ENSP00000361076,884,208
9606.ENSP00000307889,884,161
9606.ENSP00000361635,884,312
9606.ENSP00000379888,878,218
9606.ENSP00000363018,877,254
9606.ENSP00000389351,876,242
9606.ENSP00000370010,875,14
9606.ENSP00000325905,870,144
9606.ENSP00000338413,868,1079
9606.ENSP00000398568,860,566
9606.ENSP00000305556,860,381
9606.ENSP00000321259,858,385
9606.ENSP00000406773,848,112
9606.ENSP00000342374,841,95
9606.ENSP00000339835,836,1746
9606.ENSP00000371267,834,492
9606.ENSP00000357721,824,144
9606.ENSP00000346001,820,302
9606.ENSP00000285093,819,301
9606.ENSP00000433760,817,58
9606.ENSP00000481646,817,193
9606.ENSP00000362744,816,323
9606.ENSP00000479488,815,315
9606.ENSP00000268182,812,1692
9606.ENSP00000301587,810,176
9606.ENSP00000215909,808,172
9606.ENSP00000221801,806,335
9606.ENSP00000355759,805,861
9606.ENSP00000354876,805,133
9606.ENSP00000446215,802,211
9606.ENSP00000419545,797,337
9606.ENSP00000264335,793,498
9606.ENSP00000370125,782,62
9606.ENSP00000463559,781,384
9606.ENSP00000274764,771,2522
9606.ENSP00000349748,771,543
9606.ENSP00000472469,770,62
9606.ENSP00000446955,769,215
9606.ENSP00000291568,766,92
9606.ENSP00000346050,764,283
9606.ENSP00000420065,760,191
9606.ENSP00000375632,759,150
9606.ENSP00000416429,759,91
9606.ENSP00000228825,758,178
9606.ENSP00000380921,753,520
9606.ENSP00000250559,751,312
9606.ENSP00000216714,749,297
9606.ENSP00000405573,745,510
9606.ENSP00000342026,739,269
9606.ENSP00000449328,735,236
9606.ENSP00000431240,732,105
9606.ENSP00000294742,731,148
9606.ENSP00000339795,729,204
9606.ENSP00000375730,727,163
9606.ENSP00000435777,726,151
9606.ENSP00000464359,725,384
9606.ENSP00000345957,723,86
9606.ENSP00000265062,722,264
9606.ENSP00000299300,719,548
9606.ENSP00000388169,719,352
9606.ENSP00000217182,716,754
9606.ENSP00000385616,714,568
9606.ENSP00000359804,704,446
9606.ENSP00000329662,703,179
9606.ENSP00000472985,703,182
9606.ENSP00000297185,702,651
9606.ENSP00000495273,685,130
9606.ENSP00000351777,681,736
9606.ENSP00000470972,679,125
9606.ENSP00000456436,678,269
9606.ENSP00000403039,677,396
9606.ENSP00000371194,676,296
9606.ENSP00000404121,676,648
9606.ENSP00000370074,676,370
9606.ENSP00000494697,673,145
9606.ENSP00000386636,669,330
9606.ENSP00000354566,667,117
9606.ENSP00000312999,664,454
9606.ENSP00000497225,663,161
9606.ENSP00000495672,659,60
9606.ENSP00000416706,658,2216
9606.ENSP00000354782,657,150
9606.ENSP00000398610,657,362
9606.ENSP00000331897,655,371
9606.ENSP00000420311,654,123
9606.ENSP00000498577,653,289
9606.ENSP00000370115,653,324
9606.ENSP00000483688,651,175
9606.ENSP00000348056,650,102
9606.ENSP00000221418,650,282
9606.ENSP00000366798,648,27
9606.ENSP00000301329,645,221
9606.ENSP00000361927,642,363
9606.ENSP00000271638,642,82
9606.ENSP00000253024,641,409
9606.ENSP00000341214,639,680
9606.ENSP00000400142,638,173
9606.ENSP00000341826,635,487
9606.ENSP00000263697,634,108
9606.ENSP00000354632,633,34
9606.ENSP00000364721,630,196
9606.ENSP00000367615,629,192
9606.ENSP00000428845,628,213
9606.ENSP00000228318,628,319
9606.ENSP00000463784,627,125
9606.ENSP00000354532,625,305
9606.ENSP00000422176,624,364
9606.ENSP00000377640,622,81
9606.ENSP00000413507,620,367
9606.ENSP00000271308,619,187
9606.ENSP00000316176,617,119
9606.ENSP00000298316,616,104
9606.ENSP00000437402,615,682
9606.ENSP00000262613,615,275
9606.ENSP00000247461,615,421
9606.ENSP00000428085,613,127
9606.ENSP00000262584,613,124
9606.ENSP00000464342,612,47
9606.ENSP00000363745,609,547
9606.ENSP00000275603,607,386
9606.ENSP00000336687,606,162
9606.ENSP00000379506,602,114
9606.ENSP00000300413,602,65
9606.ENSP00000376276,602,93
9606.ENSP00000429374,602,76
9606.ENSP00000421592,600,134
9606.ENSP00000295688,600,414
9606.ENSP00000296674,599,84
9606.ENSP00000230050,598,103
9606.ENSP00000248437,598,1254
9606.ENSP00000355011,598,285
9606.ENSP00000270625,597,109
9606.ENSP00000216254,596,551
9606.ENSP00000351646,591,381
9606.ENSP00000221130,589,282
9606.ENSP00000498019,589,138
9606.ENSP00000310226,588,232
9606.ENSP00000280326,588,386
9606.ENSP00000381216,588,399
9606.ENSP00000299767,587,656
9606.ENSP00000393241,587,110
9606.ENSP00000254108,586,187
9606.ENSP00000354739,584,139
9606.ENSP00000417864,582,145
9606.ENSP00000496414,580,1102
9606.ENSP00000286788,574,534
9606.ENSP00000441875,572,276
9606.ENSP00000414359,571,224
9606.ENSP00000298510,568,202
9606.ENSP00000499935,568,185
9606.ENSP00000464849,568,148
9606.ENSP00000357283,568,524
9606.ENSP00000296511,564,295
9606.ENSP00000327801,562,403
9606.ENSP00000429150,562,296
9606.ENSP00000369965,559,86
9606.ENSP00000369538,557,470
9606.ENSP00000425031,557,153
9606.ENSP00000290541,556,133
9606.ENSP00000416269,555,421
9606.ENSP00000357189,552,174
9606.ENSP00000370114,552,285
9606.ENSP00000345848,551,148
9606.ENSP00000336799,550,1467
9606.ENSP00000358723,549,263
9606.ENSP00000339467,547,174
9606.ENSP00000298159,545,293
9606.ENSP00000304229,545,56
9606.ENSP00000324422,545,307
9606.ENSP00000228136,539,61
9606.ENSP00000295897,536,490
9606.ENSP00000231009,535,155
9606.ENSP00000046794,535,264
9606.ENSP00000322439,532,396
9606.ENSP00000463842,531,177
9606.ENSP00000377958,529,367
9606.ENSP00000264993,526,93
9606.ENSP00000378731,525,252
9606.ENSP00000434511,524,96
9606.ENSP00000358727,524,166
9606.ENSP00000294189,523,42
9606.ENSP00000341289,522,1297
9606.ENSP00000317334,522,437
9606.ENSP00000389631,520,373
9606.ENSP00000364813,520,60
9606.ENSP00000301939,519,19
9606.ENSP00000391249,518,436
9606.ENSP00000344547,517,47
9606.ENSP00000222005,516,158
9606.ENSP00000324105,516,593
9606.ENSP00000346027,515,75
9606.ENSP00000301785,514,469
9606.ENSP00000354947,513,258
9606.ENSP00000267884,511,92
9606.ENSP00000487444,510,1856
9606.ENSP00000345361,507,89
9606.ENSP00000360671,506,323
9606.ENSP00000258091,505,358
9606.ENSP00000261735,505,141
9606.ENSP00000307863,503,148
9606.ENSP00000265866,501,173
9606.ENSP00000211998,500,654
9606.ENSP00000258787,499,644
9606.ENSP00000341885,496,199
9606.ENSP00000044462,496,153
9606.ENSP00000308430,495,70
9606.ENSP00000365891,495,212
9606.ENSP00000245932,494,219
9606.ENSP00000358635,494,426
9606.ENSP00000429707,494,46
9606.ENSP00000242784,493,55
9606.ENSP00000380033,493,583
9606.ENSP00000252242,493,816
9606.ENSP00000457513,491,120
9606.ENSP00000377941,491,1099
9606.ENSP00000350937,490,310
9606.ENSP00000318861,489,397
9606.ENSP00000325589,488,73
9606.ENSP00000246194,488,163
9606.ENSP00000498807,488,279
9606.ENSP00000242285,486,33
9606.ENSP00000431049,485,198
9606.ENSP00000340466,485,549
9606.ENSP00000317257,483,177
9606.ENSP00000293831,483,410
9606.ENSP00000316042,482,124
9606.ENSP00000225698,482,119
9606.ENSP00000428223,482,106
9606.ENSP00000439189,482,2673
9606.ENSP00000336702,479,195
9606.ENSP00000356520,477,782
9606.ENSP00000274306,476,220
9606.ENSP00000302935,476,682
9606.ENSP00000233025,474,17
9606.ENSP00000279227,474,435
9606.ENSP00000262193,472,159
9606.ENSP00000466010,472,78
9606.ENSP00000377446,471,154
9606.ENSP00000252603,468,151
9606.ENSP00000499501,468,1744
9606.ENSP00000499044,466,58
9606.ENSP00000264932,465,328
9606.ENSP00000264279,464,320
9606.ENSP00000362010,462,202
9606.ENSP00000393388,462,17
9606.ENSP00000357113,462,455
9606.ENSP00000339883,462,229
9606.ENSP00000470059,459,338
9606.ENSP00000268379,457,229
9606.ENSP00000439020,457,1312
9606.ENSP00000391592,456,452
9606.ENSP00000370023,455,433
9606.ENSP00000337261,455,549
9606.ENSP00000314067,454,261
9606.ENSP00000360034,452,238
9606.ENSP00000227524,452,146
9606.ENSP00000479606,451,1156
9606.ENSP00000259254,449,9
9606.ENSP00000361777,449,143
9606.ENSP00000265462,448,171
9606.ENSP00000350090,447,371
9606.ENSP00000358140,444,553
9606.ENSP00000479153,442,363
9606.ENSP00000349259,442,1650
9606.ENSP00000497104,440,452
9606.ENSP00000356652,439,90
9606.ENSP00000305995,437,451
9606.ENSP00000313829,436,133
9606.ENSP00000416739,435,362
9606.ENSP00000318646,433,120
9606.ENSP00000363017,433,101
9606.ENSP00000325136,432,231
9606.ENSP00000357709,432,61
9606.ENSP00000296412,432,188
9606.ENSP00000358490,430,97
9606.ENSP00000496250,430,93
9606.ENSP00000377192,430,371
9606.ENSP00000216218,428,137
9606.ENSP00000397843,425,16
9606.ENSP00000280154,422,249
9606.ENSP00000245206,422,260
9606.ENSP00000267113,422,576
9606.ENSP00000340836,422,103
9606.ENSP00000228740,421,388
9606.ENSP00000307786,421,69
9606.ENSP00000277865,420,448
9606.ENSP00000420588,420,113
9606.ENSP00000376800,418,52
9606.ENSP00000266735,416,32
9606.ENSP00000263672,416,107
9606.ENSP00000479861,416,203
9606.ENSP00000256682,414,352
9606.ENSP00000439601,414,387
9606.ENSP00000354394,414,464
9606.ENSP00000440005,413,351
9606.ENSP00000220764,413,197
9606.ENSP00000498653,410,191
9606.ENSP00000325548,410,264
9606.ENSP00000266732,409,317
9606.ENSP00000300688,409,78
9606.ENSP00000480270,409,181
9606.ENSP00000357679,408,56
9606.ENSP00000348461,407,258
9606.ENSP00000419665,407,82
9606.ENSP00000414321,407,113
9606.ENSP00000290349,405,196
9606.ENSP00000370589,405,335
9606.ENSP00000362803,404,59
9606.ENSP00000362463,404,87
9606.ENSP00000375863,403,303
9606.ENSP00000373706,402,641
9606.ENSP00000261267,402,85
9606.ENSP00000342056,401,201
9606.ENSP00000376055,401,117
9606.ENSP00000435096,401,47
9606.ENSP00000225665,400,166
9606.ENSP00000176763,399,421
9606.ENSP00000264071,399,1075
9606.ENSP00000215793,399,348
9606.ENSP00000371393,399,364
9606.ENSP00000359910,399,167
9606.ENSP00000477781,399,87
9606.ENSP00000346037,398,40
9606.ENSP00000376330,398,213
9606.ENSP00000430706,397,162
9606.ENSP00000311747,396,195
9606.ENSP00000367806,396,82
9606.ENSP00000428209,396,143
9606.ENSP00000415151,395,76
9606.ENSP00000339186,395,142
9606.ENSP00000358099,393,96
9606.ENSP00000466134,391,227
9606.ENSP00000380948,391,483
9606.ENSP00000369314,390,33
9606.ENSP00000291295,388,192
9606.ENSP00000499797,388,192
9606.ENSP00000261479,387,168
9606.ENSP00000356275,386,80
9606.ENSP00000215829,386,57
9606.ENSP00000366604,384,193
9606.ENSP00000431984,383,341
9606.ENSP00000499717,381,192
9606.ENSP00000362334,380,117
9606.ENSP00000331901,380,236
9606.ENSP00000416959,377,108
9606.ENSP00000377298,377,1058
9606.ENSP00000323856,377,2717
9606.ENSP00000377060,376,105
9606.ENSP00000359645,376,242
9606.ENSP00000367196,376,59
9606.ENSP00000345656,376,105
9606.ENSP00000296581,375,37
9606.ENSP00000431445,374,70
9606.ENSP00000452123,373,81
9606.ENSP00000387262,372,371
9606.ENSP00000463154,372,91
9606.ENSP00000483254,372,212
9606.ENSP00000356448,371,833
9606.ENSP00000392330,371,140
9606.ENSP00000326381,371,361
9606.ENSP00000477713,371,260
9606.ENSP00000386559,371,113
9606.ENSP00000442920,369,138
9606.ENSP00000376506,369,85
9606.ENSP00000285735,368,200
9606.ENSP00000339720,367,50
9606.ENSP00000497641,367,249
9606.ENSP00000305790,365,519
9606.ENSP00000452762,363,167
9606.ENSP00000290299,363,158
9606.ENSP00000335321,363,500
9606.ENSP00000360682,362,138
9606.ENSP00000357858,361,125
9606.ENSP00000290158,361,373
9606.ENSP00000383003,359,45
9606.ENSP00000349142,359,137
9606.ENSP00000313420,359,2017
9606.ENSP00000411825,359,363
9606.ENSP00000302833,359,193
9606.ENSP00000355518,359,169
9606.ENSP00000223321,358,118
9606.ENSP00000497910,358,51
9606.ENSP00000242776,358,327
9606.ENSP00000361626,357,108
9606.ENSP00000386911,357,309
9606.ENSP00000357535,357,156
9606.ENSP00000216038,357,209
9606.ENSP00000222968,357,65
9606.ENSP00000463393,356,116
9606.ENSP00000356828,356,144
9606.ENSP00000264028,355,210
9606.ENSP00000474560,355,107
9606.ENSP00000285930,354,152
9606.ENSP00000463379,354,177
9606.ENSP00000203407,354,186
9606.ENSP00000417653,352,199
9606.ENSP00000444357,352,119
9606.ENSP00000167586,351,549
9606.ENSP00000217426,350,198
9606.ENSP00000254719,350,250
9606.ENSP00000265753,350,72
9606.ENSP00000256441,350,43
9606.ENSP00000269848,349,329
9606.ENSP00000362946,349,115
9606.ENSP00000443654,349,141
9606.ENSP00000379873,347,203
9606.ENSP00000386717,347,51
9606.ENSP00000295006,346,257
9606.ENSP00000443475,346,1269
9606.ENSP00000383949,345,59
9606.ENSP00000360664,344,46
9606.ENSP00000356982,344,45
9606.ENSP00000263867,343,117
9606.ENSP00000332706,343,56
9606.ENSP00000385269,341,135
9606.ENSP00000499129,340,309
9606.ENSP00000326042,340,1098
9606.ENSP00000382982,340,1098
9606.ENSP00000376886,340,156
9606.ENSP00000494664,339,447
9606.ENSP00000265838,338,165
9606.ENSP00000346827,338,242
9606.ENSP00000351314,337,102
9606.ENSP00000376345,337,113
9606.ENSP00000346173,337,157
9606.ENSP00000388183,337,417
9606.ENSP00000374332,337,119
9606.ENSP00000294360,335,57
9606.ENSP00000420195,335,72
9606.ENSP00000346634,335,266
9606.ENSP00000329757,334,21
9606.ENSP00000243997,334,10
9606.ENSP00000316905,334,177
9606.ENSP00000431800,333,123
9606.ENSP00000225792,332,370
9606.ENSP00000243563,331,80
9606.ENSP00000450085,331,97
9606.ENSP00000380958,330,30
9606.ENSP00000361892,329,269
9606.ENSP00000385385,329,153
9606.ENSP00000306397,328,98
9606.ENSP00000394071,328,290
9606.ENSP00000497474,327,10
9606.ENSP00000448598,327,97
9606.ENSP00000376077,326,47
9606.ENSP00000378163,325,31
9606.ENSP00000352438,325,225
9606.ENSP00000494125,323,209
9606.ENSP00000344504,323,42
9606.ENSP00000324804,323,308
9606.ENSP00000365963,322,22
9606.ENSP00000296255,322,276
9606.ENSP00000333547,322,169
9606.ENSP00000469468,322,46
9606.ENSP00000495192,322,1182
9606.ENSP00000431822,322,32
9606.ENSP00000237530,321,172
9606.ENSP00000362576,321,267
9606.ENSP00000362329,321,143
9606.ENSP00000252102,321,29
9606.ENSP00000494550,320,428
9606.ENSP00000412189,319,226
9606.ENSP00000264972,319,292
9606.ENSP00000481886,318,69
9606.ENSP00000358737,318,147
9606.ENSP00000340305,318,151
9606.ENSP00000216455,318,124
9606.ENSP00000370808,316,257
9606.ENSP00000303145,316,107
9606.ENSP00000265729,316,88
9606.ENSP00000315474,315,121
9606.ENSP00000463058,315,52
9606.ENSP00000261890,313,151
9606.ENSP00000261623,312,34
9606.ENSP00000301764,312,401
9606.ENSP00000454746,312,101
9606.ENSP00000348163,312,752
9606.ENSP00000337060,312,151
9606.ENSP00000318197,311,982
9606.ENSP00000306003,308,47
9606.ENSP00000441543,308,1410
9606.ENSP00000306330,308,331
9606.ENSP00000482486,307,178
9606.ENSP00000434359,307,179
9606.ENSP00000362308,307,49
9606.ENSP00000217456,306,173
9606.ENSP00000302886,306,233
9606.ENSP00000349359,306,103
9606.ENSP00000469240,306,43
9606.ENSP00000303908,306,166
9606.ENSP00000331019,306,45
9606.ENSP00000493623,304,205
9606.ENSP00000335304,304,158
9606.ENSP00000253108,303,90
9606.ENSP00000336741,303,338
9606.ENSP00000446252,302,138
9606.ENSP00000184266,302,49
9606.ENSP00000000233,302,274
9606.ENSP00000353375,301,371
9606.ENSP00000236959,299,272
9606.ENSP00000427421,299,19
9606.ENSP00000356864,299,45
9606.ENSP00000294119,298,49
9606.ENSP00000254193,298,87
9606.ENSP00000363993,297,82
9606.ENSP00000369915,297,130
9606.ENSP00000264933,297,73
9606.ENSP00000472249,296,84
9606.ENSP00000312734,296,131
9606.ENSP00000313432,296,116
9606.ENSP00000346300,296,114
9606.ENSP00000419088,296,45
9606.ENSP00000467423,295,245
9606.ENSP00000365411,295,129
9606.ENSP00000388806,293,147
9606.ENSP00000370745,293,297
9606.ENSP00000432279,293,28
9606.ENSP00000224073,293,47
9606.ENSP00000472998,292,119
9606.ENSP00000482075,292,60
9606.ENSP00000362900,291,143
9606.ENSP00000364585,291,207
9606.ENSP00000346015,290,55
9606.ENSP00000325448,290,199
9606.ENSP00000387286,290,166
9606.ENSP00000368959,290,45
9606.ENSP00000356632,289,37
9606.ENSP00000297258,289,54
9606.ENSP00000302640,289,214
9606.ENSP00000301653,289,460
9606.ENSP00000357123,288,131
9606.ENSP00000307241,287,158
9606.ENSP00000404833,287,120
9606.ENSP00000418438,287,23
9606.ENSP00000360181,287,44
9606.ENSP00000362649,285,189
9606.ENSP00000338703,285,196
9606.ENSP00000246548,285,174
9606.ENSP00000251047,283,94
9606.ENSP00000264710,283,86
9606.ENSP00000477538,283,90
9606.ENSP00000300291,282,95
9606.ENSP00000316779,282,181
9606.ENSP00000362924,282,172
9606.ENSP00000442318,282,485
9606.ENSP00000417142,281,45
9606.ENSP00000229268,280,260
9606.ENSP00000261601,280,180
9606.ENSP00000345702,280,16
9606.ENSP00000308753,280,123
9606.ENSP00000303222,280,97
9606.ENSP00000365757,279,178
9606.ENSP00000279146,279,113
9606.ENSP00000329219,279,422
9606.ENSP00000346088,278,37
9606.ENSP00000358921,278,199
9606.ENSP00000378760,278,292
9606.ENSP00000292147,278,79
9606.ENSP00000433138,278,121
9606.ENSP00000367872,277,151
9606.ENSP00000286713,277,121
9606.ENSP00000383059,276,35
9606.ENSP00000419325,276,172
9606.ENSP00000355991,275,182
9606.ENSP00000305230,274,37
9606.ENSP00000392094,272,368
9606.ENSP00000299977,272,303
9606.ENSP00000229390,272,81
9606.ENSP00000380378,272,162
9606.ENSP00000341657,271,84
9606.ENSP00000303356,271,100
9606.ENSP00000428426,270,115
9606.ENSP00000229340,270,103
9606.ENSP00000293288,270,96
9606.ENSP00000369703,270,960
9606.ENSP00000264161,270,236
9606.ENSP00000494708,269,162
9606.ENSP00000392709,269,269
9606.ENSP00000300692,269,53
9606.ENSP00000466818,269,40
9606.ENSP00000259818,268,959
9606.ENSP00000377833,267,199
9606.ENSP00000337632,267,90
9606.ENSP00000312027,267,35
9606.ENSP00000482543,267,47
9606.ENSP00000216330,266,68
9606.ENSP00000263694,265,80
9606.ENSP00000306010,265,220
9606.ENSP00000295822,265,136
9606.ENSP00000401564,265,60
9606.ENSP00000375649,264,43
9606.ENSP00000405338,264,448
9606.ENSP00000354720,264,406
9606.ENSP00000263368,264,56
9606.ENSP00000354468,263,90
9606.ENSP00000256854,262,151
9606.ENSP00000481029,262,174
9606.ENSP00000408910,262,117
9606.ENSP00000264663,261,303
9606.ENSP00000435365,261,177
9606.ENSP00000366525,261,51
9606.ENSP00000433999,261,169
9606.ENSP00000274137,261,35
9606.ENSP00000263774,260,103
9606.ENSP00000338235,260,142
9606.ENSP00000354346,260,435
9606.ENSP00000378284,260,435
9606.ENSP00000349252,260,290
9606.ENSP00000346762,259,323
9606.ENSP00000260447,259,22
9606.ENSP00000303366,259,97
9606.ENSP00000196371,258,148
9606.ENSP00000295756,257,20
9606.ENSP00000318297,257,172
9606.ENSP00000317159,255,76
9606.ENSP00000217121,255,87
9606.ENSP00000419628,254,77
9606.ENSP00000367992,254,112
9606.ENSP00000362592,253,124
9606.ENSP00000299518,252,103
9606.ENSP00000297338,252,143
9606.ENSP00000364016,251,136
9606.ENSP00000266679,251,122
9606.ENSP00000303992,251,126
9606.ENSP00000484343,250,165
9606.ENSP00000491073,250,322
9606.ENSP00000363559,249,55
9606.ENSP00000341905,249,307
9606.ENSP00000364649,249,116
9606.ENSP00000319831,248,225
9606.ENSP00000358616,248,34
9606.ENSP00000346012,248,30
9606.ENSP00000252542,247,230
9606.ENSP00000308720,247,130
9606.ENSP00000343885,247,140
9606.ENSP00000446099,247,180
9606.ENSP00000414921,246,154
9606.ENSP00000216034,246,44
9606.ENSP00000258424,246,55
9606.ENSP00000358939,245,162
9606.ENSP00000261700,245,93
9606.ENSP00000375857,245,205
9606.ENSP00000367028,244,397
9606.ENSP00000261712,242,163
9606.ENSP00000319255,242,84
9606.ENSP00000477310,242,37
9606.ENSP00000318177,241,196
9606.ENSP00000250495,241,45
9606.ENSP00000235835,241,89
9606.ENSP00000216338,241,100
9606.ENSP00000377814,241,44
9606.ENSP00000220003,241,191
9606.ENSP00000377681,240,109
9606.ENSP00000009530,239,81
9606.ENSP00000342778,239,109
9606.ENSP00000361140,239,133
9606.ENSP00000399805,239,110
9606.ENSP00000302961,239,331
9606.ENSP00000378812,239,15
9606.ENSP00000264639,238,171
9606.ENSP00000346103,238,73
9606.ENSP00000276689,238,51
9606.ENSP00000460348,237,738
9606.ENSP00000270225,237,113
9606.ENSP00000496494,237,177
9606.ENSP00000474096,236,130
9606.ENSP00000350708,236,83
9606.ENSP00000330945,235,95
9606.ENSP00000362041,235,81
9606.ENSP00000234038,235,123
9606.ENSP00000249923,235,305
9606.ENSP00000247970,235,43
9606.ENSP00000409666,234,82
9606.ENSP00000252252,234,754
9606.ENSP00000389297,234,66
9606.ENSP00000498852,233,95
9606.ENSP00000306565,233,62
9606.ENSP00000386156,233,51
9606.ENSP00000378199,233,512
9606.ENSP00000347005,233,179
9606.ENSP00000227525,232,62
9606.ENSP00000286648,232,77
9606.ENSP00000234313,232,56
9606.ENSP00000493805,231,185
9606.ENSP00000306614,231,80
9606.ENSP00000360939,230,91
9606.ENSP00000264758,230,192
9606.ENSP00000307850,230,37
9606.ENSP00000287295,230,180
9606.ENSP00000359504,230,195
9606.ENSP00000413625,229,165
9606.ENSP00000320309,229,112
9606.ENSP00000320324,228,298
9606.ENSP00000263354,228,132
9606.ENSP00000480421,228,193
9606.ENSP00000279022,228,164
9606.ENSP00000274364,228,517
9606.ENSP00000346206,227,182
9606.ENSP00000310670,227,255
9606.ENSP00000418529,227,114
9606.ENSP00000373905,227,275
9606.ENSP00000357122,227,171
9606.ENSP00000362339,226,75
9606.ENSP00000456019,226,221
9606.ENSP00000333551,225,78
9606.ENSP00000256383,225,105
9606.ENSP00000330737,225,46
9606.ENSP00000449386,225,254
9606.ENSP00000205402,225,130
9606.ENSP00000363638,225,56
9606.ENSP00000312185,225,198
9606.ENSP00000361057,225,65
9606.ENSP00000273359,225,97
9606.ENSP00000317780,224,60
9606.ENSP00000499067,224,187
9606.ENSP00000391211,224,161
9606.ENSP00000300249,224,77
9606.ENSP00000343966,224,120
9606.ENSP00000498596,223,81
9606.ENSP00000376475,223,119
9606.ENSP00000457733,223,129
9606.ENSP00000358867,223,234
9606.ENSP00000389168,223,237
9606.ENSP00000291700,222,18
9606.ENSP00000323421,222,367
9606.ENSP00000216121,222,85
9606.ENSP00000404854,221,74
9606.ENSP00000340736,221,79
9606.ENSP00000429283,221,549
9606.ENSP00000377703,220,235
9606.ENSP00000209875,220,69
9606.ENSP00000410059,220,169
9606.ENSP00000388909,220,40
9606.ENSP00000377036,220,72
9606.ENSP00000465432,219,15
9606.ENSP00000451080,219,33
9606.ENSP00000272067,219,52
9606.ENSP00000362456,219,54
9606.ENSP00000435210,219,187
9606.ENSP00000360532,219,190
9606.ENSP00000248975,219,289
9606.ENSP00000158762,218,193
9606.ENSP00000238497,218,133
9606.ENSP00000386541,218,59
9606.ENSP00000356015,217,63
9606.ENSP00000341743,217,40
9606.ENSP00000376889,217,177
9606.ENSP00000246151,216,71
9606.ENSP00000315774,216,68
9606.ENSP00000363641,216,40
9606.ENSP00000348965,216,1499
9606.ENSP00000438689,216,237
9606.ENSP00000305260,216,137
9606.ENSP00000219169,215,30
9606.ENSP00000398597,215,37
9606.ENSP00000398632,215,173
9606.ENSP00000359988,215,58
9606.ENSP00000310572,215,152
9606.ENSP00000357048,215,395
9606.ENSP00000334448,215,32
9606.ENSP00000311677,214,73
9606.ENSP00000160262,214,157
9606.ENSP00000354982,214,19
9606.ENSP00000499020,214,228
9606.ENSP00000454341,214,26
9606.ENSP00000289902,214,14
9606.ENSP00000444810,213,136
9606.ENSP00000306362,213,37
9606.ENSP00000364119,213,89
9606.ENSP00000449270,212,30
9606.ENSP00000362110,212,137
9606.ENSP00000378191,211,76
9606.ENSP00000230085,211,46
9606.ENSP00000400906,211,78
9606.ENSP00000365402,211,130
9606.ENSP00000348381,211,178
9606.ENSP00000354125,211,210
9606.ENSP00000247470,209,73
9606.ENSP00000497587,209,117
9606.ENSP00000422896,209,174
9606.ENSP00000221957,208,117
9606.ENSP00000317331,208,44
9606.ENSP00000488422,208,80
9606.ENSP00000254508,208,423
9606.ENSP00000226796,208,53
9606.ENSP00000298299,208,53
9606.ENSP00000157812,208,138
9606.ENSP00000367323,208,137
9606.ENSP00000352264,207,154
9606.ENSP00000236671,207,197
9606.ENSP00000370517,207,194
9606.ENSP00000353072,206,290
9606.ENSP00000251166,206,304
9606.ENSP00000355890,206,397
9606.ENSP00000296456,206,149
9606.ENSP00000320295,206,790
9606.ENSP00000324511,206,164
9606.ENSP00000351022,205,155
9606.ENSP00000215567,205,66
9606.ENSP00000477590,205,129
9606.ENSP00000298556,205,76
9606.ENSP00000314606,205,125
9606.ENSP00000215565,205,25
9606.ENSP00000371230,204,80
9606.ENSP00000400591,204,23
9606.ENSP00000449396,204,247
9606.ENSP00000384863,204,269
9606.ENSP00000261303,203,128
9606.ENSP00000329419,203,274
9606.ENSP00000416534,203,294
9606.ENSP00000365950,203,26
9606.ENSP00000358857,203,61
9606.ENSP00000448035,203,131
9606.ENSP00000296702,202,175
9606.ENSP00000356972,202,112
9606.ENSP00000457723,202,52
9606.ENSP00000240185,201,83
9606.ENSP00000345917,201,77
9606.ENSP00000296786,201,78
9606.ENSP00000357459,201,312
9606.ENSP00000399700,200,2
9606.ENSP00000326031,200,198
9606.ENSP00000216190,200,114
9606.ENSP00000262238,200,56
9606.ENSP00000309474,199,237
9606.ENSP00000262710,199,245
9606.ENSP00000223129,199,38
9606.ENSP00000302486,199,114
9606.ENSP00000487693,199,76
9606.ENSP00000278671,198,44
9606.ENSP00000244227,198,19
9606.ENSP00000216297,198,280
9606.ENSP00000333326,197,703
9606.ENSP00000292314,197,29
9606.ENSP00000345259,197,217
9606.ENSP00000309555,197,348
9606.ENSP00000386786,197,2033
9606.ENSP00000495750,197,103
9606.ENSP00000265872,197,206
9606.ENSP00000241052,197,153
9606.ENSP00000438507,196,289
9606.ENSP00000399457,196,121
9606.ENSP00000484998,196,96
9606.ENSP00000265260,195,48
9606.ENSP00000346340,195,42
9606.ENSP00000267257,195,117
9606.ENSP00000359045,195,200
9606.ENSP00000473172,195,146
9606.ENSP00000364801,195,505
9606.ENSP00000364802,195,505
9606.ENSP00000270776,195,135
9606.ENSP00000431391,194,128
9606.ENSP00000430494,194,44
9606.ENSP00000410452,194,28
9606.ENSP00000362688,194,98
9606.ENSP00000226574,194,212
9606.ENSP00000348442,194,124
9606.ENSP00000478121,194,30
9606.ENSP00000283131,193,281
9606.ENSP00000250784,192,140
9606.ENSP00000369134,192,124
9606.ENSP00000365576,192,175
9606.ENSP00000310129,192,239
9606.ENSP00000220849,192,140
9606.ENSP00000427985,192,193
9606.ENSP00000460871,192,103
9606.ENSP00000349923,192,20
9606.ENSP00000392270,191,98
9606.ENSP00000278412,191,163
9606.ENSP00000497402,191,77
9606.ENSP00000261973,191,124
9606.ENSP00000231487,190,56
9606.ENSP00000259037,190,27
9606.ENSP00000217901,190,59
9606.ENSP00000429309,190,45
9606.ENSP00000369317,190,697
9606.ENSP00000322716,190,114
9606.ENSP00000349575,189,45
9606.ENSP00000305480,189,75
9606.ENSP00000313603,189,185
9606.ENSP00000299166,188,40
9606.ENSP00000355889,188,228
9606.ENSP00000300935,188,82
9606.ENSP00000474534,188,124
9606.ENSP00000321584,188,108
9606.ENSP00000302728,188,108
9606.ENSP00000366430,188,40
9606.ENSP00000230048,187,28
9606.ENSP00000261758,187,42
9606.ENSP00000263579,187,91
9606.ENSP00000223500,187,22
9606.ENSP00000257860,186,332
9606.ENSP00000314030,186,79
9606.ENSP00000217515,186,74
9606.ENSP00000324122,186,91
9606.ENSP00000304102,186,53
9606.ENSP00000317123,186,653
9606.ENSP00000379392,186,120
9606.ENSP00000274606,185,29
9606.ENSP00000363041,185,33
9606.ENSP00000234160,185,71
9606.ENSP00000316809,185,55
9606.ENSP00000215832,185,129
9606.ENSP00000440542,185,439
9606.ENSP00000401470,185,131
9606.ENSP00000282272,185,280
9606.ENSP00000319664,184,98
9606.ENSP00000268099,183,40
9606.ENSP00000282486,183,58
9606.ENSP00000011473,183,35
9606.ENSP00000480313,183,120
9606.ENSP00000291577,183,120
9606.ENSP00000427424,183,38
9606.ENSP00000482773,183,80
9606.ENSP00000363071,183,281
9606.ENSP00000481495,182,174
9606.ENSP00000216727,182,73
9606.ENSP00000380998,182,22
9606.ENSP00000399168,182,126
9606.ENSP00000418563,182,153
9606.ENSP00000215754,181,37
9606.ENSP00000356989,181,38
9606.ENSP00000396301,181,86
9606.ENSP00000296490,180,82
9606.ENSP00000478303,180,40
9606.ENSP00000361512,180,143
9606.ENSP00000278483,180,22
9606.ENSP00000216962,180,237
9606.ENSP00000359098,180,16
9606.ENSP00000478754,180,142
9606.ENSP00000347495,179,116
9606.ENSP00000359871,179,85
9606.ENSP00000216832,179,132
9606.ENSP00000280557,179,40
9606.ENSP00000263864,179,25
9606.ENSP00000431284,179,61
9606.ENSP00000327268,179,77
9606.ENSP00000460885,178,309
9606.ENSP00000447053,178,104
9606.ENSP00000332887,178,15
9606.ENSP00000412566,177,148
9606.ENSP00000445306,177,313
9606.ENSP00000252711,177,88
9606.ENSP00000264657,177,179
9606.ENSP00000301457,177,28
9606.ENSP00000436585,176,83
9606.ENSP00000216500,176,71
9606.ENSP00000225174,176,45
9606.ENSP00000264954,176,46
9606.ENSP00000001008,176,115
9606.ENSP00000246071,175,56
9606.ENSP00000361803,175,56
9606.ENSP00000353444,175,90
9606.ENSP00000360525,175,69
9606.ENSP00000398803,175,70
9606.ENSP00000397552,175,94
9606.ENSP00000449770,175,81
9606.ENSP00000369424,174,122
9606.ENSP00000281828,174,137
9606.ENSP00000393316,174,51
9606.ENSP00000368884,174,252
9606.ENSP00000262225,174,50
9606.ENSP00000310668,173,189
9606.ENSP00000286733,173,72
9606.ENSP00000360124,173,165
9606.ENSP00000486361,173,25
9606.ENSP00000332449,172,27
9606.ENSP00000245816,172,55
9606.ENSP00000264553,172,65
9606.ENSP00000494831,172,146
9606.ENSP00000347872,172,70
9606.ENSP00000286371,171,52
9606.ENSP00000281243,171,59
9606.ENSP00000276420,171,96
9606.ENSP00000477639,171,91
9606.ENSP00000265395,170,61
9606.ENSP00000318804,170,72
9606.ENSP00000295119,170,42
9606.ENSP00000278823,170,193
9606.ENSP00000498362,170,23
9606.ENSP00000295640,170,166
9606.ENSP00000273130,170,104
9606.ENSP00000379181,170,65
9606.ENSP00000493153,170,57
9606.ENSP00000268668,169,41
9606.ENSP00000252250,169,684
9606.ENSP00000251607,169,84
9606.ENSP00000316454,169,159
9606.ENSP00000368831,169,128
9606.ENSP00000325002,169,243
9606.ENSP00000480853,169,48
9606.ENSP00000360683,169,105
9606.ENSP00000296754,169,233
9606.ENSP00000440502,169,151
9606.ENSP00000310301,168,26
9606.ENSP00000435289,168,43
9606.ENSP00000381844,167,96
9606.ENSP00000358563,167,125
9606.ENSP00000452763,167,46
9606.ENSP00000254301,167,35
9606.ENSP00000318635,167,58
9606.ENSP00000262027,167,155
9606.ENSP00000264904,166,164
9606.ENSP00000379601,166,70
9606.ENSP00000319240,166,69
9606.ENSP00000378917,166,106
9606.ENSP00000481842,166,49
9606.ENSP00000221494,166,59
9606.ENSP00000307275,165,35
9606.ENSP00000219313,165,54
9606.ENSP00000414202,165,103
9606.ENSP00000346954,165,23
9606.ENSP00000357835,164,38
9606.ENSP00000464087,164,1293
9606.ENSP00000400717,164,129
9606.ENSP00000401980,163,65
9606.ENSP00000260665,163,369
9606.ENSP00000367498,163,130
9606.ENSP00000229329,163,86
9606.ENSP00000363228,163,112
9606.ENSP00000362532,162,76
9606.ENSP00000365220,162,230
9606.ENSP00000298283,162,78
9606.ENSP00000356992,162,177
9606.ENSP00000392718,162,1532
9606.ENSP00000364320,162,42
9606.ENSP00000320663,162,198
9606.ENSP00000357876,162,57
9606.ENSP00000249647,162,47
9606.ENSP00000368458,161,61
9606.ENSP00000284320,161,104
9606.ENSP00000359497,161,130
9606.ENSP00000427463,161,34
9606.ENSP00000266604,161,14
9606.ENSP00000261416,161,109
9606.ENSP00000354522,161,149
9606.ENSP00000378721,161,174
9606.ENSP00000233468,161,31
9606.ENSP00000348984,160,247
9606.ENSP00000471191,160,48
9606.ENSP00000429931,160,79
9606.ENSP00000246868,160,47
9606.ENSP00000480946,160,95
9606.ENSP00000390265,160,99
9606.ENSP00000309415,159,30
9606.ENSP00000382595,159,85
9606.ENSP00000367939,159,22
9606.ENSP00000478059,159,135
9606.ENSP00000325425,158,74
9606.ENSP00000369176,158,20
9606.ENSP00000369456,158,35
9606.ENSP00000496014,158,449
9606.ENSP00000258418,158,97
9606.ENSP00000382800,158,59
9606.ENSP00000356481,158,127
9606.ENSP00000381504,158,119
9606.ENSP00000466214,158,34
9606.ENSP00000347648,157,102
9606.ENSP00000345412,157,79
9606.ENSP00000410339,157,55
9606.ENSP00000431076,157,98
9606.ENSP00000401076,157,255
9606.ENSP00000345837,156,16
9606.ENSP00000451560,156,790
9606.ENSP00000343535,156,242
9606.ENSP00000346120,156,174
9606.ENSP00000226299,156,133
9606.ENSP00000378368,156,110
9606.ENSP00000290921,156,75
9606.ENSP00000380336,156,100
9606.ENSP00000300086,156,70
9606.ENSP00000438399,156,46
9606.ENSP00000313007,155,248
9606.ENSP00000248342,155,55
9606.ENSP00000483185,155,243
9606.ENSP00000253413,155,48
9606.ENSP00000284719,155,79
9606.ENSP00000365370,155,326
9606.ENSP00000005257,155,51
9606.ENSP00000408526,155,78
9606.ENSP00000310491,155,103
9606.ENSP00000225275,154,215
9606.ENSP00000321070,154,132
9606.ENSP00000268835,153,92
9606.ENSP00000379042,153,107
9606.ENSP00000440222,153,156
9606.ENSP00000332198,153,14
9606.ENSP00000343405,153,170
9606.ENSP00000424417,153,75
9606.ENSP00000344166,153,151
9606.ENSP00000417273,153,64
9606.ENSP00000420443,153,9
9606.ENSP00000333298,153,79
9606.ENSP00000304283,153,158
9606.ENSP00000362273,153,60
9606.ENSP00000233627,152,44
9606.ENSP00000443965,152,81
9606.ENSP00000355599,152,65
9606.ENSP00000368688,152,21
9606.ENSP00000263202,152,49
9606.ENSP00000317379,152,131
9606.ENSP00000357644,152,86
9606.ENSP00000364815,151,227
9606.ENSP00000350512,151,61
9606.ENSP00000350199,151,232
9606.ENSP00000308452,151,326
9606.ENSP00000470142,151,229
9606.ENSP00000356416,150,111
9606.ENSP00000356602,150,33
9606.ENSP00000394316,150,102
9606.ENSP00000356541,150,19
9606.ENSP00000386458,150,124
9606.ENSP00000300605,150,43
9606.ENSP00000273398,150,132
9606.ENSP00000387699,149,17
9606.ENSP00000223864,149,30
9606.ENSP00000379330,149,148
9606.ENSP00000485450,149,317
9606.ENSP00000478017,149,317
9606.ENSP00000210313,149,114
9606.ENSP00000485630,149,122
9606.ENSP00000479203,149,321
9606.ENSP00000446271,148,63
9606.ENSP00000365569,148,111
9606.ENSP00000240851,148,37
9606.ENSP00000245552,148,45
9606.ENSP00000388996,148,100
9606.ENSP00000281456,148,176
9606.ENSP00000261427,148,50
9606.ENSP00000456206,148,467
9606.ENSP00000327589,148,267
9606.ENSP00000466259,147,237
9606.ENSP00000425634,147,131
9606.ENSP00000484431,147,59
9606.ENSP00000297283,147,145
9606.ENSP00000380734,147,106
9606.ENSP00000389445,147,93
9606.ENSP00000418572,147,39
9606.ENSP00000274712,146,25
9606.ENSP00000254322,146,68
9606.ENSP00000423673,146,55
9606.ENSP00000368646,146,106
9606.ENSP00000345895,146,92
9606.ENSP00000261263,146,64
9606.ENSP00000345195,145,168
9606.ENSP00000386023,145,20
9606.ENSP00000351446,145,54
9606.ENSP00000299427,145,91
9606.ENSP00000310723,145,140
9606.ENSP00000430432,145,119
9606.ENSP00000253039,145,98
9606.ENSP00000228506,145,65
9606.ENSP00000355206,145,7
9606.ENSP00000480332,144,30
9606.ENSP00000262948,144,103
9606.ENSP00000303147,144,67
9606.ENSP00000405674,144,20
9606.ENSP00000481314,144,39
9606.ENSP00000396937,144,89
9606.ENSP00000460070,144,159
9606.ENSP00000370588,144,21
9606.ENSP00000394888,143,420
9606.ENSP00000477572,143,77
9606.ENSP00000499089,143,175
9606.ENSP00000416255,143,227
9606.ENSP00000378769,143,158
9606.ENSP00000323967,143,58
9606.ENSP00000480150,143,184
9606.ENSP00000380638,142,234
9606.ENSP00000259253,142,287
9606.ENSP00000436423,142,32
9606.ENSP00000355361,142,51
9606.ENSP00000494373,142,61
9606.ENSP00000281031,142,34
9606.ENSP00000450909,141,25
9606.ENSP00000373312,141,45
9606.ENSP00000310448,141,139
9606.ENSP00000360635,141,111
9606.ENSP00000380427,141,284
9606.ENSP00000498853,141,58
9606.ENSP00000380308,141,72
9606.ENSP00000377696,140,66
9606.ENSP00000466022,140,1
9606.ENSP00000384273,140,68
9606.ENSP00000377374,140,34
9606.ENSP00000494538,140,82
9606.ENSP00000313454,140,227
9606.ENSP00000475615,140,20
9606.ENSP00000423674,140,83
9606.ENSP00000311364,140,4
9606.ENSP00000387176,140,1149
9606.ENSP00000368710,139,82
9606.ENSP00000303525,139,40
9606.ENSP00000311713,139,100
9606.ENSP00000242351,139,183
9606.ENSP00000361965,139,72
9606.ENSP00000341779,139,164
9606.ENSP00000355265,139,11
9606.ENSP00000354111,139,18
9606.ENSP00000278353,139,49
9606.ENSP00000346483,139,41
9606.ENSP00000253363,138,93
9606.ENSP00000305653,138,128
9606.ENSP00000378725,138,243
9606.ENSP00000338039,138,34
9606.ENSP00000301740,138,327
9606.ENSP00000351990,137,99
9606.ENSP00000357452,137,37
9606.ENSP00000496129,137,172
9606.ENSP00000388713,137,61
9606.ENSP00000380159,137,21
9606.ENSP00000360473,137,14
9606.ENSP00000389649,137,16
9606.ENSP00000440485,137,39
9606.ENSP00000332604,137,266
9606.ENSP00000499582,137,35
9606.ENSP00000483786,137,82
9606.ENSP00000299259,137,70
9606.ENSP00000319281,137,32
9606.ENSP00000299138,137,174
9606.ENSP00000448536,136,10
9606.ENSP00000427407,136,14
9606.ENSP00000404042,136,52
9606.ENSP00000268058,136,160
9606.ENSP00000357791,136,257
9606.ENSP00000311121,136,76
9606.ENSP00000207549,136,178
9606.ENSP00000424183,135,22
9606.ENSP00000497280,135,76
9606.ENSP00000466845,135,64
9606.ENSP00000425561,135,48
9606.ENSP00000370376,135,54
9606.ENSP00000263918,135,132
9606.ENSP00000417748,135,51
9606.ENSP00000269143,135,133
9606.ENSP00000215375,134,18
9606.ENSP00000338788,134,63
9606.ENSP00000223136,134,31
9606.ENSP00000340823,134,31
9606.ENSP00000341483,134,93
9606.ENSP00000290246,134,146
9606.ENSP00000357218,133,48
9606.ENSP00000265641,133,145
9606.ENSP00000360688,133,34
9606.ENSP00000464383,133,39
9606.ENSP00000217971,133,27
9606.ENSP00000468690,133,42
9606.ENSP00000370625,133,164
9606.ENSP00000429824,133,66
9606.ENSP00000403362,133,84
9606.ENSP00000419378,133,60
9606.ENSP00000302111,133,39
9606.ENSP00000410992,133,142
9606.ENSP00000497260,132,208
9606.ENSP00000238379,132,42
9606.ENSP00000233078,132,40
9606.ENSP00000221855,132,52
9606.ENSP00000489910,132,173
9606.ENSP00000491117,132,10
9606.ENSP00000406162,132,85
9606.ENSP00000477920,132,161
9606.ENSP00000419879,132,48
9606.ENSP00000309689,131,97
9606.ENSP00000289968,131,82
9606.ENSP00000216639,131,55
9606.ENSP00000353590,131,995
9606.ENSP00000054666,131,31
9606.ENSP00000253023,131,45
9606.ENSP00000381293,131,169
9606.ENSP00000466379,131,52
9606.ENSP00000313877,131,33
9606.ENSP00000493302,130,42
9606.ENSP00000244137,130,78
9606.ENSP00000433488,130,73
9606.ENSP00000354791,130,207
9606.ENSP00000291565,130,52
9606.ENSP00000239882,130,69
9606.ENSP00000263239,130,124
9606.ENSP00000364805,130,418
9606.ENSP00000248958,129,23
9606.ENSP00000394107,129,99
9606.ENSP00000370882,129,38
9606.ENSP00000313851,129,245
9606.ENSP00000244020,129,102
9606.ENSP00000315379,129,88
9606.ENSP00000417580,129,38
9606.ENSP00000430128,128,43
9606.ENSP00000357981,128,54
9606.ENSP00000230431,128,25
9606.ENSP00000312066,128,118
9606.ENSP00000468424,128,86
9606.ENSP00000300181,128,58
9606.ENSP00000450436,128,83
9606.ENSP00000334153,128,57
9606.ENSP00000353826,128,133
9606.ENSP00000227266,128,80
9606.ENSP00000261167,127,92
9606.ENSP00000265563,127,97
9606.ENSP00000381429,127,41
9606.ENSP00000391942,127,43
9606.ENSP00000264670,127,136
9606.ENSP00000269373,127,46
9606.ENSP00000216479,127,53
9606.ENSP00000381185,127,20
9606.ENSP00000359539,127,73
9606.ENSP00000377195,127,71
9606.ENSP00000367938,126,20
9606.ENSP00000377771,126,153
9606.ENSP00000376919,126,71
9606.ENSP00000498336,126,181
9606.ENSP00000387282,126,42
9606.ENSP00000309565,126,10
9606.ENSP00000457539,126,151
9606.ENSP00000351926,126,183
9606.ENSP00000210444,125,47
9606.ENSP00000428056,125,139
9606.ENSP00000383168,125,136
9606.ENSP00000290291,125,80
9606.ENSP00000276062,125,17
9606.ENSP00000262947,125,21
9606.ENSP00000370258,125,257
9606.ENSP00000357633,125,62
9606.ENSP00000312634,125,87
9606.ENSP00000289371,125,141
9606.ENSP00000418447,124,106
9606.ENSP00000296597,124,32
9606.ENSP00000346196,124,56
9606.ENSP00000305892,124,3
9606.ENSP00000347464,124,87
9606.ENSP00000326261,124,84
9606.ENSP00000387710,124,143
9606.ENSP00000173527,124,56
9606.ENSP00000273550,124,43
9606.ENSP00000251968,123,46
9606.ENSP00000356218,123,51
9606.ENSP00000293350,123,80
9606.ENSP00000487365,123,168
9606.ENSP00000311449,123,79
9606.ENSP00000354681,122,182
9606.ENSP00000358554,122,47
9606.ENSP00000367154,122,39
9606.ENSP00000231572,122,130
9606.ENSP00000242592,122,63
9606.ENSP00000368022,122,110
9606.ENSP00000371152,122,79
9606.ENSP00000369887,122,118
9606.ENSP00000349078,122,58
9606.ENSP00000266079,121,163
9606.ENSP00000301729,121,41
9606.ENSP00000286175,121,30
9606.ENSP00000299424,121,10
9606.ENSP00000492441,121,106
9606.ENSP00000416066,121,71
9606.ENSP00000229395,121,42
9606.ENSP00000420641,121,16
9606.ENSP00000463057,120,157
9606.ENSP00000302393,120,131
9606.ENSP00000464050,120,123
9606.ENSP00000424655,120,76
9606.ENSP00000418401,120,48
9606.ENSP00000344544,120,85
9606.ENSP00000386456,120,122
9606.ENSP00000397927,120,68
9606.ENSP00000250498,119,18
9606.ENSP00000416250,119,45
9606.ENSP00000231368,119,189
9606.ENSP00000219789,119,27
9606.ENSP00000379364,119,64
9606.ENSP00000356110,119,31
9606.ENSP00000223369,119,34
9606.ENSP00000261889,118,97
9606.ENSP00000221138,118,99
9606.ENSP00000264595,118,41
9606.ENSP00000345445,118,72
9606.ENSP00000471455,118,28
9606.ENSP00000427108,118,94
9606.ENSP00000306881,118,134
9606.ENSP00000451129,118,69
9606.ENSP00000452697,118,37
9606.ENSP00000333657,118,124
9606.ENSP00000343629,118,251
9606.ENSP00000430774,118,20
9606.ENSP00000324573,117,211
9606.ENSP00000262646,117,67
9606.ENSP00000369038,117,34
9606.ENSP00000298492,117,47
9606.ENSP00000421965,117,38
9606.ENSP00000494360,117,69
9606.ENSP00000368970,117,9
9606.ENSP00000310219,117,310
9606.ENSP00000485638,117,152
9606.ENSP00000439444,117,152
9606.ENSP00000463419,117,152
9606.ENSP00000373808,117,81
9606.ENSP00000253048,117,97
9606.ENSP00000476412,116,46
9606.ENSP00000276390,116,97
9606.ENSP00000469035,116,49
9606.ENSP00000224807,116,69
9606.ENSP00000229812,116,71
9606.ENSP00000252622,116,13
9606.ENSP00000217402,116,37
9606.ENSP00000341625,115,16
9606.ENSP00000333769,115,40
9606.ENSP00000340347,115,19
9606.ENSP00000215071,115,47
9606.ENSP00000240922,115,38
9606.ENSP00000499199,115,75
9606.ENSP00000455047,115,114
9606.ENSP00000378360,115,80
9606.ENSP00000454786,115,138
9606.ENSP00000380286,115,25
9606.ENSP00000388658,115,132
9606.ENSP00000296577,115,94
9606.ENSP00000351490,115,23
9606.ENSP00000419449,115,32
9606.ENSP00000382697,115,217
9606.ENSP00000252071,114,78
9606.ENSP00000285814,114,40
9606.ENSP00000286428,114,41
9606.ENSP00000341268,114,44
9606.ENSP00000356355,114,61
9606.ENSP00000247665,114,23
9606.ENSP00000483313,114,48
9606.ENSP00000359305,114,32
9606.ENSP00000379616,114,886
9606.ENSP00000364032,114,138
9606.ENSP00000470252,114,142
9606.ENSP00000377954,114,168
9606.ENSP00000458954,113,73
9606.ENSP00000215882,113,50
9606.ENSP00000356421,113,64
9606.ENSP00000434103,113,45
9606.ENSP00000410769,113,31
9606.ENSP00000417175,113,42
9606.ENSP00000368927,113,29
9606.ENSP00000385432,113,50
9606.ENSP00000487358,113,97
9606.ENSP00000342681,113,77
9606.ENSP00000203556,113,116
9606.ENSP00000260563,113,56
9606.ENSP00000362268,113,44
9606.ENSP00000379339,112,15
9606.ENSP00000263150,112,78
9606.ENSP00000322991,112,56
9606.ENSP00000384899,112,95
9606.ENSP00000352400,112,191
9606.ENSP00000326305,112,55
9606.ENSP00000478767,112,85
9606.ENSP00000273920,112,38
9606.ENSP00000348886,112,46
9606.ENSP00000385000,111,100
9606.ENSP00000486901,111,111
9606.ENSP00000371253,111,144
9606.ENSP00000227520,111,34
9606.ENSP00000272217,111,45
9606.ENSP00000373918,111,119
9606.ENSP00000289228,111,59
9606.ENSP00000263645,111,18
9606.ENSP00000496959,111,188
9606.ENSP00000381220,111,33
9606.ENSP00000194214,111,13
9606.ENSP00000361524,111,39
9606.ENSP00000223029,111,33
9606.ENSP00000475168,110,21
9606.ENSP00000256433,110,12
9606.ENSP00000359531,110,50
9606.ENSP00000357292,110,140
9606.ENSP00000265594,110,78
9606.ENSP00000401770,110,15
9606.ENSP00000351492,110,14
9606.ENSP00000354813,110,34
9606.ENSP00000479719,110,271
9606.ENSP00000379838,110,15
9606.ENSP00000264331,110,265
9606.ENSP00000387654,109,74
9606.ENSP00000246069,109,63
9606.ENSP00000378306,109,93
9606.ENSP00000262982,109,158
9606.ENSP00000452746,109,67
9606.ENSP00000238616,109,120
9606.ENSP00000366694,109,37
9606.ENSP00000256078,109,59
9606.ENSP00000359719,109,93
9606.ENSP00000486252,109,114
9606.ENSP00000325313,109,90
9606.ENSP00000436049,109,57
9606.ENSP00000495128,109,95
9606.ENSP00000425759,108,12
9606.ENSP00000354837,108,143
9606.ENSP00000464619,108,152
9606.ENSP00000485206,108,152
9606.ENSP00000326603,108,261
9606.ENSP00000353731,108,119
9606.ENSP00000379366,108,64
9606.ENSP00000303427,108,202
9606.ENSP00000262053,108,9
9606.ENSP00000225614,108,45
9606.ENSP00000490225,108,38
9606.ENSP00000385757,108,48
9606.ENSP00000259953,108,31
9606.ENSP00000356807,108,40
9606.ENSP00000453801,108,36
9606.ENSP00000386284,108,41
9606.ENSP00000308897,107,28
9606.ENSP00000225941,107,52
9606.ENSP00000369897,107,148
9606.ENSP00000217958,107,36
9606.ENSP00000293362,107,41
9606.ENSP00000231498,107,155
9606.ENSP00000241337,107,70
9606.ENSP00000305107,107,105
9606.ENSP00000336831,107,313
9606.ENSP00000437073,107,263
9606.ENSP00000340329,107,44
9606.ENSP00000390783,107,85
9606.ENSP00000012443,107,72
9606.ENSP00000259608,107,28
9606.ENSP00000407323,107,36
9606.ENSP00000405574,106,84
9606.ENSP00000351159,106,50
9606.ENSP00000299633,106,30
9606.ENSP00000376317,106,99
9606.ENSP00000241502,106,34
9606.ENSP00000363899,106,57
9606.ENSP00000355689,106,34
9606.ENSP00000420213,106,543
9606.ENSP00000476252,106,104
9606.ENSP00000287600,106,10
9606.ENSP00000493664,106,311
9606.ENSP00000442699,106,90
9606.ENSP00000387471,105,17
9606.ENSP00000403701,105,50
9606.ENSP00000325312,105,63
9606.ENSP00000357731,105,8
9606.ENSP00000497382,105,14
9606.ENSP00000384886,105,33
9606.ENSP00000379350,105,108
9606.ENSP00000358983,105,106
9606.ENSP00000362807,105,24
9606.ENSP00000392147,104,51
9606.ENSP00000468723,104,12
9606.ENSP00000382779,104,53
9606.ENSP00000472929,104,122
9606.ENSP00000367208,104,61
9606.ENSP00000266544,104,105
9606.ENSP00000378402,104,145
9606.ENSP00000365131,104,76
9606.ENSP00000261574,104,167
9606.ENSP00000085068,104,23
9606.ENSP00000328773,104,19
9606.ENSP00000458770,104,29
9606.ENSP00000359393,103,32
9606.ENSP00000309521,103,35
9606.ENSP00000297071,103,34
9606.ENSP00000228872,103,21
9606.ENSP00000379503,103,105
9606.ENSP00000259951,103,57
9606.ENSP00000354201,103,33
9606.ENSP00000419851,103,110
9606.ENSP00000358071,102,85
9606.ENSP00000232905,102,30
9606.ENSP00000313050,102,43
9606.ENSP00000418695,102,75
9606.ENSP00000355050,102,61
9606.ENSP00000260118,102,36
9606.ENSP00000310117,102,9
9606.ENSP00000283646,102,52
9606.ENSP00000245796,102,75
9606.ENSP00000014930,102,25
9606.ENSP00000299608,102,54
9606.ENSP00000340989,102,242
9606.ENSP00000393978,102,81
9606.ENSP00000326706,102,45
9606.ENSP00000293328,102,196
9606.ENSP00000388552,102,50
9606.ENSP00000075120,102,59
9606.ENSP00000422473,101,26
9606.ENSP00000499074,101,52
9606.ENSP00000498872,101,68
9606.ENSP00000331172,101,31
9606.ENSP00000484580,101,25
9606.ENSP00000263780,101,16
9606.ENSP00000231238,101,36
9606.ENSP00000433664,101,101
9606.ENSP00000331614,101,85
9606.ENSP00000272252,100,46
9606.ENSP00000379975,100,52
9606.ENSP00000181796,100,39
9606.ENSP00000408025,100,52
9606.ENSP00000413606,100,83
9606.ENSP00000354722,100,27
9606.ENSP00000335632,100,23
9606.ENSP00000268261,100,40
9606.ENSP00000414398,100,48
9606.ENSP00000215570,100,18
9606.ENSP00000323889,100,92
9606.ENSP00000256429,99.9,38
9606.ENSP00000385057,99.9,73
9606.ENSP00000361711,99.9,21
9606.ENSP00000280346,99.5,93
9606.ENSP00000417763,99.3,43
9606.ENSP00000300648,99.2,392
9606.ENSP00000364794,99.2,170
9606.ENSP00000290354,99.1,60
9606.ENSP00000450540,98.9,69
9606.ENSP00000272519,98.7,31
9606.ENSP00000342710,98.7,302
9606.ENSP00000449089,98.6,108
9606.ENSP00000378323,98.5,93
9606.ENSP00000325369,98.5,30
9606.ENSP00000355672,98.4,32
9606.ENSP00000339145,98.2,56
9606.ENSP00000263847,98.1,82
9606.ENSP00000361918,98,41
9606.ENSP00000325266,97.9,11
9606.ENSP00000480836,97.9,49
9606.ENSP00000262506,97.8,61
9606.ENSP00000364289,97.8,97
9606.ENSP00000257829,97.7,139
9606.ENSP00000338607,97.6,29
9606.ENSP00000288266,97.6,84
9606.ENSP00000408695,97.6,127
9606.ENSP00000350310,97.6,169
9606.ENSP00000324287,97.5,113
9606.ENSP00000355493,97.4,59
9606.ENSP00000351473,97.4,74
9606.ENSP00000494040,97.4,167
9606.ENSP00000323280,97.3,58
9606.ENSP00000368030,97.3,98
9606.ENSP00000263559,97.2,53
9606.ENSP00000216044,97.1,59
9606.ENSP00000317714,97,38
9606.ENSP00000248098,97,23
9606.ENSP00000498803,97,54
9606.ENSP00000360798,96.9,122
9606.ENSP00000343497,96.8,34
9606.ENSP00000358312,96.7,37
9606.ENSP00000278616,96.7,445
9606.ENSP00000355777,96.6,46
9606.ENSP00000320043,96.5,31
9606.ENSP00000367239,96.5,42
9606.ENSP00000350757,96.5,32
9606.ENSP00000254942,96.5,59
9606.ENSP00000254029,96.4,142
9606.ENSP00000263246,96.4,54
9606.ENSP00000487719,96.3,178
9606.ENSP00000295448,96.3,64
9606.ENSP00000417229,96.2,65
9606.ENSP00000341208,96.1,198
9606.ENSP00000336914,96,68
9606.ENSP00000361642,95.8,44
9606.ENSP00000318822,95.7,36
9606.ENSP00000430656,95.7,28
9606.ENSP00000367038,95.4,118
9606.ENSP00000320485,95.4,178
9606.ENSP00000349124,95.3,49
9606.ENSP00000238609,95.3,2
9606.ENSP00000358283,95.2,116
9606.ENSP00000385410,95.2,84
9606.ENSP00000468312,94.8,102
9606.ENSP00000259698,94.8,134
9606.ENSP00000291552,94.6,45
9606.ENSP00000485022,94.6,45
9606.ENSP00000277165,94.5,144
9606.ENSP00000357873,94.5,50
9606.ENSP00000377914,94.5,39
9606.ENSP00000485525,94.4,58
9606.ENSP00000351380,94.1,19
9606.ENSP00000343325,94.1,115
9606.ENSP00000450385,94.1,57
9606.ENSP00000370750,93.9,38
9606.ENSP00000229214,93.9,27
9606.ENSP00000380322,93.9,7
9606.ENSP00000259667,93.9,24
9606.ENSP00000366396,93.7,112
9606.ENSP00000364183,93.7,19
9606.ENSP00000263025,93.7,64
9606.ENSP00000282412,93.6,69
9606.ENSP00000491067,93.5,27
9606.ENSP00000296543,93.5,127
9606.ENSP00000336712,93.4,115
9606.ENSP00000283290,93.3,27
9606.ENSP00000367893,93.3,37
9606.ENSP00000318318,93.2,54
9606.ENSP00000452479,93.1,73
9606.ENSP00000234310,93.1,24
9606.ENSP00000499422,92.9,15
9606.ENSP00000379038,92.9,61
9606.ENSP00000258416,92.9,23
9606.ENSP00000407336,92.9,18
9606.ENSP00000359211,92.8,119
9606.ENSP00000353741,92.7,73
9606.ENSP00000379563,92.7,24
9606.ENSP00000447942,92.6,24
9606.ENSP00000371638,92.6,189
9606.ENSP00000319992,92.5,17
9606.ENSP00000306670,92.5,33
9606.ENSP00000429986,92.5,6
9606.ENSP00000263212,92.5,46
9606.ENSP00000307078,92.5,165
9606.ENSP00000417052,92.4,26
9606.ENSP00000434442,92.4,55
9606.ENSP00000264474,92.3,15
9606.ENSP00000311469,92.3,80
9606.ENSP00000312262,92.3,131
9606.ENSP00000264883,92.2,61
9606.ENSP00000461879,92,68
9606.ENSP00000366563,91.9,151
9606.ENSP00000244520,91.9,16
9606.ENSP00000264705,91.8,243
9606.ENSP00000377867,91.8,90
9606.ENSP00000409581,91.8,43
9606.ENSP00000293373,91.8,168
9606.ENSP00000267202,91.8,28
9606.ENSP00000359507,91.7,34
9606.ENSP00000364949,91.7,30
9606.ENSP00000317955,91.6,163
9606.ENSP00000379051,91.5,23
9606.ENSP00000368605,91,73
9606.ENSP00000309092,91,42
9606.ENSP00000434516,90.8,75
9606.ENSP00000380019,90.8,28
9606.ENSP00000272638,90.8,34
9606.ENSP00000361186,90.8,26
9606.ENSP00000226798,90.8,28
9606.ENSP00000497053,90.8,449
9606.ENSP00000283195,90.7,518
9606.ENSP00000362105,90.7,14
9606.ENSP00000451818,90.6,65
9606.ENSP00000216336,90.5,30
9606.ENSP00000366927,90.4,43
9606.ENSP00000301281,90.3,35
9606.ENSP00000244040,90.2,29
9606.ENSP00000317468,90,20
9606.ENSP00000481022,90,22
9606.ENSP00000479919,89.9,39
9606.ENSP00000221114,89.9,13
9606.ENSP00000219302,89.9,23
9606.ENSP00000359488,89.9,80
9606.ENSP00000334373,89.9,59
9606.ENSP00000386655,89.8,25
9606.ENSP00000246635,89.7,236
9606.ENSP00000327255,89.7,58
9606.ENSP00000380460,89.6,96
9606.ENSP00000261868,89.6,36
9606.ENSP00000470539,89.6,4
9606.ENSP00000261714,89.6,63
9606.ENSP00000216442,89.5,17
9606.ENSP00000484689,89.1,20
9606.ENSP00000446828,89.1,50
9606.ENSP00000271526,89,26
9606.ENSP00000306548,89,30
9606.ENSP00000219252,89,30
9606.ENSP00000338171,88.9,50
9606.ENSP00000358474,88.8,48
9606.ENSP00000304854,88.8,17
9606.ENSP00000250617,88.7,110
9606.ENSP00000218340,88.7,29
9606.ENSP00000325074,88.6,64
9606.ENSP00000220597,88.5,34
9606.ENSP00000499466,88.4,18
9606.ENSP00000273986,88.3,20
9606.ENSP00000447000,88.3,90
9606.ENSP00000435412,88.2,151
9606.ENSP00000216129,88.1,80
9606.ENSP00000338864,88.1,82
9606.ENSP00000433209,88,39
9606.ENSP00000352738,88,42
9606.ENSP00000264414,87.8,105
9606.ENSP00000445757,87.8,42
9606.ENSP00000394842,87.7,24
9606.ENSP00000467024,87.6,32
9606.ENSP00000356070,87.6,43
9606.ENSP00000482548,87.5,88
9606.ENSP00000491596,87.5,253
9606.ENSP00000438993,87.5,48
9606.ENSP00000356107,87.4,28
9606.ENSP00000352706,87.4,54
9606.ENSP00000337623,87.3,30
9606.ENSP00000312981,87.3,72
9606.ENSP00000292475,87.2,26
9606.ENSP00000276202,87.2,278
9606.ENSP00000267812,87.1,36
9606.ENSP00000253686,87,24
9606.ENSP00000432472,87,12
9606.ENSP00000354340,87,51
9606.ENSP00000299736,86.9,26
9606.ENSP00000259632,86.9,27
9606.ENSP00000343742,86.9,29
9606.ENSP00000342278,86.8,81
9606.ENSP00000243346,86.7,35
9606.ENSP00000261942,86.6,46
9606.ENSP00000439856,86.5,74
9606.ENSP00000337358,86.3,38
9606.ENSP00000216341,86.3,60
9606.ENSP00000389381,86.3,23
9606.ENSP00000261308,86.3,71
9606.ENSP00000288607,86.2,9
9606.ENSP00000358840,86.2,14
9606.ENSP00000255120,86.2,92
9606.ENSP00000261396,86.1,126
9606.ENSP00000325863,86,112
9606.ENSP00000250101,86,22
9606.ENSP00000388293,86,19
9606.ENSP00000359484,85.9,21
9606.ENSP00000368100,85.8,269
9606.ENSP00000326219,85.6,26
9606.ENSP00000206020,85.6,24
9606.ENSP00000319713,85.6,12
9606.ENSP00000309591,85.6,78
9606.ENSP00000301656,85.5,247
9606.ENSP00000358770,85.5,134
9606.ENSP00000350719,85.4,872
9606.ENSP00000307567,85.4,122
9606.ENSP00000329715,85.3,51
9606.ENSP00000440704,85.2,59
9606.ENSP00000434056,85.1,18
9606.ENSP00000351255,85.1,92
9606.ENSP00000363031,85.1,74
9606.ENSP00000359727,85,24
9606.ENSP00000300134,85,59
9606.ENSP00000233143,84.9,6
9606.ENSP00000354357,84.9,41
9606.ENSP00000378786,84.7,25
9606.ENSP00000479202,84.7,34
9606.ENSP00000262887,84.6,45
9606.ENSP00000354040,84.5,71
9606.ENSP00000262213,84.5,28
9606.ENSP00000361845,84.3,46
9606.ENSP00000260803,84.2,51
9606.ENSP00000389787,84.2,34
9606.ENSP00000366819,84.2,30
9606.ENSP00000385927,84,35
9606.ENSP00000269886,84,35
9606.ENSP00000360569,83.9,71
9606.ENSP00000351811,83.9,125
9606.ENSP00000483345,83.9,68
9606.ENSP00000272233,83.8,83
9606.ENSP00000363614,83.7,37
9606.ENSP00000319096,83.6,47
9606.ENSP00000364578,83.6,36
9606.ENSP00000348316,83.6,13
9606.ENSP00000222553,83.6,60
9606.ENSP00000273047,83.5,63
9606.ENSP00000493560,83.5,387
9606.ENSP00000258145,83.5,63
9606.ENSP00000354687,83.4,12
9606.ENSP00000370889,83.4,78
9606.ENSP00000362166,83.4,18
9606.ENSP00000381717,83.1,24
9606.ENSP00000366156,83,40
9606.ENSP00000359042,83,40
9606.ENSP00000295767,82.9,11
9606.ENSP00000341292,82.9,139
9606.ENSP00000328251,82.9,31
9606.ENSP00000256001,82.8,109
9606.ENSP00000394496,82.8,65
9606.ENSP00000349238,82.8,147
9606.ENSP00000378588,82.8,11
9606.ENSP00000306220,82.8,7
9606.ENSP00000199814,82.7,37
9606.ENSP00000254695,82.6,73
9606.ENSP00000424595,82.6,95
9606.ENSP00000232607,82.5,50
9606.ENSP00000233057,82.5,47
9606.ENSP00000340454,82.4,78
9606.ENSP00000308717,82.4,17
9606.ENSP00000466025,82.3,34
9606.ENSP00000436005,82.3,28
9606.ENSP00000406463,82.2,59
9606.ENSP00000349723,82.1,88
9606.ENSP00000261667,82.1,53
9606.ENSP00000356918,82.1,26
9606.ENSP00000326411,82,63
9606.ENSP00000353284,81.9,160
9606.ENSP00000330032,81.8,38
9606.ENSP00000446039,81.8,27
9606.ENSP00000455114,81.7,68
9606.ENSP00000469194,81.6,21
9606.ENSP00000261772,81.5,118
9606.ENSP00000206542,81.5,43
9606.ENSP00000440045,81.4,135
9606.ENSP00000416951,81.4,66
9606.ENSP00000354850,81.4,78
9606.ENSP00000318176,81.1,31
9606.ENSP00000261739,81.1,58
9606.ENSP00000363313,81.1,63
9606.ENSP00000486725,81,43
9606.ENSP00000177694,81,49
9606.ENSP00000421076,81,29
9606.ENSP00000216554,81,43
9606.ENSP00000267935,80.9,20
9606.ENSP00000221486,80.9,30
9606.ENSP00000282356,80.8,57
9606.ENSP00000306788,80.8,13
9606.ENSP00000338862,80.7,27
9606.ENSP00000296684,80.7,23
9606.ENSP00000265433,80.7,73
9606.ENSP00000349437,80.6,254
9606.ENSP00000349722,80.6,24
9606.ENSP00000478877,80.5,24
9606.ENSP00000262306,80.5,23
9606.ENSP00000324463,80.3,134
9606.ENSP00000358548,80.2,63
9606.ENSP00000338844,80.1,90
9606.ENSP00000379256,80,53
9606.ENSP00000281589,80,155
9606.ENSP00000341597,79.9,49
9606.ENSP00000377055,79.9,58
9606.ENSP00000378338,79.9,83
9606.ENSP00000357906,79.8,11
9606.ENSP00000217109,79.7,36
9606.ENSP00000363591,79.7,13
9606.ENSP00000290216,79.6,29
9606.ENSP00000315791,79.5,71
9606.ENSP00000309116,79.4,39
9606.ENSP00000262629,79.4,9
9606.ENSP00000371155,79.4,20
9606.ENSP00000350170,79.3,57
9606.ENSP00000298717,79.3,51
9606.ENSP00000445806,79.2,34
9606.ENSP00000284154,79.2,26
9606.ENSP00000431482,79.2,46
9606.ENSP00000365806,79.1,67
9606.ENSP00000425824,79,82
9606.ENSP00000363162,78.9,15
9606.ENSP00000356988,78.8,38
9606.ENSP00000306920,78.7,57
9606.ENSP00000352678,78.7,72
9606.ENSP00000365042,78.6,38
9606.ENSP00000221922,78.6,36
9606.ENSP00000392617,78.6,69
9606.ENSP00000330825,78.3,18
9606.ENSP00000430684,78.3,97
9606.ENSP00000000412,78.2,25
9606.ENSP00000357622,78.2,27
9606.ENSP00000380794,78.1,41
9606.ENSP00000286835,78.1,52
9606.ENSP00000378165,78,36
9606.ENSP00000254730,78,67
9606.ENSP00000300305,77.9,39
9606.ENSP00000378563,77.7,13
9606.ENSP00000376167,77.6,42
9606.ENSP00000340896,77.6,50
9606.ENSP00000337194,77.6,84
9606.ENSP00000304802,77.6,29
9606.ENSP00000359295,77.5,13
9606.ENSP00000328848,77.5,76
9606.ENSP00000337838,77.4,65
9606.ENSP00000333667,77.3,63
9606.ENSP00000362873,77.3,20
9606.ENSP00000411471,77.3,56
9606.ENSP00000380702,77.2,22
9606.ENSP00000345292,77.2,35
9606.ENSP00000470560,77.2,31
9606.ENSP00000225972,77.2,29
9606.ENSP00000420714,77.2,11
9606.ENSP00000248594,77.1,70
9606.ENSP00000350266,77.1,47
9606.ENSP00000391806,77.1,126
9606.ENSP00000377148,77.1,70
9606.ENSP00000360803,77.1,8
9606.ENSP00000304467,77,66
9606.ENSP00000358674,76.9,18
9606.ENSP00000354718,76.9,237
9606.ENSP00000377015,76.9,49
9606.ENSP00000217244,76.8,65
9606.ENSP00000365606,76.8,84
9606.ENSP00000349658,76.7,96
9606.ENSP00000380150,76.7,112
9606.ENSP00000358272,76.6,24
9606.ENSP00000261015,76.6,41
9606.ENSP00000326806,76.5,16
9606.ENSP00000325594,76.5,80
9606.ENSP00000370196,76.3,154
9606.ENSP00000262507,76.1,22
9606.ENSP00000421566,76.1,69
9606.ENSP00000347408,76,45
9606.ENSP00000361433,76,30
9606.ENSP00000343657,75.9,57
9606.ENSP00000408410,75.9,23
9606.ENSP00000326550,75.8,51
9606.ENSP00000348565,75.8,24
9606.ENSP00000351035,75.8,38
9606.ENSP00000362352,75.6,65
9606.ENSP00000281187,75.6,44
9606.ENSP00000309142,75.6,48
9606.ENSP00000376472,75.6,78
9606.ENSP00000499465,75.6,78
9606.ENSP00000260508,75.6,43
9606.ENSP00000355340,75.4,32
9606.ENSP00000483825,75.4,44
9606.ENSP00000355094,75.4,32
9606.ENSP00000225504,75.3,10
9606.ENSP00000365477,75.3,52
9606.ENSP00000302160,75.3,8
9606.ENSP00000321347,75.2,111
9606.ENSP00000216124,75.2,31
9606.ENSP00000332444,75.1,71
9606.ENSP00000295095,75,48
9606.ENSP00000325398,75,21
9606.ENSP00000400646,75,91
9606.ENSP00000430269,75,57
9606.ENSP00000348278,74.9,48
9606.ENSP00000496832,74.9,24
9606.ENSP00000349860,74.9,94
9606.ENSP00000363794,74.8,28
9606.ENSP00000381461,74.7,28
9606.ENSP00000479870,74.7,19
9606.ENSP00000360638,74.7,37
9606.ENSP00000359939,74.5,17
9606.ENSP00000290231,74.5,38
9606.ENSP00000393313,74.4,96
9606.ENSP00000222224,74.3,13
9606.ENSP00000301788,74.3,26
9606.ENSP00000369674,74.3,20
9606.ENSP00000311300,74.2,47
9606.ENSP00000298248,74.2,33
9606.ENSP00000327694,74.1,116
9606.ENSP00000350698,74.1,48
9606.ENSP00000304903,74.1,27
9606.ENSP00000199320,74,31
9606.ENSP00000374529,74,28
9606.ENSP00000229179,73.9,84
9606.ENSP00000340648,73.9,331
9606.ENSP00000263245,73.9,41
9606.ENSP00000215730,73.9,28
9606.ENSP00000229795,73.8,39
9606.ENSP00000355537,73.8,300
9606.ENSP00000355467,73.7,34
9606.ENSP00000369127,73.7,34
9606.ENSP00000470262,73.7,17
9606.ENSP00000420484,73.5,18
9606.ENSP00000261600,73.4,63
9606.ENSP00000380514,73.4,38
9606.ENSP00000218089,73.4,121
9606.ENSP00000205061,73.3,110
9606.ENSP00000354511,73.3,23
9606.ENSP00000360365,73.2,34
9606.ENSP00000306866,73.2,5
9606.ENSP00000359958,73.1,30
9606.ENSP00000260385,72.9,36
9606.ENSP00000436679,72.8,62
9606.ENSP00000285021,72.8,68
9606.ENSP00000328023,72.7,63
9606.ENSP00000389095,72.6,48
9606.ENSP00000358089,72.6,37
9606.ENSP00000238823,72.6,54
9606.ENSP00000308770,72.6,29
9606.ENSP00000310596,72.4,11
9606.ENSP00000319104,72.4,133
9606.ENSP00000330389,72.3,15
9606.ENSP00000345341,72.2,36
9606.ENSP00000449404,72.2,430
9606.ENSP00000359300,72.2,16
9606.ENSP00000267205,72.2,20
9606.ENSP00000309477,72.1,69
9606.ENSP00000337354,72.1,18
9606.ENSP00000369500,72,20
9606.ENSP00000452401,72,11
9606.ENSP00000382382,71.9,133
9606.ENSP00000294179,71.9,23
9606.ENSP00000478874,71.9,48
9606.ENSP00000305699,71.8,64
9606.ENSP00000352408,71.8,28
9606.ENSP00000377262,71.8,50
9606.ENSP00000471700,71.7,34
9606.ENSP00000413697,71.7,27
9606.ENSP00000371858,71.6,70
9606.ENSP00000325941,71.6,60
9606.ENSP00000254480,71.5,134
9606.ENSP00000342434,71.5,125
9606.ENSP00000295266,71.4,58
9606.ENSP00000499058,71.3,49
9606.ENSP00000398495,71.3,49
9606.ENSP00000156109,71.3,35
9606.ENSP00000243253,71.3,39
9606.ENSP00000349629,71.3,266
9606.ENSP00000365227,71.2,9
9606.ENSP00000320508,71.2,9
9606.ENSP00000395772,71.2,37
9606.ENSP00000319060,71.1,77
9606.ENSP00000431040,71.1,23
9606.ENSP00000321691,71.1,19
9606.ENSP00000390625,71.1,55
9606.ENSP00000418008,71,38
9606.ENSP00000436318,70.9,15
9606.ENSP00000380869,70.9,49
9606.ENSP00000312617,70.9,25
9606.ENSP00000357055,70.8,11
9606.ENSP00000462099,70.8,49
9606.ENSP00000270502,70.8,16
9606.ENSP00000370460,70.7,27
9606.ENSP00000363787,70.6,27
9606.ENSP00000454038,70.6,34
9606.ENSP00000369927,70.5,59
9606.ENSP00000342351,70.5,20
9606.ENSP00000372112,70.5,25
9606.ENSP00000262302,70.5,25
9606.ENSP00000385751,70.4,81
9606.ENSP00000328570,70.4,16
9606.ENSP00000378877,70.4,14
9606.ENSP00000318697,70.3,394
9606.ENSP00000377665,70.3,89
9606.ENSP00000479064,70.2,22
9606.ENSP00000370968,70.2,133
9606.ENSP00000345083,70.1,56
9606.ENSP00000334538,70,28
9606.ENSP00000357005,69.9,21
9606.ENSP00000359398,69.9,7
9606.ENSP00000346725,69.9,50
9606.ENSP00000252512,69.8,108
9606.ENSP00000245934,69.8,102
9606.ENSP00000449751,69.8,19
9606.ENSP00000373404,69.7,17
9606.ENSP00000497569,69.7,63
9606.ENSP00000498888,69.7,83
9606.ENSP00000444935,69.6,32
9606.ENSP00000414095,69.6,102
9606.ENSP00000256545,69.6,10
9606.ENSP00000272645,69.6,16
9606.ENSP00000348380,69.5,51
9606.ENSP00000426119,69.5,23
9606.ENSP00000253794,69.5,19
9606.ENSP00000260102,69.3,28
9606.ENSP00000482228,69.3,32
9606.ENSP00000322396,69.3,31
9606.ENSP00000291386,69.2,17
9606.ENSP00000378702,69.2,52
9606.ENSP00000349181,69.2,15
9606.ENSP00000410402,69.1,38
9606.ENSP00000256196,69,31
9606.ENSP00000261875,69,32
9606.ENSP00000438886,68.9,49
9606.ENSP00000282541,68.9,40
9606.ENSP00000380251,68.8,22
9606.ENSP00000333401,68.8,17
9606.ENSP00000429744,68.7,97
9606.ENSP00000443900,68.7,8
9606.ENSP00000267103,68.7,36
9606.ENSP00000417464,68.7,31
9606.ENSP00000485698,68.7,14
9606.ENSP00000333664,68.6,30
9606.ENSP00000265097,68.5,27
9606.ENSP00000402935,68.5,54
9606.ENSP00000475750,68.5,20
9606.ENSP00000308610,68.5,67
9606.ENSP00000478479,68.4,31
9606.ENSP00000395590,68.4,35
9606.ENSP00000465039,68.4,73
9606.ENSP00000331368,68.4,79
9606.ENSP00000365730,68.4,68
9606.ENSP00000304689,68.3,15
9606.ENSP00000489597,68.3,63
9606.ENSP00000219431,68.3,26
9606.ENSP00000363809,68.3,10
9606.ENSP00000470246,68.3,29
9606.ENSP00000362638,68.2,9
9606.ENSP00000376272,68.1,33
9606.ENSP00000362711,68.1,33
9606.ENSP00000357823,68.1,25
9606.ENSP00000444029,68,101
9606.ENSP00000321449,68,27
9606.ENSP00000498358,68,37
9606.ENSP00000252268,68,37
9606.ENSP00000338348,68,7
9606.ENSP00000369461,67.8,29
9606.ENSP00000283415,67.6,41
9606.ENSP00000389277,67.6,13
9606.ENSP00000411960,67.5,77
9606.ENSP00000259512,67.4,22
9606.ENSP00000366237,67.4,35
9606.ENSP00000424870,67.4,12
9606.ENSP00000225726,67.3,33
9606.ENSP00000296424,67.3,25
9606.ENSP00000360305,67.2,32
9606.ENSP00000390475,67.1,45
9606.ENSP00000358814,67.1,66
9606.ENSP00000496713,67.1,405
9606.ENSP00000470615,67.1,23
9606.ENSP00000246024,67,29
9606.ENSP00000268717,67,39
9606.ENSP00000269701,67,34
9606.ENSP00000261893,67,40
9606.ENSP00000303423,66.9,29
9606.ENSP00000361926,66.9,25
9606.ENSP00000362058,66.9,11
9606.ENSP00000471457,66.8,175
9606.ENSP00000343701,66.7,46
9606.ENSP00000376565,66.6,7
9606.ENSP00000254436,66.6,42
9606.ENSP00000442050,66.6,46
9606.ENSP00000263377,66.6,82
9606.ENSP00000361207,66.5,29
9606.ENSP00000263102,66.4,36
9606.ENSP00000354525,66.4,17
9606.ENSP00000483495,66.4,66
9606.ENSP00000320184,66.3,18
9606.ENSP00000315397,66.3,25
9606.ENSP00000331201,66.3,34
9606.ENSP00000366997,66.2,82
9606.ENSP00000246747,66.2,17
9606.ENSP00000236273,66.2,16
9606.ENSP00000479130,66,49
9606.ENSP00000312250,66,23
9606.ENSP00000495274,65.9,81
9606.ENSP00000361634,65.9,32
9606.ENSP00000378830,65.9,31
9606.ENSP00000284073,65.9,25
9606.ENSP00000416158,65.8,90
9606.ENSP00000158771,65.8,7
9606.ENSP00000491830,65.8,101
9606.ENSP00000445929,65.7,53
9606.ENSP00000342262,65.5,22
9606.ENSP00000244230,65.3,35
9606.ENSP00000274496,65.3,6
9606.ENSP00000369213,65.2,80
9606.ENSP00000248114,65.2,8
9606.ENSP00000236192,65.1,11
9606.ENSP00000380557,65.1,36
9606.ENSP00000373627,65.1,108
9606.ENSP00000370377,65,86
9606.ENSP00000262494,65,91
9606.ENSP00000382327,64.9,19
9606.ENSP00000329967,64.7,77
9606.ENSP00000379847,64.7,18
9606.ENSP00000337746,64.7,32
9606.ENSP00000481762,64.7,81
9606.ENSP00000325677,64.6,86
9606.ENSP00000040738,64.6,165
9606.ENSP00000254950,64.6,73
9606.ENSP00000398350,64.5,27
9606.ENSP00000385334,64.5,69
9606.ENSP00000312618,64.5,55
9606.ENSP00000261183,64.5,79
9606.ENSP00000387185,64.4,47
9606.ENSP00000359990,64.4,53
9606.ENSP00000436455,64.4,39
9606.ENSP00000498684,64.3,24
9606.ENSP00000365401,64.3,51
9606.ENSP00000399518,64.3,49
9606.ENSP00000416583,64.3,36
9606.ENSP00000421380,64.3,16
9606.ENSP00000364699,64.2,13
9606.ENSP00000496942,63.9,12
9606.ENSP00000344577,63.9,28
9606.ENSP00000381785,63.9,38
9606.ENSP00000359911,63.9,37
9606.ENSP00000455106,63.9,37
9606.ENSP00000316924,63.8,59
9606.ENSP00000290913,63.8,17
9606.ENSP00000369192,63.8,36
9606.ENSP00000420357,63.8,8
9606.ENSP00000246957,63.4,53
9606.ENSP00000365312,63.4,34
9606.ENSP00000264254,63.3,36
9606.ENSP00000316032,63.3,124
9606.ENSP00000464814,63.2,36
9606.ENSP00000223641,63.2,10
9606.ENSP00000279242,63.2,16
9606.ENSP00000346671,63.1,61
9606.ENSP00000262498,63.1,21
9606.ENSP00000264033,63,70
9606.ENSP00000373772,63,114
9606.ENSP00000288050,62.9,72
9606.ENSP00000315476,62.9,18
9606.ENSP00000305918,62.9,59
9606.ENSP00000377494,62.8,37
9606.ENSP00000354518,62.8,21
9606.ENSP00000422626,62.8,46
9606.ENSP00000465099,62.7,22
9606.ENSP00000238112,62.7,50
9606.ENSP00000310042,62.7,30
9606.ENSP00000463982,62.7,37
9606.ENSP00000367265,62.6,54
9606.ENSP00000230640,62.6,93
9606.ENSP00000323046,62.5,22
9606.ENSP00000364898,62.5,57
9606.ENSP00000374280,62.5,51
9606.ENSP00000259808,62.5,50
9606.ENSP00000398131,62.5,67
9606.ENSP00000365588,62.4,98
9606.ENSP00000357288,62.4,12
9606.ENSP00000386229,62.3,43
9606.ENSP00000265069,62.3,73
9606.ENSP00000478249,62.2,14
9606.ENSP00000483408,62.2,62
9606.ENSP00000479889,62.2,39
9606.ENSP00000370724,62.2,56
9606.ENSP00000333948,62.2,7
9606.ENSP00000309430,62.2,35
9606.ENSP00000401191,62.1,16
9606.ENSP00000367123,62.1,48
9606.ENSP00000329127,62,64
9606.ENSP00000334308,62,98
9606.ENSP00000331487,62,47
9606.ENSP00000264059,62,41
9606.ENSP00000358851,61.9,63
9606.ENSP00000326858,61.9,44
9606.ENSP00000303769,61.8,77
9606.ENSP00000204726,61.7,139
9606.ENSP00000498321,61.7,19
9606.ENSP00000386894,61.7,47
9606.ENSP00000452549,61.7,37
9606.ENSP00000359664,61.6,30
9606.ENSP00000371362,61.6,33
9606.ENSP00000383866,61.5,10
9606.ENSP00000256319,61.5,10
9606.ENSP00000365817,61.5,56
9606.ENSP00000324628,61.5,24
9606.ENSP00000349679,61.5,10
9606.ENSP00000293760,61.5,38
9606.ENSP00000278618,61.4,19
9606.ENSP00000380598,61.4,16
9606.ENSP00000223073,61.4,52
9606.ENSP00000312304,61.3,24
9606.ENSP00000330188,61.3,17
9606.ENSP00000271628,61.3,24
9606.ENSP00000262455,61.3,33
9606.ENSP00000365522,61.3,37
9606.ENSP00000428263,61.3,37
9606.ENSP00000232888,61.3,33
9606.ENSP00000497574,61.3,54
9606.ENSP00000329360,61.2,16
9606.ENSP00000315017,61,26
9606.ENSP00000440765,61,16
9606.ENSP00000317904,60.9,57
9606.ENSP00000377969,60.9,31
9606.ENSP00000392985,60.8,23
9606.ENSP00000362244,60.8,58
9606.ENSP00000499232,60.8,61
9606.ENSP00000327191,60.8,99
9606.ENSP00000387996,60.7,70
9606.ENSP00000292782,60.7,20
9606.ENSP00000357674,60.6,15
9606.ENSP00000296328,60.6,32
9606.ENSP00000407586,60.6,53
9606.ENSP00000323063,60.5,62
9606.ENSP00000339017,60.5,21
9606.ENSP00000264515,60.4,37
9606.ENSP00000473553,60.4,58
9606.ENSP00000283027,60.4,21
9606.ENSP00000263433,60.4,48
9606.ENSP00000254654,60.3,31
9606.ENSP00000266070,60.2,157
9606.ENSP00000360268,60.2,71
9606.ENSP00000366998,60.1,44
9606.ENSP00000265471,60.1,14
9606.ENSP00000357384,60,7
9606.ENSP00000360727,60,40
9606.ENSP00000363661,59.9,25
9606.ENSP00000005386,59.8,53
9606.ENSP00000459943,59.8,86
9606.ENSP00000462116,59.8,24
9606.ENSP00000388638,59.8,37
9606.ENSP00000296028,59.8,12
9606.ENSP00000380178,59.7,13
9606.ENSP00000314615,59.7,28
9606.ENSP00000361092,59.6,13
9606.ENSP00000356263,59.5,31
9606.ENSP00000393840,59.5,18
9606.ENSP00000375622,59.4,13
9606.ENSP00000322020,59.3,23
9606.ENSP00000406209,59.3,28
9606.ENSP00000267838,59.2,21
9606.ENSP00000357360,59.2,30
9606.ENSP00000419970,59.2,51
9606.ENSP00000466111,59.2,34
9606.ENSP00000364589,59.1,87
9606.ENSP00000377944,59.1,59
9606.ENSP00000417038,59.1,28
9606.ENSP00000355899,59,22
9606.ENSP00000351141,59,35
9606.ENSP00000358799,59,69
9606.ENSP00000315263,58.9,21
9606.ENSP00000252934,58.9,46
9606.ENSP00000228251,58.9,47
9606.ENSP00000434513,58.8,69
9606.ENSP00000224652,58.7,27
9606.ENSP00000259873,58.7,14
9606.ENSP00000451866,58.7,1
9606.ENSP00000253110,58.6,20
9606.ENSP00000346148,58.5,48
9606.ENSP00000348933,58.5,19
9606.ENSP00000351137,58.4,77
9606.ENSP00000326531,58.4,28
9606.ENSP00000377470,58.4,31
9606.ENSP00000358510,58.3,16
9606.ENSP00000382091,58.3,24
9606.ENSP00000432768,58.1,150
9606.ENSP00000255390,58,14
9606.ENSP00000296135,58,23
9606.ENSP00000468348,58,42
9606.ENSP00000396467,58,26
9606.ENSP00000359151,57.9,40
9606.ENSP00000301585,57.8,14
9606.ENSP00000476119,57.8,17
9606.ENSP00000494965,57.8,70
9606.ENSP00000360498,57.7,8
9606.ENSP00000255194,57.6,84
9606.ENSP00000244007,57.6,105
9606.ENSP00000433126,57.5,12
9606.ENSP00000314649,57.4,43
9606.ENSP00000451583,57.4,21
9606.ENSP00000376753,57.3,21
9606.ENSP00000466090,57.3,19
9606.ENSP00000479860,57.3,24
9606.ENSP00000347655,57.3,42
9606.ENSP00000326804,57.2,66
9606.ENSP00000257181,57.2,18
9606.ENSP00000225298,57.2,35
9606.ENSP00000309031,57.2,104
9606.ENSP00000268482,57.2,84
9606.ENSP00000403104,57.1,27
9606.ENSP00000366135,57.1,74
9606.ENSP00000340883,57.1,27
9606.ENSP00000214869,57,10
9606.ENSP00000177742,57,15
9606.ENSP00000352522,56.8,37
9606.ENSP00000221566,56.8,25
9606.ENSP00000264263,56.6,56
9606.ENSP00000292823,56.6,38
9606.ENSP00000279387,56.6,34
9606.ENSP00000354499,56.6,11
9606.ENSP00000444561,56.5,9
9606.ENSP00000363999,56.5,13
9606.ENSP00000374354,56.5,16
9606.ENSP00000296557,56.5,26
9606.ENSP00000245539,56.4,22
9606.ENSP00000276201,56.4,24
9606.ENSP00000317376,56.4,10
9606.ENSP00000360497,56.3,23
9606.ENSP00000339398,56.3,17
9606.ENSP00000497305,56.3,87
9606.ENSP00000258975,56.2,14
9606.ENSP00000491657,56.2,33
9606.ENSP00000349016,56.1,15
9606.ENSP00000360782,56.1,33
9606.ENSP00000275364,56.1,60
9606.ENSP00000370648,55.9,22
9606.ENSP00000249442,55.9,17
9606.ENSP00000274813,55.8,60
9606.ENSP00000275428,55.8,61
9606.ENSP00000276585,55.8,17
9606.ENSP00000448054,55.7,19
9606.ENSP00000325827,55.7,112
9606.ENSP00000306261,55.7,134
9606.ENSP00000367787,55.6,80
9606.ENSP00000266022,55.6,62
9606.ENSP00000306752,55.5,37
9606.ENSP00000331127,55.5,37
9606.ENSP00000382707,55.5,18
9606.ENSP00000401508,55.5,33
9606.ENSP00000247001,55.5,38
9606.ENSP00000434724,55.5,20
9606.ENSP00000386538,55.4,26
9606.ENSP00000260746,55.4,16
9606.ENSP00000384474,55.4,7
9606.ENSP00000264255,55.4,16
9606.ENSP00000417963,55.3,51
9606.ENSP00000461930,55.3,5
9606.ENSP00000363746,55.2,29
9606.ENSP00000261636,55.2,17
9606.ENSP00000379133,55.1,25
9606.ENSP00000440905,55.1,21
9606.ENSP00000230340,55,32
9606.ENSP00000365533,55,28
9606.ENSP00000361949,54.9,94
9606.ENSP00000321703,54.9,44
9606.ENSP00000361363,54.8,33
9606.ENSP00000399751,54.7,40
9606.ENSP00000368984,54.7,29
9606.ENSP00000375836,54.6,86
9606.ENSP00000268184,54.5,21
9606.ENSP00000483781,54.4,7
9606.ENSP00000414302,54.4,24
9606.ENSP00000417602,54.3,23
9606.ENSP00000382731,54.3,40
9606.ENSP00000373696,54.3,135
9606.ENSP00000244519,54.3,51
9606.ENSP00000369042,54.2,64
9606.ENSP00000305263,54.2,207
9606.ENSP00000482647,54.2,124
9606.ENSP00000329097,54.2,21
9606.ENSP00000475216,54.2,42
9606.ENSP00000341680,54.2,18
9606.ENSP00000346466,54.2,54
9606.ENSP00000438465,54.1,24
9606.ENSP00000312442,54.1,52
9606.ENSP00000436864,54.1,27
9606.ENSP00000354961,54.1,17
9606.ENSP00000477848,54.1,27
9606.ENSP00000346886,54,31
9606.ENSP00000373657,54,33
9606.ENSP00000336721,54,72
9606.ENSP00000361900,54,24
9606.ENSP00000481126,54,67
9606.ENSP00000370736,53.8,15
9606.ENSP00000360412,53.8,45
9606.ENSP00000246117,53.8,36
9606.ENSP00000396673,53.6,51
9606.ENSP00000470176,53.6,9
9606.ENSP00000352401,53.5,17
9606.ENSP00000317891,53.5,33
9606.ENSP00000480140,53.5,27
9606.ENSP00000315702,53.4,30
9606.ENSP00000296411,53.3,33
9606.ENSP00000366937,53.3,44
9606.ENSP00000352928,53.2,9
9606.ENSP00000410833,53.1,45
9606.ENSP00000365426,53.1,11
9606.ENSP00000216252,53.1,9
9606.ENSP00000379643,53.1,28
9606.ENSP00000370718,53.1,39
9606.ENSP00000377225,53.1,25
9606.ENSP00000260327,53,31
9606.ENSP00000358064,53,76
9606.ENSP00000227322,53,30
9606.ENSP00000320949,52.9,175
9606.ENSP00000405068,52.9,52
9606.ENSP00000257192,52.9,58
9606.ENSP00000337513,52.9,18
9606.ENSP00000374113,52.9,7
9606.ENSP00000216780,52.9,53
9606.ENSP00000311344,52.8,83
9606.ENSP00000249066,52.8,22
9606.ENSP00000335029,52.8,72
9606.ENSP00000336866,52.7,14
9606.ENSP00000499655,52.7,119
9606.ENSP00000308275,52.7,17
9606.ENSP00000445920,52.6,15
9606.ENSP00000369689,52.6,12
9606.ENSP00000327116,52.6,101
9606.ENSP00000476117,52.6,30
9606.ENSP00000222305,52.6,10
9606.ENSP00000346986,52.6,31
9606.ENSP00000468367,52.5,66
9606.ENSP00000425107,52.5,4
9606.ENSP00000266000,52.5,25
9606.ENSP00000381601,52.5,50
9606.ENSP00000306887,52.4,15
9606.ENSP00000278568,52.3,65
9606.ENSP00000312356,52.3,32
9606.ENSP00000240055,52.3,6
9606.ENSP00000306117,52.3,97
9606.ENSP00000380878,52.3,52
9606.ENSP00000283882,52.2,11
9606.ENSP00000295899,52.2,20
9606.ENSP00000353720,52.2,49
9606.ENSP00000277895,52.1,56
9606.ENSP00000355568,52.1,32
9606.ENSP00000359258,52.1,18
9606.ENSP00000434776,52,63
9606.ENSP00000321971,52,38
9606.ENSP00000288828,51.9,18
9606.ENSP00000280706,51.9,101
9606.ENSP00000303057,51.9,52
9606.ENSP00000354573,51.8,373
9606.ENSP00000295682,51.8,7
9606.ENSP00000259021,51.8,35
9606.ENSP00000365861,51.7,31
9606.ENSP00000410396,51.7,17
9606.ENSP00000320236,51.7,9
9606.ENSP00000290524,51.7,43
9606.ENSP00000369822,51.7,18
9606.ENSP00000382250,51.7,8
9606.ENSP00000319169,51.6,41
9606.ENSP00000393566,51.6,21
9606.ENSP00000313490,51.6,82
9606.ENSP00000360662,51.6,66
9606.ENSP00000454264,51.5,39
9606.ENSP00000356231,51.5,9
9606.ENSP00000333266,51.4,57
9606.ENSP00000222547,51.4,6
9606.ENSP00000301396,51.4,57
9606.ENSP00000477507,51.4,34
9606.ENSP00000345179,51.4,15
9606.ENSP00000385714,51.4,21
9606.ENSP00000419270,51.3,10
9606.ENSP00000361993,51.3,6
9606.ENSP00000339161,51.3,24
9606.ENSP00000308193,51.3,13
9606.ENSP00000074304,51.3,60
9606.ENSP00000221265,51.2,37
9606.ENSP00000265564,51.2,19
9606.ENSP00000248901,51.2,23
9606.ENSP00000304376,51.1,18
9606.ENSP00000495631,51.1,80
9606.ENSP00000216160,51.1,31
9606.ENSP00000366898,51,123
9606.ENSP00000468785,51,28
9606.ENSP00000217133,51,278
9606.ENSP00000408295,50.9,32
9606.ENSP00000357998,50.9,49
9606.ENSP00000272139,50.9,17
9606.ENSP00000359490,50.9,50
9606.ENSP00000358466,50.8,23
9606.ENSP00000386433,50.8,95
9606.ENSP00000259239,50.8,16
9606.ENSP00000359890,50.8,26
9606.ENSP00000269980,50.8,64
9606.ENSP00000359675,50.7,7
9606.ENSP00000401371,50.7,30
9606.ENSP00000264220,50.7,37
9606.ENSP00000343023,50.7,55
9606.ENSP00000382015,50.7,19
9606.ENSP00000220496,50.6,18
9606.ENSP00000402338,50.6,18
9606.ENSP00000451828,50.5,46
9606.ENSP00000461295,50.5,66
9606.ENSP00000368528,50.5,13
9606.ENSP00000418823,50.4,45
9606.ENSP00000357928,50.4,35
9606.ENSP00000414624,50.4,38
9606.ENSP00000408411,50.4,33
9606.ENSP00000368565,50.3,40
9606.ENSP00000324792,50.3,17
9606.ENSP00000384109,50.3,93
9606.ENSP00000357087,50.2,19
9606.ENSP00000312311,50.2,21
9606.ENSP00000341551,50.2,15
9606.ENSP00000291458,50.1,10
9606.ENSP00000356946,50.1,21
9606.ENSP00000323076,50.1,12
9606.ENSP00000360184,50.1,26
9606.ENSP00000336829,50.1,32
9606.ENSP00000216487,50,51
9606.ENSP00000399208,50,96
9606.ENSP00000369299,49.9,33
9606.ENSP00000401303,49.9,27
9606.ENSP00000318128,49.9,13
9606.ENSP00000418221,49.9,18
9606.ENSP00000300811,49.9,7
9606.ENSP00000381102,49.8,8
9606.ENSP00000263401,49.8,18
9606.ENSP00000473383,49.8,53
9606.ENSP00000480514,49.8,12
9606.ENSP00000303754,49.7,41
9606.ENSP00000315931,49.7,57
9606.ENSP00000330349,49.7,51
9606.ENSP00000372689,49.6,94
9606.ENSP00000448785,49.6,14
9606.ENSP00000248553,49.5,15
9606.ENSP00000479667,49.5,52
9606.ENSP00000220429,49.5,13
9606.ENSP00000434412,49.4,23
9606.ENSP00000412178,49.4,56
9606.ENSP00000420384,49.3,10
9606.ENSP00000311032,49.3,22
9606.ENSP00000265339,49.3,4
9606.ENSP00000438349,49.3,11
9606.ENSP00000270066,49.3,21
9606.ENSP00000361264,49.2,45
9606.ENSP00000260970,49.2,26
9606.ENSP00000371475,49.1,105
9606.ENSP00000255631,49.1,18
9606.ENSP00000335203,49.1,8
9606.ENSP00000357804,49,18
9606.ENSP00000366565,49,26
9606.ENSP00000264265,49,9
9606.ENSP00000451962,48.9,9
9606.ENSP00000265421,48.9,27
9606.ENSP00000233146,48.9,60
9606.ENSP00000326519,48.8,5
9606.ENSP00000244763,48.8,18
9606.ENSP00000426455,48.8,35
9606.ENSP00000357036,48.8,19
9606.ENSP00000493382,48.8,35
9606.ENSP00000259400,48.7,13
9606.ENSP00000448220,48.7,182
9606.ENSP00000360541,48.7,41
9606.ENSP00000356001,48.6,13
9606.ENSP00000331602,48.6,47
9606.ENSP00000237014,48.6,8
9606.ENSP00000387180,48.4,9
9606.ENSP00000350949,48.4,23
9606.ENSP00000479322,48.4,114
9606.ENSP00000391121,48.4,18
9606.ENSP00000382341,48.4,46
9606.ENSP00000256151,48.4,8
9606.ENSP00000403323,48.4,36
9606.ENSP00000404375,48.3,25
9606.ENSP00000326342,48.3,18
9606.ENSP00000400376,48.3,66
9606.ENSP00000288937,48.3,11
9606.ENSP00000262043,48.3,93
9606.ENSP00000361562,48.3,27
9606.ENSP00000420294,48.2,28
9606.ENSP00000333779,48.1,24
9606.ENSP00000369682,48.1,11
9606.ENSP00000354762,48.1,7
9606.ENSP00000323858,48,52
9606.ENSP00000273308,48,31
9606.ENSP00000441158,47.9,275
9606.ENSP00000367407,47.8,43
9606.ENSP00000402346,47.8,83
9606.ENSP00000023939,47.8,18
9606.ENSP00000391583,47.8,22
9606.ENSP00000264093,47.7,16
9606.ENSP00000251038,47.6,49
9606.ENSP00000386593,47.6,87
9606.ENSP00000220166,47.6,19
9606.ENSP00000265165,47.5,20
9606.ENSP00000370395,47.5,18
9606.ENSP00000472836,47.5,6
9606.ENSP00000362824,47.5,66
9606.ENSP00000436152,47.5,9
9606.ENSP00000489189,47.4,19
9606.ENSP00000380747,47.4,21
9606.ENSP00000448182,47.3,44
9606.ENSP00000297540,47.3,22
9606.ENSP00000265322,47.3,18
9606.ENSP00000468633,47.3,9
9606.ENSP00000266069,47.3,13
9606.ENSP00000232564,47.3,69
9606.ENSP00000464893,47.3,29
9606.ENSP00000459533,47.2,3
9606.ENSP00000369716,47.2,163
9606.ENSP00000318352,47.2,3
9606.ENSP00000484669,47.1,85
9606.ENSP00000285968,47.1,142
9606.ENSP00000323687,47,52
9606.ENSP00000467579,47,11
9606.ENSP00000220325,47,59
9606.ENSP00000353099,47,23
9606.ENSP00000330488,47,20
9606.ENSP00000251250,47,14
9606.ENSP00000386226,46.9,25
9606.ENSP00000312367,46.9,14
9606.ENSP00000416097,46.9,52
9606.ENSP00000381652,46.8,22
9606.ENSP00000326981,46.8,15
9606.ENSP00000361009,46.7,98
9606.ENSP00000239891,46.7,24
9606.ENSP00000328694,46.6,18
9606.ENSP00000348708,46.6,67
9606.ENSP00000269383,46.6,24
9606.ENSP00000483375,46.5,14
9606.ENSP00000375892,46.4,43
9606.ENSP00000360642,46.4,43
9606.ENSP00000245544,46.4,41
9606.ENSP00000291009,46.3,20
9606.ENSP00000486540,46.3,21
9606.ENSP00000370697,46.3,13
9606.ENSP00000270538,46.3,34
9606.ENSP00000454836,46.3,57
9606.ENSP00000358812,46.3,104
9606.ENSP00000266556,46.2,22
9606.ENSP00000356840,46.2,16
9606.ENSP00000336994,46.2,24
9606.ENSP00000368119,46.1,29
9606.ENSP00000229595,46.1,9
9606.ENSP00000444660,46,28
9606.ENSP00000342276,46,28
9606.ENSP00000455813,46,94
9606.ENSP00000355279,46,17
9606.ENSP00000450731,46,18
9606.ENSP00000294952,46,51
9606.ENSP00000347836,46,6
9606.ENSP00000378400,46,44
9606.ENSP00000285208,46,47
9606.ENSP00000263125,45.9,46
9606.ENSP00000363779,45.9,68
9606.ENSP00000368452,45.9,10
9606.ENSP00000498104,45.9,13
9606.ENSP00000361486,45.8,41
9606.ENSP00000305255,45.8,13
9606.ENSP00000376297,45.8,13
9606.ENSP00000261733,45.8,39
9606.ENSP00000328720,45.7,37
9606.ENSP00000343435,45.7,8
9606.ENSP00000370194,45.7,23
9606.ENSP00000263384,45.6,4
9606.ENSP00000345001,45.6,10
9606.ENSP00000253577,45.6,34
9606.ENSP00000294724,45.6,134
9606.ENSP00000348632,45.5,33
9606.ENSP00000364193,45.5,25
9606.ENSP00000478417,45.5,57
9606.ENSP00000277010,45.4,10
9606.ENSP00000253329,45.4,28
9606.ENSP00000433919,45.4,9
9606.ENSP00000481038,45.4,158
9606.ENSP00000268206,45.4,51
9606.ENSP00000263228,45.4,10
9606.ENSP00000300151,45.3,13
9606.ENSP00000349313,45.3,14
9606.ENSP00000411010,45.3,38
9606.ENSP00000274242,45.3,3
9606.ENSP00000365505,45.2,14
9606.ENSP00000339030,45.2,17
9606.ENSP00000354649,45.2,21
9606.ENSP00000262932,45.2,13
9606.ENSP00000443246,45.2,64
9606.ENSP00000366746,45.1,24
9606.ENSP00000365462,45.1,54
9606.ENSP00000400333,45.1,35
9606.ENSP00000343896,45.1,119
9606.ENSP00000222330,45.1,26
9606.ENSP00000259006,45.1,12
9606.ENSP00000343867,45.1,15
9606.ENSP00000304553,45.1,7
9606.ENSP00000337688,45.1,20
9606.ENSP00000276590,45,17
9606.ENSP00000405926,45,31
9606.ENSP00000379512,45,7
9606.ENSP00000295770,44.9,51
9606.ENSP00000357448,44.9,37
9606.ENSP00000328729,44.9,12
9606.ENSP00000355299,44.8,4
9606.ENSP00000369383,44.8,5
9606.ENSP00000420306,44.8,39
9606.ENSP00000478061,44.8,11
9606.ENSP00000440167,44.8,25
9606.ENSP00000251507,44.7,40
9606.ENSP00000362361,44.7,39
9606.ENSP00000221543,44.6,31
9606.ENSP00000425864,44.6,6
9606.ENSP00000465765,44.6,3
9606.ENSP00000378046,44.6,18
9606.ENSP00000498991,44.6,18
9606.ENSP00000357320,44.6,26
9606.ENSP00000409952,44.5,41
9606.ENSP00000371175,44.5,27
9606.ENSP00000339479,44.5,31
9606.ENSP00000234347,44.5,10
9606.ENSP00000361206,44.4,12
9606.ENSP00000295588,44.4,25
9606.ENSP00000254605,44.4,23
9606.ENSP00000446184,44.4,68
9606.ENSP00000462333,44.4,48
9606.ENSP00000392065,44.3,36
9606.ENSP00000323065,44.3,13
9606.ENSP00000310978,44.3,29
9606.ENSP00000420127,44.3,17
9606.ENSP00000343054,44.2,40
9606.ENSP00000362092,44.2,31
9606.ENSP00000381386,44.2,21
9606.ENSP00000378733,44.2,7
9606.ENSP00000450864,44.1,47
9606.ENSP00000281182,44.1,28
9606.ENSP00000258381,44.1,43
9606.ENSP00000429323,44.1,31
9606.ENSP00000359025,44.1,44
9606.ENSP00000483001,44.1,14
9606.ENSP00000472847,44.1,52
9606.ENSP00000359506,44,43
9606.ENSP00000425587,44,38
9606.ENSP00000480535,44,15
9606.ENSP00000310623,43.9,9
9606.ENSP00000362144,43.9,18
9606.ENSP00000360141,43.9,55
9606.ENSP00000378414,43.9,39
9606.ENSP00000373669,43.9,20
9606.ENSP00000443216,43.8,2
9606.ENSP00000496044,43.8,21
9606.ENSP00000330918,43.8,20
9606.ENSP00000314099,43.8,17
9606.ENSP00000256367,43.8,10
9606.ENSP00000371193,43.8,21
9606.ENSP00000336724,43.8,20
9606.ENSP00000323511,43.7,36
9606.ENSP00000257770,43.6,32
9606.ENSP00000287156,43.6,8
9606.ENSP00000356224,43.5,547
9606.ENSP00000362036,43.5,9
9606.ENSP00000228928,43.5,60
9606.ENSP00000499900,43.4,71
9606.ENSP00000332013,43.4,33
9606.ENSP00000457411,43.4,36
9606.ENSP00000369075,43.4,21
9606.ENSP00000455145,43.3,9
9606.ENSP00000324806,43.3,24
9606.ENSP00000260643,43.3,21
9606.ENSP00000333633,43.3,82
9606.ENSP00000265070,43.2,19
9606.ENSP00000260408,43.2,49
9606.ENSP00000267082,43.2,79
9606.ENSP00000254940,43.2,11
9606.ENSP00000367721,43.2,86
9606.ENSP00000261461,43.2,35
9606.ENSP00000364403,43.1,238
9606.ENSP00000262554,43.1,19
9606.ENSP00000215904,43.1,18
9606.ENSP00000316357,43,201
9606.ENSP00000345672,43,24
9606.ENSP00000222008,43,3
9606.ENSP00000496695,43,16
9606.ENSP00000055077,42.9,23
9606.ENSP00000476140,42.9,6
9606.ENSP00000451206,42.9,12
9606.ENSP00000361084,42.9,11
9606.ENSP00000441126,42.9,4
9606.ENSP00000314499,42.8,78
9606.ENSP00000358072,42.5,16
9606.ENSP00000352516,42.5,89
9606.ENSP00000336868,42.5,6
9606.ENSP00000496699,42.5,58
9606.ENSP00000258383,42.5,16
9606.ENSP00000362300,42.5,78
9606.ENSP00000483888,42.5,5
9606.ENSP00000296215,42.4,19
9606.ENSP00000225577,42.4,16
9606.ENSP00000447730,42.4,10
9606.ENSP00000306625,42.3,29
9606.ENSP00000364858,42.3,15
9606.ENSP00000274849,42.2,13
9606.ENSP00000330289,42.2,11
9606.ENSP00000365837,42.1,29
9606.ENSP00000315013,42.1,32
9606.ENSP00000414906,42.1,24
9606.ENSP00000364114,42.1,21
9606.ENSP00000396452,42.1,14
9606.ENSP00000497737,42,28
9606.ENSP00000355465,42,104
9606.ENSP00000314348,42,45
9606.ENSP00000229195,42,28
9606.ENSP00000355895,42,19
9606.ENSP00000308351,42,19
9606.ENSP00000497594,41.9,52
9606.ENSP00000266126,41.9,23
9606.ENSP00000498864,41.9,28
9606.ENSP00000480359,41.9,39
9606.ENSP00000431512,41.9,23
9606.ENSP00000355587,41.9,14
9606.ENSP00000370508,41.9,11
9606.ENSP00000379294,41.8,17
9606.ENSP00000426167,41.8,7
9606.ENSP00000262407,41.8,43
9606.ENSP00000330694,41.8,19
9606.ENSP00000500695,41.7,16
9606.ENSP00000479669,41.7,35
9606.ENSP00000369217,41.7,29
9606.ENSP00000482568,41.7,9
9606.ENSP00000364883,41.6,16
9606.ENSP00000312988,41.6,13
9606.ENSP00000264870,41.6,44
9606.ENSP00000356811,41.5,38
9606.ENSP00000294383,41.5,165
9606.ENSP00000331310,41.5,17
9606.ENSP00000338034,41.5,16
9606.ENSP00000444688,41.5,152
9606.ENSP00000263346,41.5,23
9606.ENSP00000225519,41.5,26
9606.ENSP00000307288,41.4,38
9606.ENSP00000325377,41.4,58
9606.ENSP00000293872,41.4,45
9606.ENSP00000307188,41.4,29
9606.ENSP00000179259,41.3,15
9606.ENSP00000498227,41.3,10
9606.ENSP00000357986,41.2,23
9606.ENSP00000304592,41.2,133
9606.ENSP00000366557,41.2,61
9606.ENSP00000225729,41.1,25
9606.ENSP00000253083,41.1,63
9606.ENSP00000283875,41.1,20
9606.ENSP00000387006,41,36
9606.ENSP00000336752,41,38
9606.ENSP00000313422,41,16
9606.ENSP00000296792,40.9,25
9606.ENSP00000217195,40.9,13
9606.ENSP00000288532,40.9,24
9606.ENSP00000370984,40.9,11
9606.ENSP00000321546,40.9,18
9606.ENSP00000261884,40.8,22
9606.ENSP00000369756,40.8,50
9606.ENSP00000479964,40.7,35
9606.ENSP00000261798,40.7,24
9606.ENSP00000305069,40.7,11
9606.ENSP00000233668,40.6,15
9606.ENSP00000254878,40.6,8
9606.ENSP00000255784,40.5,12
9606.ENSP00000220913,40.5,6
9606.ENSP00000260356,40.5,72
9606.ENSP00000456851,40.4,6
9606.ENSP00000253047,40.3,7
9606.ENSP00000377390,40.3,52
9606.ENSP00000356405,40.3,34
9606.ENSP00000226004,40.3,12
9606.ENSP00000498715,40.3,18
9606.ENSP00000299163,40.2,15
9606.ENSP00000342222,40.2,32
9606.ENSP00000305692,40.2,34
9606.ENSP00000279281,40.2,41
9606.ENSP00000233379,40.2,24
9606.ENSP00000483276,40.1,8
9606.ENSP00000362298,40.1,27
9606.ENSP00000265372,40.1,3
9606.ENSP00000366410,40,17
9606.ENSP00000493594,40,430
9606.ENSP00000379680,40,23
9606.ENSP00000298569,40,11
9606.ENSP00000430282,39.9,27
9606.ENSP00000267199,39.9,39
9606.ENSP00000223208,39.9,17
9606.ENSP00000378935,39.9,15
9606.ENSP00000443988,39.9,15
9606.ENSP00000449785,39.9,9
9606.ENSP00000270176,39.9,34
9606.ENSP00000377508,39.8,51
9606.ENSP00000347032,39.8,18
9606.ENSP00000356480,39.7,19
9606.ENSP00000366897,39.7,13
9606.ENSP00000372955,39.7,15
9606.ENSP00000305193,39.7,19
9606.ENSP00000258169,39.7,11
9606.ENSP00000457421,39.7,56
9606.ENSP00000211287,39.6,26
9606.ENSP00000344903,39.5,10
9606.ENSP00000419027,39.5,33
9606.ENSP00000252245,39.5,271
9606.ENSP00000353575,39.5,25
9606.ENSP00000265164,39.5,10
9606.ENSP00000476603,39.5,31
9606.ENSP00000369810,39.5,44
9606.ENSP00000334100,39.5,34
9606.ENSP00000434279,39.5,85
9606.ENSP00000400010,39.4,62
9606.ENSP00000367299,39.4,28
9606.ENSP00000264313,39.4,25
9606.ENSP00000318966,39.3,11
9606.ENSP00000220853,39.3,15
9606.ENSP00000483059,39.3,33
9606.ENSP00000247843,39.3,14
9606.ENSP00000297990,39.3,49
9606.ENSP00000497326,39.3,30
9606.ENSP00000304139,39.2,45
9606.ENSP00000362687,39.2,59
9606.ENSP00000335808,39.2,9
9606.ENSP00000317902,39.2,23
9606.ENSP00000387911,39.2,36
9606.ENSP00000319817,39.1,10
9606.ENSP00000471896,39.1,17
9606.ENSP00000327506,39.1,11
9606.ENSP00000496921,39.1,22
9606.ENSP00000318351,39.1,14
9606.ENSP00000384160,39.1,38
9606.ENSP00000263092,39,33
9606.ENSP00000318868,39,26
9606.ENSP00000296161,39,41
9606.ENSP00000363640,39,28
9606.ENSP00000290277,39,35
9606.ENSP00000461388,39,8
9606.ENSP00000311857,38.9,22
9606.ENSP00000413479,38.9,292
9606.ENSP00000290401,38.9,17
9606.ENSP00000280701,38.9,17
9606.ENSP00000362566,38.8,48
9606.ENSP00000271715,38.8,49
9606.ENSP00000409738,38.8,6
9606.ENSP00000216277,38.8,48
9606.ENSP00000399970,38.8,32
9606.ENSP00000242576,38.7,9
9606.ENSP00000385746,38.7,21
9606.ENSP00000281038,38.7,19
9606.ENSP00000387170,38.7,52
9606.ENSP00000256996,38.7,21
9606.ENSP00000482457,38.7,76
9606.ENSP00000220966,38.7,15
9606.ENSP00000355741,38.7,26
9606.ENSP00000327650,38.6,43
9606.ENSP00000261900,38.6,22
9606.ENSP00000368447,38.6,13
9606.ENSP00000345731,38.4,25
9606.ENSP00000376123,38.4,18
9606.ENSP00000383820,38.4,24
9606.ENSP00000262013,38.4,59
9606.ENSP00000359512,38.4,63
9606.ENSP00000483236,38.4,19
9606.ENSP00000278422,38.4,14
9606.ENSP00000260818,38.3,93
9606.ENSP00000295025,38.3,29
9606.ENSP00000442224,38.2,12
9606.ENSP00000318641,38.2,43
9606.ENSP00000263773,38.2,28
9606.ENSP00000376436,38.2,22
9606.ENSP00000296121,38.2,10
9606.ENSP00000282516,38.1,127
9606.ENSP00000361042,38.1,14
9606.ENSP00000478490,38.1,25
9606.ENSP00000319412,38,19
9606.ENSP00000370150,38,29
9606.ENSP00000350333,38,36
9606.ENSP00000040663,38,18
9606.ENSP00000394751,38,37
9606.ENSP00000260402,37.9,56
9606.ENSP00000280377,37.9,53
9606.ENSP00000317985,37.9,114
9606.ENSP00000351742,37.9,14
9606.ENSP00000324124,37.9,4
9606.ENSP00000421710,37.8,2
9606.ENSP00000381237,37.8,23
9606.ENSP00000216122,37.8,35
9606.ENSP00000239940,37.8,6
9606.ENSP00000320658,37.8,21
9606.ENSP00000364613,37.8,10
9606.ENSP00000356591,37.8,17
9606.ENSP00000315112,37.7,52
9606.ENSP00000221233,37.7,11
9606.ENSP00000489123,37.7,32
9606.ENSP00000351832,37.7,66
9606.ENSP00000371219,37.7,8
9606.ENSP00000362728,37.7,38
9606.ENSP00000250113,37.7,39
9606.ENSP00000445408,37.7,50
9606.ENSP00000356540,37.6,13
9606.ENSP00000216410,37.6,8
9606.ENSP00000330101,37.6,343
9606.ENSP00000359424,37.6,35
9606.ENSP00000273541,37.6,18
9606.ENSP00000163416,37.6,32
9606.ENSP00000418669,37.6,12
9606.ENSP00000362441,37.5,118
9606.ENSP00000478766,37.4,14
9606.ENSP00000414178,37.4,35
9606.ENSP00000466639,37.4,18
9606.ENSP00000446743,37.3,35
9606.ENSP00000374399,37.3,12
9606.ENSP00000355944,37.3,17
9606.ENSP00000309432,37.3,19
9606.ENSP00000262375,37.3,21
9606.ENSP00000347626,37.2,16
9606.ENSP00000476386,37.2,23
9606.ENSP00000376024,37.2,20
9606.ENSP00000363642,37.2,45
9606.ENSP00000378845,37.2,8
9606.ENSP00000464036,37.2,58
9606.ENSP00000314776,37.1,14
9606.ENSP00000416523,37.1,40
9606.ENSP00000369081,37.1,20
9606.ENSP00000292476,37.1,11
9606.ENSP00000239690,37,30
9606.ENSP00000265562,37,62
9606.ENSP00000286364,37,56
9606.ENSP00000358464,37,16
9606.ENSP00000426632,37,78
9606.ENSP00000360850,37,14
9606.ENSP00000376808,37,51
9606.ENSP00000375777,37,26
9606.ENSP00000416515,37,29
9606.ENSP00000388566,37,21
9606.ENSP00000258198,37,25
9606.ENSP00000156471,37,71
9606.ENSP00000416338,37,46
9606.ENSP00000347277,36.9,2
9606.ENSP00000500094,36.9,59
9606.ENSP00000357748,36.9,15
9606.ENSP00000233154,36.8,21
9606.ENSP00000343412,36.8,19
9606.ENSP00000381104,36.8,23
9606.ENSP00000362550,36.8,42
9606.ENSP00000379217,36.8,10
9606.ENSP00000361731,36.8,23
9606.ENSP00000311224,36.7,46
9606.ENSP00000358374,36.7,54
9606.ENSP00000342331,36.7,6
9606.ENSP00000384421,36.7,39
9606.ENSP00000429900,36.6,44
9606.ENSP00000365931,36.6,11
9606.ENSP00000339495,36.6,39
9606.ENSP00000364543,36.6,63
9606.ENSP00000265857,36.5,17
9606.ENSP00000308369,36.5,38
9606.ENSP00000363944,36.5,32
9606.ENSP00000380495,36.4,31
9606.ENSP00000301012,36.4,18
9606.ENSP00000231948,36.4,14
9606.ENSP00000394183,36.4,5
9606.ENSP00000327821,36.3,52
9606.ENSP00000298767,36.3,57
9606.ENSP00000351273,36.3,33
9606.ENSP00000361162,36.3,15
9606.ENSP00000399982,36.3,44
9606.ENSP00000251413,36.2,30
9606.ENSP00000308022,36.2,29
9606.ENSP00000265056,36.2,46
9606.ENSP00000394510,36.2,52
9606.ENSP00000482438,36.2,6
9606.ENSP00000499786,36.1,52
9606.ENSP00000298310,36.1,46
9606.ENSP00000242067,36.1,24
9606.ENSP00000375873,36.1,19
9606.ENSP00000466718,36,11
9606.ENSP00000322373,36,12
9606.ENSP00000386443,36,17
9606.ENSP00000249269,36,29
9606.ENSP00000383042,36,37
9606.ENSP00000357764,36,13
9606.ENSP00000276569,35.9,13
9606.ENSP00000257915,35.9,33
9606.ENSP00000268712,35.9,109
9606.ENSP00000262415,35.9,60
9606.ENSP00000341082,35.9,6
9606.ENSP00000411073,35.9,8
9606.ENSP00000326817,35.9,11
9606.ENSP00000302783,35.8,10
9606.ENSP00000358854,35.8,27
9606.ENSP00000294409,35.8,17
9606.ENSP00000254803,35.7,11
9606.ENSP00000261776,35.7,41
9606.ENSP00000378965,35.7,25
9606.ENSP00000337445,35.7,42
9606.ENSP00000347244,35.7,80
9606.ENSP00000252137,35.7,17
9606.ENSP00000253861,35.6,49
9606.ENSP00000258301,35.6,16
9606.ENSP00000274458,35.6,11
9606.ENSP00000267425,35.6,25
9606.ENSP00000368887,35.5,19
9606.ENSP00000423067,35.5,47
9606.ENSP00000222567,35.5,11
9606.ENSP00000449428,35.5,21
9606.ENSP00000327436,35.5,31
9606.ENSP00000364080,35.5,18
9606.ENSP00000371133,35.5,11
9606.ENSP00000433277,35.5,8
9606.ENSP00000345096,35.5,27
9606.ENSP00000389160,35.4,18
9606.ENSP00000411719,35.4,15
9606.ENSP00000264167,35.4,30
9606.ENSP00000301838,35.4,7
9606.ENSP00000399511,35.3,56
9606.ENSP00000365201,35.3,71
9606.ENSP00000490163,35.3,59
9606.ENSP00000250237,35.2,14
9606.ENSP00000219548,35.2,18
9606.ENSP00000419782,35.2,31
9606.ENSP00000340373,35.2,27
9606.ENSP00000373370,35.1,63
9606.ENSP00000428564,35.1,42
9606.ENSP00000421926,35.1,28
9606.ENSP00000453508,35.1,312
9606.ENSP00000496597,35.1,62
9606.ENSP00000366934,35.1,21
9606.ENSP00000318629,35,13
9606.ENSP00000325748,35,42
9606.ENSP00000322524,35,10
9606.ENSP00000323867,34.9,24
9606.ENSP00000450873,34.9,8
9606.ENSP00000311513,34.9,62
9606.ENSP00000262960,34.9,44
9606.ENSP00000376840,34.8,12
9606.ENSP00000241041,34.8,13
9606.ENSP00000378399,34.8,17
9606.ENSP00000428184,34.8,9
9606.ENSP00000360492,34.8,4
9606.ENSP00000385749,34.8,33
9606.ENSP00000411822,34.8,18
9606.ENSP00000253237,34.7,18
9606.ENSP00000265734,34.7,34
9606.ENSP00000356505,34.7,27
9606.ENSP00000265350,34.6,9
9606.ENSP00000407487,34.5,54
9606.ENSP00000265388,34.4,42
9606.ENSP00000497004,34.4,12
9606.ENSP00000379802,34.4,44
9606.ENSP00000426941,34.4,21
9606.ENSP00000378624,34.4,43
9606.ENSP00000255305,34.3,49
9606.ENSP00000360922,34.3,57
9606.ENSP00000336666,34.2,10
9606.ENSP00000257570,34.2,24
9606.ENSP00000300176,34.2,11
9606.ENSP00000353863,34.2,27
9606.ENSP00000262177,34.1,16
9606.ENSP00000379457,34.1,25
9606.ENSP00000383333,34.1,42
9606.ENSP00000312599,34.1,10
9606.ENSP00000362702,34.1,27
9606.ENSP00000404923,34.1,38
9606.ENSP00000465103,34,8
9606.ENSP00000234170,34,42
9606.ENSP00000309126,34,29
9606.ENSP00000429065,34,21
9606.ENSP00000365944,34,12
9606.ENSP00000449241,34,50
9606.ENSP00000318016,34,65
9606.ENSP00000219240,33.9,21
9606.ENSP00000346130,33.9,4
9606.ENSP00000377218,33.9,12
9606.ENSP00000350934,33.9,31
9606.ENSP00000381984,33.9,18
9606.ENSP00000410446,33.8,24
9606.ENSP00000395473,33.8,49
9606.ENSP00000355306,33.8,8
9606.ENSP00000276692,33.8,19
9606.ENSP00000246792,33.8,20
9606.ENSP00000354742,33.8,34
9606.ENSP00000380227,33.7,42
9606.ENSP00000273375,33.7,13
9606.ENSP00000369292,33.7,73
9606.ENSP00000365625,33.7,49
9606.ENSP00000351052,33.7,24
9606.ENSP00000438071,33.7,14
9606.ENSP00000380837,33.6,37
9606.ENSP00000240079,33.6,9
9606.ENSP00000265271,33.6,63
9606.ENSP00000367991,33.5,50
9606.ENSP00000344666,33.5,147
9606.ENSP00000379691,33.5,35
9606.ENSP00000370695,33.5,29
9606.ENSP00000289361,33.4,37
9606.ENSP00000311977,33.4,20
9606.ENSP00000279068,33.4,20
9606.ENSP00000347206,33.4,20
9606.ENSP00000386134,33.4,15
9606.ENSP00000328854,33.4,21
9606.ENSP00000347719,33.4,58
9606.ENSP00000227868,33.4,23
9606.ENSP00000472465,33.3,45
9606.ENSP00000362888,33.3,12
9606.ENSP00000369814,33.3,42
9606.ENSP00000417078,33.3,41
9606.ENSP00000400101,33.3,44
9606.ENSP00000382239,33.2,36
9606.ENSP00000319781,33.2,17
9606.ENSP00000405620,33.2,71
9606.ENSP00000378292,33.2,75
9606.ENSP00000368880,33.1,19
9606.ENSP00000285379,33.1,12
9606.ENSP00000302037,33.1,12
9606.ENSP00000403987,33.1,2
9606.ENSP00000327145,33,334
9606.ENSP00000392043,33,84
9606.ENSP00000231668,33,12
9606.ENSP00000352536,33,26
9606.ENSP00000360577,33,9
9606.ENSP00000488437,33,9
9606.ENSP00000359364,33,21
9606.ENSP00000483989,32.9,26
9606.ENSP00000238738,32.9,51
9606.ENSP00000348168,32.9,14
9606.ENSP00000305682,32.9,20
9606.ENSP00000317992,32.9,29
9606.ENSP00000323288,32.9,19
9606.ENSP00000353098,32.9,27
9606.ENSP00000305675,32.8,12
9606.ENSP00000467600,32.8,13
9606.ENSP00000417402,32.7,27
9606.ENSP00000261441,32.7,30
9606.ENSP00000264108,32.7,18
9606.ENSP00000499211,32.7,17
9606.ENSP00000238651,32.7,46
9606.ENSP00000253408,32.7,149
9606.ENSP00000356515,32.7,138
9606.ENSP00000279036,32.6,31
9606.ENSP00000363603,32.6,19
9606.ENSP00000385923,32.6,28
9606.ENSP00000310551,32.5,16
9606.ENSP00000320567,32.5,4
9606.ENSP00000386738,32.5,9
9606.ENSP00000220509,32.5,51
9606.ENSP00000414147,32.4,18
9606.ENSP00000308236,32.4,9
9606.ENSP00000438085,32.3,21
9606.ENSP00000252593,32.2,6
9606.ENSP00000364037,32.2,36
9606.ENSP00000304593,32.2,3
9606.ENSP00000367851,32.2,25
9606.ENSP00000377633,32.1,19
9606.ENSP00000235521,32,13
9606.ENSP00000081029,31.9,11
9606.ENSP00000473631,31.9,16
9606.ENSP00000367900,31.8,55
9606.ENSP00000262215,31.8,84
9606.ENSP00000338814,31.8,22
9606.ENSP00000497444,31.8,11
9606.ENSP00000332287,31.7,5
9606.ENSP00000202017,31.7,5
9606.ENSP00000349687,31.7,8
9606.ENSP00000404676,31.7,19
9606.ENSP00000340427,31.7,34
9606.ENSP00000310573,31.7,121
9606.ENSP00000373474,31.7,16
9606.ENSP00000281156,31.7,35
9606.ENSP00000254325,31.7,24
9606.ENSP00000401435,31.6,28
9606.ENSP00000329243,31.6,190
9606.ENSP00000476228,31.6,12
9606.ENSP00000361705,31.6,16
9606.ENSP00000361032,31.5,5
9606.ENSP00000361245,31.5,34
9606.ENSP00000447537,31.5,10
9606.ENSP00000242465,31.5,6
9606.ENSP00000413098,31.5,38
9606.ENSP00000339787,31.5,31
9606.ENSP00000394560,31.5,30
9606.ENSP00000362931,31.4,26
9606.ENSP00000377344,31.4,74
9606.ENSP00000262094,31.4,21
9606.ENSP00000037243,31.4,7
9606.ENSP00000282605,31.3,29
9606.ENSP00000361967,31.3,12
9606.ENSP00000462337,31.3,13
9606.ENSP00000359848,31.2,18
9606.ENSP00000287844,31.2,47
9606.ENSP00000417517,31.2,84
9606.ENSP00000364568,31.2,10
9606.ENSP00000415536,31.2,8
9606.ENSP00000355013,31.2,55
9606.ENSP00000228463,31.2,10
9606.ENSP00000408146,31.1,16
9606.ENSP00000272091,31.1,14
9606.ENSP00000315768,31.1,35
9606.ENSP00000497744,31.1,34
9606.ENSP00000310726,31.1,3
9606.ENSP00000370193,31.1,13
9606.ENSP00000267750,31.1,10
9606.ENSP00000493688,31.1,12
9606.ENSP00000257287,31,51
9606.ENSP00000348596,30.9,44
9606.ENSP00000263629,30.9,21
9606.ENSP00000451792,30.9,21
9606.ENSP00000217131,30.9,12
9606.ENSP00000244926,30.9,2
9606.ENSP00000377546,30.8,187
9606.ENSP00000313601,30.8,37
9606.ENSP00000430598,30.8,5
9606.ENSP00000262039,30.8,44
9606.ENSP00000258105,30.7,5
9606.ENSP00000377233,30.7,51
9606.ENSP00000344942,30.7,10
9606.ENSP00000261708,30.7,32
9606.ENSP00000221930,30.6,18
9606.ENSP00000345206,30.6,20
9606.ENSP00000352463,30.6,51
9606.ENSP00000219782,30.6,11
9606.ENSP00000370748,30.6,13
9606.ENSP00000368716,30.6,56
9606.ENSP00000349351,30.5,31
9606.ENSP00000364691,30.5,77
9606.ENSP00000363216,30.5,102
9606.ENSP00000415433,30.5,14
9606.ENSP00000354490,30.4,126
9606.ENSP00000296509,30.4,9
9606.ENSP00000371003,30.4,14
9606.ENSP00000265827,30.4,14
9606.ENSP00000328992,30.3,36
9606.ENSP00000482826,30.3,31
9606.ENSP00000387050,30.3,13
9606.ENSP00000384400,30.3,15
9606.ENSP00000424707,30.2,4
9606.ENSP00000292401,30.2,13
9606.ENSP00000424495,30.2,11
9606.ENSP00000222286,30.2,62
9606.ENSP00000378485,30.2,18
9606.ENSP00000265174,30.1,23
9606.ENSP00000399259,30.1,19
9606.ENSP00000271375,30.1,5
9606.ENSP00000480987,30,42
9606.ENSP00000303315,30,6
9606.ENSP00000367623,30,22
9606.ENSP00000318066,30,20
9606.ENSP00000372005,30,5
9606.ENSP00000267814,30,16
9606.ENSP00000290949,30,16
9606.ENSP00000258770,30,24
9606.ENSP00000331209,30,21
9606.ENSP00000324318,29.9,24
9606.ENSP00000360676,29.9,9
9606.ENSP00000258201,29.9,37
9606.ENSP00000495563,29.9,22
9606.ENSP00000216185,29.9,5
9606.ENSP00000379282,29.8,19
9606.ENSP00000369129,29.8,150
9606.ENSP00000357812,29.8,16
9606.ENSP00000475384,29.8,59
9606.ENSP00000443204,29.8,42
9606.ENSP00000473348,29.8,37
9606.ENSP00000271764,29.7,22
9606.ENSP00000483453,29.7,40
9606.ENSP00000353864,29.7,55
9606.ENSP00000227667,29.6,5
9606.ENSP00000252996,29.6,35
9606.ENSP00000244061,29.6,11
9606.ENSP00000351631,29.6,13
9606.ENSP00000478982,29.6,12
9606.ENSP00000230449,29.6,35
9606.ENSP00000422007,29.6,184
9606.ENSP00000357000,29.6,4
9606.ENSP00000222388,29.6,47
9606.ENSP00000461947,29.5,12
9606.ENSP00000263955,29.5,12
9606.ENSP00000355231,29.5,20
9606.ENSP00000306902,29.5,12
9606.ENSP00000266068,29.4,10
9606.ENSP00000386772,29.3,6
9606.ENSP00000256398,29.3,23
9606.ENSP00000345719,29.3,15
9606.ENSP00000378483,29.3,16
9606.ENSP00000354812,29.3,11
9606.ENSP00000251143,29.3,46
9606.ENSP00000350278,29.3,10
9606.ENSP00000317327,29.3,36
9606.ENSP00000328358,29.2,211
9606.ENSP00000305161,29.2,33
9606.ENSP00000355388,29.2,21
9606.ENSP00000426906,29.2,19
9606.ENSP00000376184,29.2,17
9606.ENSP00000362751,29.2,36
9606.ENSP00000311984,29.1,13
9606.ENSP00000418803,29.1,13
9606.ENSP00000249396,29.1,14
9606.ENSP00000462172,29.1,2
9606.ENSP00000254770,29.1,18
9606.ENSP00000393417,29.1,15
9606.ENSP00000419413,29,32
9606.ENSP00000350848,29,6
9606.ENSP00000323670,29,9
9606.ENSP00000388920,29,4
9606.ENSP00000326563,29,53
9606.ENSP00000254630,28.9,26
9606.ENSP00000379999,28.9,7
9606.ENSP00000473001,28.9,26
9606.ENSP00000358810,28.9,31
9606.ENSP00000326424,28.9,21
9606.ENSP00000357726,28.9,4
9606.ENSP00000385519,28.9,11
9606.ENSP00000262633,28.9,13
9606.ENSP00000361867,28.9,33
9606.ENSP00000453129,28.8,17
9606.ENSP00000464006,28.8,14
9606.ENSP00000254998,28.8,2
9606.ENSP00000233575,28.8,19
9606.ENSP00000242786,28.8,22
9606.ENSP00000344572,28.7,11
9606.ENSP00000263702,28.7,10
9606.ENSP00000426638,28.7,25
9606.ENSP00000412302,28.7,14
9606.ENSP00000299563,28.6,20
9606.ENSP00000353769,28.6,33
9606.ENSP00000220592,28.6,58
9606.ENSP00000478557,28.6,10
9606.ENSP00000380241,28.6,8
9606.ENSP00000353512,28.5,35
9606.ENSP00000282633,28.5,70
9606.ENSP00000352248,28.5,63
9606.ENSP00000264156,28.5,33
9606.ENSP00000263205,28.4,12
9606.ENSP00000354554,28.4,8
9606.ENSP00000379721,28.4,34
9606.ENSP00000402756,28.4,6
9606.ENSP00000478458,28.4,36
9606.ENSP00000395574,28.4,17
9606.ENSP00000406037,28.4,17
9606.ENSP00000310803,28.4,6
9606.ENSP00000419494,28.4,5
9606.ENSP00000424896,28.3,27
9606.ENSP00000200135,28.3,34
9606.ENSP00000391723,28.3,32
9606.ENSP00000327179,28.3,23
9606.ENSP00000335320,28.3,42
9606.ENSP00000479910,28.3,12
9606.ENSP00000348429,28.3,30
9606.ENSP00000263897,28.3,10
9606.ENSP00000497948,28.2,52
9606.ENSP00000259335,28.2,76
9606.ENSP00000407182,28.2,45
9606.ENSP00000235090,28.2,10
9606.ENSP00000304353,28.2,3
9606.ENSP00000388942,28.2,14
9606.ENSP00000497160,28.2,25
9606.ENSP00000331087,28.1,6
9606.ENSP00000439244,28.1,28
9606.ENSP00000360871,28.1,12
9606.ENSP00000386880,28.1,11
9606.ENSP00000362962,28.1,77
9606.ENSP00000361658,28.1,54
9606.ENSP00000348216,28.1,18
9606.ENSP00000350012,28.1,30
9606.ENSP00000306461,28.1,9
9606.ENSP00000451300,28.1,18
9606.ENSP00000452454,28.1,4
9606.ENSP00000401277,28.1,20
9606.ENSP00000393845,28,54
9606.ENSP00000296824,28,9
9606.ENSP00000467556,28,39
9606.ENSP00000314441,28,7
9606.ENSP00000292363,28,7
9606.ENSP00000308332,28,8
9606.ENSP00000308179,28,37
9606.ENSP00000495845,27.9,8
9606.ENSP00000317579,27.9,12
9606.ENSP00000464030,27.9,27
9606.ENSP00000371169,27.9,14
9606.ENSP00000404092,27.9,32
9606.ENSP00000414516,27.9,6
9606.ENSP00000306320,27.9,3
9606.ENSP00000209873,27.9,22
9606.ENSP00000411397,27.9,35
9606.ENSP00000349595,27.9,64
9606.ENSP00000362409,27.8,23
9606.ENSP00000369411,27.8,15
9606.ENSP00000438748,27.8,36
9606.ENSP00000292211,27.8,11
9606.ENSP00000245838,27.8,58
9606.ENSP00000359233,27.8,29
9606.ENSP00000312709,27.8,13
9606.ENSP00000495556,27.8,43
9606.ENSP00000362208,27.7,10
9606.ENSP00000383382,27.7,6
9606.ENSP00000473185,27.7,4
9606.ENSP00000289473,27.7,14
9606.ENSP00000373153,27.7,10
9606.ENSP00000458075,27.6,25
9606.ENSP00000376097,27.6,16
9606.ENSP00000269601,27.6,8
9606.ENSP00000433071,27.6,33
9606.ENSP00000387365,27.6,12
9606.ENSP00000302456,27.5,6
9606.ENSP00000344220,27.5,17
9606.ENSP00000246337,27.5,11
9606.ENSP00000203001,27.5,21
9606.ENSP00000363205,27.5,22
9606.ENSP00000298875,27.5,35
9606.ENSP00000349823,27.5,30
9606.ENSP00000477868,27.4,15
9606.ENSP00000361219,27.4,29
9606.ENSP00000334958,27.4,53
9606.ENSP00000350071,27.4,22
9606.ENSP00000366748,27.4,12
9606.ENSP00000263578,27.4,9
9606.ENSP00000473469,27.3,67
9606.ENSP00000297632,27.3,8
9606.ENSP00000357110,27.3,29
9606.ENSP00000425996,27.3,2
9606.ENSP00000273853,27.3,36
9606.ENSP00000369899,27.2,18
9606.ENSP00000371101,27.2,25
9606.ENSP00000289382,27.2,13
9606.ENSP00000473290,27.2,22
9606.ENSP00000366828,27.2,11
9606.ENSP00000222219,27.2,9
9606.ENSP00000262105,27.1,31
9606.ENSP00000364490,27.1,16
9606.ENSP00000411152,27.1,33
9606.ENSP00000482264,27.1,11
9606.ENSP00000406598,27.1,16
9606.ENSP00000357838,27.1,21
9606.ENSP00000327467,27.1,5
9606.ENSP00000281154,27.1,50
9606.ENSP00000357065,27,19
9606.ENSP00000371321,27,35
9606.ENSP00000297579,27,21
9606.ENSP00000415283,27,11
9606.ENSP00000485513,27,66
9606.ENSP00000494352,26.8,11
9606.ENSP00000315299,26.8,27
9606.ENSP00000389182,26.8,12
9606.ENSP00000379156,26.8,33
9606.ENSP00000358062,26.8,52
9606.ENSP00000263383,26.7,18
9606.ENSP00000437409,26.7,12
9606.ENSP00000473980,26.7,20
9606.ENSP00000330361,26.7,8
9606.ENSP00000297109,26.7,5
9606.ENSP00000360860,26.7,22
9606.ENSP00000317578,26.7,57
9606.ENSP00000348554,26.7,15
9606.ENSP00000007699,26.6,38
9606.ENSP00000333837,26.6,13
9606.ENSP00000300650,26.6,20
9606.ENSP00000359000,26.6,73
9606.ENSP00000254799,26.6,18
9606.ENSP00000370254,26.6,38
9606.ENSP00000011619,26.5,20
9606.ENSP00000238146,26.5,24
9606.ENSP00000490297,26.5,15
9606.ENSP00000481920,26.5,9
9606.ENSP00000222800,26.4,12
9606.ENSP00000493515,26.4,15
9606.ENSP00000401831,26.4,18
9606.ENSP00000362730,26.4,10
9606.ENSP00000258874,26.4,19
9606.ENSP00000261191,26.4,36
9606.ENSP00000225724,26.4,14
9606.ENSP00000308622,26.4,16
9606.ENSP00000358060,26.3,27
9606.ENSP00000357131,26.3,30
9606.ENSP00000256593,26.3,27
9606.ENSP00000307254,26.3,5
9606.ENSP00000234420,26.3,49
9606.ENSP00000379218,26.3,3
9606.ENSP00000264183,26.2,32
9606.ENSP00000333946,26.2,16
9606.ENSP00000260210,26.2,20
9606.ENSP00000481575,26.2,16
9606.ENSP00000286523,26.2,31
9606.ENSP00000284274,26.2,15
9606.ENSP00000328004,26.1,3
9606.ENSP00000372924,26.1,16
9606.ENSP00000376792,26.1,5
9606.ENSP00000278193,26.1,11
9606.ENSP00000265986,26.1,31
9606.ENSP00000355046,26.1,6
9606.ENSP00000265686,26.1,21
9606.ENSP00000263904,26.1,22
9606.ENSP00000274008,26.1,37
9606.ENSP00000360162,26.1,78
9606.ENSP00000364929,26.1,9
9606.ENSP00000313921,26.1,10
9606.ENSP00000377486,26,12
9606.ENSP00000481697,26,7
9606.ENSP00000181839,26,48
9606.ENSP00000438040,26,10
9606.ENSP00000442464,26,13
9606.ENSP00000307491,26,19
9606.ENSP00000254667,26,32
9606.ENSP00000295321,25.9,36
9606.ENSP00000383365,25.9,21
9606.ENSP00000356978,25.9,24
9606.ENSP00000222402,25.9,7
9606.ENSP00000363019,25.9,7
9606.ENSP00000325690,25.9,16
9606.ENSP00000297151,25.9,19
9606.ENSP00000364398,25.9,16
9606.ENSP00000340900,25.9,56
9606.ENSP00000498879,25.9,6
9606.ENSP00000005587,25.8,16
9606.ENSP00000397249,25.8,19
9606.ENSP00000452181,25.8,15
9606.ENSP00000412324,25.8,32
9606.ENSP00000423014,25.8,6
9606.ENSP00000245615,25.8,16
9606.ENSP00000312081,25.8,15
9606.ENSP00000288235,25.8,79
9606.ENSP00000359518,25.7,5
9606.ENSP00000480821,25.7,16
9606.ENSP00000202816,25.7,25
9606.ENSP00000370503,25.7,17
9606.ENSP00000455643,25.7,19
9606.ENSP00000256474,25.6,4
9606.ENSP00000300784,25.6,9
9606.ENSP00000262430,25.6,24
9606.ENSP00000497008,25.6,18
9606.ENSP00000356584,25.5,19
9606.ENSP00000356476,25.5,23
9606.ENSP00000242848,25.5,35
9606.ENSP00000302967,25.5,30
9606.ENSP00000374212,25.5,63
9606.ENSP00000215957,25.5,20
9606.ENSP00000496416,25.5,14
9606.ENSP00000258457,25.4,7
9606.ENSP00000348772,25.4,32
9606.ENSP00000344393,25.4,5
9606.ENSP00000355124,25.4,139
9606.ENSP00000409463,25.4,6
9606.ENSP00000216274,25.4,14
9606.ENSP00000233121,25.3,19
9606.ENSP00000495710,25.3,6
9606.ENSP00000349877,25.3,41
9606.ENSP00000386896,25.3,36
9606.ENSP00000261813,25.3,4
9606.ENSP00000386609,25.3,44
9606.ENSP00000363255,25.3,46
9606.ENSP00000415034,25.3,65
9606.ENSP00000357914,25.2,9
9606.ENSP00000368759,25.2,21
9606.ENSP00000333896,25.2,31
9606.ENSP00000292616,25.2,18
9606.ENSP00000479580,25.1,16
9606.ENSP00000266087,25.1,9
9606.ENSP00000262519,25.1,43
9606.ENSP00000291574,25.1,40
9606.ENSP00000337088,25,25
9606.ENSP00000472474,25,19
9606.ENSP00000337907,24.9,19
9606.ENSP00000259229,24.9,5
9606.ENSP00000392025,24.9,40
9606.ENSP00000432786,24.9,44
9606.ENSP00000225969,24.9,5
9606.ENSP00000331849,24.8,4
9606.ENSP00000345774,24.8,18
9606.ENSP00000225525,24.8,3
9606.ENSP00000309749,24.8,26
9606.ENSP00000409279,24.8,23
9606.ENSP00000262241,24.8,15
9606.ENSP00000285873,24.8,50
9606.ENSP00000323782,24.7,8
9606.ENSP00000414982,24.7,50
9606.ENSP00000308546,24.7,15
9606.ENSP00000477213,24.7,18
9606.ENSP00000252818,24.6,8
9606.ENSP00000305449,24.6,19
9606.ENSP00000233055,24.6,16
9606.ENSP00000253693,24.6,38
9606.ENSP00000386419,24.6,7
9606.ENSP00000366024,24.5,36
9606.ENSP00000314733,24.5,9
9606.ENSP00000480986,24.5,8
9606.ENSP00000446093,24.5,33
9606.ENSP00000256366,24.5,8
9606.ENSP00000398880,24.5,42
9606.ENSP00000264951,24.4,49
9606.ENSP00000415078,24.4,26
9606.ENSP00000484492,24.4,2
9606.ENSP00000316007,24.4,3
9606.ENSP00000370055,24.4,6
9606.ENSP00000346255,24.4,10
9606.ENSP00000363458,24.4,13
9606.ENSP00000411418,24.3,33
9606.ENSP00000296149,24.3,9
9606.ENSP00000366800,24.3,21
9606.ENSP00000406286,24.3,4
9606.ENSP00000498268,24.2,10
9606.ENSP00000498466,24.2,15
9606.ENSP00000399862,24.2,28
9606.ENSP00000369431,24.2,7
9606.ENSP00000225927,24.2,20
9606.ENSP00000294053,24.2,28
9606.ENSP00000251412,24.2,21
9606.ENSP00000314709,24.1,22
9606.ENSP00000222584,24.1,6
9606.ENSP00000315630,24.1,26
9606.ENSP00000444156,24.1,14
9606.ENSP00000377655,24.1,22
9606.ENSP00000321330,24.1,12
9606.ENSP00000314029,24.1,11
9606.ENSP00000237380,24.1,3
9606.ENSP00000484903,24.1,11
9606.ENSP00000422435,24.1,96
9606.ENSP00000442053,24,28
9606.ENSP00000338191,24,20
9606.ENSP00000265351,24,40
9606.ENSP00000363506,24,9
9606.ENSP00000321805,24,9
9606.ENSP00000351100,23.9,12
9606.ENSP00000386884,23.9,7
9606.ENSP00000300584,23.9,24
9606.ENSP00000258455,23.9,13
9606.ENSP00000365773,23.9,15
9606.ENSP00000249299,23.9,4
9606.ENSP00000221561,23.9,6
9606.ENSP00000348108,23.9,26
9606.ENSP00000364639,23.8,9
9606.ENSP00000271373,23.8,6
9606.ENSP00000296137,23.8,68
9606.ENSP00000358019,23.7,10
9606.ENSP00000466664,23.7,26
9606.ENSP00000266025,23.7,7
9606.ENSP00000259075,23.7,9
9606.ENSP00000350378,23.7,3
9606.ENSP00000371577,23.7,23
9606.ENSP00000396052,23.7,8
9606.ENSP00000420608,23.7,36
9606.ENSP00000366032,23.7,10
9606.ENSP00000354597,23.6,29
9606.ENSP00000368439,23.6,22
9606.ENSP00000399376,23.6,9
9606.ENSP00000361765,23.6,13
9606.ENSP00000498402,23.6,11
9606.ENSP00000283629,23.5,19
9606.ENSP00000365019,23.5,9
9606.ENSP00000265107,23.5,21
9606.ENSP00000300087,23.5,4
9606.ENSP00000349205,23.5,43
9606.ENSP00000384302,23.5,25
9606.ENSP00000254286,23.5,13
9606.ENSP00000355812,23.5,9
9606.ENSP00000454623,23.5,43
9606.ENSP00000369145,23.5,8
9606.ENSP00000292180,23.5,18
9606.ENSP00000327077,23.5,54
9606.ENSP00000332646,23.4,14
9606.ENSP00000349576,23.4,9
9606.ENSP00000297135,23.4,31
9606.ENSP00000353165,23.4,6
9606.ENSP00000338727,23.4,25
9606.ENSP00000376103,23.4,4
9606.ENSP00000343658,23.3,40
9606.ENSP00000260197,23.3,86
9606.ENSP00000444596,23.3,133
9606.ENSP00000271688,23.3,12
9606.ENSP00000483484,23.2,8
9606.ENSP00000367086,23.2,13
9606.ENSP00000348054,23.2,4
9606.ENSP00000331342,23.2,25
9606.ENSP00000416293,23.2,18
9606.ENSP00000290155,23.2,6
9606.ENSP00000264001,23.2,1
9606.ENSP00000231509,23.2,24
9606.ENSP00000321617,23.2,18
9606.ENSP00000379098,23.2,52
9606.ENSP00000261965,23.2,25
9606.ENSP00000315693,23.2,7
9606.ENSP00000363349,23.1,9
9606.ENSP00000370419,23.1,18
9606.ENSP00000380982,23.1,17
9606.ENSP00000298229,23.1,41
9606.ENSP00000346464,23.1,6
9606.ENSP00000245046,23.1,8
9606.ENSP00000323645,23.1,20
9606.ENSP00000257347,23.1,15
9606.ENSP00000271555,23,14
9606.ENSP00000339524,23,8
9606.ENSP00000351132,23,22
9606.ENSP00000455215,23,12
9606.ENSP00000324890,23,8
9606.ENSP00000311962,23,15
9606.ENSP00000359818,22.9,33
9606.ENSP00000428112,22.9,15
9606.ENSP00000493357,22.9,28
9606.ENSP00000368612,22.9,81
9606.ENSP00000053468,22.9,7
9606.ENSP00000216392,22.9,48
9606.ENSP00000481750,22.8,6
9606.ENSP00000250092,22.8,3
9606.ENSP00000339637,22.8,29
9606.ENSP00000229264,22.8,41
9606.ENSP00000413218,22.7,9
9606.ENSP00000349596,22.7,13
9606.ENSP00000358423,22.7,20
9606.ENSP00000350676,22.7,24
9606.ENSP00000347427,22.7,39
9606.ENSP00000333666,22.7,6
9606.ENSP00000337641,22.6,22
9606.ENSP00000380877,22.6,11
9606.ENSP00000355629,22.6,20
9606.ENSP00000336842,22.6,13
9606.ENSP00000413908,22.6,15
9606.ENSP00000273317,22.6,17
9606.ENSP00000263636,22.5,87
9606.ENSP00000417764,22.5,10
9606.ENSP00000418910,22.5,8
9606.ENSP00000424328,22.5,14
9606.ENSP00000325919,22.5,6
9606.ENSP00000362314,22.5,4
9606.ENSP00000347457,22.5,70
9606.ENSP00000308413,22.5,9
9606.ENSP00000354842,22.5,8
9606.ENSP00000465261,22.4,15
9606.ENSP00000363117,22.4,22
9606.ENSP00000262942,22.4,22
9606.ENSP00000331915,22.4,6
9606.ENSP00000234396,22.3,31
9606.ENSP00000477602,22.3,5
9606.ENSP00000279392,22.3,13
9606.ENSP00000349305,22.3,70
9606.ENSP00000218348,22.3,28
9606.ENSP00000263657,22.3,10
9606.ENSP00000380661,22.3,72
9606.ENSP00000386531,22.3,64
9606.ENSP00000338533,22.3,6
9606.ENSP00000438204,22.3,4
9606.ENSP00000374507,22.3,59
9606.ENSP00000346240,22.3,6
9606.ENSP00000385787,22.3,27
9606.ENSP00000421491,22.2,10
9606.ENSP00000368835,22.2,4
9606.ENSP00000258742,22.2,7
9606.ENSP00000230461,22.2,12
9606.ENSP00000360252,22.2,17
9606.ENSP00000348010,22.2,24
9606.ENSP00000439068,22.2,6
9606.ENSP00000250124,22.2,5
9606.ENSP00000247933,22.2,18
9606.ENSP00000363384,22.2,4
9606.ENSP00000430548,22.1,15
9606.ENSP00000370208,22.1,18
9606.ENSP00000364986,22.1,4
9606.ENSP00000244571,22.1,28
9606.ENSP00000346931,22.1,1
9606.ENSP00000361231,22.1,8
9606.ENSP00000376142,22,8
9606.ENSP00000418287,22,10
9606.ENSP00000252530,22,10
9606.ENSP00000441369,22,18
9606.ENSP00000335044,22,25
9606.ENSP00000269967,22,7
9606.ENSP00000371051,22,98
9606.ENSP00000261439,21.9,37
9606.ENSP00000334037,21.9,5
9606.ENSP00000303276,21.9,3
9606.ENSP00000306496,21.9,8
9606.ENSP00000285670,21.9,15
9606.ENSP00000355632,21.9,18
9606.ENSP00000236850,21.8,10
9606.ENSP00000253457,21.8,10
9606.ENSP00000301364,21.8,17
9606.ENSP00000499734,21.8,102
9606.ENSP00000413100,21.8,3
9606.ENSP00000274569,21.8,10
9606.ENSP00000261304,21.7,16
9606.ENSP00000264995,21.7,12
9606.ENSP00000371958,21.7,3
9606.ENSP00000482639,21.7,2
9606.ENSP00000359688,21.7,6
9606.ENSP00000261245,21.7,9
9606.ENSP00000423276,21.7,3
9606.ENSP00000317817,21.7,21
9606.ENSP00000357051,21.7,12
9606.ENSP00000364212,21.7,3
9606.ENSP00000363211,21.7,10
9606.ENSP00000360821,21.7,8
9606.ENSP00000440440,21.7,21
9606.ENSP00000225388,21.7,11
9606.ENSP00000311368,21.7,5
9606.ENSP00000288014,21.7,8
9606.ENSP00000463334,21.7,7
9606.ENSP00000337353,21.7,17
9606.ENSP00000359297,21.6,12
9606.ENSP00000348538,21.6,5
9606.ENSP00000341247,21.6,38
9606.ENSP00000323635,21.6,10
9606.ENSP00000361180,21.6,25
9606.ENSP00000216027,21.6,8
9606.ENSP00000464522,21.6,10
9606.ENSP00000309262,21.6,34
9606.ENSP00000419243,21.6,8
9606.ENSP00000263274,21.6,28
9606.ENSP00000376269,21.6,27
9606.ENSP00000437783,21.6,33
9606.ENSP00000355574,21.5,4
9606.ENSP00000433642,21.5,11
9606.ENSP00000338019,21.5,10
9606.ENSP00000347184,21.5,96
9606.ENSP00000263063,21.5,15
9606.ENSP00000259708,21.5,28
9606.ENSP00000479494,21.5,19
9606.ENSP00000484525,21.4,27
9606.ENSP00000368062,21.4,28
9606.ENSP00000262288,21.4,12
9606.ENSP00000253107,21.4,22
9606.ENSP00000337675,21.4,3
9606.ENSP00000339801,21.4,20
9606.ENSP00000355605,21.4,23
9606.ENSP00000401197,21.4,22
9606.ENSP00000322804,21.3,15
9606.ENSP00000355955,21.3,5
9606.ENSP00000271620,21.3,14
9606.ENSP00000354688,21.3,9
9606.ENSP00000434887,21.3,21
9606.ENSP00000378181,21.3,17
9606.ENSP00000256644,21.3,5
9606.ENSP00000393541,21.3,6
9606.ENSP00000306099,21.3,16
9606.ENSP00000249700,21.3,14
9606.ENSP00000342889,21.2,2
9606.ENSP00000361708,21.2,2
9606.ENSP00000371419,21.2,44
9606.ENSP00000359665,21.2,10
9606.ENSP00000366007,21.1,7
9606.ENSP00000265651,21.1,6
9606.ENSP00000285298,21.1,7
9606.ENSP00000355961,21.1,26
9606.ENSP00000355541,21.1,75
9606.ENSP00000339881,21.1,31
9606.ENSP00000282388,21.1,9
9606.ENSP00000364270,21,5
9606.ENSP00000354920,21,26
9606.ENSP00000252951,21,29
9606.ENSP00000321537,21,16
9606.ENSP00000400882,21,25
9606.ENSP00000303507,21,38
9606.ENSP00000470087,21,12
9606.ENSP00000359225,20.9,20
9606.ENSP00000427900,20.9,43
9606.ENSP00000358251,20.9,19
9606.ENSP00000355800,20.9,16
9606.ENSP00000419370,20.9,5
9606.ENSP00000355601,20.9,12
9606.ENSP00000399797,20.9,27
9606.ENSP00000351113,20.9,84
9606.ENSP00000377275,20.8,95
9606.ENSP00000374152,20.8,12
9606.ENSP00000349486,20.8,28
9606.ENSP00000379372,20.8,3
9606.ENSP00000346453,20.7,32
9606.ENSP00000295491,20.7,3
9606.ENSP00000371278,20.7,8
9606.ENSP00000459019,20.7,5
9606.ENSP00000315357,20.7,5
9606.ENSP00000353920,20.7,16
9606.ENSP00000362115,20.7,28
9606.ENSP00000401264,20.7,16
9606.ENSP00000376390,20.6,17
9606.ENSP00000371594,20.6,2
9606.ENSP00000300146,20.6,16
9606.ENSP00000305810,20.6,8
9606.ENSP00000466775,20.6,3
9606.ENSP00000419765,20.6,11
9606.ENSP00000466298,20.6,5
9606.ENSP00000258648,20.5,9
9606.ENSP00000284202,20.5,8
9606.ENSP00000375809,20.5,20
9606.ENSP00000380027,20.5,10
9606.ENSP00000325958,20.5,6
9606.ENSP00000304891,20.5,19
9606.ENSP00000339933,20.5,63
9606.ENSP00000373684,20.4,15
9606.ENSP00000338186,20.4,15
9606.ENSP00000220763,20.4,8
9606.ENSP00000253247,20.4,21
9606.ENSP00000434466,20.4,34
9606.ENSP00000238892,20.4,2
9606.ENSP00000370557,20.4,7
9606.ENSP00000366452,20.3,8
9606.ENSP00000363419,20.3,6
9606.ENSP00000261438,20.3,8
9606.ENSP00000265717,20.2,19
9606.ENSP00000384832,20.2,3
9606.ENSP00000264555,20.2,27
9606.ENSP00000262265,20.2,8
9606.ENSP00000349291,20.1,32
9606.ENSP00000219204,20.1,6
9606.ENSP00000397394,20.1,3
9606.ENSP00000433967,20.1,30
9606.ENSP00000389810,20.1,10
9606.ENSP00000292431,20,14
9606.ENSP00000302768,20,11
9606.ENSP00000468592,20,20
9606.ENSP00000321203,20,11
9606.ENSP00000356953,20,6
9606.ENSP00000363714,19.9,12
9606.ENSP00000480549,19.9,3
9606.ENSP00000285420,19.9,7
9606.ENSP00000472914,19.9,21
9606.ENSP00000320885,19.9,15
9606.ENSP00000470652,19.8,7
9606.ENSP00000452786,19.8,21
9606.ENSP00000482613,19.8,3
9606.ENSP00000361855,19.8,27
9606.ENSP00000372193,19.8,7
9606.ENSP00000305442,19.8,26
9606.ENSP00000398560,19.8,28
9606.ENSP00000419260,19.8,43
9606.ENSP00000268695,19.8,12
9606.ENSP00000363836,19.8,10
9606.ENSP00000393324,19.7,5
9606.ENSP00000356630,19.7,10
9606.ENSP00000356465,19.7,10
9606.ENSP00000258772,19.7,18
9606.ENSP00000420927,19.7,11
9606.ENSP00000476480,19.7,10
9606.ENSP00000358120,19.7,8
9606.ENSP00000374447,19.7,18
9606.ENSP00000300107,19.7,19
9606.ENSP00000255681,19.7,6
9606.ENSP00000307208,19.7,64
9606.ENSP00000403614,19.7,3
9606.ENSP00000499037,19.7,34
9606.ENSP00000323328,19.7,10
9606.ENSP00000498603,19.7,17
9606.ENSP00000482732,19.7,23
9606.ENSP00000363023,19.6,23
9606.ENSP00000360371,19.6,7
9606.ENSP00000278505,19.6,12
9606.ENSP00000413937,19.6,10
9606.ENSP00000223293,19.6,13
9606.ENSP00000316598,19.6,12
9606.ENSP00000306253,19.6,81
9606.ENSP00000360329,19.6,12
9606.ENSP00000262160,19.6,12
9606.ENSP00000238855,19.6,20
9606.ENSP00000244496,19.6,6
9606.ENSP00000419005,19.5,18
9606.ENSP00000419412,19.5,19
9606.ENSP00000354927,19.5,23
9606.ENSP00000360985,19.5,61
9606.ENSP00000318374,19.5,13
9606.ENSP00000298281,19.5,40
9606.ENSP00000423325,19.5,36
9606.ENSP00000498867,19.5,24
9606.ENSP00000311399,19.5,9
9606.ENSP00000204566,19.5,9
9606.ENSP00000263857,19.5,42
9606.ENSP00000216797,19.5,4
9606.ENSP00000469880,19.5,14
9606.ENSP00000349547,19.4,13
9606.ENSP00000283351,19.4,36
9606.ENSP00000263956,19.4,26
9606.ENSP00000353025,19.4,8
9606.ENSP00000366179,19.4,10
9606.ENSP00000357751,19.4,8
9606.ENSP00000360215,19.4,6
9606.ENSP00000383996,19.3,17
9606.ENSP00000451976,19.3,6
9606.ENSP00000439065,19.3,50
9606.ENSP00000385828,19.3,8
9606.ENSP00000265354,19.3,5
9606.ENSP00000261745,19.3,28
9606.ENSP00000344831,19.3,11
9606.ENSP00000478474,19.3,5
9606.ENSP00000285518,19.3,11
9606.ENSP00000356530,19.3,18
9606.ENSP00000450353,19.2,13
9606.ENSP00000439056,19.2,16
9606.ENSP00000350386,19.2,13
9606.ENSP00000430000,19.2,2
9606.ENSP00000377700,19.2,14
9606.ENSP00000355470,19.2,11
9606.ENSP00000299638,19.2,15
9606.ENSP00000436926,19.2,25
9606.ENSP00000385795,19.2,18
9606.ENSP00000342137,19.2,5
9606.ENSP00000005340,19.2,12
9606.ENSP00000475924,19.2,10
9606.ENSP00000315410,19.2,26
9606.ENSP00000264832,19.2,12
9606.ENSP00000368801,19.1,6
9606.ENSP00000347717,19.1,5
9606.ENSP00000229379,19.1,2
9606.ENSP00000307260,19.1,13
9606.ENSP00000303909,19.1,30
9606.ENSP00000478255,19.1,27
9606.ENSP00000366280,19.1,7
9606.ENSP00000329915,19.1,7
9606.ENSP00000337446,19,10
9606.ENSP00000273062,19,7
9606.ENSP00000458762,19,10
9606.ENSP00000274311,19,11
9606.ENSP00000362994,19,11
9606.ENSP00000360327,19,8
9606.ENSP00000452007,19,6
9606.ENSP00000373979,19,31
9606.ENSP00000368767,18.9,21
9606.ENSP00000358335,18.9,10
9606.ENSP00000262367,18.9,60
9606.ENSP00000268661,18.9,21
9606.ENSP00000422375,18.9,10
9606.ENSP00000319501,18.9,13
9606.ENSP00000413572,18.9,13
9606.ENSP00000298198,18.9,19
9606.ENSP00000299886,18.8,21
9606.ENSP00000456743,18.8,17
9606.ENSP00000379901,18.8,8
9606.ENSP00000336887,18.8,3
9606.ENSP00000369614,18.8,21
9606.ENSP00000369857,18.8,9
9606.ENSP00000280987,18.7,4
9606.ENSP00000282382,18.7,28
9606.ENSP00000380073,18.7,7
9606.ENSP00000407726,18.7,16
9606.ENSP00000219066,18.7,7
9606.ENSP00000296088,18.7,13
9606.ENSP00000371221,18.7,21
9606.ENSP00000403536,18.7,3
9606.ENSP00000309198,18.6,28
9606.ENSP00000257245,18.6,3
9606.ENSP00000419475,18.6,8
9606.ENSP00000430338,18.6,19
9606.ENSP00000324827,18.6,11
9606.ENSP00000444433,18.6,6
9606.ENSP00000339813,18.6,9
9606.ENSP00000480722,18.6,9
9606.ENSP00000256443,18.6,10
9606.ENSP00000258080,18.6,14
9606.ENSP00000298428,18.6,18
9606.ENSP00000467107,18.6,18
9606.ENSP00000307939,18.5,44
9606.ENSP00000324810,18.5,7
9606.ENSP00000405424,18.5,22
9606.ENSP00000319739,18.5,6
9606.ENSP00000414851,18.5,22
9606.ENSP00000498524,18.4,15
9606.ENSP00000341361,18.4,6
9606.ENSP00000423463,18.4,82
9606.ENSP00000436422,18.4,13
9606.ENSP00000261888,18.4,6
9606.ENSP00000407509,18.4,28
9606.ENSP00000260443,18.4,3
9606.ENSP00000327889,18.4,20
9606.ENSP00000473665,18.4,27
9606.ENSP00000291634,18.4,4
9606.ENSP00000394331,18.4,8
9606.ENSP00000497690,18.4,7
9606.ENSP00000354558,18.3,67
9606.ENSP00000351250,18.3,24
9606.ENSP00000363500,18.3,25
9606.ENSP00000265224,18.3,5
9606.ENSP00000252602,18.3,3
9606.ENSP00000310260,18.3,20
9606.ENSP00000354580,18.3,8
9606.ENSP00000280665,18.2,9
9606.ENSP00000461784,18.2,9
9606.ENSP00000267163,18.2,21
9606.ENSP00000269385,18.2,7
9606.ENSP00000217455,18.2,6
9606.ENSP00000360464,18.2,7
9606.ENSP00000359423,18.2,21
9606.ENSP00000486623,18.2,2
9606.ENSP00000340796,18.2,13
9606.ENSP00000355486,18.2,4
9606.ENSP00000301671,18.2,12
9606.ENSP00000265560,18.2,24
9606.ENSP00000398596,18.2,7
9606.ENSP00000440125,18.1,27
9606.ENSP00000263549,18.1,18
9606.ENSP00000346442,18.1,12
9606.ENSP00000419952,18.1,22
9606.ENSP00000352941,18.1,10
9606.ENSP00000348769,18.1,12
9606.ENSP00000266970,18.1,25
9606.ENSP00000377747,18.1,47
9606.ENSP00000255476,18.1,5
9606.ENSP00000366098,18.1,4
9606.ENSP00000257198,18,23
9606.ENSP00000016171,18,9
9606.ENSP00000222339,18,10
9606.ENSP00000325562,18,2
9606.ENSP00000354878,18,28
9606.ENSP00000397911,18,27
9606.ENSP00000238788,18,20
9606.ENSP00000267339,18,3
9606.ENSP00000368468,18,10
9606.ENSP00000327760,18,12
9606.ENSP00000417677,18,4
9606.ENSP00000358496,18,1
9606.ENSP00000272418,18,14
9606.ENSP00000431254,18,6
9606.ENSP00000317872,17.9,27
9606.ENSP00000403645,17.9,7
9606.ENSP00000339532,17.9,13
9606.ENSP00000387261,17.9,8
9606.ENSP00000385823,17.9,54
9606.ENSP00000457870,17.9,7
9606.ENSP00000295079,17.8,8
9606.ENSP00000474412,17.8,2
9606.ENSP00000228510,17.8,7
9606.ENSP00000497585,17.8,20
9606.ENSP00000414237,17.8,21
9606.ENSP00000013070,17.8,10
9606.ENSP00000363329,17.8,1
9606.ENSP00000380466,17.8,8
9606.ENSP00000478035,17.8,8
9606.ENSP00000305529,17.8,13
9606.ENSP00000449884,17.8,4
9606.ENSP00000297347,17.8,4
9606.ENSP00000490491,17.8,37
9606.ENSP00000267436,17.8,13
9606.ENSP00000346890,17.8,31
9606.ENSP00000262450,17.7,115
9606.ENSP00000316512,17.7,31
9606.ENSP00000318803,17.7,22
9606.ENSP00000393183,17.7,34
9606.ENSP00000322579,17.6,9
9606.ENSP00000288078,17.6,25
9606.ENSP00000437738,17.6,18
9606.ENSP00000363435,17.6,67
9606.ENSP00000362068,17.6,7
9606.ENSP00000285398,17.6,18
9606.ENSP00000364076,17.6,7
9606.ENSP00000325561,17.6,13
9606.ENSP00000316109,17.6,10
9606.ENSP00000340211,17.6,13
9606.ENSP00000307666,17.5,23
9606.ENSP00000358904,17.5,12
9606.ENSP00000348510,17.5,45
9606.ENSP00000338173,17.5,22
9606.ENSP00000372218,17.5,14
9606.ENSP00000219400,17.5,2
9606.ENSP00000311135,17.4,23
9606.ENSP00000382269,17.4,61
9606.ENSP00000264065,17.4,20
9606.ENSP00000262384,17.4,20
9606.ENSP00000295121,17.4,9
9606.ENSP00000321320,17.4,12
9606.ENSP00000378974,17.4,14
9606.ENSP00000306080,17.4,10
9606.ENSP00000350102,17.3,16
9606.ENSP00000420200,17.3,7
9606.ENSP00000290650,17.3,40
9606.ENSP00000380659,17.3,14
9606.ENSP00000408342,17.3,18
9606.ENSP00000337393,17.3,5
9606.ENSP00000338562,17.3,3
9606.ENSP00000370083,17.3,7
9606.ENSP00000370119,17.3,7
9606.ENSP00000410470,17.3,15
9606.ENSP00000445725,17.2,4
9606.ENSP00000360242,17.2,14
9606.ENSP00000460437,17.2,5
9606.ENSP00000290573,17.2,70
9606.ENSP00000268802,17.2,12
9606.ENSP00000335636,17.2,3
9606.ENSP00000403343,17.2,7
9606.ENSP00000362107,17.2,7
9606.ENSP00000223324,17.1,2
9606.ENSP00000358501,17.1,3
9606.ENSP00000216225,17.1,2
9606.ENSP00000428585,17.1,2
9606.ENSP00000352572,17.1,72
9606.ENSP00000261407,17.1,9
9606.ENSP00000311500,17.1,5
9606.ENSP00000306123,17.1,30
9606.ENSP00000363054,17.1,6
9606.ENSP00000497997,17.1,19
9606.ENSP00000354772,17.1,5
9606.ENSP00000299601,17,13
9606.ENSP00000377027,17,17
9606.ENSP00000380880,17,4
9606.ENSP00000265713,17,34
9606.ENSP00000326070,17,6
9606.ENSP00000357052,17,12
9606.ENSP00000347602,17,23
9606.ENSP00000345528,17,4
9606.ENSP00000479504,17,15
9606.ENSP00000296220,17,16
9606.ENSP00000054950,17,14
9606.ENSP00000262962,17,7
9606.ENSP00000362187,16.9,9
9606.ENSP00000395249,16.9,4
9606.ENSP00000294066,16.9,15
9606.ENSP00000338990,16.9,6
9606.ENSP00000316578,16.9,12
9606.ENSP00000363400,16.8,10
9606.ENSP00000484855,16.8,22
9606.ENSP00000302289,16.8,8
9606.ENSP00000484121,16.8,8
9606.ENSP00000370139,16.8,6
9606.ENSP00000498441,16.7,23
9606.ENSP00000371061,16.7,4
9606.ENSP00000303515,16.7,9
9606.ENSP00000361923,16.7,2
9606.ENSP00000274376,16.7,22
9606.ENSP00000495795,16.7,14
9606.ENSP00000290663,16.7,5
9606.ENSP00000415836,16.6,11
9606.ENSP00000371451,16.6,10
9606.ENSP00000472710,16.6,8
9606.ENSP00000276603,16.6,7
9606.ENSP00000264651,16.6,95
9606.ENSP00000245304,16.6,19
9606.ENSP00000272444,16.6,9
9606.ENSP00000276893,16.6,23
9606.ENSP00000378409,16.6,8
9606.ENSP00000364912,16.6,60
9606.ENSP00000387246,16.6,14
9606.ENSP00000454545,16.6,17
9606.ENSP00000369627,16.5,12
9606.ENSP00000362942,16.5,13
9606.ENSP00000221455,16.5,6
9606.ENSP00000365804,16.5,18
9606.ENSP00000263708,16.5,17
9606.ENSP00000495247,16.5,21
9606.ENSP00000296029,16.5,5
9606.ENSP00000389377,16.5,24
9606.ENSP00000432119,16.5,10
9606.ENSP00000329002,16.5,4
9606.ENSP00000436621,16.4,5
9606.ENSP00000216484,16.4,16
9606.ENSP00000341364,16.4,4
9606.ENSP00000491014,16.4,48
9606.ENSP00000387111,16.4,5
9606.ENSP00000271857,16.4,12
9606.ENSP00000264689,16.4,8
9606.ENSP00000253699,16.4,11
9606.ENSP00000307272,16.3,23
9606.ENSP00000220669,16.3,8
9606.ENSP00000368818,16.3,8
9606.ENSP00000262187,16.2,3
9606.ENSP00000364235,16.2,2
9606.ENSP00000351644,16.2,10
9606.ENSP00000361603,16.2,3
9606.ENSP00000354677,16.2,6
9606.ENSP00000305647,16.2,2
9606.ENSP00000303758,16.2,23
9606.ENSP00000343001,16.2,26
9606.ENSP00000357552,16.2,22
9606.ENSP00000354039,16.2,12
9606.ENSP00000335193,16.2,22
9606.ENSP00000292035,16.2,5
9606.ENSP00000251636,16.2,28
9606.ENSP00000392353,16.1,3
9606.ENSP00000234296,16.1,15
9606.ENSP00000451211,16.1,13
9606.ENSP00000326366,16.1,7
9606.ENSP00000406885,16.1,6
9606.ENSP00000303058,16.1,22
9606.ENSP00000287675,16.1,6
9606.ENSP00000356842,16.1,5
9606.ENSP00000284273,16.1,11
9606.ENSP00000484803,16.1,19
9606.ENSP00000410216,16.1,9
9606.ENSP00000316729,16.1,38
9606.ENSP00000334801,16,10
9606.ENSP00000229281,16,5
9606.ENSP00000358909,16,9
9606.ENSP00000264110,16,5
9606.ENSP00000368881,16,11
9606.ENSP00000319974,16,14
9606.ENSP00000262815,16,13
9606.ENSP00000296464,15.9,40
9606.ENSP00000302537,15.9,13
9606.ENSP00000307014,15.9,114
9606.ENSP00000378427,15.9,3
9606.ENSP00000369860,15.9,9
9606.ENSP00000343118,15.8,2
9606.ENSP00000255764,15.8,3
9606.ENSP00000281081,15.8,5
9606.ENSP00000500386,15.8,32
9606.ENSP00000438406,15.8,8
9606.ENSP00000278071,15.8,15
9606.ENSP00000348107,15.8,1
9606.ENSP00000262811,15.8,27
9606.ENSP00000339826,15.8,15
9606.ENSP00000353270,15.7,7
9606.ENSP00000347845,15.7,34
9606.ENSP00000356030,15.7,10
9606.ENSP00000494067,15.7,21
9606.ENSP00000238647,15.7,13
9606.ENSP00000254624,15.7,15
9606.ENSP00000358865,15.7,71
9606.ENSP00000357304,15.6,6
9606.ENSP00000334040,15.6,14
9606.ENSP00000365725,15.6,11
9606.ENSP00000258214,15.6,9
9606.ENSP00000344562,15.5,28
9606.ENSP00000381064,15.5,20
9606.ENSP00000451506,15.5,5
9606.ENSP00000338352,15.5,5
9606.ENSP00000492425,15.5,5
9606.ENSP00000254900,15.5,19
9606.ENSP00000362153,15.5,12
9606.ENSP00000266263,15.5,5
9606.ENSP00000455064,15.5,2
9606.ENSP00000499846,15.5,37
9606.ENSP00000388620,15.5,13
9606.ENSP00000262879,15.5,25
9606.ENSP00000229922,15.5,33
9606.ENSP00000422607,15.5,18
9606.ENSP00000417556,15.4,5
9606.ENSP00000320566,15.4,5
9606.ENSP00000357484,15.4,14
9606.ENSP00000331682,15.4,14
9606.ENSP00000378350,15.4,15
9606.ENSP00000263736,15.4,21
9606.ENSP00000264896,15.4,13
9606.ENSP00000387362,15.4,20
9606.ENSP00000306490,15.4,18
9606.ENSP00000287169,15.3,9
9606.ENSP00000339917,15.3,7
9606.ENSP00000321544,15.3,10
9606.ENSP00000417980,15.3,22
9606.ENSP00000369739,15.2,5
9606.ENSP00000322316,15.2,7
9606.ENSP00000370966,15.2,9
9606.ENSP00000262374,15.2,10
9606.ENSP00000462998,15.2,4
9606.ENSP00000264645,15.2,8
9606.ENSP00000291576,15.2,30
9606.ENSP00000482107,15.2,30
9606.ENSP00000398722,15.2,11
9606.ENSP00000368952,15.2,15
9606.ENSP00000215770,15.2,12
9606.ENSP00000397942,15.2,11
9606.ENSP00000263710,15.1,35
9606.ENSP00000382274,15.1,75
9606.ENSP00000254616,15.1,2
9606.ENSP00000338082,15.1,31
9606.ENSP00000327431,15.1,31
9606.ENSP00000497669,15.1,15
9606.ENSP00000291688,15,25
9606.ENSP00000378394,15,15
9606.ENSP00000389903,15,9
9606.ENSP00000339692,15,15
9606.ENSP00000380024,15,4
9606.ENSP00000349970,14.9,5
9606.ENSP00000452521,14.9,6
9606.ENSP00000311825,14.9,28
9606.ENSP00000352925,14.9,92
9606.ENSP00000262640,14.9,8
9606.ENSP00000498330,14.9,6
9606.ENSP00000294168,14.9,11
9606.ENSP00000281513,14.9,49
9606.ENSP00000337053,14.9,12
9606.ENSP00000352039,14.9,21
9606.ENSP00000428924,14.9,18
9606.ENSP00000416658,14.9,5
9606.ENSP00000339844,14.9,4
9606.ENSP00000469049,14.9,4
9606.ENSP00000302790,14.8,26
9606.ENSP00000244217,14.8,5
9606.ENSP00000265245,14.8,16
9606.ENSP00000297591,14.8,39
9606.ENSP00000486357,14.7,27
9606.ENSP00000361232,14.7,17
9606.ENSP00000263681,14.7,8
9606.ENSP00000275034,14.7,32
9606.ENSP00000354957,14.7,24
9606.ENSP00000498881,14.7,37
9606.ENSP00000365643,14.7,59
9606.ENSP00000360876,14.7,8
9606.ENSP00000363516,14.7,4
9606.ENSP00000303482,14.7,3
9606.ENSP00000269195,14.7,14
9606.ENSP00000335371,14.7,25
9606.ENSP00000478763,14.7,12
9606.ENSP00000384015,14.6,13
9606.ENSP00000355500,14.6,25
9606.ENSP00000480364,14.6,6
9606.ENSP00000281701,14.6,16
9606.ENSP00000313953,14.6,15
9606.ENSP00000434614,14.6,13
9606.ENSP00000009041,14.6,4
9606.ENSP00000477502,14.6,75
9606.ENSP00000400870,14.6,13
9606.ENSP00000269397,14.6,11
9606.ENSP00000441786,14.6,4
9606.ENSP00000295704,14.6,7
9606.ENSP00000397441,14.5,14
9606.ENSP00000358327,14.5,8
9606.ENSP00000369784,14.5,95
9606.ENSP00000270586,14.5,6
9606.ENSP00000258654,14.5,17
9606.ENSP00000381070,14.5,8
9606.ENSP00000399403,14.5,21
9606.ENSP00000320251,14.5,13
9606.ENSP00000394791,14.5,13
9606.ENSP00000364190,14.4,8
9606.ENSP00000330237,14.4,7
9606.ENSP00000369681,14.4,13
9606.ENSP00000290429,14.4,6
9606.ENSP00000346599,14.4,7
9606.ENSP00000233099,14.4,34
9606.ENSP00000312671,14.4,26
9606.ENSP00000445001,14.4,12
9606.ENSP00000334564,14.4,17
9606.ENSP00000379869,14.4,4
9606.ENSP00000383911,14.3,6
9606.ENSP00000498875,14.3,27
9606.ENSP00000255136,14.3,44
9606.ENSP00000262244,14.3,9
9606.ENSP00000488668,14.3,22
9606.ENSP00000371472,14.3,41
9606.ENSP00000393379,14.3,46
9606.ENSP00000436786,14.3,60
9606.ENSP00000339404,14.3,5
9606.ENSP00000417190,14.2,8
9606.ENSP00000365694,14.2,18
9606.ENSP00000298746,14.2,10
9606.ENSP00000461324,14.2,17
9606.ENSP00000398401,14.2,8
9606.ENSP00000309945,14.2,6
9606.ENSP00000373354,14.2,13
9606.ENSP00000313869,14.2,5
9606.ENSP00000307265,14.2,10
9606.ENSP00000259895,14.2,12
9606.ENSP00000274787,14.1,1
9606.ENSP00000361345,14.1,7
9606.ENSP00000496842,14.1,9
9606.ENSP00000256460,14.1,21
9606.ENSP00000280800,14.1,12
9606.ENSP00000498437,14.1,17
9606.ENSP00000428966,14.1,17
9606.ENSP00000358307,14.1,10
9606.ENSP00000262133,14.1,21
9606.ENSP00000360493,14,12
9606.ENSP00000463159,14,7
9606.ENSP00000453293,14,10
9606.ENSP00000292114,14,5
9606.ENSP00000313983,14,21
9606.ENSP00000485627,14,7
9606.ENSP00000360613,14,1
9606.ENSP00000394394,14,10
9606.ENSP00000338093,14,18
9606.ENSP00000409126,14,16
9606.ENSP00000265081,14,21
9606.ENSP00000445162,14,5
9606.ENSP00000349640,13.9,16
9606.ENSP00000364486,13.9,9
9606.ENSP00000443194,13.9,8
9606.ENSP00000248633,13.9,36
9606.ENSP00000442308,13.9,16
9606.ENSP00000299192,13.9,13
9606.ENSP00000358482,13.9,21
9606.ENSP00000229829,13.9,2
9606.ENSP00000384996,13.9,14
9606.ENSP00000360645,13.9,9
9606.ENSP00000464215,13.9,2
9606.ENSP00000368517,13.8,5
9606.ENSP00000430493,13.8,43
9606.ENSP00000332340,13.8,9
9606.ENSP00000252595,13.8,9
9606.ENSP00000295065,13.8,7
9606.ENSP00000355651,13.8,8
9606.ENSP00000473391,13.8,15
9606.ENSP00000260045,13.7,16
9606.ENSP00000253382,13.7,9
9606.ENSP00000382021,13.7,9
9606.ENSP00000360483,13.7,9
9606.ENSP00000257248,13.7,3
9606.ENSP00000476948,13.7,12
9606.ENSP00000253669,13.7,4
9606.ENSP00000256722,13.7,10
9606.ENSP00000378605,13.7,3
9606.ENSP00000435460,13.7,9
9606.ENSP00000428756,13.7,12
9606.ENSP00000418194,13.7,33
9606.ENSP00000374455,13.7,6
9606.ENSP00000446335,13.6,8
9606.ENSP00000298375,13.6,10
9606.ENSP00000232978,13.6,14
9606.ENSP00000469888,13.6,4
9606.ENSP00000282251,13.6,16
9606.ENSP00000334808,13.6,13
9606.ENSP00000233331,13.6,4
9606.ENSP00000347586,13.5,5
9606.ENSP00000363124,13.5,9
9606.ENSP00000354091,13.5,8
9606.ENSP00000307240,13.5,110
9606.ENSP00000427401,13.5,3
9606.ENSP00000343002,13.5,7
9606.ENSP00000314193,13.5,15
9606.ENSP00000260247,13.4,6
9606.ENSP00000297044,13.4,18
9606.ENSP00000286186,13.4,10
9606.ENSP00000483489,13.4,3
9606.ENSP00000253925,13.4,13
9606.ENSP00000369274,13.4,25
9606.ENSP00000351813,13.4,5
9606.ENSP00000240617,13.4,10
9606.ENSP00000292896,13.4,29
9606.ENSP00000379047,13.4,5
9606.ENSP00000264192,13.4,6
9606.ENSP00000348573,13.4,78
9606.ENSP00000361010,13.4,5
9606.ENSP00000328472,13.4,5
9606.ENSP00000287667,13.4,71
9606.ENSP00000352185,13.4,17
9606.ENSP00000458663,13.4,14
9606.ENSP00000225737,13.3,9
9606.ENSP00000296003,13.3,10
9606.ENSP00000292432,13.3,38
9606.ENSP00000378687,13.3,12
9606.ENSP00000261483,13.3,25
9606.ENSP00000361725,13.3,7
9606.ENSP00000274498,13.2,15
9606.ENSP00000310933,13.2,21
9606.ENSP00000363286,13.2,5
9606.ENSP00000295926,13.2,7
9606.ENSP00000496470,13.2,31
9606.ENSP00000238156,13.2,5
9606.ENSP00000261778,13.2,17
9606.ENSP00000373340,13.2,19
9606.ENSP00000317382,13.2,10
9606.ENSP00000379836,13.2,7
9606.ENSP00000357597,13.1,4
9606.ENSP00000418582,13.1,3
9606.ENSP00000316950,13.1,7
9606.ENSP00000441065,13.1,5
9606.ENSP00000437041,13.1,12
9606.ENSP00000294671,13.1,24
9606.ENSP00000250974,13.1,9
9606.ENSP00000290649,13.1,4
9606.ENSP00000246166,13.1,10
9606.ENSP00000217446,13.1,7
9606.ENSP00000275072,13.1,4
9606.ENSP00000434435,13,9
9606.ENSP00000364902,13,10
9606.ENSP00000266987,13,4
9606.ENSP00000362014,13,47
9606.ENSP00000362287,13,40
9606.ENSP00000488802,13,12
9606.ENSP00000465213,13,4
9606.ENSP00000222120,13,17
9606.ENSP00000486574,13,10
9606.ENSP00000303570,12.9,8
9606.ENSP00000482445,12.9,3
9606.ENSP00000364293,12.9,2
9606.ENSP00000440190,12.9,16
9606.ENSP00000357118,12.9,13
9606.ENSP00000258774,12.9,5
9606.ENSP00000399696,12.9,12
9606.ENSP00000367570,12.9,5
9606.ENSP00000475473,12.9,3
9606.ENSP00000429243,12.9,6
9606.ENSP00000355077,12.9,4
9606.ENSP00000399851,12.9,23
9606.ENSP00000302578,12.9,4
9606.ENSP00000367841,12.9,1
9606.ENSP00000321826,12.9,16
9606.ENSP00000221859,12.9,3
9606.ENSP00000344208,12.8,8
9606.ENSP00000334798,12.8,68
9606.ENSP00000485615,12.8,6
9606.ENSP00000341805,12.8,8
9606.ENSP00000441953,12.8,8
9606.ENSP00000314518,12.8,3
9606.ENSP00000245812,12.8,3
9606.ENSP00000386588,12.8,162
9606.ENSP00000384651,12.8,19
9606.ENSP00000267622,12.8,31
9606.ENSP00000329920,12.8,3
9606.ENSP00000358081,12.7,11
9606.ENSP00000301068,12.7,1
9606.ENSP00000307181,12.7,4
9606.ENSP00000003302,12.7,25
9606.ENSP00000336750,12.7,4
9606.ENSP00000398083,12.7,1
9606.ENSP00000224140,12.7,41
9606.ENSP00000259457,12.7,4
9606.ENSP00000313875,12.7,5
9606.ENSP00000414904,12.7,5
9606.ENSP00000403453,12.7,15
9606.ENSP00000257904,12.7,28
9606.ENSP00000273814,12.7,16
9606.ENSP00000240316,12.6,8
9606.ENSP00000282276,12.6,9
9606.ENSP00000358497,12.6,15
9606.ENSP00000393559,12.6,13
9606.ENSP00000270517,12.6,8
9606.ENSP00000264451,12.6,11
9606.ENSP00000286548,12.6,10
9606.ENSP00000387187,12.6,1
9606.ENSP00000315569,12.6,13
9606.ENSP00000422037,12.6,11
9606.ENSP00000280700,12.6,11
9606.ENSP00000328835,12.5,26
9606.ENSP00000300030,12.5,4
9606.ENSP00000480132,12.5,12
9606.ENSP00000422793,12.5,15
9606.ENSP00000355964,12.5,7
9606.ENSP00000275732,12.5,12
9606.ENSP00000384259,12.5,9
9606.ENSP00000264718,12.4,5
9606.ENSP00000080059,12.4,15
9606.ENSP00000238508,12.4,6
9606.ENSP00000262850,12.4,14
9606.ENSP00000411012,12.4,13
9606.ENSP00000490038,12.4,15
9606.ENSP00000326200,12.4,16
9606.ENSP00000343445,12.4,41
9606.ENSP00000383044,12.4,20
9606.ENSP00000248248,12.4,7
9606.ENSP00000238831,12.4,5
9606.ENSP00000286794,12.4,12
9606.ENSP00000315568,12.4,11
9606.ENSP00000300651,12.4,20
9606.ENSP00000413929,12.4,11
9606.ENSP00000226105,12.4,2
9606.ENSP00000316649,12.4,6
9606.ENSP00000389414,12.3,9
9606.ENSP00000417378,12.3,3
9606.ENSP00000352833,12.3,14
9606.ENSP00000338624,12.3,6
9606.ENSP00000336747,12.3,18
9606.ENSP00000376410,12.3,15
9606.ENSP00000380352,12.3,11
9606.ENSP00000307858,12.3,9
9606.ENSP00000444136,12.3,21
9606.ENSP00000367029,12.3,9
9606.ENSP00000410964,12.3,9
9606.ENSP00000377385,12.3,23
9606.ENSP00000424381,12.2,14
9606.ENSP00000442060,12.2,3
9606.ENSP00000401888,12.2,15
9606.ENSP00000441000,12.2,22
9606.ENSP00000303580,12.2,4
9606.ENSP00000342812,12.2,105
9606.ENSP00000282096,12.2,12
9606.ENSP00000484060,12.2,5
9606.ENSP00000348128,12.2,33
9606.ENSP00000225844,12.1,1
9606.ENSP00000295702,12.1,3
9606.ENSP00000240123,12.1,12
9606.ENSP00000386935,12.1,8
9606.ENSP00000323313,12.1,8
9606.ENSP00000367890,12.1,8
9606.ENSP00000402653,12.1,5
9606.ENSP00000362507,12.1,1
9606.ENSP00000355827,12.1,3
9606.ENSP00000396843,12.1,8
9606.ENSP00000365130,12.1,24
9606.ENSP00000343635,12.1,6
9606.ENSP00000352956,12.1,10
9606.ENSP00000263461,12.1,22
9606.ENSP00000380763,12.1,15
9606.ENSP00000390011,12,4
9606.ENSP00000291232,12,1
9606.ENSP00000447650,12,4
9606.ENSP00000482133,12,6
9606.ENSP00000354972,12,13
9606.ENSP00000442682,12,5
9606.ENSP00000266557,12,6
9606.ENSP00000269221,12,12
9606.ENSP00000282841,12,7
9606.ENSP00000246802,12,5
9606.ENSP00000365782,12,10
9606.ENSP00000494480,12,41
9606.ENSP00000296859,12,50
9606.ENSP00000395738,12,11
9606.ENSP00000481570,11.9,13
9606.ENSP00000331369,11.9,2
9606.ENSP00000380718,11.9,7
9606.ENSP00000363873,11.9,2
9606.ENSP00000261637,11.9,44
9606.ENSP00000263253,11.9,49
9606.ENSP00000364597,11.9,7
9606.ENSP00000406970,11.9,4
9606.ENSP00000387123,11.9,8
9606.ENSP00000411532,11.9,53
9606.ENSP00000358159,11.8,41
9606.ENSP00000384018,11.8,33
9606.ENSP00000283752,11.8,41
9606.ENSP00000427004,11.8,13
9606.ENSP00000403524,11.8,10
9606.ENSP00000247026,11.8,4
9606.ENSP00000384675,11.7,25
9606.ENSP00000495063,11.7,8
9606.ENSP00000361331,11.7,6
9606.ENSP00000338057,11.7,5
9606.ENSP00000499241,11.7,15
9606.ENSP00000315775,11.7,13
9606.ENSP00000361458,11.7,5
9606.ENSP00000269228,11.7,15
9606.ENSP00000386810,11.7,154
9606.ENSP00000293745,11.7,89
9606.ENSP00000387641,11.7,78
9606.ENSP00000426948,11.7,50
9606.ENSP00000221166,11.7,74
9606.ENSP00000312664,11.7,9
9606.ENSP00000252599,11.7,10
9606.ENSP00000262291,11.6,3
9606.ENSP00000271732,11.6,7
9606.ENSP00000337598,11.6,12
9606.ENSP00000271843,11.6,2
9606.ENSP00000417806,11.6,1
9606.ENSP00000380157,11.6,3
9606.ENSP00000417569,11.6,14
9606.ENSP00000354686,11.6,7
9606.ENSP00000267615,11.6,4
9606.ENSP00000354774,11.6,3
9606.ENSP00000357787,11.6,4
9606.ENSP00000406027,11.6,9
9606.ENSP00000468280,11.6,1
9606.ENSP00000369162,11.5,5
9606.ENSP00000432568,11.5,106
9606.ENSP00000256079,11.5,21
9606.ENSP00000332073,11.5,8
9606.ENSP00000342502,11.5,6
9606.ENSP00000400168,11.5,26
9606.ENSP00000329102,11.5,5
9606.ENSP00000288087,11.5,5
9606.ENSP00000349456,11.5,9
9606.ENSP00000361860,11.5,8
9606.ENSP00000266594,11.5,12
9606.ENSP00000498126,11.5,21
9606.ENSP00000226524,11.5,7
9606.ENSP00000356848,11.4,4
9606.ENSP00000381823,11.4,14
9606.ENSP00000498750,11.4,4
9606.ENSP00000397459,11.4,3
9606.ENSP00000430237,11.4,11
9606.ENSP00000300006,11.4,5
9606.ENSP00000326095,11.4,2
9606.ENSP00000369045,11.4,5
9606.ENSP00000301215,11.4,5
9606.ENSP00000357740,11.4,8
9606.ENSP00000391457,11.4,4
9606.ENSP00000385808,11.3,15
9606.ENSP00000335677,11.3,7
9606.ENSP00000498060,11.3,4
9606.ENSP00000362179,11.3,10
9606.ENSP00000369981,11.3,11
9606.ENSP00000248071,11.3,5
9606.ENSP00000178640,11.3,6
9606.ENSP00000370744,11.3,54
9606.ENSP00000429084,11.3,30
9606.ENSP00000263062,11.3,9
9606.ENSP00000466514,11.3,2
9606.ENSP00000384515,11.3,4
9606.ENSP00000428281,11.3,3
9606.ENSP00000396749,11.3,13
9606.ENSP00000313377,11.3,10
9606.ENSP00000359073,11.3,19
9606.ENSP00000385312,11.3,5
9606.ENSP00000262376,11.3,8
9606.ENSP00000323424,11.3,5
9606.ENSP00000364150,11.2,14
9606.ENSP00000448165,11.2,22
9606.ENSP00000451188,11.2,2
9606.ENSP00000254928,11.2,38
9606.ENSP00000358778,11.2,8
9606.ENSP00000289359,11.2,4
9606.ENSP00000257901,11.2,49
9606.ENSP00000300659,11.2,20
9606.ENSP00000483228,11.2,19
9606.ENSP00000437271,11.2,22
9606.ENSP00000369465,11.1,10
9606.ENSP00000358016,11.1,6
9606.ENSP00000457016,11.1,4
9606.ENSP00000442770,11.1,3
9606.ENSP00000170447,11.1,8
9606.ENSP00000378856,11.1,7
9606.ENSP00000354032,11.1,3
9606.ENSP00000393667,11.1,7
9606.ENSP00000247020,11.1,1
9606.ENSP00000251588,11.1,9
9606.ENSP00000319052,11,6
9606.ENSP00000484713,11,23
9606.ENSP00000376352,11,11
9606.ENSP00000397269,11,4
9606.ENSP00000239666,11,1
9606.ENSP00000185150,11,12
9606.ENSP00000306906,11,3
9606.ENSP00000368165,11,1
9606.ENSP00000321606,11,26
9606.ENSP00000355566,11,2
9606.ENSP00000267119,11,77
9606.ENSP00000365261,11,1
9606.ENSP00000311005,11,7
9606.ENSP00000007414,10.9,10
9606.ENSP00000263285,10.9,8
9606.ENSP00000272433,10.9,5
9606.ENSP00000233997,10.9,5
9606.ENSP00000301727,10.9,3
9606.ENSP00000495240,10.9,27
9606.ENSP00000164139,10.9,39
9606.ENSP00000351908,10.9,21
9606.ENSP00000360475,10.9,4
9606.ENSP00000419881,10.9,9
9606.ENSP00000425048,10.9,1
9606.ENSP00000265963,10.9,9
9606.ENSP00000358716,10.9,14
9606.ENSP00000378324,10.8,5
9606.ENSP00000483117,10.8,5
9606.ENSP00000498786,10.8,7
9606.ENSP00000358320,10.8,2
9606.ENSP00000300738,10.8,12
9606.ENSP00000262741,10.8,28
9606.ENSP00000311997,10.8,83
9606.ENSP00000247003,10.8,10
9606.ENSP00000419417,10.8,2
9606.ENSP00000306185,10.7,8
9606.ENSP00000498395,10.7,8
9606.ENSP00000160382,10.7,15
9606.ENSP00000376603,10.7,1
9606.ENSP00000501277,10.7,13
9606.ENSP00000220058,10.7,5
9606.ENSP00000356033,10.7,7
9606.ENSP00000317691,10.7,2
9606.ENSP00000274217,10.7,9
9606.ENSP00000332973,10.7,8
9606.ENSP00000294904,10.7,5
9606.ENSP00000285599,10.7,12
9606.ENSP00000439913,10.6,28
9606.ENSP00000339090,10.6,4
9606.ENSP00000261819,10.6,16
9606.ENSP00000323720,10.6,17
9606.ENSP00000231198,10.6,5
9606.ENSP00000354280,10.6,2
9606.ENSP00000345793,10.6,14
9606.ENSP00000229633,10.6,2
9606.ENSP00000351379,10.6,3
9606.ENSP00000321195,10.6,14
9606.ENSP00000385722,10.6,39
9606.ENSP00000315713,10.5,11
9606.ENSP00000271640,10.5,12
9606.ENSP00000257694,10.5,14
9606.ENSP00000480301,10.5,12
9606.ENSP00000265990,10.5,27
9606.ENSP00000297431,10.5,7
9606.ENSP00000466967,10.5,9
9606.ENSP00000354669,10.5,3
9606.ENSP00000364864,10.5,11
9606.ENSP00000365465,10.5,3
9606.ENSP00000430242,10.5,9
9606.ENSP00000439689,10.5,7
9606.ENSP00000349446,10.5,6
9606.ENSP00000231790,10.5,13
9606.ENSP00000210060,10.5,5
9606.ENSP00000325612,10.5,10
9606.ENSP00000356548,10.5,6
9606.ENSP00000468032,10.5,14
9606.ENSP00000432692,10.4,1
9606.ENSP00000326128,10.4,9
9606.ENSP00000499467,10.4,4
9606.ENSP00000361423,10.4,15
9606.ENSP00000452871,10.4,17
9606.ENSP00000257604,10.4,11
9606.ENSP00000392495,10.4,4
9606.ENSP00000221452,10.4,4
9606.ENSP00000291842,10.4,9
9606.ENSP00000246535,10.4,5
9606.ENSP00000244051,10.4,7
9606.ENSP00000443021,10.4,7
9606.ENSP00000393596,10.4,52
9606.ENSP00000359483,10.3,14
9606.ENSP00000380904,10.3,6
9606.ENSP00000325785,10.3,17
9606.ENSP00000419060,10.3,13
9606.ENSP00000390513,10.3,4
9606.ENSP00000170564,10.3,8
9606.ENSP00000263519,10.3,50
9606.ENSP00000417559,10.3,7
9606.ENSP00000351214,10.2,3
9606.ENSP00000398890,10.2,2
9606.ENSP00000285848,10.2,5
9606.ENSP00000316589,10.2,8
9606.ENSP00000322594,10.2,9
9606.ENSP00000317473,10.2,6
9606.ENSP00000490294,10.2,1
9606.ENSP00000489806,10.2,1
9606.ENSP00000371859,10.2,19
9606.ENSP00000333697,10.2,2
9606.ENSP00000278980,10.2,6
9606.ENSP00000292614,10.2,4
9606.ENSP00000305494,10.2,10
9606.ENSP00000263733,10.2,4
9606.ENSP00000383433,10.2,4
9606.ENSP00000386616,10.2,8
9606.ENSP00000477792,10.2,7
9606.ENSP00000318821,10.2,16
9606.ENSP00000411099,10.2,19
9606.ENSP00000299299,10.2,3
9606.ENSP00000456218,10.2,10
9606.ENSP00000243903,10.2,9
9606.ENSP00000465685,10.2,17
9606.ENSP00000351407,10.2,7
9606.ENSP00000480322,10.2,3
9606.ENSP00000318165,10.1,5
9606.ENSP00000339527,10.1,4
9606.ENSP00000451712,10.1,5
9606.ENSP00000410042,10.1,21
9606.ENSP00000396628,10.1,4
9606.ENSP00000250916,10.1,1
9606.ENSP00000320117,10.1,6
9606.ENSP00000379267,10.1,8
9606.ENSP00000387122,10.1,9
9606.ENSP00000366945,10.1,4
9606.ENSP00000357691,10.1,2
9606.ENSP00000261503,10,15
9606.ENSP00000230354,10,3
9606.ENSP00000349503,10,5
9606.ENSP00000292586,10,4
9606.ENSP00000354085,10,41
9606.ENSP00000357047,10,20
9606.ENSP00000430344,10,11
9606.ENSP00000441140,10,13
9606.ENSP00000222644,10,8
9606.ENSP00000312615,10,1
9606.ENSP00000222254,9.99,25
9606.ENSP00000350509,9.98,2
9606.ENSP00000263856,9.98,4
9606.ENSP00000409924,9.98,13
9606.ENSP00000426654,9.98,11
9606.ENSP00000354848,9.97,13
9606.ENSP00000481834,9.97,2
9606.ENSP00000399415,9.97,14
9606.ENSP00000474253,9.97,13
9606.ENSP00000301659,9.97,9
9606.ENSP00000358541,9.96,4
9606.ENSP00000384700,9.94,17
9606.ENSP00000346335,9.94,13
9606.ENSP00000325681,9.94,16
9606.ENSP00000314544,9.94,16
9606.ENSP00000489442,9.94,12
9606.ENSP00000296102,9.93,1
9606.ENSP00000294543,9.92,4
9606.ENSP00000475986,9.91,3
9606.ENSP00000448387,9.91,8
9606.ENSP00000367835,9.9,5
9606.ENSP00000294785,9.88,9
9606.ENSP00000360290,9.88,9
9606.ENSP00000318604,9.88,2
9606.ENSP00000366488,9.88,17
9606.ENSP00000326767,9.88,7
9606.ENSP00000255108,9.87,4
9606.ENSP00000284503,9.87,4
9606.ENSP00000272732,9.87,5
9606.ENSP00000361580,9.86,3
9606.ENSP00000483328,9.86,4
9606.ENSP00000479355,9.86,4
9606.ENSP00000391167,9.85,21
9606.ENSP00000339723,9.85,5
9606.ENSP00000403925,9.85,6
9606.ENSP00000500582,9.85,19
9606.ENSP00000350686,9.85,14
9606.ENSP00000387229,9.84,5
9606.ENSP00000378958,9.84,5
9606.ENSP00000479921,9.83,3
9606.ENSP00000343890,9.83,3
9606.ENSP00000498386,9.83,14
9606.ENSP00000317300,9.82,6
9606.ENSP00000325708,9.81,6
9606.ENSP00000442973,9.81,4
9606.ENSP00000357442,9.8,3
9606.ENSP00000251810,9.78,6
9606.ENSP00000481626,9.78,3
9606.ENSP00000387393,9.78,11
9606.ENSP00000415556,9.77,7
9606.ENSP00000462468,9.77,28
9606.ENSP00000358262,9.74,10
9606.ENSP00000348455,9.74,8
9606.ENSP00000262144,9.74,12
9606.ENSP00000254521,9.73,4
9606.ENSP00000262809,9.72,9
9606.ENSP00000302222,9.72,3
9606.ENSP00000322582,9.72,7
9606.ENSP00000264716,9.7,4
9606.ENSP00000257974,9.7,12
9606.ENSP00000368648,9.69,4
9606.ENSP00000342699,9.68,3
9606.ENSP00000326693,9.65,6
9606.ENSP00000481109,9.65,18
9606.ENSP00000355051,9.65,1
9606.ENSP00000259030,9.64,2
9606.ENSP00000359552,9.64,19
9606.ENSP00000298552,9.62,12
9606.ENSP00000343515,9.61,8
9606.ENSP00000399465,9.6,4
9606.ENSP00000260361,9.58,3
9606.ENSP00000455308,9.58,11
9606.ENSP00000386651,9.57,2
9606.ENSP00000359127,9.57,3
9606.ENSP00000431376,9.54,4
9606.ENSP00000460475,9.54,18
9606.ENSP00000362590,9.54,5
9606.ENSP00000318158,9.52,3
9606.ENSP00000254037,9.51,3
9606.ENSP00000322845,9.49,14
9606.ENSP00000335082,9.49,8
9606.ENSP00000295225,9.48,11
9606.ENSP00000254101,9.48,14
9606.ENSP00000425133,9.48,10
9606.ENSP00000296782,9.47,21
9606.ENSP00000359385,9.47,10
9606.ENSP00000361446,9.47,15
9606.ENSP00000363597,9.46,10
9606.ENSP00000432016,9.45,41
9606.ENSP00000311360,9.45,3
9606.ENSP00000348211,9.44,4
9606.ENSP00000481559,9.44,4
9606.ENSP00000351737,9.43,3
9606.ENSP00000423602,9.42,4
9606.ENSP00000492220,9.4,20
9606.ENSP00000354543,9.4,6
9606.ENSP00000490573,9.4,14
9606.ENSP00000360035,9.39,3
9606.ENSP00000392262,9.39,4
9606.ENSP00000313803,9.36,1
9606.ENSP00000379845,9.35,7
9606.ENSP00000359128,9.35,2
9606.ENSP00000306822,9.35,3
9606.ENSP00000499289,9.34,1
9606.ENSP00000246115,9.32,4
9606.ENSP00000358149,9.32,2
9606.ENSP00000382342,9.31,15
9606.ENSP00000372499,9.31,26
9606.ENSP00000258281,9.31,9
9606.ENSP00000310094,9.3,19
9606.ENSP00000362481,9.3,4
9606.ENSP00000356426,9.3,6
9606.ENSP00000361990,9.29,21
9606.ENSP00000384408,9.29,12
9606.ENSP00000369871,9.28,13
9606.ENSP00000300245,9.28,4
9606.ENSP00000498255,9.27,1
9606.ENSP00000384490,9.26,9
9606.ENSP00000454852,9.24,5
9606.ENSP00000293777,9.24,3
9606.ENSP00000383402,9.23,11
9606.ENSP00000338389,9.23,3
9606.ENSP00000386597,9.23,4
9606.ENSP00000363512,9.22,8
9606.ENSP00000320869,9.2,7
9606.ENSP00000250263,9.19,3
9606.ENSP00000406549,9.19,26
9606.ENSP00000355251,9.19,2
9606.ENSP00000382177,9.15,24
9606.ENSP00000450856,9.15,7
9606.ENSP00000262518,9.15,23
9606.ENSP00000382688,9.15,21
9606.ENSP00000358451,9.14,17
9606.ENSP00000264606,9.14,12
9606.ENSP00000409382,9.14,8
9606.ENSP00000497609,9.13,12
9606.ENSP00000365919,9.13,5
9606.ENSP00000362621,9.11,16
9606.ENSP00000362618,9.11,16
9606.ENSP00000398837,9.11,31
9606.ENSP00000480824,9.09,4
9606.ENSP00000206765,9.09,13
9606.ENSP00000383274,9.08,28
9606.ENSP00000330898,9.07,3
9606.ENSP00000318690,9.07,13
9606.ENSP00000225899,9.07,52
9606.ENSP00000379472,9.06,1
9606.ENSP00000288670,9.05,28
9606.ENSP00000455607,9.03,6
9606.ENSP00000350369,9.03,4
9606.ENSP00000363894,9.02,13
9606.ENSP00000360437,8.96,1
9606.ENSP00000365159,8.96,2
9606.ENSP00000356920,8.96,5
9606.ENSP00000427130,8.95,7
9606.ENSP00000358105,8.92,1
9606.ENSP00000302324,8.92,2
9606.ENSP00000482632,8.92,2
9606.ENSP00000365435,8.92,2
9606.ENSP00000307833,8.91,7
9606.ENSP00000497588,8.91,5
9606.ENSP00000480378,8.91,5
9606.ENSP00000431885,8.9,20
9606.ENSP00000371811,8.9,5
9606.ENSP00000319531,8.9,1
9606.ENSP00000331313,8.88,5
9606.ENSP00000221665,8.87,1
9606.ENSP00000386165,8.86,1
9606.ENSP00000356967,8.86,8
9606.ENSP00000369055,8.85,3
9606.ENSP00000435189,8.85,3
9606.ENSP00000257118,8.85,10
9606.ENSP00000375899,8.85,16
9606.ENSP00000478212,8.85,7
9606.ENSP00000365851,8.82,6
9606.ENSP00000491742,8.8,34
9606.ENSP00000025301,8.8,18
9606.ENSP00000426191,8.78,9
9606.ENSP00000427866,8.78,9
9606.ENSP00000396441,8.77,4
9606.ENSP00000374265,8.77,6
9606.ENSP00000446576,8.77,8
9606.ENSP00000155093,8.76,13
9606.ENSP00000421544,8.75,3
9606.ENSP00000258098,8.74,6
9606.ENSP00000310520,8.74,12
9606.ENSP00000473200,8.73,2
9606.ENSP00000384296,8.73,9
9606.ENSP00000371469,8.72,4
9606.ENSP00000417901,8.71,10
9606.ENSP00000450969,8.71,14
9606.ENSP00000355637,8.7,10
9606.ENSP00000328923,8.7,7
9606.ENSP00000490083,8.68,5
9606.ENSP00000382379,8.68,19
9606.ENSP00000379078,8.68,11
9606.ENSP00000371682,8.67,2
9606.ENSP00000357060,8.67,60
9606.ENSP00000408292,8.67,22
9606.ENSP00000445508,8.66,7
9606.ENSP00000286317,8.65,3
9606.ENSP00000293330,8.65,9
9606.ENSP00000452280,8.65,3
9606.ENSP00000481699,8.63,37
9606.ENSP00000380467,8.63,8
9606.ENSP00000361653,8.62,6
9606.ENSP00000326869,8.61,2
9606.ENSP00000278612,8.6,9
9606.ENSP00000373304,8.6,3
9606.ENSP00000348959,8.6,7
9606.ENSP00000301272,8.6,2
9606.ENSP00000262848,8.58,12
9606.ENSP00000385780,8.58,12
9606.ENSP00000359729,8.56,6
9606.ENSP00000326888,8.54,9
9606.ENSP00000300060,8.54,9
9606.ENSP00000216259,8.54,4
9606.ENSP00000362639,8.54,5
9606.ENSP00000274695,8.53,8
9606.ENSP00000265343,8.52,11
9606.ENSP00000284292,8.51,1
9606.ENSP00000322937,8.5,13
9606.ENSP00000327487,8.5,8
9606.ENSP00000263208,8.5,9
9606.ENSP00000380920,8.5,1
9606.ENSP00000337701,8.49,4
9606.ENSP00000308548,8.48,3
9606.ENSP00000368868,8.47,12
9606.ENSP00000430823,8.47,1
9606.ENSP00000455547,8.47,8
9606.ENSP00000280571,8.47,3
9606.ENSP00000387164,8.46,6
9606.ENSP00000161863,8.46,25
9606.ENSP00000261211,8.44,25
9606.ENSP00000358994,8.44,14
9606.ENSP00000262662,8.44,3
9606.ENSP00000291572,8.43,4
9606.ENSP00000273784,8.43,6
9606.ENSP00000378854,8.42,4
9606.ENSP00000494678,8.42,10
9606.ENSP00000487164,8.41,18
9606.ENSP00000377936,8.4,12
9606.ENSP00000259569,8.4,24
9606.ENSP00000322915,8.38,22
9606.ENSP00000362306,8.37,30
9606.ENSP00000377303,8.36,7
9606.ENSP00000321856,8.36,5
9606.ENSP00000386992,8.36,13
9606.ENSP00000353246,8.34,4
9606.ENSP00000265960,8.33,6
9606.ENSP00000321348,8.31,12
9606.ENSP00000219746,8.29,7
9606.ENSP00000353414,8.28,44
9606.ENSP00000484472,8.27,100
9606.ENSP00000358518,8.26,9
9606.ENSP00000479624,8.26,9
9606.ENSP00000477530,8.26,9
9606.ENSP00000497815,8.26,9
9606.ENSP00000306157,8.25,6
9606.ENSP00000427802,8.25,4
9606.ENSP00000390331,8.24,7
9606.ENSP00000357737,8.24,7
9606.ENSP00000458021,8.24,4
9606.ENSP00000392782,8.24,19
9606.ENSP00000413861,8.24,3
9606.ENSP00000260953,8.23,2
9606.ENSP00000319726,8.22,4
9606.ENSP00000286398,8.22,12
9606.ENSP00000251871,8.21,10
9606.ENSP00000469534,8.2,13
9606.ENSP00000358997,8.2,6
9606.ENSP00000349358,8.2,3
9606.ENSP00000348395,8.2,5
9606.ENSP00000285667,8.19,5
9606.ENSP00000384369,8.19,4
9606.ENSP00000221804,8.18,4
9606.ENSP00000354665,8.18,1
9606.ENSP00000401946,8.18,19
9606.ENSP00000368486,8.17,13
9606.ENSP00000444743,8.16,9
9606.ENSP00000438248,8.16,8
9606.ENSP00000469242,8.15,87
9606.ENSP00000299766,8.15,1
9606.ENSP00000476672,8.15,9
9606.ENSP00000492001,8.14,8
9606.ENSP00000461945,8.14,4
9606.ENSP00000451145,8.14,3
9606.ENSP00000360488,8.12,3
9606.ENSP00000493999,8.11,2
9606.ENSP00000347170,8.11,3
9606.ENSP00000363193,8.11,20
9606.ENSP00000426504,8.09,6
9606.ENSP00000475724,8.09,19
9606.ENSP00000251993,8.07,7
9606.ENSP00000243326,8.07,28
9606.ENSP00000415743,8.06,7
9606.ENSP00000318974,8.06,5
9606.ENSP00000252100,8.05,6
9606.ENSP00000497784,8.05,20
9606.ENSP00000441214,8.03,10
9606.ENSP00000330460,8.02,7
9606.ENSP00000385080,8.02,6
9606.ENSP00000326879,8.01,4
9606.ENSP00000391596,8.01,6
9606.ENSP00000357869,8,11
9606.ENSP00000311280,7.99,8
9606.ENSP00000501053,7.99,11
9606.ENSP00000335261,7.97,5
9606.ENSP00000221972,7.97,1
9606.ENSP00000328287,7.96,14
9606.ENSP00000452877,7.95,12
9606.ENSP00000451261,7.95,4
9606.ENSP00000344816,7.95,5
9606.ENSP00000324527,7.95,20
9606.ENSP00000354152,7.94,2
9606.ENSP00000262752,7.94,36
9606.ENSP00000380334,7.94,6
9606.ENSP00000412733,7.93,8
9606.ENSP00000007390,7.93,2
9606.ENSP00000229330,7.91,15
9606.ENSP00000351905,7.91,6
9606.ENSP00000337289,7.91,19
9606.ENSP00000351686,7.9,5
9606.ENSP00000399324,7.9,1
9606.ENSP00000165524,7.89,1
9606.ENSP00000341382,7.88,15
9606.ENSP00000362381,7.88,4
9606.ENSP00000255641,7.87,9
9606.ENSP00000315136,7.87,3
9606.ENSP00000315118,7.87,3
9606.ENSP00000493768,7.87,6
9606.ENSP00000370621,7.87,11
9606.ENSP00000346437,7.86,10
9606.ENSP00000400921,7.86,8
9606.ENSP00000451162,7.86,16
9606.ENSP00000378887,7.85,5
9606.ENSP00000457703,7.84,3
9606.ENSP00000337477,7.84,1
9606.ENSP00000169298,7.84,7
9606.ENSP00000443631,7.83,7
9606.ENSP00000347345,7.83,1
9606.ENSP00000387535,7.82,7
9606.ENSP00000013807,7.82,5
9606.ENSP00000353518,7.81,13
9606.ENSP00000444565,7.8,2
9606.ENSP00000398882,7.8,4
9606.ENSP00000466363,7.8,7
9606.ENSP00000265000,7.78,9
9606.ENSP00000243706,7.78,7
9606.ENSP00000377401,7.78,4
9606.ENSP00000275766,7.78,2
9606.ENSP00000480186,7.78,6
9606.ENSP00000364298,7.76,2
9606.ENSP00000326247,7.75,21
9606.ENSP00000418348,7.74,1
9606.ENSP00000377059,7.74,2
9606.ENSP00000338030,7.74,5
9606.ENSP00000446880,7.73,13
9606.ENSP00000370980,7.72,13
9606.ENSP00000216099,7.72,13
9606.ENSP00000357746,7.72,7
9606.ENSP00000376423,7.72,7
9606.ENSP00000357744,7.72,7
9606.ENSP00000385725,7.72,2
9606.ENSP00000472445,7.71,18
9606.ENSP00000412708,7.71,4
9606.ENSP00000391601,7.71,6
9606.ENSP00000457718,7.69,4
9606.ENSP00000481859,7.69,17
9606.ENSP00000299238,7.69,8
9606.ENSP00000219476,7.67,16
9606.ENSP00000486676,7.67,3
9606.ENSP00000445768,7.67,5
9606.ENSP00000262126,7.66,15
9606.ENSP00000358777,7.65,3
9606.ENSP00000386759,7.63,41
9606.ENSP00000381492,7.62,2
9606.ENSP00000370129,7.62,14
9606.ENSP00000286070,7.61,4
9606.ENSP00000282058,7.61,3
9606.ENSP00000408979,7.61,40
9606.ENSP00000358549,7.6,9
9606.ENSP00000371607,7.6,10
9606.ENSP00000348472,7.59,4
9606.ENSP00000493232,7.59,4
9606.ENSP00000309457,7.59,12
9606.ENSP00000381531,7.58,7
9606.ENSP00000343290,7.58,12
9606.ENSP00000343398,7.56,3
9606.ENSP00000356906,7.56,2
9606.ENSP00000267415,7.56,4
9606.ENSP00000315997,7.55,6
9606.ENSP00000257724,7.54,2
9606.ENSP00000363369,7.53,4
9606.ENSP00000225550,7.53,48
9606.ENSP00000439800,7.53,10
9606.ENSP00000262623,7.52,52
9606.ENSP00000362574,7.52,3
9606.ENSP00000324741,7.51,6
9606.ENSP00000316476,7.5,2
9606.ENSP00000401535,7.49,9
9606.ENSP00000339109,7.49,17
9606.ENSP00000378405,7.48,5
9606.ENSP00000346643,7.48,38
9606.ENSP00000238714,7.48,10
9606.ENSP00000363360,7.47,1
9606.ENSP00000341528,7.47,11
9606.ENSP00000318480,7.46,8
9606.ENSP00000500990,7.46,1
9606.ENSP00000385689,7.46,9
9606.ENSP00000320246,7.44,3
9606.ENSP00000365012,7.44,13
9606.ENSP00000419740,7.43,3
9606.ENSP00000376902,7.42,3
9606.ENSP00000323099,7.42,7
9606.ENSP00000340271,7.42,7
9606.ENSP00000251775,7.42,4
9606.ENSP00000257789,7.41,19
9606.ENSP00000323678,7.41,4
9606.ENSP00000469413,7.41,3
9606.ENSP00000483570,7.41,8
9606.ENSP00000361712,7.41,3
9606.ENSP00000293883,7.4,8
9606.ENSP00000297504,7.4,9
9606.ENSP00000205636,7.39,2
9606.ENSP00000389383,7.38,9
9606.ENSP00000338130,7.38,1
9606.ENSP00000263277,7.37,26
9606.ENSP00000497767,7.37,18
9606.ENSP00000353850,7.37,3
9606.ENSP00000361914,7.36,9
9606.ENSP00000372210,7.36,1
9606.ENSP00000299957,7.34,3
9606.ENSP00000418813,7.34,1
9606.ENSP00000329380,7.34,5
9606.ENSP00000251643,7.34,51
9606.ENSP00000358059,7.32,6
9606.ENSP00000361306,7.32,2
9606.ENSP00000474823,7.32,5
9606.ENSP00000281141,7.32,3
9606.ENSP00000364448,7.32,3
9606.ENSP00000338512,7.31,18
9606.ENSP00000297156,7.29,4
9606.ENSP00000483921,7.29,4
9606.ENSP00000360183,7.28,3
9606.ENSP00000299697,7.28,3
9606.ENSP00000316335,7.28,5
9606.ENSP00000458986,7.27,11
9606.ENSP00000454500,7.27,4
9606.ENSP00000389289,7.27,11
9606.ENSP00000357305,7.27,3
9606.ENSP00000270357,7.27,3
9606.ENSP00000398655,7.26,7
9606.ENSP00000313854,7.26,5
9606.ENSP00000226279,7.26,4
9606.ENSP00000482169,7.26,50
9606.ENSP00000341324,7.26,4
9606.ENSP00000347792,7.25,9
9606.ENSP00000396995,7.25,6
9606.ENSP00000263974,7.24,3
9606.ENSP00000355536,7.24,16
9606.ENSP00000295083,7.23,3
9606.ENSP00000371307,7.23,2
9606.ENSP00000261879,7.22,1
9606.ENSP00000319192,7.22,2
9606.ENSP00000341947,7.22,6
9606.ENSP00000357564,7.21,9
9606.ENSP00000303709,7.21,3
9606.ENSP00000363817,7.21,3
9606.ENSP00000329033,7.21,9
9606.ENSP00000340220,7.2,5
9606.ENSP00000261842,7.18,9
9606.ENSP00000490744,7.18,9
9606.ENSP00000356563,7.17,5
9606.ENSP00000297440,7.16,7
9606.ENSP00000337452,7.15,2
9606.ENSP00000346155,7.15,6
9606.ENSP00000365770,7.15,9
9606.ENSP00000252011,7.13,6
9606.ENSP00000287437,7.12,3
9606.ENSP00000455791,7.11,3
9606.ENSP00000323148,7.11,4
9606.ENSP00000260762,7.11,9
9606.ENSP00000301180,7.1,14
9606.ENSP00000362680,7.1,19
9606.ENSP00000427562,7.1,10
9606.ENSP00000346635,7.1,11
9606.ENSP00000010299,7.1,3
9606.ENSP00000325634,7.09,4
9606.ENSP00000302805,7.09,12
9606.ENSP00000352565,7.09,3
9606.ENSP00000225371,7.08,18
9606.ENSP00000465517,7.08,2
9606.ENSP00000261464,7.07,6
9606.ENSP00000428787,7.07,9
9606.ENSP00000012049,7.07,3
9606.ENSP00000334767,7.06,1
9606.ENSP00000258821,7.06,5
9606.ENSP00000353491,7.05,2
9606.ENSP00000310244,7.05,9
9606.ENSP00000379773,7.04,8
9606.ENSP00000244769,7.03,4
9606.ENSP00000274643,7.03,16
9606.ENSP00000363043,7.03,3
9606.ENSP00000204549,7.03,8
9606.ENSP00000412869,7.02,12
9606.ENSP00000313933,7.02,5
9606.ENSP00000447300,7.02,3
9606.ENSP00000337168,7.02,14
9606.ENSP00000318602,7.02,6
9606.ENSP00000336655,7.01,6
9606.ENSP00000283285,7.01,4
9606.ENSP00000418193,6.99,5
9606.ENSP00000225983,6.99,10
9606.ENSP00000373277,6.99,4
9606.ENSP00000418661,6.99,2
9606.ENSP00000432487,6.99,5
9606.ENSP00000372067,6.98,11
9606.ENSP00000440100,6.98,10
9606.ENSP00000362376,6.97,1
9606.ENSP00000262776,6.96,6
9606.ENSP00000358547,6.96,5
9606.ENSP00000417706,6.96,3
9606.ENSP00000304292,6.95,8
9606.ENSP00000365049,6.95,4
9606.ENSP00000370345,6.94,4
9606.ENSP00000381364,6.93,13
9606.ENSP00000379173,6.93,6
9606.ENSP00000385834,6.93,8
9606.ENSP00000367050,6.93,11
9606.ENSP00000246646,6.92,51
9606.ENSP00000306124,6.92,17
9606.ENSP00000327323,6.92,3
9606.ENSP00000387334,6.91,9
9606.ENSP00000378275,6.91,2
9606.ENSP00000299492,6.91,10
9606.ENSP00000417291,6.9,4
9606.ENSP00000428259,6.9,1
9606.ENSP00000336783,6.9,13
9606.ENSP00000289528,6.9,4
9606.ENSP00000368686,6.89,5
9606.ENSP00000301738,6.89,2
9606.ENSP00000321260,6.88,1
9606.ENSP00000363478,6.87,1
9606.ENSP00000260372,6.86,3
9606.ENSP00000375986,6.86,19
9606.ENSP00000409667,6.86,12
9606.ENSP00000493971,6.86,27
9606.ENSP00000277746,6.85,1
9606.ENSP00000403663,6.84,4
9606.ENSP00000448071,6.84,3
9606.ENSP00000463978,6.83,4
9606.ENSP00000344503,6.83,4
9606.ENSP00000353401,6.83,12
9606.ENSP00000343690,6.83,17
9606.ENSP00000380759,6.82,4
9606.ENSP00000342267,6.82,3
9606.ENSP00000261716,6.82,17
9606.ENSP00000490767,6.82,4
9606.ENSP00000223398,6.8,15
9606.ENSP00000275015,6.8,4
9606.ENSP00000434995,6.8,4
9606.ENSP00000343552,6.8,2
9606.ENSP00000293379,6.79,8
9606.ENSP00000270583,6.79,6
9606.ENSP00000266014,6.79,3
9606.ENSP00000258052,6.78,3
9606.ENSP00000222329,6.77,3
9606.ENSP00000447488,6.77,5
9606.ENSP00000309429,6.77,1
9606.ENSP00000330842,6.76,120
9606.ENSP00000016946,6.76,120
9606.ENSP00000369473,6.76,4
9606.ENSP00000229238,6.74,1
9606.ENSP00000306637,6.73,120
9606.ENSP00000378503,6.72,5
9606.ENSP00000384952,6.72,1
9606.ENSP00000262109,6.72,3
9606.ENSP00000332750,6.71,5
9606.ENSP00000316527,6.71,8
9606.ENSP00000402515,6.71,36
9606.ENSP00000438483,6.7,3
9606.ENSP00000500409,6.69,11
9606.ENSP00000432412,6.69,5
9606.ENSP00000262188,6.68,15
9606.ENSP00000297157,6.68,2
9606.ENSP00000334148,6.67,3
9606.ENSP00000162391,6.66,3
9606.ENSP00000361287,6.66,8
9606.ENSP00000441831,6.66,11
9606.ENSP00000480707,6.65,1
9606.ENSP00000465231,6.64,12
9606.ENSP00000362435,6.64,2
9606.ENSP00000206474,6.63,9
9606.ENSP00000219139,6.62,4
9606.ENSP00000258200,6.62,4
9606.ENSP00000353910,6.62,5
9606.ENSP00000263966,6.62,9
9606.ENSP00000463574,6.62,4
9606.ENSP00000351416,6.62,28
9606.ENSP00000220822,6.6,3
9606.ENSP00000315386,6.59,7
9606.ENSP00000392066,6.59,26
9606.ENSP00000453302,6.59,4
9606.ENSP00000342148,6.59,1
9606.ENSP00000404265,6.58,14
9606.ENSP00000456242,6.58,3
9606.ENSP00000477627,6.58,19
9606.ENSP00000378198,6.58,9
9606.ENSP00000481054,6.57,5
9606.ENSP00000381698,6.57,3
9606.ENSP00000280551,6.56,7
9606.ENSP00000432511,6.55,12
9606.ENSP00000366757,6.55,15
9606.ENSP00000308000,6.55,6
9606.ENSP00000420682,6.54,2
9606.ENSP00000251241,6.54,7
9606.ENSP00000360817,6.53,19
9606.ENSP00000242375,6.52,5
9606.ENSP00000293261,6.51,3
9606.ENSP00000478783,6.5,12
9606.ENSP00000368632,6.5,2
9606.ENSP00000368341,6.49,2
9606.ENSP00000266771,6.48,3
9606.ENSP00000403910,6.48,3
9606.ENSP00000376582,6.48,8
9606.ENSP00000368305,6.48,5
9606.ENSP00000495909,6.47,91
9606.ENSP00000463233,6.47,11
9606.ENSP00000313504,6.42,11
9606.ENSP00000360526,6.41,10
9606.ENSP00000469981,6.39,4
9606.ENSP00000302478,6.39,1
9606.ENSP00000254759,6.38,3
9606.ENSP00000284116,6.37,3
9606.ENSP00000300456,6.36,7
9606.ENSP00000271469,6.35,5
9606.ENSP00000273480,6.35,1
9606.ENSP00000369126,6.34,7
9606.ENSP00000368856,6.34,8
9606.ENSP00000324842,6.33,6
9606.ENSP00000362727,6.32,11
9606.ENSP00000401596,6.32,4
9606.ENSP00000263431,6.32,12
9606.ENSP00000285419,6.3,1
9606.ENSP00000265849,6.3,10
9606.ENSP00000269159,6.28,3
9606.ENSP00000369409,6.28,10
9606.ENSP00000371084,6.28,8
9606.ENSP00000357863,6.27,1
9606.ENSP00000455585,6.26,2
9606.ENSP00000379841,6.25,4
9606.ENSP00000299335,6.25,3
9606.ENSP00000287859,6.25,4
9606.ENSP00000415579,6.25,15
9606.ENSP00000315130,6.24,3
9606.ENSP00000457788,6.24,8
9606.ENSP00000310842,6.23,33
9606.ENSP00000464275,6.23,5
9606.ENSP00000431971,6.22,3
9606.ENSP00000387010,6.2,4
9606.ENSP00000335076,6.2,1
9606.ENSP00000380367,6.2,76
9606.ENSP00000478388,6.19,1
9606.ENSP00000167588,6.19,31
9606.ENSP00000415178,6.19,6
9606.ENSP00000259339,6.19,4
9606.ENSP00000480527,6.18,2
9606.ENSP00000220751,6.18,12
9606.ENSP00000405252,6.18,3
9606.ENSP00000273861,6.16,1
9606.ENSP00000240651,6.16,2
9606.ENSP00000237264,6.15,2
9606.ENSP00000275820,6.14,7
9606.ENSP00000348099,6.14,4
9606.ENSP00000262418,6.13,6
9606.ENSP00000357256,6.12,4
9606.ENSP00000353259,6.12,2
9606.ENSP00000362863,6.12,1
9606.ENSP00000312244,6.11,5
9606.ENSP00000471239,6.1,1
9606.ENSP00000265080,6.1,13
9606.ENSP00000366243,6.1,14
9606.ENSP00000493901,6.1,3
9606.ENSP00000363480,6.09,6
9606.ENSP00000375711,6.09,2
9606.ENSP00000473990,6.08,8
9606.ENSP00000496241,6.07,3
9606.ENSP00000256497,6.06,26
9606.ENSP00000310170,6.06,3
9606.ENSP00000322706,6.05,8
9606.ENSP00000368414,6.05,8
9606.ENSP00000287394,6.04,18
9606.ENSP00000221086,6.03,6
9606.ENSP00000243298,6.03,3
9606.ENSP00000342015,6.02,1
9606.ENSP00000457408,5.99,4
9606.ENSP00000496954,5.98,11
9606.ENSP00000225728,5.96,1
9606.ENSP00000498584,5.96,17
9606.ENSP00000308695,5.96,6
9606.ENSP00000371805,5.96,6
9606.ENSP00000257749,5.96,7
9606.ENSP00000285071,5.95,3
9606.ENSP00000483667,5.95,18
9606.ENSP00000354451,5.95,52
9606.ENSP00000323183,5.93,2
9606.ENSP00000334113,5.93,2
9606.ENSP00000314004,5.93,6
9606.ENSP00000273077,5.92,3
9606.ENSP00000450870,5.91,5
9606.ENSP00000368982,5.9,5
9606.ENSP00000342023,5.89,8
9606.ENSP00000356785,5.88,4
9606.ENSP00000340507,5.88,8
9606.ENSP00000430236,5.88,2
9606.ENSP00000319476,5.87,1
9606.ENSP00000481893,5.87,11
9606.ENSP00000204517,5.87,3
9606.ENSP00000374484,5.87,3
9606.ENSP00000420617,5.87,10
9606.ENSP00000381032,5.86,1
9606.ENSP00000334785,5.85,2
9606.ENSP00000478253,5.85,10
9606.ENSP00000350036,5.85,25
9606.ENSP00000281623,5.85,5
9606.ENSP00000462945,5.84,2
9606.ENSP00000386302,5.84,1
9606.ENSP00000226207,5.83,76
9606.ENSP00000330612,5.83,2
9606.ENSP00000370867,5.83,17
9606.ENSP00000381773,5.83,6
9606.ENSP00000235307,5.82,1
9606.ENSP00000330696,5.82,4
9606.ENSP00000361522,5.82,5
9606.ENSP00000450832,5.82,13
9606.ENSP00000356381,5.81,11
9606.ENSP00000339754,5.81,1
9606.ENSP00000174618,5.8,3
9606.ENSP00000295851,5.8,6
9606.ENSP00000282892,5.8,1
9606.ENSP00000376258,5.8,2
9606.ENSP00000501135,5.8,1
9606.ENSP00000361418,5.79,9
9606.ENSP00000433205,5.79,10
9606.ENSP00000257177,5.77,19
9606.ENSP00000293670,5.76,45
9606.ENSP00000251645,5.76,51
9606.ENSP00000433343,5.76,2
9606.ENSP00000347532,5.74,4
9606.ENSP00000237822,5.74,3
9606.ENSP00000496813,5.73,8
9606.ENSP00000315351,5.72,3
9606.ENSP00000368215,5.72,5
9606.ENSP00000362650,5.71,4
9606.ENSP00000334051,5.71,15
9606.ENSP00000480941,5.7,1
9606.ENSP00000364782,5.7,3
9606.ENSP00000297785,5.7,5
9606.ENSP00000358233,5.7,6
9606.ENSP00000319673,5.7,6
9606.ENSP00000498772,5.7,7
9606.ENSP00000341213,5.69,1
9606.ENSP00000359606,5.69,2
9606.ENSP00000365514,5.69,2
9606.ENSP00000459626,5.69,6
9606.ENSP00000364621,5.68,1
9606.ENSP00000418081,5.68,10
9606.ENSP00000356790,5.68,2
9606.ENSP00000307684,5.67,3
9606.ENSP00000261537,5.67,6
9606.ENSP00000263556,5.66,3
9606.ENSP00000422188,5.66,6
9606.ENSP00000361952,5.66,14
9606.ENSP00000370288,5.65,6
9606.ENSP00000372191,5.65,3
9606.ENSP00000376544,5.65,2
9606.ENSP00000264917,5.65,27
9606.ENSP00000360231,5.65,5
9606.ENSP00000490119,5.65,17
9606.ENSP00000222792,5.63,7
9606.ENSP00000372023,5.63,3
9606.ENSP00000313350,5.63,2
9606.ENSP00000372042,5.63,8
9606.ENSP00000405111,5.62,17
9606.ENSP00000351059,5.62,4
9606.ENSP00000307975,5.62,2
9606.ENSP00000347498,5.61,6
9606.ENSP00000441980,5.6,2
9606.ENSP00000483494,5.59,3
9606.ENSP00000264930,5.59,5
9606.ENSP00000376139,5.58,2
9606.ENSP00000381047,5.58,3
9606.ENSP00000249806,5.57,2
9606.ENSP00000255381,5.57,74
9606.ENSP00000328551,5.56,4
9606.ENSP00000301067,5.56,28
9606.ENSP00000341030,5.55,1
9606.ENSP00000248121,5.55,2
9606.ENSP00000255882,5.55,19
9606.ENSP00000321706,5.55,12
9606.ENSP00000270061,5.55,3
9606.ENSP00000478396,5.54,2
9606.ENSP00000382026,5.54,1
9606.ENSP00000372199,5.54,16
9606.ENSP00000498671,5.53,5
9606.ENSP00000360515,5.53,2
9606.ENSP00000356056,5.52,1
9606.ENSP00000295304,5.51,1
9606.ENSP00000419184,5.51,7
9606.ENSP00000380054,5.51,1
9606.ENSP00000379368,5.5,4
9606.ENSP00000498702,5.5,2
9606.ENSP00000349929,5.49,2
9606.ENSP00000351947,5.49,7
9606.ENSP00000375914,5.48,2
9606.ENSP00000302562,5.47,4
9606.ENSP00000315182,5.47,4
9606.ENSP00000263946,5.47,9
9606.ENSP00000222574,5.47,3
9606.ENSP00000218758,5.46,1
9606.ENSP00000318086,5.45,6
9606.ENSP00000288774,5.45,6
9606.ENSP00000399968,5.45,7
9606.ENSP00000366157,5.45,2
9606.ENSP00000338728,5.44,23
9606.ENSP00000378040,5.44,1
9606.ENSP00000295797,5.43,4
9606.ENSP00000269445,5.43,7
9606.ENSP00000264198,5.43,5
9606.ENSP00000384491,5.42,3
9606.ENSP00000369618,5.41,8
9606.ENSP00000360270,5.41,18
9606.ENSP00000218004,5.41,1
9606.ENSP00000373206,5.4,3
9606.ENSP00000453170,5.4,98
9606.ENSP00000294129,5.39,4
9606.ENSP00000362340,5.38,7
9606.ENSP00000261250,5.38,4
9606.ENSP00000381214,5.38,98
9606.ENSP00000268483,5.37,1
9606.ENSP00000260129,5.37,4
9606.ENSP00000305151,5.37,3
9606.ENSP00000269856,5.37,12
9606.ENSP00000340672,5.37,3
9606.ENSP00000368397,5.34,3
9606.ENSP00000356430,5.34,1
9606.ENSP00000344314,5.33,9
9606.ENSP00000344218,5.33,1
9606.ENSP00000282026,5.33,10
9606.ENSP00000353785,5.33,1
9606.ENSP00000359050,5.32,5
9606.ENSP00000371798,5.31,4
9606.ENSP00000379839,5.31,5
9606.ENSP00000315387,5.31,2
9606.ENSP00000291900,5.3,6
9606.ENSP00000248564,5.3,2
9606.ENSP00000354822,5.28,1
9606.ENSP00000433623,5.28,4
9606.ENSP00000377176,5.28,10
9606.ENSP00000493218,5.26,2
9606.ENSP00000449381,5.26,5
9606.ENSP00000312222,5.26,4
9606.ENSP00000267484,5.26,2
9606.ENSP00000222990,5.25,3
9606.ENSP00000368356,5.25,15
9606.ENSP00000217420,5.25,6
9606.ENSP00000375220,5.25,17
9606.ENSP00000257017,5.24,3
9606.ENSP00000219439,5.24,3
9606.ENSP00000331907,5.23,9
9606.ENSP00000277554,5.22,3
9606.ENSP00000288022,5.22,1
9606.ENSP00000237642,5.22,2
9606.ENSP00000299824,5.21,3
9606.ENSP00000340088,5.21,4
9606.ENSP00000381282,5.2,1
9606.ENSP00000350874,5.2,4
9606.ENSP00000366475,5.19,6
9606.ENSP00000245564,5.19,2
9606.ENSP00000329357,5.18,3
9606.ENSP00000296582,5.18,3
9606.ENSP00000386414,5.18,6
9606.ENSP00000460964,5.18,2
9606.ENSP00000218548,5.17,40
9606.ENSP00000387307,5.17,8
9606.ENSP00000296343,5.16,4
9606.ENSP00000376333,5.16,4
9606.ENSP00000371535,5.15,3
9606.ENSP00000448073,5.15,9
9606.ENSP00000236040,5.14,5
9606.ENSP00000347997,5.14,63
9606.ENSP00000362160,5.13,4
9606.ENSP00000371434,5.13,2
9606.ENSP00000501088,5.13,3
9606.ENSP00000262262,5.13,2
9606.ENSP00000261507,5.12,1
9606.ENSP00000389427,5.11,1
9606.ENSP00000369349,5.11,44
9606.ENSP00000268933,5.11,8
9606.ENSP00000263881,5.11,22
9606.ENSP00000441641,5.1,3
9606.ENSP00000307423,5.09,3
9606.ENSP00000365926,5.09,1
9606.ENSP00000317144,5.09,6
9606.ENSP00000339992,5.08,4
9606.ENSP00000357695,5.07,2
9606.ENSP00000442573,5.07,3
9606.ENSP00000307443,5.07,9
9606.ENSP00000384182,5.06,7
9606.ENSP00000362656,5.06,5
9606.ENSP00000296473,5.06,7
9606.ENSP00000359216,5.05,17
9606.ENSP00000480971,5.04,2
9606.ENSP00000300574,5.04,3
9606.ENSP00000378570,5.03,7
9606.ENSP00000353600,5.03,7
9606.ENSP00000354158,5.02,7
9606.ENSP00000455229,5.01,4
9606.ENSP00000310406,5.01,3
9606.ENSP00000445829,5.01,1
9606.ENSP00000260010,5,6
9606.ENSP00000264709,5,5
9606.ENSP00000240618,4.99,4
9606.ENSP00000361066,4.99,9
9606.ENSP00000479904,4.98,8
9606.ENSP00000339208,4.98,6
9606.ENSP00000261647,4.97,4
9606.ENSP00000247977,4.97,2
9606.ENSP00000250416,4.97,2
9606.ENSP00000363318,4.96,2
9606.ENSP00000346139,4.96,2
9606.ENSP00000378857,4.96,4
9606.ENSP00000338885,4.96,3
9606.ENSP00000384330,4.96,70
9606.ENSP00000370201,4.95,2
9606.ENSP00000218516,4.95,4
9606.ENSP00000275227,4.95,1
9606.ENSP00000490953,4.95,4
9606.ENSP00000392318,4.94,4
9606.ENSP00000356134,4.94,2
9606.ENSP00000495614,4.94,7
9606.ENSP00000273371,4.94,3
9606.ENSP00000445868,4.94,4
9606.ENSP00000238789,4.94,8
9606.ENSP00000449960,4.93,4
9606.ENSP00000281543,4.93,4
9606.ENSP00000263370,4.93,8
9606.ENSP00000477341,4.92,3
9606.ENSP00000310688,4.91,7
9606.ENSP00000357904,4.91,5
9606.ENSP00000246657,4.91,2
9606.ENSP00000444533,4.91,45
9606.ENSP00000267938,4.91,3
9606.ENSP00000341351,4.9,5
9606.ENSP00000362082,4.88,8
9606.ENSP00000363191,4.88,1
9606.ENSP00000378972,4.87,8
9606.ENSP00000365720,4.87,13
9606.ENSP00000366223,4.86,1
9606.ENSP00000337991,4.85,5
9606.ENSP00000328336,4.85,6
9606.ENSP00000247668,4.85,4
9606.ENSP00000368237,4.85,6
9606.ENSP00000456336,4.84,1
9606.ENSP00000345752,4.84,5
9606.ENSP00000346112,4.84,5
9606.ENSP00000300131,4.84,4
9606.ENSP00000362563,4.84,1
9606.ENSP00000358400,4.83,31
9606.ENSP00000314508,4.82,5
9606.ENSP00000362948,4.82,1
9606.ENSP00000490240,4.82,7
9606.ENSP00000262134,4.81,3
9606.ENSP00000234827,4.81,4
9606.ENSP00000358824,4.8,2
9606.ENSP00000265016,4.8,3
9606.ENSP00000224950,4.8,3
9606.ENSP00000398181,4.8,1
9606.ENSP00000316842,4.8,8
9606.ENSP00000284727,4.79,3
9606.ENSP00000367440,4.79,3
9606.ENSP00000374183,4.79,9
9606.ENSP00000283148,4.78,2
9606.ENSP00000481203,4.77,18
9606.ENSP00000474487,4.77,2
9606.ENSP00000261622,4.76,2
9606.ENSP00000267116,4.75,7
9606.ENSP00000226355,4.75,7
9606.ENSP00000498656,4.75,3
9606.ENSP00000310332,4.74,2
9606.ENSP00000331504,4.73,7
9606.ENSP00000359172,4.72,3
9606.ENSP00000419619,4.72,1
9606.ENSP00000287322,4.72,3
9606.ENSP00000185206,4.72,14
9606.ENSP00000265965,4.72,2
9606.ENSP00000265742,4.71,4
9606.ENSP00000299705,4.71,4
9606.ENSP00000216271,4.7,6
9606.ENSP00000357883,4.69,5
9606.ENSP00000316114,4.69,2
9606.ENSP00000215659,4.69,3
9606.ENSP00000255078,4.69,6
9606.ENSP00000459615,4.69,8
9606.ENSP00000382104,4.68,20
9606.ENSP00000402038,4.68,4
9606.ENSP00000188312,4.67,2
9606.ENSP00000403310,4.67,4
9606.ENSP00000343288,4.67,2
9606.ENSP00000386764,4.66,6
9606.ENSP00000262764,4.66,5
9606.ENSP00000463981,4.66,1
9606.ENSP00000429754,4.66,1
9606.ENSP00000264601,4.66,3
9606.ENSP00000337040,4.65,2
9606.ENSP00000380037,4.65,1
9606.ENSP00000294258,4.64,4
9606.ENSP00000386520,4.64,6
9606.ENSP00000356468,4.63,3
9606.ENSP00000284617,4.63,1
9606.ENSP00000495202,4.61,9
9606.ENSP00000425130,4.61,3
9606.ENSP00000377250,4.6,11
9606.ENSP00000353959,4.6,12
9606.ENSP00000410818,4.6,4
9606.ENSP00000383938,4.59,3
9606.ENSP00000372445,4.59,3
9606.ENSP00000266673,4.59,1
9606.ENSP00000354964,4.59,11
9606.ENSP00000403077,4.58,2
9606.ENSP00000218104,4.58,5
9606.ENSP00000328515,4.58,1
9606.ENSP00000483936,4.58,4
9606.ENSP00000368318,4.58,2
9606.ENSP00000355609,4.57,2
9606.ENSP00000367229,4.57,6
9606.ENSP00000485228,4.57,3
9606.ENSP00000352021,4.57,2
9606.ENSP00000409231,4.56,4
9606.ENSP00000366939,4.56,3
9606.ENSP00000252674,4.56,3
9606.ENSP00000342676,4.54,1
9606.ENSP00000262715,4.54,14
9606.ENSP00000323047,4.53,2
9606.ENSP00000418734,4.53,4
9606.ENSP00000477118,4.53,1
9606.ENSP00000303511,4.53,3
9606.ENSP00000223145,4.52,3
9606.ENSP00000357711,4.52,1
9606.ENSP00000384211,4.52,11
9606.ENSP00000363929,4.51,7
9606.ENSP00000216133,4.51,2
9606.ENSP00000332062,4.51,2
9606.ENSP00000334642,4.49,5
9606.ENSP00000468980,4.48,2
9606.ENSP00000263440,4.47,3
9606.ENSP00000246914,4.47,14
9606.ENSP00000272902,4.47,2
9606.ENSP00000351157,4.47,2
9606.ENSP00000359049,4.46,2
9606.ENSP00000471454,4.46,2
9606.ENSP00000483523,4.46,10
9606.ENSP00000364742,4.46,4
9606.ENSP00000219837,4.45,3
9606.ENSP00000360992,4.45,2
9606.ENSP00000396527,4.45,6
9606.ENSP00000481733,4.45,1
9606.ENSP00000356579,4.44,20
9606.ENSP00000296099,4.43,4
9606.ENSP00000305422,4.43,2
9606.ENSP00000444408,4.43,2
9606.ENSP00000439170,4.43,9
9606.ENSP00000274963,4.42,6
9606.ENSP00000394417,4.41,3
9606.ENSP00000306817,4.4,2
9606.ENSP00000464512,4.4,13
9606.ENSP00000413156,4.4,2
9606.ENSP00000261558,4.39,4
9606.ENSP00000406293,4.39,2
9606.ENSP00000221459,4.38,6
9606.ENSP00000487717,4.38,4
9606.ENSP00000268655,4.38,2
9606.ENSP00000263650,4.38,10
9606.ENSP00000369948,4.37,1
9606.ENSP00000378067,4.37,17
9606.ENSP00000387078,4.37,3
9606.ENSP00000417686,4.36,1
9606.ENSP00000377735,4.36,2
9606.ENSP00000358413,4.35,2
9606.ENSP00000362133,4.35,1
9606.ENSP00000327213,4.35,27
9606.ENSP00000300213,4.34,3
9606.ENSP00000377845,4.34,3
9606.ENSP00000299106,4.33,1
9606.ENSP00000365962,4.33,4
9606.ENSP00000428540,4.33,2
9606.ENSP00000363257,4.32,2
9606.ENSP00000360916,4.32,12
9606.ENSP00000323074,4.32,8
9606.ENSP00000369391,4.31,3
9606.ENSP00000357127,4.31,1
9606.ENSP00000364859,4.31,2
9606.ENSP00000263985,4.3,3
9606.ENSP00000430110,4.3,8
9606.ENSP00000243662,4.3,5
9606.ENSP00000321711,4.3,7
9606.ENSP00000313318,4.28,5
9606.ENSP00000309968,4.26,4
9606.ENSP00000371514,4.26,4
9606.ENSP00000381266,4.25,2
9606.ENSP00000355720,4.25,13
9606.ENSP00000219905,4.25,38
9606.ENSP00000202677,4.24,14
9606.ENSP00000228347,4.24,7
9606.ENSP00000307280,4.23,2
9606.ENSP00000324101,4.21,1
9606.ENSP00000329471,4.21,4
9606.ENSP00000384048,4.21,4
9606.ENSP00000422907,4.2,5
9606.ENSP00000428619,4.2,10
9606.ENSP00000416002,4.2,3
9606.ENSP00000479850,4.19,2
9606.ENSP00000301015,4.18,12
9606.ENSP00000292879,4.18,5
9606.ENSP00000354612,4.18,2
9606.ENSP00000416015,4.17,16
9606.ENSP00000296051,4.17,6
9606.ENSP00000371846,4.17,2
9606.ENSP00000307674,4.17,2
9606.ENSP00000320096,4.16,1
9606.ENSP00000363064,4.16,6
9606.ENSP00000262432,4.16,2
9606.ENSP00000301712,4.16,1
9606.ENSP00000348775,4.16,4
9606.ENSP00000247815,4.14,8
9606.ENSP00000397402,4.14,1
9606.ENSP00000312379,4.14,6
9606.ENSP00000274400,4.13,5
9606.ENSP00000247226,4.13,6
9606.ENSP00000333920,4.12,4
9606.ENSP00000386543,4.11,5
9606.ENSP00000334314,4.11,5
9606.ENSP00000373331,4.11,2
9606.ENSP00000295802,4.11,4
9606.ENSP00000338860,4.1,1
9606.ENSP00000437256,4.1,10
9606.ENSP00000377558,4.1,46
9606.ENSP00000317971,4.1,7
9606.ENSP00000358033,4.09,2
9606.ENSP00000292566,4.09,2
9606.ENSP00000326170,4.09,1
9606.ENSP00000296292,4.09,3
9606.ENSP00000293217,4.08,2
9606.ENSP00000498136,4.08,5
9606.ENSP00000354560,4.08,6
9606.ENSP00000314396,4.08,4
9606.ENSP00000299855,4.06,3
9606.ENSP00000242719,4.06,1
9606.ENSP00000270708,4.06,2
9606.ENSP00000417451,4.06,24
9606.ENSP00000301159,4.05,1
9606.ENSP00000257951,4.05,99
9606.ENSP00000362936,4.04,1
9606.ENSP00000369154,4.04,7
9606.ENSP00000376911,4.04,3
9606.ENSP00000493184,4.04,4
9606.ENSP00000322218,4.04,5
9606.ENSP00000222511,4.04,4
9606.ENSP00000347548,4.03,4
9606.ENSP00000378505,4.02,4
9606.ENSP00000245620,4.01,2
9606.ENSP00000322469,4.01,2
9606.ENSP00000228495,4.01,3
9606.ENSP00000309163,4,3
9606.ENSP00000284995,4,4
9606.ENSP00000378320,4,7
9606.ENSP00000240364,3.99,3
9606.ENSP00000264436,3.99,12
9606.ENSP00000308012,3.98,9
9606.ENSP00000359386,3.98,1
9606.ENSP00000013125,3.97,3
9606.ENSP00000297056,3.97,2
9606.ENSP00000264649,3.97,4
9606.ENSP00000299853,3.96,4
9606.ENSP00000349856,3.96,16
9606.ENSP00000303920,3.96,1
9606.ENSP00000256447,3.96,2
9606.ENSP00000404236,3.96,1
9606.ENSP00000226230,3.96,1
9606.ENSP00000356669,3.96,5
9606.ENSP00000332448,3.95,2
9606.ENSP00000396308,3.95,1
9606.ENSP00000348848,3.94,2
9606.ENSP00000306772,3.94,9
9606.ENSP00000378431,3.94,6
9606.ENSP00000457715,3.94,4
9606.ENSP00000359339,3.93,2
9606.ENSP00000379654,3.93,28
9606.ENSP00000376943,3.93,1
9606.ENSP00000358363,3.93,25
9606.ENSP00000365756,3.93,5
9606.ENSP00000419371,3.92,3
9606.ENSP00000454303,3.92,3
9606.ENSP00000317686,3.92,6
9606.ENSP00000317177,3.92,4
9606.ENSP00000326227,3.91,5
9606.ENSP00000367830,3.91,3
9606.ENSP00000263967,3.9,7
9606.ENSP00000385814,3.9,1
9606.ENSP00000376767,3.9,2
9606.ENSP00000469863,3.89,7
9606.ENSP00000216373,3.89,12
9606.ENSP00000366240,3.89,2
9606.ENSP00000225474,3.87,3
9606.ENSP00000346160,3.86,2
9606.ENSP00000302046,3.86,1
9606.ENSP00000379931,3.86,3
9606.ENSP00000385110,3.86,3
9606.ENSP00000426387,3.86,5
9606.ENSP00000293502,3.85,2
9606.ENSP00000379946,3.85,4
9606.ENSP00000350249,3.84,4
9606.ENSP00000260270,3.84,1
9606.ENSP00000295872,3.84,20
9606.ENSP00000264080,3.83,3
9606.ENSP00000159111,3.83,5
9606.ENSP00000411831,3.83,12
9606.ENSP00000441032,3.82,6
9606.ENSP00000379174,3.82,2
9606.ENSP00000472109,3.82,19
9606.ENSP00000363089,3.81,8
9606.ENSP00000348489,3.81,5
9606.ENSP00000483486,3.8,2
9606.ENSP00000302895,3.8,10
9606.ENSP00000198536,3.8,1
9606.ENSP00000324404,3.8,7
9606.ENSP00000386711,3.79,12
9606.ENSP00000310459,3.79,1
9606.ENSP00000465894,3.79,2
9606.ENSP00000349116,3.79,15
9606.ENSP00000360938,3.78,6
9606.ENSP00000258662,3.78,1
9606.ENSP00000457728,3.77,2
9606.ENSP00000470123,3.77,2
9606.ENSP00000492260,3.77,1
9606.ENSP00000369453,3.76,7
9606.ENSP00000499883,3.76,3
9606.ENSP00000252891,3.76,5
9606.ENSP00000262460,3.76,6
9606.ENSP00000417418,3.75,3
9606.ENSP00000386722,3.75,3
9606.ENSP00000351190,3.75,4
9606.ENSP00000331748,3.75,7
9606.ENSP00000500633,3.74,2
9606.ENSP00000282878,3.74,9
9606.ENSP00000203630,3.74,1
9606.ENSP00000343746,3.74,3
9606.ENSP00000260264,3.74,5
9606.ENSP00000413575,3.74,3
9606.ENSP00000363654,3.73,11
9606.ENSP00000259727,3.73,5
9606.ENSP00000265978,3.73,5
9606.ENSP00000350223,3.72,2
9606.ENSP00000396622,3.72,7
9606.ENSP00000327732,3.72,1
9606.ENSP00000294740,3.72,3
9606.ENSP00000235332,3.72,2
9606.ENSP00000263087,3.72,5
9606.ENSP00000361625,3.72,1
9606.ENSP00000377801,3.71,2
9606.ENSP00000483424,3.71,14
9606.ENSP00000497271,3.7,4
9606.ENSP00000164133,3.7,7
9606.ENSP00000006275,3.7,1
9606.ENSP00000402855,3.7,1
9606.ENSP00000332861,3.7,2
9606.ENSP00000251157,3.69,19
9606.ENSP00000284486,3.68,1
9606.ENSP00000304364,3.68,1
9606.ENSP00000405969,3.68,1
9606.ENSP00000184956,3.68,5
9606.ENSP00000480004,3.68,3
9606.ENSP00000451000,3.68,3
9606.ENSP00000262510,3.67,7
9606.ENSP00000359464,3.67,1
9606.ENSP00000276052,3.67,29
9606.ENSP00000337691,3.66,5
9606.ENSP00000297613,3.66,1
9606.ENSP00000368965,3.65,3
9606.ENSP00000462521,3.65,1
9606.ENSP00000292599,3.64,3
9606.ENSP00000262127,3.63,4
9606.ENSP00000387219,3.63,1
9606.ENSP00000344724,3.63,4
9606.ENSP00000365162,3.63,14
9606.ENSP00000376249,3.62,3
9606.ENSP00000366509,3.62,3
9606.ENSP00000413520,3.62,4
9606.ENSP00000374562,3.62,1
9606.ENSP00000456480,3.62,9
9606.ENSP00000498382,3.61,7
9606.ENSP00000305725,3.61,1
9606.ENSP00000493107,3.61,2
9606.ENSP00000262644,3.61,2
9606.ENSP00000353010,3.61,14
9606.ENSP00000319829,3.6,4
9606.ENSP00000297857,3.6,2
9606.ENSP00000359607,3.59,2
9606.ENSP00000331983,3.59,6
9606.ENSP00000242257,3.58,2
9606.ENSP00000216117,3.57,2
9606.ENSP00000417183,3.57,1
9606.ENSP00000263257,3.57,3
9606.ENSP00000285013,3.56,14
9606.ENSP00000321038,3.56,1
9606.ENSP00000361499,3.55,2
9606.ENSP00000427793,3.55,6
9606.ENSP00000334044,3.54,11
9606.ENSP00000371897,3.54,5
9606.ENSP00000002125,3.54,2
9606.ENSP00000402849,3.54,3
9606.ENSP00000424846,3.53,2
9606.ENSP00000064571,3.53,2
9606.ENSP00000305721,3.53,4
9606.ENSP00000392896,3.53,1
9606.ENSP00000381693,3.53,5
9606.ENSP00000353422,3.51,14
9606.ENSP00000355607,3.51,3
9606.ENSP00000240423,3.51,3
9606.ENSP00000422354,3.51,2
9606.ENSP00000360869,3.5,3
9606.ENSP00000391209,3.5,2
9606.ENSP00000321108,3.49,2
9606.ENSP00000407552,3.48,2
9606.ENSP00000329165,3.48,46
9606.ENSP00000364412,3.47,5
9606.ENSP00000495112,3.47,4
9606.ENSP00000474204,3.47,17
9606.ENSP00000474388,3.47,17
9606.ENSP00000361636,3.47,3
9606.ENSP00000481721,3.46,3
9606.ENSP00000364449,3.46,5
9606.ENSP00000340988,3.46,6
9606.ENSP00000255608,3.46,5
9606.ENSP00000216807,3.46,1
9606.ENSP00000303987,3.46,1
9606.ENSP00000453089,3.45,3
9606.ENSP00000262139,3.45,1
9606.ENSP00000355028,3.45,8
9606.ENSP00000256015,3.45,1
9606.ENSP00000434552,3.44,3
9606.ENSP00000279263,3.44,1
9606.ENSP00000365230,3.44,1
9606.ENSP00000435565,3.44,8
9606.ENSP00000311219,3.44,2
9606.ENSP00000004531,3.43,21
9606.ENSP00000404658,3.43,3
9606.ENSP00000333934,3.42,2
9606.ENSP00000261721,3.42,12
9606.ENSP00000380942,3.42,10
9606.ENSP00000352069,3.41,7
9606.ENSP00000496496,3.41,3
9606.ENSP00000375639,3.41,1
9606.ENSP00000378699,3.41,19
9606.ENSP00000381654,3.4,4
9606.ENSP00000466174,3.4,2
9606.ENSP00000256362,3.4,11
9606.ENSP00000422947,3.4,5
9606.ENSP00000228641,3.4,7
9606.ENSP00000440984,3.4,12
9606.ENSP00000331106,3.4,1
9606.ENSP00000355385,3.39,1
9606.ENSP00000377033,3.39,3
9606.ENSP00000222256,3.39,12
9606.ENSP00000301242,3.39,5
9606.ENSP00000449756,3.39,2
9606.ENSP00000376708,3.38,2
9606.ENSP00000254442,3.38,10
9606.ENSP00000300976,3.38,2
9606.ENSP00000377807,3.38,1
9606.ENSP00000371341,3.37,4
9606.ENSP00000380793,3.37,2
9606.ENSP00000247225,3.36,1
9606.ENSP00000354732,3.36,5
9606.ENSP00000359837,3.36,2
9606.ENSP00000386660,3.36,7
9606.ENSP00000287380,3.36,7
9606.ENSP00000335595,3.36,2
9606.ENSP00000432886,3.36,2
9606.ENSP00000325525,3.36,2
9606.ENSP00000337998,3.35,9
9606.ENSP00000392812,3.35,5
9606.ENSP00000266659,3.35,1
9606.ENSP00000357811,3.35,5
9606.ENSP00000424798,3.34,1
9606.ENSP00000347444,3.34,8
9606.ENSP00000362135,3.34,1
9606.ENSP00000290776,3.34,15
9606.ENSP00000309463,3.34,1
9606.ENSP00000456908,3.34,2
9606.ENSP00000263390,3.33,2
9606.ENSP00000385990,3.33,3
9606.ENSP00000350718,3.32,5
9606.ENSP00000461830,3.31,4
9606.ENSP00000311313,3.31,1
9606.ENSP00000496315,3.3,4
9606.ENSP00000348564,3.3,3
9606.ENSP00000350377,3.3,3
9606.ENSP00000422496,3.29,4
9606.ENSP00000418232,3.29,6
9606.ENSP00000302830,3.29,4
9606.ENSP00000462664,3.28,2
9606.ENSP00000297107,3.28,2
9606.ENSP00000424191,3.28,1
9606.ENSP00000308258,3.28,1
9606.ENSP00000345808,3.27,2
9606.ENSP00000378736,3.26,1
9606.ENSP00000350098,3.26,1
9606.ENSP00000360269,3.25,2
9606.ENSP00000264712,3.25,6
9606.ENSP00000471613,3.25,5
9606.ENSP00000337332,3.25,2
9606.ENSP00000354571,3.25,1
9606.ENSP00000313571,3.25,2
9606.ENSP00000367891,3.25,2
9606.ENSP00000333919,3.25,2
9606.ENSP00000265094,3.24,4
9606.ENSP00000310015,3.23,3
9606.ENSP00000296486,3.23,20
9606.ENSP00000258739,3.23,2
9606.ENSP00000362674,3.22,2
9606.ENSP00000358695,3.22,3
9606.ENSP00000356849,3.22,4
9606.ENSP00000359321,3.21,2
9606.ENSP00000476369,3.21,2
9606.ENSP00000360761,3.21,1
9606.ENSP00000253458,3.21,5
9606.ENSP00000417898,3.21,5
9606.ENSP00000337500,3.2,1
9606.ENSP00000342962,3.2,1
9606.ENSP00000260383,3.2,5
9606.ENSP00000338671,3.2,7
9606.ENSP00000263073,3.2,6
9606.ENSP00000478755,3.19,4
9606.ENSP00000491427,3.19,5
9606.ENSP00000484105,3.19,3
9606.ENSP00000357789,3.19,17
9606.ENSP00000223127,3.18,4
9606.ENSP00000305071,3.18,1
9606.ENSP00000354775,3.18,2
9606.ENSP00000501026,3.18,8
9606.ENSP00000348602,3.18,11
9606.ENSP00000222462,3.18,2
9606.ENSP00000401445,3.17,3
9606.ENSP00000283109,3.17,2
9606.ENSP00000440066,3.17,3
9606.ENSP00000011653,3.17,1
9606.ENSP00000376197,3.16,4
9606.ENSP00000253063,3.16,5
9606.ENSP00000366404,3.16,5
9606.ENSP00000377311,3.16,1
9606.ENSP00000262990,3.16,1
9606.ENSP00000400482,3.15,3
9606.ENSP00000347486,3.15,1
9606.ENSP00000262219,3.15,5
9606.ENSP00000348668,3.15,2
9606.ENSP00000361483,3.14,3
9606.ENSP00000376678,3.14,2
9606.ENSP00000169551,3.14,1
9606.ENSP00000353904,3.14,8
9606.ENSP00000362027,3.13,4
9606.ENSP00000258484,3.13,3
9606.ENSP00000347834,3.12,3
9606.ENSP00000357389,3.12,1
9606.ENSP00000216756,3.12,1
9606.ENSP00000348043,3.12,1
9606.ENSP00000327197,3.11,8
9606.ENSP00000401112,3.11,8
9606.ENSP00000437659,3.11,2
9606.ENSP00000381150,3.11,1
9606.ENSP00000312002,3.11,2
9606.ENSP00000498737,3.1,6
9606.ENSP00000489837,3.1,2
9606.ENSP00000296785,3.1,2
9606.ENSP00000460683,3.1,1
9606.ENSP00000357440,3.1,4
9606.ENSP00000359956,3.09,1
9606.ENSP00000349594,3.09,7
9606.ENSP00000427926,3.09,6
9606.ENSP00000356202,3.09,2
9606.ENSP00000471077,3.09,6
9606.ENSP00000257700,3.08,5
9606.ENSP00000469811,3.08,1
9606.ENSP00000302846,3.07,1
9606.ENSP00000356576,3.07,7
9606.ENSP00000222482,3.07,2
9606.ENSP00000352208,3.07,15
9606.ENSP00000240285,3.07,2
9606.ENSP00000238721,3.06,1
9606.ENSP00000366902,3.06,1
9606.ENSP00000289805,3.06,1
9606.ENSP00000433427,3.05,1
9606.ENSP00000299157,3.05,35
9606.ENSP00000353032,3.05,4
9606.ENSP00000379842,3.05,4
9606.ENSP00000304713,3.05,3
9606.ENSP00000251642,3.05,4
9606.ENSP00000263991,3.04,8
9606.ENSP00000355249,3.04,3
9606.ENSP00000443459,3.04,9
9606.ENSP00000408697,3.04,18
9606.ENSP00000324856,3.04,4
9606.ENSP00000361021,3.03,2
9606.ENSP00000498855,3.02,1
9606.ENSP00000308937,3.02,1
9606.ENSP00000272430,3.02,4
9606.ENSP00000355900,3.01,5
9606.ENSP00000234256,3.01,6
9606.ENSP00000317636,3,5
9606.ENSP00000498083,2.99,1
9606.ENSP00000359935,2.99,4
9606.ENSP00000321997,2.99,9
9606.ENSP00000302801,2.99,4
9606.ENSP00000300128,2.99,3
9606.ENSP00000356058,2.99,1
9606.ENSP00000363411,2.98,4
9606.ENSP00000326948,2.98,1
9606.ENSP00000394085,2.98,1
9606.ENSP00000431603,2.98,4
9606.ENSP00000410811,2.98,13
9606.ENSP00000272224,2.98,3
9606.ENSP00000233027,2.96,4
9606.ENSP00000386227,2.96,5
9606.ENSP00000480376,2.96,8
9606.ENSP00000386766,2.96,1
9606.ENSP00000264409,2.95,2
9606.ENSP00000335247,2.94,1
9606.ENSP00000388744,2.94,1
9606.ENSP00000227348,2.94,1
9606.ENSP00000336524,2.93,4
9606.ENSP00000333982,2.93,4
9606.ENSP00000341346,2.93,2
9606.ENSP00000310788,2.93,4
9606.ENSP00000366395,2.93,5
9606.ENSP00000251646,2.93,48
9606.ENSP00000277540,2.93,4
9606.ENSP00000268638,2.92,2
9606.ENSP00000296015,2.92,2
9606.ENSP00000284551,2.92,2
9606.ENSP00000446242,2.91,3
9606.ENSP00000490116,2.91,6
9606.ENSP00000346627,2.91,2
9606.ENSP00000268719,2.91,1
9606.ENSP00000314879,2.91,7
9606.ENSP00000385636,2.91,6
9606.ENSP00000247930,2.91,3
9606.ENSP00000398824,2.91,3
9606.ENSP00000440847,2.91,2
9606.ENSP00000209718,2.9,6
9606.ENSP00000452885,2.9,2
9606.ENSP00000234195,2.9,2
9606.ENSP00000336923,2.9,4
9606.ENSP00000400459,2.89,5
9606.ENSP00000368017,2.89,9
9606.ENSP00000385347,2.89,3
9606.ENSP00000481142,2.89,1
9606.ENSP00000483640,2.89,67
9606.ENSP00000256538,2.88,1
9606.ENSP00000257552,2.88,3
9606.ENSP00000261475,2.88,2
9606.ENSP00000307004,2.88,1
9606.ENSP00000365172,2.88,4
9606.ENSP00000314129,2.87,2
9606.ENSP00000237281,2.87,3
9606.ENSP00000225296,2.87,3
9606.ENSP00000358460,2.87,6
9606.ENSP00000334836,2.86,11
9606.ENSP00000376849,2.86,6
9606.ENSP00000374443,2.85,24
9606.ENSP00000390647,2.85,1
9606.ENSP00000338260,2.85,3
9606.ENSP00000280758,2.85,5
9606.ENSP00000466047,2.85,1
9606.ENSP00000263209,2.84,2
9606.ENSP00000418037,2.84,2
9606.ENSP00000249910,2.84,3
9606.ENSP00000264079,2.84,4
9606.ENSP00000230124,2.84,5
9606.ENSP00000248929,2.83,2
9606.ENSP00000310521,2.83,1
9606.ENSP00000378784,2.83,3
9606.ENSP00000329933,2.82,3
9606.ENSP00000329374,2.82,5
9606.ENSP00000238561,2.82,5
9606.ENSP00000499803,2.82,3
9606.ENSP00000358147,2.82,1
9606.ENSP00000322568,2.81,2
9606.ENSP00000311035,2.8,1
9606.ENSP00000337512,2.8,4
9606.ENSP00000332788,2.79,1
9606.ENSP00000324056,2.79,5
9606.ENSP00000252992,2.79,3
9606.ENSP00000493023,2.78,2
9606.ENSP00000360017,2.78,2
9606.ENSP00000331167,2.78,2
9606.ENSP00000332247,2.78,5
9606.ENSP00000497422,2.78,4
9606.ENSP00000334851,2.78,4
9606.ENSP00000365596,2.77,1
9606.ENSP00000500986,2.77,4
9606.ENSP00000308533,2.77,1
9606.ENSP00000292778,2.76,1
9606.ENSP00000492745,2.76,3
9606.ENSP00000356746,2.76,13
9606.ENSP00000226319,2.76,3
9606.ENSP00000312834,2.75,1
9606.ENSP00000433666,2.74,36
9606.ENSP00000400887,2.74,8
9606.ENSP00000294353,2.74,3
9606.ENSP00000351937,2.74,2
9606.ENSP00000284061,2.74,5
9606.ENSP00000323527,2.73,2
9606.ENSP00000263083,2.72,2
9606.ENSP00000487136,2.72,1
9606.ENSP00000368920,2.71,1
9606.ENSP00000328187,2.7,3
9606.ENSP00000363371,2.7,2
9606.ENSP00000262041,2.7,1
9606.ENSP00000332756,2.7,3
9606.ENSP00000263934,2.7,9
9606.ENSP00000320936,2.69,2
9606.ENSP00000320898,2.68,1
9606.ENSP00000383611,2.68,1
9606.ENSP00000356607,2.68,4
9606.ENSP00000386444,2.67,5
9606.ENSP00000352167,2.67,1
9606.ENSP00000378288,2.66,14
9606.ENSP00000259467,2.66,1
9606.ENSP00000332576,2.65,6
9606.ENSP00000212015,2.65,2
9606.ENSP00000371770,2.65,1
9606.ENSP00000390158,2.65,20
9606.ENSP00000309233,2.64,2
9606.ENSP00000009105,2.64,10
9606.ENSP00000366474,2.64,1
9606.ENSP00000479664,2.64,2
9606.ENSP00000386041,2.63,58
9606.ENSP00000369270,2.63,3
9606.ENSP00000290208,2.63,1
9606.ENSP00000403495,2.63,2
9606.ENSP00000365682,2.63,11
9606.ENSP00000496804,2.63,3
9606.ENSP00000378992,2.62,7
9606.ENSP00000332812,2.62,1
9606.ENSP00000364847,2.62,7
9606.ENSP00000395204,2.62,2
9606.ENSP00000262971,2.62,3
9606.ENSP00000311695,2.61,2
9606.ENSP00000040877,2.61,6
9606.ENSP00000359904,2.6,1
9606.ENSP00000425261,2.6,1
9606.ENSP00000381958,2.59,1
9606.ENSP00000364885,2.59,2
9606.ENSP00000424827,2.59,10
9606.ENSP00000282041,2.59,10
9606.ENSP00000299415,2.59,2
9606.ENSP00000322159,2.59,4
9606.ENSP00000260599,2.58,1
9606.ENSP00000264968,2.58,2
9606.ENSP00000262301,2.57,2
9606.ENSP00000350844,2.57,1
9606.ENSP00000287878,2.57,5
9606.ENSP00000480492,2.57,2
9606.ENSP00000281703,2.57,1
9606.ENSP00000258886,2.56,8
9606.ENSP00000385727,2.56,13
9606.ENSP00000219481,2.56,1
9606.ENSP00000379011,2.56,10
9606.ENSP00000357079,2.56,3
9606.ENSP00000482916,2.56,2
9606.ENSP00000321684,2.56,1
9606.ENSP00000341874,2.56,1
9606.ENSP00000244426,2.56,1
9606.ENSP00000355198,2.55,1
9606.ENSP00000264434,2.55,2
9606.ENSP00000280020,2.55,5
9606.ENSP00000430075,2.55,13
9606.ENSP00000408598,2.55,4
9606.ENSP00000315081,2.55,2
9606.ENSP00000263379,2.54,5
9606.ENSP00000371728,2.54,2
9606.ENSP00000367203,2.53,5
9606.ENSP00000355929,2.53,3
9606.ENSP00000484175,2.53,1
9606.ENSP00000377115,2.53,2
9606.ENSP00000263980,2.53,2
9606.ENSP00000368273,2.53,3
9606.ENSP00000263464,2.52,2
9606.ENSP00000415822,2.52,2
9606.ENSP00000361995,2.52,1
9606.ENSP00000357297,2.52,1
9606.ENSP00000373343,2.52,15
9606.ENSP00000216106,2.52,1
9606.ENSP00000253778,2.52,7
9606.ENSP00000330391,2.52,1
9606.ENSP00000357323,2.51,4
9606.ENSP00000365938,2.51,20
9606.ENSP00000314992,2.51,4
9606.ENSP00000437550,2.5,4
9606.ENSP00000306760,2.5,6
9606.ENSP00000380044,2.5,5
9606.ENSP00000383067,2.5,5
9606.ENSP00000315564,2.5,4
9606.ENSP00000429168,2.5,1
9606.ENSP00000367406,2.49,18
9606.ENSP00000299687,2.49,7
9606.ENSP00000445905,2.48,4
9606.ENSP00000373489,2.48,39
9606.ENSP00000374205,2.47,4
9606.ENSP00000297954,2.47,19
9606.ENSP00000434515,2.47,3
9606.ENSP00000247270,2.46,1
9606.ENSP00000295408,2.46,8
9606.ENSP00000329932,2.46,4
9606.ENSP00000352645,2.46,4
9606.ENSP00000335557,2.45,1
9606.ENSP00000271139,2.45,4
9606.ENSP00000304670,2.45,1
9606.ENSP00000329748,2.45,16
9606.ENSP00000466477,2.45,4
9606.ENSP00000383295,2.45,21
9606.ENSP00000261592,2.45,11
9606.ENSP00000300961,2.45,3
9606.ENSP00000321345,2.44,6
9606.ENSP00000339834,2.44,2
9606.ENSP00000401645,2.44,1
9606.ENSP00000334952,2.44,4
9606.ENSP00000445135,2.44,11
9606.ENSP00000362344,2.43,2
9606.ENSP00000338532,2.42,1
9606.ENSP00000347507,2.42,55
9606.ENSP00000481912,2.42,1
9606.ENSP00000311095,2.42,1
9606.ENSP00000396068,2.42,6
9606.ENSP00000457168,2.42,8
9606.ENSP00000361616,2.42,1
9606.ENSP00000287239,2.42,11
9606.ENSP00000263593,2.41,2
9606.ENSP00000384262,2.41,2
9606.ENSP00000374424,2.41,3
9606.ENSP00000373420,2.41,5
9606.ENSP00000357631,2.41,4
9606.ENSP00000223167,2.4,5
9606.ENSP00000358862,2.4,1
9606.ENSP00000420211,2.4,2
9606.ENSP00000292524,2.4,2
9606.ENSP00000280362,2.4,2
9606.ENSP00000367880,2.4,4
9606.ENSP00000418721,2.39,4
9606.ENSP00000397435,2.39,4
9606.ENSP00000415464,2.39,5
9606.ENSP00000264230,2.39,4
9606.ENSP00000350681,2.38,1
9606.ENSP00000323879,2.38,1
9606.ENSP00000360718,2.38,6
9606.ENSP00000345494,2.38,1
9606.ENSP00000262865,2.38,2
9606.ENSP00000386146,2.37,1
9606.ENSP00000283206,2.37,5
9606.ENSP00000496848,2.37,2
9606.ENSP00000261497,2.37,1
9606.ENSP00000343273,2.37,1
9606.ENSP00000385632,2.37,1
9606.ENSP00000351536,2.36,2
9606.ENSP00000301336,2.36,10
9606.ENSP00000448083,2.36,1
9606.ENSP00000438574,2.36,3
9606.ENSP00000390232,2.36,6
9606.ENSP00000364140,2.36,21
9606.ENSP00000447297,2.36,3
9606.ENSP00000216223,2.36,2
9606.ENSP00000369599,2.35,9
9606.ENSP00000340975,2.35,1
9606.ENSP00000442563,2.35,35
9606.ENSP00000378265,2.35,3
9606.ENSP00000367346,2.35,2
9606.ENSP00000254722,2.35,3
9606.ENSP00000342924,2.35,4
9606.ENSP00000313140,2.35,2
9606.ENSP00000381008,2.34,133
9606.ENSP00000332504,2.34,6
9606.ENSP00000455561,2.34,1
9606.ENSP00000348089,2.34,5
9606.ENSP00000350491,2.34,4
9606.ENSP00000357080,2.33,1
9606.ENSP00000261249,2.33,2
9606.ENSP00000232501,2.33,1
9606.ENSP00000314608,2.33,2
9606.ENSP00000364476,2.33,2
9606.ENSP00000341117,2.33,1
9606.ENSP00000256649,2.32,3
9606.ENSP00000370803,2.32,3
9606.ENSP00000351619,2.32,2
9606.ENSP00000438863,2.32,1
9606.ENSP00000230122,2.32,2
9606.ENSP00000316054,2.31,3
9606.ENSP00000307854,2.31,3
9606.ENSP00000319597,2.31,1
9606.ENSP00000478026,2.31,7
9606.ENSP00000261596,2.31,2
9606.ENSP00000465776,2.31,4
9606.ENSP00000450281,2.3,1
9606.ENSP00000295628,2.3,1
9606.ENSP00000263707,2.3,4
9606.ENSP00000362399,2.3,2
9606.ENSP00000296953,2.3,2
9606.ENSP00000363891,2.3,4
9606.ENSP00000298125,2.3,3
9606.ENSP00000357315,2.29,6
9606.ENSP00000393963,2.29,41
9606.ENSP00000264926,2.29,2
9606.ENSP00000359119,2.29,8
9606.ENSP00000361158,2.29,1
9606.ENSP00000371517,2.29,1
9606.ENSP00000501254,2.28,6
9606.ENSP00000446917,2.28,2
9606.ENSP00000296603,2.27,2
9606.ENSP00000303028,2.27,3
9606.ENSP00000317224,2.26,2
9606.ENSP00000370394,2.26,4
9606.ENSP00000244751,2.26,15
9606.ENSP00000307634,2.26,3
9606.ENSP00000497072,2.26,2
9606.ENSP00000354826,2.26,4
9606.ENSP00000385216,2.25,5
9606.ENSP00000401566,2.25,4
9606.ENSP00000318982,2.25,2
9606.ENSP00000366271,2.24,5
9606.ENSP00000263035,2.24,2
9606.ENSP00000259365,2.24,4
9606.ENSP00000268919,2.24,7
9606.ENSP00000281282,2.24,9
9606.ENSP00000359683,2.23,3
9606.ENSP00000382646,2.23,1
9606.ENSP00000482604,2.23,1
9606.ENSP00000417132,2.22,2
9606.ENSP00000006658,2.22,2
9606.ENSP00000320563,2.22,9
9606.ENSP00000308759,2.21,2
9606.ENSP00000280904,2.2,3
9606.ENSP00000471493,2.2,1
9606.ENSP00000410798,2.2,1
9606.ENSP00000379500,2.2,5
9606.ENSP00000281146,2.2,1
9606.ENSP00000346359,2.2,4
9606.ENSP00000384848,2.19,2
9606.ENSP00000223026,2.19,5
9606.ENSP00000247194,2.19,1
9606.ENSP00000326630,2.19,2
9606.ENSP00000248846,2.19,7
9606.ENSP00000295087,2.18,1
9606.ENSP00000346733,2.18,7
9606.ENSP00000371886,2.17,7
9606.ENSP00000386292,2.17,1
9606.ENSP00000227155,2.17,1
9606.ENSP00000356925,2.17,5
9606.ENSP00000354335,2.17,1
9606.ENSP00000403397,2.16,1
9606.ENSP00000375629,2.16,3
9606.ENSP00000385695,2.15,11
9606.ENSP00000489776,2.15,2
9606.ENSP00000282344,2.15,1
9606.ENSP00000411821,2.15,6
9606.ENSP00000269740,2.15,3
9606.ENSP00000352288,2.15,7
9606.ENSP00000472160,2.15,6
9606.ENSP00000302586,2.15,1
9606.ENSP00000341957,2.14,2
9606.ENSP00000470788,2.14,1
9606.ENSP00000348714,2.14,2
9606.ENSP00000332433,2.13,1
9606.ENSP00000404381,2.13,1
9606.ENSP00000219611,2.13,3
9606.ENSP00000301463,2.13,1
9606.ENSP00000441927,2.12,2
9606.ENSP00000379612,2.12,5
9606.ENSP00000331211,2.11,1
9606.ENSP00000360107,2.11,5
9606.ENSP00000377577,2.11,7
9606.ENSP00000376178,2.11,4
9606.ENSP00000367797,2.11,1
9606.ENSP00000384183,2.11,1
9606.ENSP00000457258,2.1,1
9606.ENSP00000491537,2.1,1
9606.ENSP00000307041,2.1,5
9606.ENSP00000385995,2.1,14
9606.ENSP00000367644,2.1,8
9606.ENSP00000282226,2.09,7
9606.ENSP00000366645,2.09,1
9606.ENSP00000359799,2.09,2
9606.ENSP00000395538,2.09,27
9606.ENSP00000412363,2.09,3
9606.ENSP00000347924,2.09,3
9606.ENSP00000480221,2.09,7
9606.ENSP00000323872,2.09,1
9606.ENSP00000390535,2.08,7
9606.ENSP00000385006,2.08,2
9606.ENSP00000398124,2.08,2
9606.ENSP00000288221,2.07,2
9606.ENSP00000373176,2.07,1
9606.ENSP00000348299,2.07,3
9606.ENSP00000329466,2.07,1
9606.ENSP00000343158,2.06,10
9606.ENSP00000391381,2.06,5
9606.ENSP00000313752,2.06,3
9606.ENSP00000324203,2.06,1
9606.ENSP00000282111,2.05,5
9606.ENSP00000386043,2.05,5
9606.ENSP00000348019,2.05,3
9606.ENSP00000478070,2.05,1
9606.ENSP00000462729,2.05,3
9606.ENSP00000268797,2.05,1
9606.ENSP00000498010,2.05,3
9606.ENSP00000323811,2.04,2
9606.ENSP00000378015,2.04,3
9606.ENSP00000490424,2.04,3
9606.ENSP00000349087,2.04,1
9606.ENSP00000316543,2.04,9
9606.ENSP00000355459,2.04,1
9606.ENSP00000299237,2.04,6
9606.ENSP00000386096,2.04,29
9606.ENSP00000415941,2.03,8
9606.ENSP00000282020,2.03,4
9606.ENSP00000247219,2.03,2
9606.ENSP00000261880,2.03,1
9606.ENSP00000382423,2.03,2
9606.ENSP00000385021,2.02,4
9606.ENSP00000310149,2.02,7
9606.ENSP00000384570,2.02,3
9606.ENSP00000296657,2.02,9
9606.ENSP00000356016,2.01,9
9606.ENSP00000196061,2.01,3
9606.ENSP00000363377,2.01,3
9606.ENSP00000357012,2.01,2
9606.ENSP00000338283,2.01,1
9606.ENSP00000386289,2,1
9606.ENSP00000479816,2,3
9606.ENSP00000493327,2,7
9606.ENSP00000361866,2,1
9606.ENSP00000211076,2,2
9606.ENSP00000320188,2,1
9606.ENSP00000346603,2,4
9606.ENSP00000347224,1.99,1
9606.ENSP00000354733,1.99,5
9606.ENSP00000387822,1.99,9
9606.ENSP00000311492,1.99,3
9606.ENSP00000262866,1.99,1
9606.ENSP00000397947,1.98,1
9606.ENSP00000343190,1.98,1
9606.ENSP00000358565,1.98,1
9606.ENSP00000297265,1.98,2
9606.ENSP00000258243,1.98,6
9606.ENSP00000377690,1.98,1
9606.ENSP00000379310,1.97,8
9606.ENSP00000436773,1.97,4
9606.ENSP00000337473,1.97,3
9606.ENSP00000453095,1.97,3
9606.ENSP00000339613,1.97,2
9606.ENSP00000464167,1.97,1
9606.ENSP00000465630,1.96,16
9606.ENSP00000245907,1.96,7
9606.ENSP00000351147,1.95,1
9606.ENSP00000338629,1.95,4
9606.ENSP00000382204,1.95,7
9606.ENSP00000353129,1.95,3
9606.ENSP00000302620,1.95,6
9606.ENSP00000350267,1.95,12
9606.ENSP00000400892,1.95,1
9606.ENSP00000219596,1.95,2
9606.ENSP00000300452,1.94,1
9606.ENSP00000251900,1.94,2
9606.ENSP00000448228,1.94,1
9606.ENSP00000395587,1.94,13
9606.ENSP00000300175,1.94,2
9606.ENSP00000345575,1.93,1
9606.ENSP00000490940,1.93,5
9606.ENSP00000352358,1.93,14
9606.ENSP00000261866,1.92,8
9606.ENSP00000296679,1.92,1
9606.ENSP00000361788,1.92,1
9606.ENSP00000333275,1.91,1
9606.ENSP00000356047,1.91,2
9606.ENSP00000368358,1.91,3
9606.ENSP00000263686,1.91,2
9606.ENSP00000323068,1.91,1
9606.ENSP00000340874,1.91,3
9606.ENSP00000308944,1.91,5
9606.ENSP00000427550,1.9,7
9606.ENSP00000362540,1.9,2
9606.ENSP00000162044,1.9,1
9606.ENSP00000462879,1.9,3
9606.ENSP00000322885,1.9,1
9606.ENSP00000306561,1.9,1
9606.ENSP00000492971,1.9,7
9606.ENSP00000300850,1.9,6
9606.ENSP00000379602,1.9,2
9606.ENSP00000490935,1.9,1
9606.ENSP00000290974,1.89,2
9606.ENSP00000400312,1.89,2
9606.ENSP00000482968,1.89,11
9606.ENSP00000451369,1.88,1
9606.ENSP00000312455,1.88,2
9606.ENSP00000426421,1.88,4
9606.ENSP00000377616,1.88,10
9606.ENSP00000297293,1.88,5
9606.ENSP00000357643,1.88,9
9606.ENSP00000351475,1.87,2
9606.ENSP00000366487,1.87,1
9606.ENSP00000377504,1.87,1
9606.ENSP00000320688,1.87,3
9606.ENSP00000361285,1.87,1
9606.ENSP00000412150,1.86,2
9606.ENSP00000466542,1.86,9
9606.ENSP00000326003,1.86,3
9606.ENSP00000379895,1.86,1
9606.ENSP00000365745,1.86,1
9606.ENSP00000377570,1.86,10
9606.ENSP00000303777,1.86,5
9606.ENSP00000345023,1.85,2
9606.ENSP00000440850,1.85,4
9606.ENSP00000484288,1.85,2
9606.ENSP00000498499,1.85,4
9606.ENSP00000274605,1.85,1
9606.ENSP00000440915,1.84,2
9606.ENSP00000387882,1.84,1
9606.ENSP00000338887,1.84,2
9606.ENSP00000376071,1.84,1
9606.ENSP00000300105,1.84,6
9606.ENSP00000332034,1.84,2
9606.ENSP00000242591,1.83,1
9606.ENSP00000476510,1.83,3
9606.ENSP00000362746,1.83,3
9606.ENSP00000380602,1.83,17
9606.ENSP00000397908,1.83,2
9606.ENSP00000003084,1.83,6
9606.ENSP00000465759,1.83,6
9606.ENSP00000411256,1.83,1
9606.ENSP00000367552,1.83,1
9606.ENSP00000386210,1.82,1
9606.ENSP00000378578,1.82,3
9606.ENSP00000498665,1.82,3
9606.ENSP00000280772,1.82,11
9606.ENSP00000385610,1.82,6
9606.ENSP00000320147,1.82,1
9606.ENSP00000464317,1.82,53
9606.ENSP00000366519,1.81,1
9606.ENSP00000477716,1.81,6
9606.ENSP00000283632,1.8,1
9606.ENSP00000493386,1.8,7
9606.ENSP00000346667,1.8,15
9606.ENSP00000301202,1.8,1
9606.ENSP00000264380,1.8,4
9606.ENSP00000389910,1.8,1
9606.ENSP00000381699,1.8,1
9606.ENSP00000407822,1.8,20
9606.ENSP00000428714,1.79,3
9606.ENSP00000310998,1.79,1
9606.ENSP00000362634,1.79,5
9606.ENSP00000358617,1.79,1
9606.ENSP00000333942,1.78,2
9606.ENSP00000369695,1.78,1
9606.ENSP00000361177,1.78,8
9606.ENSP00000487174,1.78,3
9606.ENSP00000002165,1.78,3
9606.ENSP00000321271,1.78,2
9606.ENSP00000363250,1.78,1
9606.ENSP00000328327,1.77,2
9606.ENSP00000263095,1.77,2
9606.ENSP00000362795,1.77,1
9606.ENSP00000282003,1.77,5
9606.ENSP00000248643,1.77,2
9606.ENSP00000478220,1.77,1
9606.ENSP00000264157,1.77,1
9606.ENSP00000496731,1.77,1
9606.ENSP00000262891,1.76,4
9606.ENSP00000452793,1.76,1
9606.ENSP00000301305,1.76,3
9606.ENSP00000291707,1.76,3
9606.ENSP00000421736,1.76,3
9606.ENSP00000297792,1.76,5
9606.ENSP00000482063,1.76,3
9606.ENSP00000306678,1.75,11
9606.ENSP00000263054,1.75,9
9606.ENSP00000311827,1.75,3
9606.ENSP00000440826,1.75,5
9606.ENSP00000492033,1.75,1
9606.ENSP00000424838,1.75,9
9606.ENSP00000431840,1.75,3
9606.ENSP00000409964,1.74,1
9606.ENSP00000413150,1.74,1
9606.ENSP00000496158,1.74,2
9606.ENSP00000471536,1.74,1
9606.ENSP00000258955,1.74,1
9606.ENSP00000418379,1.74,11
9606.ENSP00000273588,1.73,1
9606.ENSP00000250378,1.73,2
9606.ENSP00000289547,1.73,4
9606.ENSP00000260184,1.73,7
9606.ENSP00000405890,1.72,3
9606.ENSP00000368964,1.72,4
9606.ENSP00000482749,1.72,6
9606.ENSP00000501150,1.72,7
9606.ENSP00000356658,1.72,3
9606.ENSP00000370343,1.71,3
9606.ENSP00000235372,1.71,4
9606.ENSP00000264151,1.71,1
9606.ENSP00000303575,1.71,1
9606.ENSP00000298630,1.71,1
9606.ENSP00000302657,1.71,1
9606.ENSP00000448419,1.71,7
9606.ENSP00000379241,1.71,1
9606.ENSP00000485033,1.7,21
9606.ENSP00000367343,1.7,8
9606.ENSP00000359469,1.7,5
9606.ENSP00000344937,1.7,1
9606.ENSP00000261435,1.7,4
9606.ENSP00000346916,1.7,5
9606.ENSP00000310338,1.69,3
9606.ENSP00000331636,1.69,1
9606.ENSP00000340330,1.69,1
9606.ENSP00000221856,1.69,1
9606.ENSP00000362330,1.69,13
9606.ENSP00000293851,1.68,3
9606.ENSP00000424757,1.68,5
9606.ENSP00000364831,1.68,7
9606.ENSP00000363558,1.67,10
9606.ENSP00000376141,1.67,2
9606.ENSP00000483300,1.67,6
9606.ENSP00000369131,1.67,5
9606.ENSP00000301190,1.67,3
9606.ENSP00000216468,1.67,1
9606.ENSP00000403888,1.67,1
9606.ENSP00000482515,1.66,2
9606.ENSP00000398698,1.66,1
9606.ENSP00000373301,1.66,2
9606.ENSP00000358753,1.66,1
9606.ENSP00000378690,1.66,2
9606.ENSP00000482437,1.66,4
9606.ENSP00000330098,1.66,1
9606.ENSP00000263791,1.66,4
9606.ENSP00000365908,1.66,6
9606.ENSP00000370372,1.66,3
9606.ENSP00000377245,1.66,2
9606.ENSP00000215941,1.66,2
9606.ENSP00000383234,1.66,7
9606.ENSP00000393762,1.65,4
9606.ENSP00000383199,1.65,5
9606.ENSP00000409555,1.65,4
9606.ENSP00000415049,1.65,1
9606.ENSP00000287706,1.65,4
9606.ENSP00000358596,1.65,6
9606.ENSP00000275216,1.65,2
9606.ENSP00000391311,1.64,5
9606.ENSP00000370981,1.64,1
9606.ENSP00000335040,1.64,2
9606.ENSP00000379891,1.64,2
9606.ENSP00000335655,1.64,12
9606.ENSP00000384477,1.64,1
9606.ENSP00000349781,1.64,5
9606.ENSP00000444812,1.64,3
9606.ENSP00000380184,1.64,1
9606.ENSP00000413029,1.63,1
9606.ENSP00000448998,1.63,1
9606.ENSP00000357453,1.63,3
9606.ENSP00000482313,1.63,4
9606.ENSP00000305055,1.62,2
9606.ENSP00000414150,1.62,4
9606.ENSP00000443176,1.62,3
9606.ENSP00000482502,1.62,3
9606.ENSP00000492795,1.62,2
9606.ENSP00000284142,1.62,6
9606.ENSP00000376453,1.61,1
9606.ENSP00000380785,1.61,1
9606.ENSP00000261839,1.61,16
9606.ENSP00000392906,1.61,6
9606.ENSP00000453854,1.61,2
9606.ENSP00000328269,1.61,5
9606.ENSP00000414068,1.6,2
9606.ENSP00000464218,1.6,3
9606.ENSP00000357175,1.6,1
9606.ENSP00000380690,1.6,5
9606.ENSP00000265807,1.6,22
9606.ENSP00000269945,1.6,4
9606.ENSP00000308032,1.59,1
9606.ENSP00000364519,1.59,1
9606.ENSP00000298139,1.59,14
9606.ENSP00000371188,1.59,1
9606.ENSP00000271452,1.59,1
9606.ENSP00000261208,1.59,4
9606.ENSP00000486891,1.59,5
9606.ENSP00000354497,1.59,5
9606.ENSP00000352846,1.59,9
9606.ENSP00000298532,1.58,3
9606.ENSP00000447091,1.58,1
9606.ENSP00000339179,1.58,1
9606.ENSP00000358894,1.58,8
9606.ENSP00000265967,1.58,3
9606.ENSP00000482032,1.58,1
9606.ENSP00000468308,1.58,1
9606.ENSP00000496817,1.58,1
9606.ENSP00000337889,1.58,3
9606.ENSP00000346065,1.57,28
9606.ENSP00000335620,1.57,1
9606.ENSP00000392660,1.57,3
9606.ENSP00000348234,1.57,3
9606.ENSP00000358478,1.57,5
9606.ENSP00000417510,1.57,1
9606.ENSP00000415203,1.57,3
9606.ENSP00000361298,1.56,7
9606.ENSP00000373854,1.56,7
9606.ENSP00000359181,1.56,1
9606.ENSP00000495360,1.56,4
9606.ENSP00000391739,1.56,1
9606.ENSP00000387239,1.56,4
9606.ENSP00000357199,1.56,5
9606.ENSP00000326240,1.56,4
9606.ENSP00000396330,1.56,3
9606.ENSP00000359579,1.56,1
9606.ENSP00000356437,1.55,4
9606.ENSP00000263265,1.55,14
9606.ENSP00000373073,1.55,1
9606.ENSP00000453012,1.55,1
9606.ENSP00000007735,1.55,10
9606.ENSP00000239830,1.55,9
9606.ENSP00000420168,1.55,1
9606.ENSP00000357362,1.54,2
9606.ENSP00000316605,1.54,1
9606.ENSP00000355652,1.54,1
9606.ENSP00000297625,1.54,6
9606.ENSP00000396688,1.54,7
9606.ENSP00000256255,1.54,1
9606.ENSP00000450842,1.54,2
9606.ENSP00000355141,1.54,1
9606.ENSP00000416037,1.53,8
9606.ENSP00000288490,1.53,4
9606.ENSP00000318270,1.53,1
9606.ENSP00000314556,1.53,9
9606.ENSP00000345716,1.53,4
9606.ENSP00000381577,1.53,9
9606.ENSP00000424497,1.53,2
9606.ENSP00000320757,1.53,1
9606.ENSP00000003100,1.52,2
9606.ENSP00000319914,1.52,2
9606.ENSP00000387982,1.51,3
9606.ENSP00000260743,1.51,1
9606.ENSP00000279024,1.51,5
9606.ENSP00000376013,1.51,2
9606.ENSP00000478104,1.51,8
9606.ENSP00000493161,1.51,2
9606.ENSP00000402092,1.51,1
9606.ENSP00000399392,1.51,34
9606.ENSP00000363822,1.51,1
9606.ENSP00000355751,1.5,6
9606.ENSP00000322956,1.5,4
9606.ENSP00000264554,1.5,2
9606.ENSP00000423820,1.5,11
9606.ENSP00000366506,1.49,2
9606.ENSP00000410269,1.49,3
9606.ENSP00000400113,1.49,1
9606.ENSP00000357152,1.49,2
9606.ENSP00000477613,1.49,4
9606.ENSP00000206262,1.49,3
9606.ENSP00000498700,1.49,6
9606.ENSP00000266269,1.49,4
9606.ENSP00000484736,1.49,1
9606.ENSP00000417196,1.48,4
9606.ENSP00000419395,1.48,1
9606.ENSP00000465676,1.48,2
9606.ENSP00000170150,1.48,6
9606.ENSP00000350574,1.48,1
9606.ENSP00000480524,1.48,8
9606.ENSP00000309714,1.48,9
9606.ENSP00000359446,1.47,1
9606.ENSP00000360797,1.47,3
9606.ENSP00000399588,1.47,1
9606.ENSP00000360028,1.47,1
9606.ENSP00000376500,1.47,3
9606.ENSP00000259711,1.47,10
9606.ENSP00000405514,1.47,7
9606.ENSP00000355261,1.47,3
9606.ENSP00000376823,1.47,4
9606.ENSP00000318799,1.46,1
9606.ENSP00000371110,1.46,6
9606.ENSP00000219271,1.46,1
9606.ENSP00000351207,1.45,3
9606.ENSP00000406723,1.45,8
9606.ENSP00000225916,1.45,2
9606.ENSP00000248668,1.45,8
9606.ENSP00000353332,1.45,4
9606.ENSP00000412292,1.45,2
9606.ENSP00000306888,1.45,8
9606.ENSP00000364482,1.44,1
9606.ENSP00000394794,1.44,21
9606.ENSP00000384084,1.44,5
9606.ENSP00000266712,1.44,3
9606.ENSP00000315006,1.44,4
9606.ENSP00000497880,1.44,1
9606.ENSP00000397026,1.44,6
9606.ENSP00000376609,1.44,4
9606.ENSP00000334474,1.44,3
9606.ENSP00000410561,1.44,18
9606.ENSP00000296575,1.44,12
9606.ENSP00000345436,1.43,15
9606.ENSP00000353128,1.43,36
9606.ENSP00000281419,1.43,4
9606.ENSP00000262345,1.43,1
9606.ENSP00000264316,1.43,1
9606.ENSP00000425979,1.43,3
9606.ENSP00000353922,1.43,5
9606.ENSP00000386921,1.43,3
9606.ENSP00000311816,1.43,4
9606.ENSP00000288228,1.42,1
9606.ENSP00000393099,1.42,3
9606.ENSP00000295887,1.42,1
9606.ENSP00000258991,1.42,2
9606.ENSP00000435585,1.42,1
9606.ENSP00000414597,1.42,8
9606.ENSP00000260116,1.41,3
9606.ENSP00000371018,1.41,2
9606.ENSP00000352584,1.41,3
9606.ENSP00000370710,1.41,2
9606.ENSP00000377617,1.41,1
9606.ENSP00000265381,1.41,6
9606.ENSP00000412237,1.4,2
9606.ENSP00000323945,1.4,4
9606.ENSP00000450461,1.4,2
9606.ENSP00000437468,1.4,9
9606.ENSP00000243776,1.4,15
9606.ENSP00000463254,1.4,6
9606.ENSP00000300179,1.4,2
9606.ENSP00000387211,1.39,1
9606.ENSP00000264228,1.39,1
9606.ENSP00000359581,1.39,1
9606.ENSP00000354053,1.39,2
9606.ENSP00000346927,1.39,2
9606.ENSP00000360776,1.39,1
9606.ENSP00000308895,1.39,4
9606.ENSP00000366288,1.39,5
9606.ENSP00000369346,1.38,1
9606.ENSP00000371067,1.38,6
9606.ENSP00000437464,1.38,3
9606.ENSP00000210187,1.38,4
9606.ENSP00000262525,1.38,3
9606.ENSP00000362057,1.38,1
9606.ENSP00000262903,1.38,4
9606.ENSP00000493121,1.38,3
9606.ENSP00000376615,1.38,1
9606.ENSP00000363895,1.37,4
9606.ENSP00000478878,1.37,13
9606.ENSP00000416289,1.37,1
9606.ENSP00000401089,1.37,2
9606.ENSP00000286639,1.37,2
9606.ENSP00000226730,1.37,1
9606.ENSP00000439402,1.37,2
9606.ENSP00000401513,1.37,12
9606.ENSP00000356984,1.37,11
9606.ENSP00000426083,1.37,1
9606.ENSP00000232461,1.37,9
9606.ENSP00000262210,1.37,11
9606.ENSP00000313811,1.37,1
9606.ENSP00000337854,1.36,1
9606.ENSP00000495949,1.36,1
9606.ENSP00000343081,1.36,2
9606.ENSP00000420256,1.36,3
9606.ENSP00000454973,1.36,4
9606.ENSP00000364579,1.36,1
9606.ENSP00000255409,1.35,3
9606.ENSP00000266483,1.35,2
9606.ENSP00000446278,1.35,2
9606.ENSP00000395793,1.35,1
9606.ENSP00000477878,1.35,2
9606.ENSP00000339916,1.35,4
9606.ENSP00000386881,1.35,14
9606.ENSP00000361027,1.35,1
9606.ENSP00000289248,1.35,4
9606.ENSP00000156084,1.34,1
9606.ENSP00000371054,1.34,2
9606.ENSP00000231887,1.34,1
9606.ENSP00000360167,1.34,36
9606.ENSP00000404570,1.34,49
9606.ENSP00000338807,1.33,1
9606.ENSP00000485428,1.33,1
9606.ENSP00000243045,1.33,1
9606.ENSP00000377724,1.33,1
9606.ENSP00000310620,1.33,2
9606.ENSP00000337133,1.33,3
9606.ENSP00000440246,1.33,3
9606.ENSP00000474071,1.33,4
9606.ENSP00000322276,1.33,1
9606.ENSP00000354932,1.32,1
9606.ENSP00000340409,1.32,4
9606.ENSP00000478290,1.32,3
9606.ENSP00000374234,1.32,1
9606.ENSP00000281441,1.32,3
9606.ENSP00000251372,1.32,2
9606.ENSP00000417659,1.32,2
9606.ENSP00000251337,1.32,11
9606.ENSP00000366984,1.31,9
9606.ENSP00000160373,1.31,24
9606.ENSP00000419539,1.31,11
9606.ENSP00000391803,1.31,2
9606.ENSP00000347409,1.3,2
9606.ENSP00000433681,1.3,3
9606.ENSP00000277903,1.3,1
9606.ENSP00000354671,1.3,5
9606.ENSP00000417401,1.3,5
9606.ENSP00000262713,1.3,1
9606.ENSP00000349143,1.3,4
9606.ENSP00000488929,1.3,4
9606.ENSP00000475957,1.29,1
9606.ENSP00000497230,1.29,1
9606.ENSP00000265709,1.29,4
9606.ENSP00000251768,1.29,1
9606.ENSP00000480484,1.29,4
9606.ENSP00000211122,1.29,1
9606.ENSP00000499676,1.29,5
9606.ENSP00000285871,1.29,1
9606.ENSP00000371291,1.28,1
9606.ENSP00000312770,1.28,1
9606.ENSP00000417289,1.28,11
9606.ENSP00000297578,1.28,1
9606.ENSP00000435466,1.28,4
9606.ENSP00000358999,1.28,1
9606.ENSP00000462980,1.28,9
9606.ENSP00000376465,1.27,1
9606.ENSP00000357474,1.27,3
9606.ENSP00000378557,1.27,4
9606.ENSP00000351138,1.27,2
9606.ENSP00000355747,1.27,2
9606.ENSP00000286827,1.27,4
9606.ENSP00000380353,1.27,1
9606.ENSP00000323302,1.26,2
9606.ENSP00000298317,1.26,1
9606.ENSP00000335055,1.26,1
9606.ENSP00000211936,1.26,3
9606.ENSP00000355902,1.26,1
9606.ENSP00000388510,1.26,3
9606.ENSP00000346874,1.26,1
9606.ENSP00000406472,1.25,18
9606.ENSP00000354376,1.25,2
9606.ENSP00000347933,1.25,2
9606.ENSP00000352458,1.25,2
9606.ENSP00000381339,1.25,9
9606.ENSP00000374633,1.25,2
9606.ENSP00000310547,1.25,1
9606.ENSP00000365007,1.24,3
9606.ENSP00000443985,1.24,1
9606.ENSP00000281092,1.24,5
9606.ENSP00000498260,1.24,5
9606.ENSP00000303997,1.24,2
9606.ENSP00000354476,1.24,8
9606.ENSP00000440077,1.24,13
9606.ENSP00000369390,1.24,18
9606.ENSP00000306328,1.24,1
9606.ENSP00000277517,1.24,1
9606.ENSP00000396918,1.24,1
9606.ENSP00000364028,1.23,1
9606.ENSP00000257215,1.23,4
9606.ENSP00000209668,1.23,1
9606.ENSP00000442788,1.23,18
9606.ENSP00000358815,1.23,6
9606.ENSP00000364635,1.23,3
9606.ENSP00000326649,1.23,1
9606.ENSP00000263056,1.23,2
9606.ENSP00000369014,1.23,1
9606.ENSP00000242315,1.22,11
9606.ENSP00000375821,1.22,4
9606.ENSP00000493323,1.22,2
9606.ENSP00000360316,1.22,1
9606.ENSP00000442307,1.22,2
9606.ENSP00000309899,1.22,2
9606.ENSP00000264245,1.21,6
9606.ENSP00000318094,1.21,1
9606.ENSP00000496779,1.21,2
9606.ENSP00000320509,1.21,1
9606.ENSP00000259963,1.21,4
9606.ENSP00000473153,1.21,6
9606.ENSP00000202556,1.21,3
9606.ENSP00000332296,1.21,2
9606.ENSP00000347823,1.2,15
9606.ENSP00000378077,1.2,1
9606.ENSP00000300778,1.2,5
9606.ENSP00000365884,1.19,10
9606.ENSP00000331879,1.19,1
9606.ENSP00000268720,1.19,13
9606.ENSP00000265382,1.19,2
9606.ENSP00000255858,1.18,5
9606.ENSP00000460823,1.18,1
9606.ENSP00000347742,1.18,4
9606.ENSP00000359600,1.18,2
9606.ENSP00000227451,1.18,6
9606.ENSP00000259324,1.18,2
9606.ENSP00000484634,1.18,5
9606.ENSP00000334216,1.18,2
9606.ENSP00000493985,1.17,7
9606.ENSP00000347712,1.17,5
9606.ENSP00000307183,1.17,1
9606.ENSP00000305372,1.17,2
9606.ENSP00000482396,1.17,5
9606.ENSP00000347055,1.17,1
9606.ENSP00000280614,1.17,3
9606.ENSP00000348416,1.17,7
9606.ENSP00000433769,1.17,1
9606.ENSP00000327459,1.16,2
9606.ENSP00000356599,1.16,1
9606.ENSP00000368994,1.16,3
9606.ENSP00000492233,1.16,4
9606.ENSP00000257548,1.16,1
9606.ENSP00000336775,1.16,8
9606.ENSP00000324956,1.16,1
9606.ENSP00000272238,1.16,4
9606.ENSP00000315557,1.15,2
9606.ENSP00000301332,1.15,7
9606.ENSP00000375904,1.15,1
9606.ENSP00000302719,1.15,2
9606.ENSP00000258526,1.15,2
9606.ENSP00000358391,1.15,2
9606.ENSP00000447121,1.14,6
9606.ENSP00000305334,1.14,1
9606.ENSP00000328478,1.14,2
9606.ENSP00000471646,1.14,1
9606.ENSP00000332656,1.14,2
9606.ENSP00000254066,1.14,2
9606.ENSP00000358042,1.14,1
9606.ENSP00000338806,1.14,1
9606.ENSP00000450244,1.14,12
9606.ENSP00000473233,1.14,2
9606.ENSP00000226760,1.14,1
9606.ENSP00000472919,1.14,6
9606.ENSP00000369963,1.14,1
9606.ENSP00000359160,1.14,1
9606.ENSP00000315064,1.14,1
9606.ENSP00000376417,1.14,1
9606.ENSP00000392410,1.14,7
9606.ENSP00000263382,1.13,1
9606.ENSP00000376135,1.13,2
9606.ENSP00000419901,1.13,5
9606.ENSP00000365016,1.13,3
9606.ENSP00000423309,1.13,4
9606.ENSP00000415436,1.13,1
9606.ENSP00000260723,1.13,5
9606.ENSP00000221980,1.13,2
9606.ENSP00000467123,1.13,9
9606.ENSP00000460547,1.13,1
9606.ENSP00000344299,1.13,1
9606.ENSP00000285046,1.13,2
9606.ENSP00000269214,1.13,2
9606.ENSP00000477973,1.12,8
9606.ENSP00000356265,1.12,5
9606.ENSP00000356155,1.12,2
9606.ENSP00000264170,1.12,1
9606.ENSP00000383178,1.12,3
9606.ENSP00000216513,1.12,1
9606.ENSP00000212355,1.12,1
9606.ENSP00000402608,1.12,7
9606.ENSP00000436713,1.11,1
9606.ENSP00000295240,1.11,1
9606.ENSP00000405726,1.11,1
9606.ENSP00000404079,1.11,6
9606.ENSP00000423665,1.11,18
9606.ENSP00000373648,1.11,1
9606.ENSP00000305976,1.11,7
9606.ENSP00000278070,1.1,7
9606.ENSP00000360793,1.1,9
9606.ENSP00000384830,1.1,1
9606.ENSP00000251119,1.1,5
9606.ENSP00000353132,1.1,2
9606.ENSP00000200676,1.09,1
9606.ENSP00000369976,1.09,6
9606.ENSP00000492019,1.09,2
9606.ENSP00000345984,1.09,2
9606.ENSP00000421326,1.09,1
9606.ENSP00000494896,1.09,2
9606.ENSP00000470152,1.09,2
9606.ENSP00000442795,1.09,3
9606.ENSP00000431926,1.09,1
9606.ENSP00000416606,1.08,1
9606.ENSP00000461032,1.08,1
9606.ENSP00000363103,1.08,4
9606.ENSP00000346901,1.08,1
9606.ENSP00000433102,1.08,1
9606.ENSP00000351575,1.08,3
9606.ENSP00000364430,1.08,3
9606.ENSP00000411084,1.07,7
9606.ENSP00000311778,1.07,2
9606.ENSP00000402355,1.07,1
9606.ENSP00000370270,1.07,1
9606.ENSP00000433157,1.07,1
9606.ENSP00000366522,1.07,17
9606.ENSP00000348349,1.07,9
9606.ENSP00000250111,1.07,2
9606.ENSP00000380888,1.06,2
9606.ENSP00000337335,1.06,1
9606.ENSP00000300303,1.06,3
9606.ENSP00000492944,1.06,3
9606.ENSP00000311679,1.05,1
9606.ENSP00000362238,1.05,1
9606.ENSP00000477587,1.05,1
9606.ENSP00000261845,1.05,5
9606.ENSP00000360266,1.05,1
9606.ENSP00000351209,1.05,2
9606.ENSP00000287647,1.05,5
9606.ENSP00000344929,1.04,3
9606.ENSP00000321455,1.04,3
9606.ENSP00000295727,1.04,1
9606.ENSP00000419235,1.04,3
9606.ENSP00000225964,1.04,3
9606.ENSP00000379430,1.04,2
9606.ENSP00000358932,1.04,11
9606.ENSP00000261520,1.04,2
9606.ENSP00000359485,1.03,5
9606.ENSP00000456348,1.03,1
9606.ENSP00000459580,1.03,3
9606.ENSP00000385098,1.03,3
9606.ENSP00000364731,1.03,3
9606.ENSP00000298705,1.03,1
9606.ENSP00000369967,1.03,1
9606.ENSP00000370337,1.03,3
9606.ENSP00000300051,1.03,2
9606.ENSP00000375618,1.02,2
9606.ENSP00000476746,1.02,1
9606.ENSP00000481694,1.02,1
9606.ENSP00000441755,1.02,1
9606.ENSP00000483764,1.02,10
9606.ENSP00000496394,1.02,3
9606.ENSP00000409016,1.02,2
9606.ENSP00000495726,1.02,3
9606.ENSP00000220507,1.02,1
9606.ENSP00000272134,1.02,2
9606.ENSP00000301454,1.01,2
9606.ENSP00000437872,1.01,10
9606.ENSP00000370719,1.01,11
9606.ENSP00000361475,1.01,1
9606.ENSP00000358719,1.01,1
9606.ENSP00000247956,1.01,1
9606.ENSP00000378416,1.01,3
9606.ENSP00000360576,1.01,2
9606.ENSP00000352785,1.01,1
9606.ENSP00000365536,1.01,1
9606.ENSP00000484852,1.01,7
9606.ENSP00000367691,1.01,2
9606.ENSP00000304250,1.01,4
9606.ENSP00000325421,1,1
9606.ENSP00000334003,1,2
9606.ENSP00000278935,0.999,4
9606.ENSP00000386830,0.999,1
9606.ENSP00000303766,0.999,1
9606.ENSP00000482540,0.999,2
9606.ENSP00000341044,0.999,5
9606.ENSP00000258428,0.994,2
9606.ENSP00000358813,0.992,1
9606.ENSP00000354583,0.991,4
9606.ENSP00000394734,0.991,1
9606.ENSP00000493820,0.988,1
9606.ENSP00000297029,0.986,7
9606.ENSP00000355133,0.985,6
9606.ENSP00000416696,0.984,2
9606.ENSP00000489774,0.984,5
9606.ENSP00000367823,0.983,3
9606.ENSP00000257312,0.982,1
9606.ENSP00000355377,0.98,1
9606.ENSP00000366827,0.98,5
9606.ENSP00000365807,0.978,3
9606.ENSP00000262096,0.974,3
9606.ENSP00000480316,0.974,2
9606.ENSP00000496151,0.973,3
9606.ENSP00000295878,0.971,2
9606.ENSP00000364591,0.971,1
9606.ENSP00000441405,0.97,3
9606.ENSP00000492957,0.97,3
9606.ENSP00000301037,0.97,3
9606.ENSP00000426548,0.969,2
9606.ENSP00000345151,0.969,3
9606.ENSP00000392936,0.969,3
9606.ENSP00000358582,0.966,1
9606.ENSP00000344545,0.966,1
9606.ENSP00000430276,0.964,2
9606.ENSP00000359206,0.964,2
9606.ENSP00000294600,0.964,3
9606.ENSP00000333926,0.963,10
9606.ENSP00000265723,0.963,6
9606.ENSP00000263408,0.962,5
9606.ENSP00000334140,0.962,2
9606.ENSP00000263851,0.958,1
9606.ENSP00000379804,0.958,6
9606.ENSP00000368314,0.957,5
9606.ENSP00000361557,0.957,1
9606.ENSP00000479773,0.955,11
9606.ENSP00000481780,0.954,7
9606.ENSP00000496876,0.951,1
9606.ENSP00000482245,0.95,5
9606.ENSP00000359370,0.95,8
9606.ENSP00000436836,0.95,1
9606.ENSP00000361160,0.95,1
9606.ENSP00000281928,0.948,3
9606.ENSP00000259746,0.948,1
9606.ENSP00000356104,0.947,5
9606.ENSP00000332969,0.944,10
9606.ENSP00000485216,0.944,1
9606.ENSP00000334452,0.942,1
9606.ENSP00000410890,0.942,5
9606.ENSP00000445002,0.936,2
9606.ENSP00000264664,0.935,2
9606.ENSP00000473623,0.935,3
9606.ENSP00000275815,0.935,1
9606.ENSP00000329918,0.933,4
9606.ENSP00000262461,0.932,4
9606.ENSP00000488251,0.931,6
9606.ENSP00000275730,0.928,1
9606.ENSP00000263674,0.926,6
9606.ENSP00000400099,0.926,2
9606.ENSP00000340820,0.924,2
9606.ENSP00000362217,0.923,5
9606.ENSP00000295746,0.923,1
9606.ENSP00000248384,0.922,3
9606.ENSP00000313384,0.922,3
9606.ENSP00000369677,0.921,1
9606.ENSP00000216489,0.921,1
9606.ENSP00000420919,0.919,1
9606.ENSP00000364118,0.918,1
9606.ENSP00000397673,0.918,3
9606.ENSP00000368066,0.917,2
9606.ENSP00000260526,0.917,6
9606.ENSP00000347232,0.916,1
9606.ENSP00000345555,0.916,1
9606.ENSP00000430031,0.916,2
9606.ENSP00000441954,0.914,1
9606.ENSP00000341944,0.913,2
9606.ENSP00000442954,0.911,8
9606.ENSP00000373700,0.911,12
9606.ENSP00000367705,0.91,5
9606.ENSP00000355837,0.91,7
9606.ENSP00000276570,0.909,1
9606.ENSP00000371073,0.909,2
9606.ENSP00000316948,0.908,1
9606.ENSP00000341189,0.908,5
9606.ENSP00000371940,0.908,3
9606.ENSP00000412388,0.906,1
9606.ENSP00000313243,0.906,3
9606.ENSP00000252804,0.905,2
9606.ENSP00000256637,0.904,1
9606.ENSP00000449716,0.904,1
9606.ENSP00000498994,0.902,4
9606.ENSP00000445440,0.899,1
9606.ENSP00000410242,0.899,2
9606.ENSP00000276925,0.898,2
9606.ENSP00000410198,0.898,4
9606.ENSP00000500333,0.897,1
9606.ENSP00000362392,0.896,1
9606.ENSP00000287474,0.896,5
9606.ENSP00000314724,0.895,8
9606.ENSP00000353793,0.895,1
9606.ENSP00000307959,0.895,46
9606.ENSP00000497734,0.895,5
9606.ENSP00000478345,0.895,2
9606.ENSP00000323795,0.894,1
9606.ENSP00000360623,0.894,2
9606.ENSP00000345270,0.893,1
9606.ENSP00000488117,0.892,6
9606.ENSP00000495214,0.892,11
9606.ENSP00000297767,0.891,3
9606.ENSP00000391692,0.89,7
9606.ENSP00000349490,0.889,6
9606.ENSP00000078429,0.887,3
9606.ENSP00000500034,0.887,1
9606.ENSP00000404296,0.885,1
9606.ENSP00000357494,0.884,8
9606.ENSP00000294244,0.883,9
9606.ENSP00000478478,0.882,7
9606.ENSP00000490280,0.882,2
9606.ENSP00000362547,0.88,3
9606.ENSP00000379387,0.88,4
9606.ENSP00000251203,0.88,1
9606.ENSP00000450895,0.879,3
9606.ENSP00000470323,0.879,2
9606.ENSP00000363161,0.877,3
9606.ENSP00000333300,0.875,2
9606.ENSP00000436604,0.875,4
9606.ENSP00000364956,0.874,2
9606.ENSP00000269586,0.873,1
9606.ENSP00000440504,0.872,3
9606.ENSP00000305769,0.872,1
9606.ENSP00000417235,0.872,7
9606.ENSP00000312624,0.871,1
9606.ENSP00000431010,0.869,2
9606.ENSP00000383599,0.868,4
9606.ENSP00000369071,0.868,3
9606.ENSP00000380594,0.866,2
9606.ENSP00000356737,0.864,2
9606.ENSP00000402152,0.862,4
9606.ENSP00000480763,0.862,11
9606.ENSP00000299320,0.861,11
9606.ENSP00000342538,0.859,1
9606.ENSP00000376287,0.858,1
9606.ENSP00000364860,0.856,5
9606.ENSP00000456894,0.856,2
9606.ENSP00000358165,0.855,2
9606.ENSP00000359434,0.855,6
9606.ENSP00000423099,0.855,6
9606.ENSP00000261195,0.853,2
9606.ENSP00000310832,0.853,1
9606.ENSP00000357909,0.852,7
9606.ENSP00000380646,0.849,1
9606.ENSP00000415676,0.849,1
9606.ENSP00000442047,0.849,4
9606.ENSP00000376227,0.848,3
9606.ENSP00000362183,0.848,4
9606.ENSP00000295124,0.848,3
9606.ENSP00000359240,0.848,4
9606.ENSP00000336127,0.846,6
9606.ENSP00000362643,0.845,8
9606.ENSP00000364035,0.845,1
9606.ENSP00000370522,0.844,3
9606.ENSP00000473091,0.841,9
9606.ENSP00000239462,0.841,6
9606.ENSP00000349884,0.84,1
9606.ENSP00000361072,0.839,3
9606.ENSP00000494788,0.839,3
9606.ENSP00000490139,0.838,1
9606.ENSP00000198767,0.837,1
9606.ENSP00000376955,0.836,5
9606.ENSP00000396225,0.835,2
9606.ENSP00000351155,0.833,5
9606.ENSP00000314444,0.832,8
9606.ENSP00000491227,0.832,1
9606.ENSP00000314420,0.831,4
9606.ENSP00000319883,0.831,3
9606.ENSP00000379684,0.83,10
9606.ENSP00000275517,0.83,1
9606.ENSP00000410689,0.829,3
9606.ENSP00000267291,0.828,1
9606.ENSP00000447852,0.827,4
9606.ENSP00000264381,0.825,2
9606.ENSP00000497720,0.825,1
9606.ENSP00000005226,0.825,9
9606.ENSP00000254816,0.821,3
9606.ENSP00000306983,0.82,2
9606.ENSP00000366030,0.82,1
9606.ENSP00000379651,0.819,1
9606.ENSP00000454380,0.819,2
9606.ENSP00000369989,0.818,2
9606.ENSP00000361411,0.818,2
9606.ENSP00000292174,0.816,2
9606.ENSP00000309189,0.814,6
9606.ENSP00000362748,0.814,3
9606.ENSP00000226413,0.811,1
9606.ENSP00000457044,0.81,2
9606.ENSP00000379689,0.809,11
9606.ENSP00000249344,0.807,3
9606.ENSP00000390076,0.807,2
9606.ENSP00000234739,0.806,3
9606.ENSP00000263317,0.806,2
9606.ENSP00000489898,0.805,3
9606.ENSP00000264318,0.805,1
9606.ENSP00000385025,0.804,3
9606.ENSP00000373691,0.803,3
9606.ENSP00000259470,0.803,2
9606.ENSP00000334294,0.802,3
9606.ENSP00000296795,0.8,1
9606.ENSP00000358739,0.799,2
9606.ENSP00000275358,0.798,10
9606.ENSP00000293414,0.798,2
9606.ENSP00000271651,0.796,1
9606.ENSP00000333097,0.796,2
9606.ENSP00000287202,0.796,1
9606.ENSP00000407613,0.795,1
9606.ENSP00000301532,0.794,3
9606.ENSP00000384670,0.792,3
9606.ENSP00000442129,0.792,1
9606.ENSP00000490842,0.79,1
9606.ENSP00000304290,0.79,2
9606.ENSP00000320648,0.79,11
9606.ENSP00000311319,0.789,7
9606.ENSP00000268624,0.789,4
9606.ENSP00000483673,0.787,7
9606.ENSP00000328236,0.786,5
9606.ENSP00000374552,0.786,1
9606.ENSP00000356037,0.784,1
9606.ENSP00000402527,0.784,1
9606.ENSP00000361959,0.78,1
9606.ENSP00000393392,0.779,3
9606.ENSP00000369996,0.779,1
9606.ENSP00000227756,0.778,4
9606.ENSP00000334002,0.778,4
9606.ENSP00000386398,0.777,2
9606.ENSP00000256190,0.777,7
9606.ENSP00000424363,0.776,1
9606.ENSP00000330240,0.773,1
9606.ENSP00000307831,0.773,5
9606.ENSP00000301030,0.771,2
9606.ENSP00000325017,0.77,1
9606.ENSP00000301019,0.77,2
9606.ENSP00000320794,0.769,7
9606.ENSP00000262189,0.769,11
9606.ENSP00000360244,0.768,1
9606.ENSP00000192788,0.768,4
9606.ENSP00000382805,0.764,1
9606.ENSP00000285039,0.763,8
9606.ENSP00000239374,0.763,9
9606.ENSP00000255198,0.762,5
9606.ENSP00000316845,0.762,3
9606.ENSP00000290583,0.76,2
9606.ENSP00000383212,0.76,4
9606.ENSP00000361405,0.759,6
9606.ENSP00000328977,0.759,3
9606.ENSP00000370021,0.758,7
9606.ENSP00000442008,0.758,7
9606.ENSP00000498662,0.758,4
9606.ENSP00000354483,0.757,3
9606.ENSP00000173898,0.757,5
9606.ENSP00000411096,0.757,23
9606.ENSP00000335575,0.756,3
9606.ENSP00000499140,0.756,2
9606.ENSP00000452414,0.756,1
9606.ENSP00000431165,0.755,3
9606.ENSP00000393333,0.754,5
9606.ENSP00000390661,0.749,4
9606.ENSP00000357889,0.748,1
9606.ENSP00000421185,0.748,3
9606.ENSP00000310561,0.747,7
9606.ENSP00000280606,0.747,4
9606.ENSP00000482620,0.747,2
9606.ENSP00000380413,0.746,2
9606.ENSP00000406665,0.745,4
9606.ENSP00000365899,0.745,2
9606.ENSP00000412886,0.744,3
9606.ENSP00000350815,0.744,1
9606.ENSP00000358955,0.743,1
9606.ENSP00000276185,0.743,3
9606.ENSP00000261726,0.74,3
9606.ENSP00000311273,0.74,10
9606.ENSP00000367104,0.739,36
9606.ENSP00000243077,0.738,7
9606.ENSP00000380781,0.738,2
9606.ENSP00000419313,0.738,4
9606.ENSP00000264350,0.737,3
9606.ENSP00000264057,0.735,1
9606.ENSP00000262894,0.733,2
9606.ENSP00000378177,0.733,4
9606.ENSP00000295900,0.733,1
9606.ENSP00000264431,0.732,7
9606.ENSP00000265970,0.732,5
9606.ENSP00000442460,0.731,4
9606.ENSP00000355511,0.731,2
9606.ENSP00000370034,0.731,3
9606.ENSP00000320543,0.73,4
9606.ENSP00000267843,0.73,2
9606.ENSP00000252826,0.728,4
9606.ENSP00000407685,0.727,1
9606.ENSP00000491655,0.727,4
9606.ENSP00000025008,0.726,3
9606.ENSP00000261226,0.725,2
9606.ENSP00000342510,0.724,1
9606.ENSP00000367882,0.723,2
9606.ENSP00000222345,0.723,8
9606.ENSP00000347852,0.723,1
9606.ENSP00000347821,0.722,4
9606.ENSP00000301149,0.722,4
9606.ENSP00000256797,0.721,1
9606.ENSP00000336861,0.721,1
9606.ENSP00000450444,0.72,3
9606.ENSP00000484715,0.719,2
9606.ENSP00000381970,0.719,2
9606.ENSP00000360829,0.718,4
9606.ENSP00000400932,0.718,1
9606.ENSP00000294008,0.717,1
9606.ENSP00000315247,0.716,2
9606.ENSP00000330148,0.713,7
9606.ENSP00000375810,0.712,2
9606.ENSP00000452948,0.712,3
9606.ENSP00000394051,0.712,1
9606.ENSP00000364526,0.71,1
9606.ENSP00000350881,0.707,2
9606.ENSP00000417492,0.707,2
9606.ENSP00000375608,0.707,1
9606.ENSP00000345479,0.706,7
9606.ENSP00000310405,0.706,3
9606.ENSP00000358001,0.704,13
9606.ENSP00000300571,0.704,1
9606.ENSP00000377549,0.702,2
9606.ENSP00000382390,0.702,2
9606.ENSP00000363314,0.701,5
9606.ENSP00000363727,0.7,2
9606.ENSP00000347198,0.7,2
9606.ENSP00000309245,0.699,4
9606.ENSP00000368127,0.699,2
9606.ENSP00000369291,0.699,2
9606.ENSP00000380120,0.699,2
9606.ENSP00000298292,0.699,1
9606.ENSP00000477856,0.698,1
9606.ENSP00000231751,0.698,1
9606.ENSP00000264833,0.698,1
9606.ENSP00000396345,0.697,5
9606.ENSP00000395708,0.696,1
9606.ENSP00000219406,0.696,4
9606.ENSP00000398076,0.694,1
9606.ENSP00000345629,0.693,2
9606.ENSP00000359740,0.692,1
9606.ENSP00000319814,0.691,2
9606.ENSP00000343577,0.691,2
9606.ENSP00000355082,0.69,14
9606.ENSP00000262765,0.689,10
9606.ENSP00000244289,0.689,3
9606.ENSP00000341684,0.688,4
9606.ENSP00000384949,0.686,1
9606.ENSP00000385285,0.686,1
9606.ENSP00000465992,0.686,7
9606.ENSP00000356130,0.684,1
9606.ENSP00000313158,0.684,6
9606.ENSP00000482743,0.684,2
9606.ENSP00000385215,0.684,4
9606.ENSP00000439479,0.683,1
9606.ENSP00000392549,0.682,1
9606.ENSP00000315098,0.681,1
9606.ENSP00000481316,0.681,1
9606.ENSP00000439585,0.679,1
9606.ENSP00000284031,0.678,1
9606.ENSP00000264036,0.677,3
9606.ENSP00000377934,0.676,9
9606.ENSP00000369728,0.676,1
9606.ENSP00000355060,0.675,1
9606.ENSP00000353104,0.675,6
9606.ENSP00000457904,0.674,3
9606.ENSP00000294618,0.673,8
9606.ENSP00000215057,0.673,1
9606.ENSP00000352962,0.673,2
9606.ENSP00000375582,0.672,6
9606.ENSP00000333490,0.672,2
9606.ENSP00000344401,0.67,5
9606.ENSP00000482325,0.667,6
9606.ENSP00000366826,0.667,6
9606.ENSP00000459043,0.667,3
9606.ENSP00000496168,0.666,2
9606.ENSP00000406157,0.663,1
9606.ENSP00000480601,0.662,1
9606.ENSP00000363068,0.661,11
9606.ENSP00000429633,0.66,2
9606.ENSP00000358200,0.658,2
9606.ENSP00000345491,0.658,34
9606.ENSP00000303522,0.658,1
9606.ENSP00000384004,0.657,5
9606.ENSP00000233535,0.657,1
9606.ENSP00000411197,0.656,3
9606.ENSP00000386213,0.656,7
9606.ENSP00000417003,0.655,5
9606.ENSP00000382895,0.654,2
9606.ENSP00000309767,0.654,7
9606.ENSP00000331258,0.654,1
9606.ENSP00000357177,0.652,1
9606.ENSP00000366641,0.652,1
9606.ENSP00000477695,0.652,6
9606.ENSP00000346577,0.651,2
9606.ENSP00000342169,0.651,4
9606.ENSP00000314810,0.651,1
9606.ENSP00000355809,0.648,4
9606.ENSP00000398454,0.648,3
9606.ENSP00000348838,0.648,2
9606.ENSP00000370340,0.648,2
9606.ENSP00000349891,0.646,6
9606.ENSP00000454407,0.645,8
9606.ENSP00000497613,0.645,6
9606.ENSP00000447378,0.643,3
9606.ENSP00000306999,0.642,1
9606.ENSP00000358590,0.642,3
9606.ENSP00000276440,0.642,6
9606.ENSP00000377793,0.642,2
9606.ENSP00000304987,0.638,2
9606.ENSP00000297313,0.638,3
9606.ENSP00000334122,0.637,2
9606.ENSP00000401502,0.637,2
9606.ENSP00000414909,0.637,3
9606.ENSP00000338785,0.634,4
9606.ENSP00000427018,0.634,1
9606.ENSP00000389600,0.634,1
9606.ENSP00000437188,0.634,4
9606.ENSP00000255324,0.633,7
9606.ENSP00000004982,0.633,2
9606.ENSP00000357907,0.632,1
9606.ENSP00000388910,0.631,6
9606.ENSP00000265440,0.631,1
9606.ENSP00000361467,0.63,5
9606.ENSP00000317614,0.63,1
9606.ENSP00000397598,0.629,4
9606.ENSP00000412673,0.629,5
9606.ENSP00000245680,0.629,2
9606.ENSP00000371842,0.629,1
9606.ENSP00000366608,0.629,1
9606.ENSP00000353295,0.629,1
9606.ENSP00000456477,0.627,2
9606.ENSP00000371425,0.626,1
9606.ENSP00000363055,0.625,1
9606.ENSP00000334910,0.625,3
9606.ENSP00000273153,0.624,2
9606.ENSP00000489687,0.624,1
9606.ENSP00000401720,0.624,1
9606.ENSP00000366617,0.623,1
9606.ENSP00000216471,0.623,3
9606.ENSP00000376443,0.622,4
9606.ENSP00000409542,0.621,2
9606.ENSP00000321812,0.621,6
9606.ENSP00000380349,0.62,5
9606.ENSP00000275233,0.619,3
9606.ENSP00000315659,0.618,3
9606.ENSP00000342637,0.618,9
9606.ENSP00000423159,0.618,3
9606.ENSP00000351767,0.617,1
9606.ENSP00000314505,0.616,4
9606.ENSP00000455826,0.616,3
9606.ENSP00000305465,0.616,2
9606.ENSP00000445595,0.616,3
9606.ENSP00000440329,0.615,3
9606.ENSP00000255224,0.615,2
9606.ENSP00000243440,0.614,2
9606.ENSP00000340954,0.614,5
9606.ENSP00000489320,0.613,2
9606.ENSP00000290866,0.612,1
9606.ENSP00000268070,0.612,2
9606.ENSP00000344155,0.612,13
9606.ENSP00000496150,0.611,1
9606.ENSP00000444339,0.611,9
9606.ENSP00000425497,0.611,3
9606.ENSP00000418268,0.611,3
9606.ENSP00000352835,0.61,1
9606.ENSP00000353767,0.61,5
9606.ENSP00000361608,0.608,8
9606.ENSP00000302579,0.607,1
9606.ENSP00000262839,0.607,2
9606.ENSP00000439937,0.607,1
9606.ENSP00000350195,0.606,3
9606.ENSP00000366070,0.606,2
9606.ENSP00000419654,0.606,4
9606.ENSP00000284136,0.605,1
9606.ENSP00000365318,0.605,3
9606.ENSP00000495860,0.605,6
9606.ENSP00000370938,0.604,1
9606.ENSP00000350224,0.604,5
9606.ENSP00000296955,0.603,2
9606.ENSP00000251496,0.6,1
9606.ENSP00000367815,0.6,2
9606.ENSP00000259154,0.6,1
9606.ENSP00000389813,0.6,1
9606.ENSP00000266579,0.599,2
9606.ENSP00000313809,0.599,3
9606.ENSP00000370057,0.599,10
9606.ENSP00000450480,0.598,2
9606.ENSP00000375248,0.597,2
9606.ENSP00000329170,0.597,2
9606.ENSP00000262319,0.596,2
9606.ENSP00000300896,0.592,4
9606.ENSP00000365844,0.592,3
9606.ENSP00000469455,0.591,2
9606.ENSP00000417696,0.591,11
9606.ENSP00000271889,0.59,1
9606.ENSP00000264346,0.59,2
9606.ENSP00000395244,0.589,2
9606.ENSP00000453940,0.589,5
9606.ENSP00000345728,0.589,1
9606.ENSP00000352672,0.588,1
9606.ENSP00000342604,0.588,8
9606.ENSP00000309524,0.585,3
9606.ENSP00000366863,0.585,2
9606.ENSP00000309572,0.585,6
9606.ENSP00000279907,0.585,1
9606.ENSP00000343871,0.584,2
9606.ENSP00000365630,0.584,4
9606.ENSP00000425556,0.583,1
9606.ENSP00000337146,0.582,3
9606.ENSP00000366326,0.582,3
9606.ENSP00000354622,0.581,4
9606.ENSP00000377492,0.581,3
9606.ENSP00000259803,0.58,3
9606.ENSP00000480428,0.579,1
9606.ENSP00000351206,0.579,2
9606.ENSP00000342858,0.577,3
9606.ENSP00000403042,0.577,4
9606.ENSP00000374036,0.577,4
9606.ENSP00000325091,0.576,1
9606.ENSP00000481465,0.575,3
9606.ENSP00000266037,0.575,8
9606.ENSP00000345972,0.574,5
9606.ENSP00000272647,0.573,4
9606.ENSP00000360689,0.573,1
9606.ENSP00000290765,0.573,2
9606.ENSP00000298282,0.572,3
9606.ENSP00000355771,0.571,2
9606.ENSP00000358535,0.571,6
9606.ENSP00000217381,0.57,2
9606.ENSP00000313171,0.569,2
9606.ENSP00000306340,0.568,5
9606.ENSP00000450799,0.568,1
9606.ENSP00000386331,0.568,4
9606.ENSP00000265104,0.568,9
9606.ENSP00000355840,0.566,2
9606.ENSP00000320209,0.566,2
9606.ENSP00000360597,0.565,1
9606.ENSP00000369286,0.564,1
9606.ENSP00000243389,0.563,3
9606.ENSP00000377086,0.563,1
9606.ENSP00000494277,0.557,3
9606.ENSP00000351075,0.557,2
9606.ENSP00000438388,0.557,4
9606.ENSP00000332592,0.555,3
9606.ENSP00000296370,0.554,2
9606.ENSP00000492557,0.552,1
9606.ENSP00000456927,0.552,1
9606.ENSP00000355510,0.551,2
9606.ENSP00000366715,0.55,3
9606.ENSP00000469391,0.549,4
9606.ENSP00000284987,0.549,1
9606.ENSP00000291759,0.548,1
9606.ENSP00000428698,0.548,1
9606.ENSP00000483621,0.547,1
9606.ENSP00000421280,0.546,7
9606.ENSP00000281741,0.545,2
9606.ENSP00000362424,0.544,1
9606.ENSP00000498602,0.543,3
9606.ENSP00000307508,0.542,3
9606.ENSP00000493434,0.538,2
9606.ENSP00000321370,0.538,2
9606.ENSP00000358092,0.538,1
9606.ENSP00000367922,0.537,13
9606.ENSP00000322408,0.537,5
9606.ENSP00000362332,0.536,1
9606.ENSP00000456401,0.536,1
9606.ENSP00000334379,0.535,17
9606.ENSP00000216071,0.535,1
9606.ENSP00000468354,0.535,1
9606.ENSP00000496355,0.535,2
9606.ENSP00000441434,0.535,2
9606.ENSP00000377823,0.533,2
9606.ENSP00000312143,0.531,2
9606.ENSP00000306864,0.531,2
9606.ENSP00000468304,0.529,2
9606.ENSP00000395835,0.529,3
9606.ENSP00000445043,0.528,9
9606.ENSP00000315988,0.528,3
9606.ENSP00000299314,0.527,3
9606.ENSP00000366307,0.527,2
9606.ENSP00000234701,0.526,2
9606.ENSP00000260386,0.526,1
9606.ENSP00000321735,0.526,1
9606.ENSP00000381007,0.525,13
9606.ENSP00000355922,0.525,13
9606.ENSP00000218867,0.525,1
9606.ENSP00000432973,0.525,1
9606.ENSP00000380679,0.524,5
9606.ENSP00000320815,0.523,3
9606.ENSP00000417182,0.523,4
9606.ENSP00000441913,0.522,5
9606.ENSP00000489869,0.521,2
9606.ENSP00000355370,0.52,1
9606.ENSP00000419503,0.517,1
9606.ENSP00000295992,0.517,2
9606.ENSP00000262031,0.516,1
9606.ENSP00000045083,0.515,5
9606.ENSP00000255006,0.515,1
9606.ENSP00000389900,0.515,1
9606.ENSP00000298355,0.514,2
9606.ENSP00000378635,0.514,1
9606.ENSP00000358820,0.514,2
9606.ENSP00000364694,0.513,3
9606.ENSP00000343741,0.513,3
9606.ENSP00000345102,0.513,1
9606.ENSP00000303015,0.512,2
9606.ENSP00000222823,0.511,1
9606.ENSP00000355428,0.511,1
9606.ENSP00000254579,0.511,9
9606.ENSP00000353114,0.51,16
9606.ENSP00000264908,0.509,3
9606.ENSP00000347730,0.509,7
9606.ENSP00000391488,0.508,3
9606.ENSP00000402861,0.508,4
9606.ENSP00000383301,0.507,2
9606.ENSP00000493555,0.507,5
9606.ENSP00000340596,0.506,1
9606.ENSP00000380911,0.506,4
9606.ENSP00000489829,0.505,3
9606.ENSP00000364609,0.505,1
9606.ENSP00000357565,0.504,4
9606.ENSP00000306682,0.504,3
9606.ENSP00000482819,0.502,1
9606.ENSP00000276449,0.501,2
9606.ENSP00000354855,0.501,3
9606.ENSP00000303508,0.5,2
9606.ENSP00000373274,0.499,11
9606.ENSP00000263207,0.498,1
9606.ENSP00000170168,0.498,1
9606.ENSP00000239440,0.498,1
9606.ENSP00000359782,0.496,1
9606.ENSP00000345988,0.496,4
9606.ENSP00000237201,0.495,3
9606.ENSP00000397172,0.495,1
9606.ENSP00000338673,0.494,1
9606.ENSP00000297508,0.494,1
9606.ENSP00000370200,0.493,4
9606.ENSP00000261058,0.492,1
9606.ENSP00000265077,0.492,4
9606.ENSP00000468927,0.492,1
9606.ENSP00000367910,0.492,2
9606.ENSP00000386503,0.492,1
9606.ENSP00000240100,0.491,1
9606.ENSP00000381740,0.491,2
9606.ENSP00000361857,0.491,1
9606.ENSP00000359765,0.491,1
9606.ENSP00000388792,0.49,1
9606.ENSP00000019103,0.49,3
9606.ENSP00000354487,0.49,3
9606.ENSP00000358896,0.489,4
9606.ENSP00000334382,0.489,2
9606.ENSP00000340519,0.489,3
9606.ENSP00000233242,0.489,17
9606.ENSP00000353646,0.487,5
9606.ENSP00000470381,0.487,9
9606.ENSP00000421489,0.487,2
9606.ENSP00000295888,0.486,6
9606.ENSP00000392423,0.486,10
9606.ENSP00000228027,0.485,2
9606.ENSP00000304586,0.484,4
9606.ENSP00000357842,0.484,1
9606.ENSP00000496939,0.483,2
9606.ENSP00000467723,0.483,3
9606.ENSP00000498627,0.482,9
9606.ENSP00000444076,0.482,5
9606.ENSP00000366942,0.482,2
9606.ENSP00000418096,0.482,1
9606.ENSP00000394248,0.482,4
9606.ENSP00000380713,0.481,1
9606.ENSP00000259486,0.479,8
9606.ENSP00000360129,0.479,2
9606.ENSP00000323217,0.479,1
9606.ENSP00000348968,0.478,1
9606.ENSP00000415090,0.477,1
9606.ENSP00000370826,0.477,6
9606.ENSP00000394757,0.477,4
9606.ENSP00000402060,0.477,1
9606.ENSP00000366783,0.477,7
9606.ENSP00000353538,0.477,3
9606.ENSP00000385235,0.476,2
9606.ENSP00000223095,0.476,1
9606.ENSP00000070846,0.476,34
9606.ENSP00000365433,0.475,1
9606.ENSP00000368164,0.475,5
9606.ENSP00000282466,0.473,9
9606.ENSP00000341911,0.473,1
9606.ENSP00000406229,0.472,5
9606.ENSP00000292140,0.472,3
9606.ENSP00000286614,0.471,1
9606.ENSP00000498934,0.471,9
9606.ENSP00000291547,0.471,3
9606.ENSP00000410746,0.469,12
9606.ENSP00000364324,0.469,2
9606.ENSP00000500237,0.469,4
9606.ENSP00000280612,0.469,5
9606.ENSP00000402460,0.467,3
9606.ENSP00000397133,0.467,1
9606.ENSP00000246532,0.466,2
9606.ENSP00000280057,0.465,3
9606.ENSP00000271636,0.465,3
9606.ENSP00000498251,0.464,4
9606.ENSP00000295759,0.464,1
9606.ENSP00000245255,0.463,4
9606.ENSP00000398481,0.462,9
9606.ENSP00000320935,0.461,6
9606.ENSP00000379738,0.461,1
9606.ENSP00000265437,0.461,4
9606.ENSP00000282018,0.46,2
9606.ENSP00000380697,0.46,2
9606.ENSP00000292450,0.459,8
9606.ENSP00000355923,0.458,1
9606.ENSP00000483721,0.458,1
9606.ENSP00000485238,0.458,6
9606.ENSP00000409594,0.458,1
9606.ENSP00000376367,0.457,1
9606.ENSP00000368253,0.456,4
9606.ENSP00000361998,0.456,1
9606.ENSP00000488520,0.456,1
9606.ENSP00000352011,0.455,1
9606.ENSP00000377428,0.455,2
9606.ENSP00000309606,0.455,3
9606.ENSP00000474720,0.453,2
9606.ENSP00000342448,0.453,3
9606.ENSP00000384376,0.452,11
9606.ENSP00000313681,0.452,4
9606.ENSP00000362018,0.452,3
9606.ENSP00000298910,0.451,8
9606.ENSP00000405987,0.451,1
9606.ENSP00000234488,0.45,2
9606.ENSP00000334223,0.449,3
9606.ENSP00000381129,0.449,2
9606.ENSP00000343129,0.449,2
9606.ENSP00000289104,0.448,2
9606.ENSP00000449137,0.448,3
9606.ENSP00000368173,0.448,3
9606.ENSP00000001146,0.447,2
9606.ENSP00000349401,0.447,1
9606.ENSP00000475224,0.447,1
9606.ENSP00000497527,0.446,2
9606.ENSP00000384823,0.446,1
9606.ENSP00000360811,0.445,1
9606.ENSP00000285737,0.445,2
9606.ENSP00000350198,0.445,1
9606.ENSP00000360583,0.444,7
9606.ENSP00000389841,0.444,10
9606.ENSP00000421021,0.444,4
9606.ENSP00000497178,0.444,1
9606.ENSP00000377061,0.443,1
9606.ENSP00000365080,0.442,2
9606.ENSP00000431012,0.441,3
9606.ENSP00000343617,0.441,2
9606.ENSP00000354251,0.44,3
9606.ENSP00000498784,0.44,5
9606.ENSP00000452277,0.44,5
9606.ENSP00000297623,0.44,2
9606.ENSP00000436975,0.439,1
9606.ENSP00000369335,0.438,1
9606.ENSP00000263805,0.438,2
9606.ENSP00000426174,0.438,1
9606.ENSP00000383558,0.437,1
9606.ENSP00000284322,0.437,4
9606.ENSP00000440703,0.437,1
9606.ENSP00000431759,0.437,8
9606.ENSP00000359691,0.437,2
9606.ENSP00000419465,0.437,3
9606.ENSP00000383431,0.436,2
9606.ENSP00000304676,0.435,1
9606.ENSP00000377545,0.435,1
9606.ENSP00000481271,0.434,1
9606.ENSP00000480056,0.434,1
9606.ENSP00000278888,0.434,1
9606.ENSP00000333725,0.433,1
9606.ENSP00000304127,0.433,3
9606.ENSP00000363513,0.433,1
9606.ENSP00000308117,0.433,1
9606.ENSP00000399903,0.433,5
9606.ENSP00000382349,0.433,3
9606.ENSP00000253719,0.432,2
9606.ENSP00000295824,0.431,1
9606.ENSP00000248306,0.43,3
9606.ENSP00000459216,0.429,8
9606.ENSP00000397968,0.429,6
9606.ENSP00000376204,0.428,11
9606.ENSP00000410545,0.428,6
9606.ENSP00000333203,0.427,4
9606.ENSP00000428876,0.427,1
9606.ENSP00000378260,0.427,2
9606.ENSP00000316130,0.427,2
9606.ENSP00000338967,0.426,5
9606.ENSP00000348757,0.426,2
9606.ENSP00000276297,0.426,4
9606.ENSP00000232974,0.426,1
9606.ENSP00000370303,0.425,2
9606.ENSP00000346839,0.425,5
9606.ENSP00000385684,0.425,4
9606.ENSP00000297814,0.425,5
9606.ENSP00000346560,0.424,4
9606.ENSP00000402510,0.423,2
9606.ENSP00000381549,0.423,5
9606.ENSP00000491567,0.423,9
9606.ENSP00000392257,0.423,1
9606.ENSP00000264433,0.422,1
9606.ENSP00000219368,0.422,6
9606.ENSP00000349824,0.42,1
9606.ENSP00000204679,0.42,1
9606.ENSP00000384638,0.418,1
9606.ENSP00000342019,0.418,2
9606.ENSP00000401597,0.418,1
9606.ENSP00000478892,0.417,2
9606.ENSP00000425394,0.415,2
9606.ENSP00000362047,0.414,1
9606.ENSP00000389175,0.414,1
9606.ENSP00000457748,0.414,4
9606.ENSP00000355589,0.413,8
9606.ENSP00000497256,0.412,2
9606.ENSP00000397693,0.411,9
9606.ENSP00000253697,0.411,6
9606.ENSP00000427679,0.41,3
9606.ENSP00000335246,0.41,1
9606.ENSP00000331242,0.41,5
9606.ENSP00000227065,0.409,3
9606.ENSP00000345133,0.409,8
9606.ENSP00000429367,0.407,1
9606.ENSP00000291906,0.406,2
9606.ENSP00000341914,0.405,2
9606.ENSP00000381498,0.405,3
9606.ENSP00000230671,0.405,1
9606.ENSP00000495855,0.405,1
9606.ENSP00000420267,0.405,1
9606.ENSP00000344446,0.405,4
9606.ENSP00000478600,0.403,2
9606.ENSP00000404911,0.403,1
9606.ENSP00000367476,0.402,1
9606.ENSP00000332530,0.4,1
9606.ENSP00000345374,0.399,1
9606.ENSP00000463151,0.398,1
9606.ENSP00000396445,0.398,1
9606.ENSP00000334928,0.398,5
9606.ENSP00000360540,0.396,2
9606.ENSP00000376534,0.396,3
9606.ENSP00000370242,0.396,4
9606.ENSP00000282570,0.396,1
9606.ENSP00000299088,0.395,1
9606.ENSP00000340677,0.395,1
9606.ENSP00000263726,0.394,1
9606.ENSP00000421191,0.394,4
9606.ENSP00000421917,0.393,6
9606.ENSP00000278590,0.392,2
9606.ENSP00000458065,0.391,1
9606.ENSP00000403441,0.391,1
9606.ENSP00000343140,0.391,2
9606.ENSP00000320291,0.39,3
9606.ENSP00000471252,0.39,8
9606.ENSP00000252015,0.389,2
9606.ENSP00000349768,0.389,9
9606.ENSP00000230056,0.388,1
9606.ENSP00000329499,0.388,1
9606.ENSP00000232766,0.388,1
9606.ENSP00000386502,0.387,1
9606.ENSP00000256925,0.387,1
9606.ENSP00000379438,0.387,1
9606.ENSP00000355155,0.387,3
9606.ENSP00000448062,0.386,5
9606.ENSP00000426691,0.386,1
9606.ENSP00000465121,0.385,2
9606.ENSP00000416707,0.385,2
9606.ENSP00000386988,0.385,1
9606.ENSP00000485378,0.384,2
9606.ENSP00000366058,0.384,2
9606.ENSP00000490579,0.384,1
9606.ENSP00000491285,0.384,2
9606.ENSP00000350295,0.383,8
9606.ENSP00000029410,0.383,1
9606.ENSP00000328169,0.382,2
9606.ENSP00000355927,0.38,7
9606.ENSP00000228799,0.38,1
9606.ENSP00000413632,0.38,4
9606.ENSP00000333802,0.38,8
9606.ENSP00000333539,0.38,1
9606.ENSP00000344758,0.38,2
9606.ENSP00000262442,0.379,6
9606.ENSP00000005178,0.379,1
9606.ENSP00000398211,0.378,7
9606.ENSP00000216237,0.378,1
9606.ENSP00000295201,0.378,2
9606.ENSP00000456953,0.377,5
9606.ENSP00000457689,0.377,5
9606.ENSP00000264952,0.377,2
9606.ENSP00000299698,0.377,4
9606.ENSP00000450853,0.376,5
9606.ENSP00000365883,0.376,2
9606.ENSP00000324020,0.376,5
9606.ENSP00000398410,0.375,1
9606.ENSP00000270001,0.374,1
9606.ENSP00000333019,0.374,1
9606.ENSP00000361664,0.374,2
9606.ENSP00000303915,0.374,1
9606.ENSP00000294964,0.374,3
9606.ENSP00000353854,0.374,3
9606.ENSP00000391101,0.371,5
9606.ENSP00000378492,0.37,2
9606.ENSP00000495965,0.37,5
9606.ENSP00000329214,0.368,2
9606.ENSP00000354723,0.368,1
9606.ENSP00000261336,0.368,3
9606.ENSP00000307853,0.368,2
9606.ENSP00000362578,0.368,4
9606.ENSP00000364000,0.367,4
9606.ENSP00000264047,0.366,1
9606.ENSP00000359783,0.366,1
9606.ENSP00000350032,0.366,3
9606.ENSP00000370698,0.365,3
9606.ENSP00000453704,0.365,1
9606.ENSP00000319141,0.365,1
9606.ENSP00000447149,0.365,1
9606.ENSP00000440896,0.364,2
9606.ENSP00000417138,0.363,5
9606.ENSP00000369373,0.363,2
9606.ENSP00000375069,0.362,1
9606.ENSP00000384708,0.361,3
9606.ENSP00000286298,0.361,3
9606.ENSP00000387075,0.361,1
9606.ENSP00000342144,0.36,3
9606.ENSP00000218230,0.359,1
9606.ENSP00000312458,0.359,1
9606.ENSP00000365272,0.359,1
9606.ENSP00000302108,0.359,1
9606.ENSP00000374323,0.358,1
9606.ENSP00000435299,0.358,1
9606.ENSP00000322649,0.358,3
9606.ENSP00000442982,0.358,3
9606.ENSP00000297268,0.358,1
9606.ENSP00000217289,0.358,2
9606.ENSP00000388311,0.358,9
9606.ENSP00000437360,0.357,1
9606.ENSP00000290472,0.356,3
9606.ENSP00000330432,0.356,1
9606.ENSP00000339971,0.356,1
9606.ENSP00000055335,0.356,1
9606.ENSP00000328426,0.355,2
9606.ENSP00000356233,0.355,4
9606.ENSP00000349588,0.354,9
9606.ENSP00000483103,0.354,5
9606.ENSP00000254323,0.353,2
9606.ENSP00000371070,0.353,2
9606.ENSP00000430947,0.352,2
9606.ENSP00000236925,0.352,1
9606.ENSP00000359532,0.352,1
9606.ENSP00000385019,0.352,7
9606.ENSP00000293695,0.352,1
9606.ENSP00000290607,0.351,9
9606.ENSP00000428982,0.351,1
9606.ENSP00000361025,0.35,2
9606.ENSP00000331745,0.35,1
9606.ENSP00000348821,0.35,1
9606.ENSP00000265459,0.35,3
9606.ENSP00000311505,0.349,2
9606.ENSP00000344791,0.349,8
9606.ENSP00000329056,0.348,1
9606.ENSP00000289746,0.348,3
9606.ENSP00000199936,0.347,1
9606.ENSP00000356024,0.347,6
9606.ENSP00000313500,0.347,2
9606.ENSP00000440982,0.347,8
9606.ENSP00000409896,0.347,1
9606.ENSP00000017003,0.346,3
9606.ENSP00000229134,0.346,1
9606.ENSP00000307197,0.346,2
9606.ENSP00000257566,0.346,1
9606.ENSP00000444747,0.344,2
9606.ENSP00000452037,0.344,1
9606.ENSP00000357927,0.343,1
9606.ENSP00000354991,0.343,1
9606.ENSP00000280734,0.343,1
9606.ENSP00000327246,0.342,3
9606.ENSP00000297063,0.342,2
9606.ENSP00000278060,0.342,2
9606.ENSP00000370673,0.342,1
9606.ENSP00000346990,0.342,3
9606.ENSP00000218721,0.342,2
9606.ENSP00000272839,0.342,1
9606.ENSP00000283025,0.342,1
9606.ENSP00000369755,0.341,2
9606.ENSP00000351856,0.341,5
9606.ENSP00000340610,0.341,5
9606.ENSP00000490517,0.34,2
9606.ENSP00000273962,0.339,3
9606.ENSP00000263620,0.339,1
9606.ENSP00000478796,0.339,5
9606.ENSP00000366682,0.339,1
9606.ENSP00000418693,0.338,2
9606.ENSP00000230582,0.337,1
9606.ENSP00000394380,0.336,2
9606.ENSP00000386869,0.336,4
9606.ENSP00000374409,0.336,5
9606.ENSP00000359567,0.335,1
9606.ENSP00000311401,0.335,1
9606.ENSP00000268231,0.335,3
9606.ENSP00000331736,0.335,1
9606.ENSP00000420387,0.334,4
9606.ENSP00000287020,0.334,1
9606.ENSP00000364023,0.334,2
9606.ENSP00000368189,0.334,1
9606.ENSP00000303822,0.334,1
9606.ENSP00000478939,0.334,1
9606.ENSP00000365255,0.333,7
9606.ENSP00000296266,0.333,4
9606.ENSP00000429190,0.332,2
9606.ENSP00000442736,0.332,3
9606.ENSP00000353013,0.331,2
9606.ENSP00000265379,0.331,10
9606.ENSP00000354481,0.331,1
9606.ENSP00000262940,0.331,8
9606.ENSP00000215582,0.33,1
9606.ENSP00000307411,0.33,1
9606.ENSP00000317027,0.33,3
9606.ENSP00000273261,0.33,1
9606.ENSP00000360293,0.329,2
9606.ENSP00000276816,0.329,1
9606.ENSP00000485010,0.328,3
9606.ENSP00000240328,0.328,1
9606.ENSP00000459439,0.327,1
9606.ENSP00000330633,0.327,2
9606.ENSP00000432586,0.326,4
9606.ENSP00000264229,0.326,6
9606.ENSP00000331062,0.326,1
9606.ENSP00000383232,0.325,1
9606.ENSP00000248923,0.325,1
9606.ENSP00000255008,0.325,1
9606.ENSP00000258399,0.325,2
9606.ENSP00000418719,0.325,1
9606.ENSP00000448012,0.325,4
9606.ENSP00000368079,0.324,2
9606.ENSP00000350358,0.324,2
9606.ENSP00000483467,0.324,2
9606.ENSP00000412763,0.324,2
9606.ENSP00000265007,0.322,2
9606.ENSP00000382828,0.322,1
9606.ENSP00000356470,0.321,5
9606.ENSP00000471000,0.32,2
9606.ENSP00000278550,0.319,5
9606.ENSP00000392028,0.317,8
9606.ENSP00000336528,0.317,1
9606.ENSP00000480157,0.317,4
9606.ENSP00000261652,0.317,2
9606.ENSP00000258229,0.317,11
9606.ENSP00000348129,0.317,2
9606.ENSP00000306523,0.317,2
9606.ENSP00000229769,0.317,3
9606.ENSP00000349208,0.316,2
9606.ENSP00000397351,0.316,2
9606.ENSP00000441858,0.315,2
9606.ENSP00000255226,0.313,2
9606.ENSP00000312706,0.313,2
9606.ENSP00000273320,0.312,11
9606.ENSP00000420686,0.312,1
9606.ENSP00000334319,0.312,7
9606.ENSP00000312070,0.312,2
9606.ENSP00000480626,0.312,1
9606.ENSP00000434241,0.312,2
9606.ENSP00000372351,0.311,2
9606.ENSP00000355316,0.311,2
9606.ENSP00000402576,0.311,2
9606.ENSP00000320821,0.311,2
9606.ENSP00000420237,0.311,1
9606.ENSP00000262435,0.311,2
9606.ENSP00000482119,0.31,5
9606.ENSP00000304435,0.309,2
9606.ENSP00000300255,0.308,3
9606.ENSP00000493207,0.308,2
9606.ENSP00000478305,0.308,3
9606.ENSP00000316681,0.308,6
9606.ENSP00000383023,0.308,1
9606.ENSP00000266058,0.307,1
9606.ENSP00000259750,0.307,5
9606.ENSP00000259371,0.307,3
9606.ENSP00000361202,0.307,1
9606.ENSP00000496007,0.307,3
9606.ENSP00000289416,0.307,1
9606.ENSP00000359682,0.306,2
9606.ENSP00000468236,0.306,1
9606.ENSP00000426964,0.305,1
9606.ENSP00000168712,0.305,1
9606.ENSP00000474988,0.304,1
9606.ENSP00000428182,0.304,4
9606.ENSP00000269489,0.304,1
9606.ENSP00000261837,0.303,3
9606.ENSP00000228841,0.303,1
9606.ENSP00000445772,0.303,1
9606.ENSP00000264360,0.301,4
9606.ENSP00000265843,0.301,4
9606.ENSP00000378230,0.299,3
9606.ENSP00000378063,0.299,2
9606.ENSP00000218099,0.299,1
9606.ENSP00000374490,0.299,9
9606.ENSP00000354412,0.299,2
9606.ENSP00000351957,0.299,5
9606.ENSP00000376543,0.298,2
9606.ENSP00000336661,0.298,1
9606.ENSP00000404190,0.298,1
9606.ENSP00000385721,0.298,1
9606.ENSP00000159087,0.296,4
9606.ENSP00000249363,0.296,1
9606.ENSP00000327009,0.295,2
9606.ENSP00000293255,0.294,2
9606.ENSP00000363492,0.294,1
9606.ENSP00000381109,0.294,2
9606.ENSP00000470478,0.293,7
9606.ENSP00000495266,0.293,1
9606.ENSP00000367459,0.292,3
9606.ENSP00000364550,0.292,4
9606.ENSP00000078445,0.292,1
9606.ENSP00000260682,0.292,3
9606.ENSP00000369604,0.292,2
9606.ENSP00000257934,0.291,14
9606.ENSP00000449629,0.29,6
9606.ENSP00000379702,0.29,1
9606.ENSP00000356379,0.29,3
9606.ENSP00000445381,0.289,6
9606.ENSP00000266376,0.289,4
9606.ENSP00000296564,0.288,4
9606.ENSP00000371729,0.288,14
9606.ENSP00000280190,0.287,1
9606.ENSP00000280886,0.287,1
9606.ENSP00000302189,0.287,1
9606.ENSP00000409318,0.286,2
9606.ENSP00000370962,0.286,2
9606.ENSP00000307801,0.286,1
9606.ENSP00000263798,0.285,3
9606.ENSP00000450337,0.285,1
9606.ENSP00000343200,0.285,1
9606.ENSP00000242208,0.285,2
9606.ENSP00000298097,0.284,1
9606.ENSP00000317790,0.284,14
9606.ENSP00000418668,0.283,1
9606.ENSP00000459451,0.282,1
9606.ENSP00000325836,0.282,2
9606.ENSP00000494162,0.281,1
9606.ENSP00000295150,0.281,1
9606.ENSP00000233202,0.281,1
9606.ENSP00000435389,0.281,2
9606.ENSP00000353249,0.281,5
9606.ENSP00000377699,0.28,3
9606.ENSP00000479884,0.28,8
9606.ENSP00000351884,0.28,1
9606.ENSP00000359550,0.28,1
9606.ENSP00000359546,0.28,1
9606.ENSP00000359549,0.28,1
9606.ENSP00000413411,0.28,1
9606.ENSP00000393511,0.279,1
9606.ENSP00000414657,0.279,1
9606.ENSP00000497777,0.279,2
9606.ENSP00000264399,0.279,4
9606.ENSP00000497931,0.278,2
9606.ENSP00000376132,0.278,2
9606.ENSP00000377840,0.278,3
9606.ENSP00000347358,0.277,1
9606.ENSP00000290881,0.276,1
9606.ENSP00000343930,0.276,2
9606.ENSP00000360874,0.276,1
9606.ENSP00000404705,0.275,1
9606.ENSP00000477567,0.275,4
9606.ENSP00000300619,0.274,8
9606.ENSP00000389009,0.274,1
9606.ENSP00000362353,0.274,1
9606.ENSP00000358965,0.274,2
9606.ENSP00000405012,0.273,5
9606.ENSP00000364919,0.273,2
9606.ENSP00000334267,0.272,1
9606.ENSP00000387941,0.272,1
9606.ENSP00000309285,0.271,6
9606.ENSP00000228918,0.27,1
9606.ENSP00000382871,0.269,1
9606.ENSP00000390394,0.268,8
9606.ENSP00000372959,0.268,1
9606.ENSP00000403400,0.268,1
9606.ENSP00000383851,0.268,2
9606.ENSP00000347931,0.267,5
9606.ENSP00000369399,0.267,2
9606.ENSP00000276282,0.267,3
9606.ENSP00000222033,0.267,3
9606.ENSP00000362139,0.267,5
9606.ENSP00000410768,0.267,2
9606.ENSP00000264605,0.267,1
9606.ENSP00000287957,0.267,2
9606.ENSP00000254657,0.267,2
9606.ENSP00000265036,0.266,1
9606.ENSP00000230538,0.265,3
9606.ENSP00000440207,0.264,1
9606.ENSP00000384484,0.264,4
9606.ENSP00000252321,0.264,1
9606.ENSP00000350547,0.264,1
9606.ENSP00000327453,0.264,1
9606.ENSP00000301732,0.264,8
9606.ENSP00000264690,0.264,2
9606.ENSP00000302913,0.263,2
9606.ENSP00000497532,0.263,5
9606.ENSP00000367913,0.262,4
9606.ENSP00000498424,0.262,1
9606.ENSP00000350425,0.262,4
9606.ENSP00000261609,0.262,8
9606.ENSP00000300283,0.262,2
9606.ENSP00000406577,0.262,2
9606.ENSP00000373539,0.262,2
9606.ENSP00000294725,0.262,4
9606.ENSP00000352608,0.261,7
9606.ENSP00000491257,0.261,2
9606.ENSP00000381553,0.261,1
9606.ENSP00000245121,0.26,2
9606.ENSP00000331845,0.26,2
9606.ENSP00000380283,0.26,1
9606.ENSP00000497174,0.26,8
9606.ENSP00000291554,0.26,1
9606.ENSP00000482816,0.26,1
9606.ENSP00000384964,0.259,2
9606.ENSP00000364166,0.256,1
9606.ENSP00000257408,0.256,4
9606.ENSP00000340608,0.256,2
9606.ENSP00000418960,0.255,4
9606.ENSP00000364145,0.255,1
9606.ENSP00000360372,0.255,3
9606.ENSP00000468678,0.255,6
9606.ENSP00000312368,0.254,2
9606.ENSP00000354453,0.253,1
9606.ENSP00000317272,0.253,3
9606.ENSP00000290039,0.253,3
9606.ENSP00000494689,0.253,2
9606.ENSP00000303540,0.252,3
9606.ENSP00000388631,0.252,1
9606.ENSP00000385158,0.252,2
9606.ENSP00000053867,0.251,1
9606.ENSP00000419652,0.251,4
9606.ENSP00000347338,0.251,1
9606.ENSP00000460236,0.251,1
9606.ENSP00000317175,0.251,3
9606.ENSP00000330658,0.251,2
9606.ENSP00000325296,0.25,3
9606.ENSP00000232375,0.249,1
9606.ENSP00000405950,0.249,2
9606.ENSP00000317674,0.249,1
9606.ENSP00000319730,0.248,1
9606.ENSP00000485295,0.248,1
9606.ENSP00000354923,0.248,15
9606.ENSP00000332256,0.248,3
9606.ENSP00000260363,0.248,1
9606.ENSP00000371200,0.247,1
9606.ENSP00000483038,0.247,1
9606.ENSP00000358238,0.247,2
9606.ENSP00000315731,0.247,2
9606.ENSP00000271835,0.246,3
9606.ENSP00000272342,0.246,2
9606.ENSP00000483154,0.246,3
9606.ENSP00000219197,0.246,1
9606.ENSP00000348912,0.246,1
9606.ENSP00000373600,0.245,4
9606.ENSP00000263635,0.245,1
9606.ENSP00000390590,0.245,1
9606.ENSP00000261800,0.245,3
9606.ENSP00000415769,0.245,3
9606.ENSP00000378312,0.244,3
9606.ENSP00000356172,0.243,1
9606.ENSP00000497110,0.243,2
9606.ENSP00000355533,0.243,5
9606.ENSP00000377411,0.243,1
9606.ENSP00000381101,0.243,1
9606.ENSP00000290943,0.243,1
9606.ENSP00000267102,0.242,1
9606.ENSP00000293190,0.242,2
9606.ENSP00000404991,0.242,2
9606.ENSP00000420716,0.242,2
9606.ENSP00000302724,0.242,1
9606.ENSP00000491846,0.242,2
9606.ENSP00000323580,0.242,1
9606.ENSP00000361982,0.242,1
9606.ENSP00000248933,0.241,1
9606.ENSP00000338127,0.241,1
9606.ENSP00000385205,0.241,2
9606.ENSP00000411032,0.24,1
9606.ENSP00000269499,0.24,2
9606.ENSP00000340776,0.24,3
9606.ENSP00000493691,0.24,4
9606.ENSP00000260126,0.24,2
9606.ENSP00000363339,0.239,2
9606.ENSP00000497413,0.239,3
9606.ENSP00000346348,0.239,1
9606.ENSP00000267377,0.238,1
9606.ENSP00000338964,0.238,3
9606.ENSP00000387250,0.237,3
9606.ENSP00000386653,0.237,3
9606.ENSP00000281321,0.236,3
9606.ENSP00000361120,0.236,4
9606.ENSP00000272847,0.236,1
9606.ENSP00000323929,0.236,2
9606.ENSP00000343064,0.235,4
9606.ENSP00000352111,0.235,4
9606.ENSP00000376432,0.234,1
9606.ENSP00000278198,0.234,1
9606.ENSP00000364709,0.234,1
9606.ENSP00000333441,0.233,1
9606.ENSP00000171887,0.232,3
9606.ENSP00000432481,0.231,1
9606.ENSP00000263800,0.229,1
9606.ENSP00000383376,0.229,3
9606.ENSP00000350402,0.229,1
9606.ENSP00000349568,0.229,5
9606.ENSP00000405963,0.229,5
9606.ENSP00000401678,0.228,4
9606.ENSP00000321506,0.228,3
9606.ENSP00000352299,0.228,2
9606.ENSP00000344635,0.228,2
9606.ENSP00000467740,0.228,2
9606.ENSP00000265643,0.228,1
9606.ENSP00000378195,0.228,1
9606.ENSP00000270349,0.228,1
9606.ENSP00000371116,0.227,2
9606.ENSP00000264249,0.227,2
9606.ENSP00000389237,0.227,2
9606.ENSP00000404203,0.227,2
9606.ENSP00000327234,0.227,2
9606.ENSP00000439625,0.227,2
9606.ENSP00000351327,0.227,3
9606.ENSP00000304355,0.227,1
9606.ENSP00000367316,0.227,2
9606.ENSP00000290894,0.227,1
9606.ENSP00000271971,0.226,1
9606.ENSP00000410186,0.226,7
9606.ENSP00000482335,0.226,2
9606.ENSP00000260283,0.226,3
9606.ENSP00000450040,0.226,3
9606.ENSP00000489407,0.226,2
9606.ENSP00000422067,0.226,2
9606.ENSP00000438875,0.224,2
9606.ENSP00000386840,0.224,6
9606.ENSP00000339157,0.224,1
9606.ENSP00000467141,0.224,48
9606.ENSP00000498757,0.224,1
9606.ENSP00000365441,0.223,6
9606.ENSP00000468837,0.223,1
9606.ENSP00000348911,0.223,2
9606.ENSP00000241436,0.223,1
9606.ENSP00000463762,0.222,1
9606.ENSP00000493823,0.222,1
9606.ENSP00000372547,0.221,1
9606.ENSP00000341565,0.221,4
9606.ENSP00000378072,0.221,1
9606.ENSP00000296181,0.22,1
9606.ENSP00000219255,0.22,2
9606.ENSP00000338627,0.22,1
9606.ENSP00000340609,0.22,2
9606.ENSP00000310565,0.22,6
9606.ENSP00000268125,0.219,3
9606.ENSP00000296043,0.219,2
9606.ENSP00000415517,0.218,1
9606.ENSP00000377783,0.218,1
9606.ENSP00000304762,0.218,2
9606.ENSP00000305847,0.218,2
9606.ENSP00000343581,0.217,2
9606.ENSP00000381876,0.217,4
9606.ENSP00000332806,0.217,1
9606.ENSP00000325285,0.217,3
9606.ENSP00000482599,0.216,2
9606.ENSP00000297282,0.216,1
9606.ENSP00000417601,0.216,3
9606.ENSP00000260191,0.215,2
9606.ENSP00000353717,0.214,4
9606.ENSP00000239367,0.214,3
9606.ENSP00000303490,0.214,3
9606.ENSP00000435954,0.214,1
9606.ENSP00000360913,0.214,1
9606.ENSP00000257940,0.213,2
9606.ENSP00000411013,0.213,2
9606.ENSP00000344087,0.213,1
9606.ENSP00000360054,0.213,2
9606.ENSP00000484342,0.213,6
9606.ENSP00000325674,0.213,1
9606.ENSP00000341490,0.213,1
9606.ENSP00000371923,0.213,3
9606.ENSP00000372169,0.212,2
9606.ENSP00000347754,0.212,2
9606.ENSP00000202625,0.212,3
9606.ENSP00000418647,0.211,2
9606.ENSP00000417277,0.211,2
9606.ENSP00000312506,0.21,6
9606.ENSP00000435373,0.21,2
9606.ENSP00000290399,0.21,1
9606.ENSP00000487183,0.21,1
9606.ENSP00000272602,0.209,1
9606.ENSP00000381758,0.209,4
9606.ENSP00000302629,0.209,1
9606.ENSP00000035307,0.209,1
9606.ENSP00000342481,0.208,1
9606.ENSP00000376522,0.208,3
9606.ENSP00000480106,0.208,1
9606.ENSP00000309570,0.208,3
9606.ENSP00000480318,0.207,1
9606.ENSP00000365081,0.207,1
9606.ENSP00000482410,0.207,4
9606.ENSP00000341083,0.207,4
9606.ENSP00000482285,0.207,1
9606.ENSP00000252744,0.207,1
9606.ENSP00000441838,0.207,4
9606.ENSP00000333813,0.207,3
9606.ENSP00000453273,0.207,1
9606.ENSP00000428780,0.206,1
9606.ENSP00000361097,0.205,1
9606.ENSP00000349320,0.205,2
9606.ENSP00000294064,0.205,1
9606.ENSP00000345751,0.205,2
9606.ENSP00000493096,0.204,1
9606.ENSP00000273353,0.204,6
9606.ENSP00000303468,0.204,1
9606.ENSP00000286479,0.204,2
9606.ENSP00000325065,0.203,1
9606.ENSP00000392726,0.203,1
9606.ENSP00000271277,0.203,1
9606.ENSP00000378534,0.203,1
9606.ENSP00000221891,0.202,4
9606.ENSP00000481149,0.202,3
9606.ENSP00000384081,0.202,3
9606.ENSP00000345492,0.201,1
9606.ENSP00000374273,0.201,5
9606.ENSP00000368698,0.201,3
9606.ENSP00000409423,0.201,2
9606.ENSP00000274811,0.201,1
9606.ENSP00000281171,0.2,2
9606.ENSP00000254190,0.2,1
9606.ENSP00000367950,0.2,4
9606.ENSP00000370519,0.2,3
9606.ENSP00000312273,0.2,1
9606.ENSP00000411242,0.2,1
9606.ENSP00000261405,0.199,1
9606.ENSP00000357158,0.199,1
9606.ENSP00000270649,0.199,2
9606.ENSP00000386834,0.199,2
9606.ENSP00000386942,0.199,2
9606.ENSP00000472959,0.199,1
9606.ENSP00000373399,0.198,1
9606.ENSP00000495481,0.198,6
9606.ENSP00000365413,0.198,5
9606.ENSP00000381594,0.198,2
9606.ENSP00000496593,0.198,3
9606.ENSP00000458977,0.198,1
9606.ENSP00000384290,0.197,4
9606.ENSP00000385936,0.197,2
9606.ENSP00000340402,0.197,1
9606.ENSP00000380321,0.197,2
9606.ENSP00000421339,0.196,2
9606.ENSP00000346829,0.196,2
9606.ENSP00000371233,0.196,1
9606.ENSP00000199447,0.196,2
9606.ENSP00000304956,0.196,2
9606.ENSP00000484804,0.195,1
9606.ENSP00000328232,0.195,1
9606.ENSP00000479069,0.195,1
9606.ENSP00000483981,0.195,1
9606.ENSP00000205557,0.194,2
9606.ENSP00000363832,0.193,2
9606.ENSP00000360120,0.193,2
9606.ENSP00000373827,0.193,2
9606.ENSP00000317310,0.193,2
9606.ENSP00000289989,0.193,1
9606.ENSP00000264234,0.193,1
9606.ENSP00000362479,0.193,8
9606.ENSP00000361397,0.193,2
9606.ENSP00000463533,0.192,1
9606.ENSP00000397566,0.192,2
9606.ENSP00000351346,0.192,9
9606.ENSP00000359630,0.192,3
9606.ENSP00000323913,0.191,1
9606.ENSP00000329880,0.19,3
9606.ENSP00000381430,0.19,3
9606.ENSP00000371126,0.19,2
9606.ENSP00000296129,0.189,1
9606.ENSP00000377668,0.189,1
9606.ENSP00000285928,0.189,1
9606.ENSP00000442515,0.189,2
9606.ENSP00000339577,0.189,2
9606.ENSP00000437968,0.188,2
9606.ENSP00000497590,0.188,1
9606.ENSP00000360320,0.188,2
9606.ENSP00000369380,0.188,1
9606.ENSP00000407521,0.187,2
9606.ENSP00000465578,0.187,2
9606.ENSP00000262462,0.187,1
9606.ENSP00000280979,0.187,1
9606.ENSP00000365024,0.186,1
9606.ENSP00000310431,0.186,2
9606.ENSP00000385428,0.186,2
9606.ENSP00000413001,0.186,4
9606.ENSP00000427123,0.186,3
9606.ENSP00000387498,0.186,1
9606.ENSP00000358765,0.185,1
9606.ENSP00000359693,0.185,1
9606.ENSP00000434343,0.185,2
9606.ENSP00000385675,0.184,1
9606.ENSP00000405202,0.184,1
9606.ENSP00000377043,0.184,1
9606.ENSP00000272322,0.183,4
9606.ENSP00000351933,0.183,2
9606.ENSP00000403932,0.183,2
9606.ENSP00000354995,0.183,1
9606.ENSP00000284240,0.183,1
9606.ENSP00000384582,0.183,13
9606.ENSP00000394623,0.183,2
9606.ENSP00000435790,0.182,1
9606.ENSP00000348069,0.182,2
9606.ENSP00000428280,0.182,5
9606.ENSP00000355736,0.182,1
9606.ENSP00000481554,0.182,4
9606.ENSP00000262961,0.182,2
9606.ENSP00000264661,0.181,1
9606.ENSP00000427772,0.181,3
9606.ENSP00000482093,0.18,1
9606.ENSP00000350541,0.18,1
9606.ENSP00000326708,0.179,2
9606.ENSP00000422591,0.179,3
9606.ENSP00000381034,0.179,2
9606.ENSP00000442837,0.178,1
9606.ENSP00000363232,0.178,1
9606.ENSP00000467537,0.178,1
9606.ENSP00000478725,0.178,1
9606.ENSP00000475107,0.178,1
9606.ENSP00000356832,0.178,2
9606.ENSP00000381272,0.177,1
9606.ENSP00000265806,0.177,1
9606.ENSP00000476820,0.177,1
9606.ENSP00000394546,0.177,1
9606.ENSP00000363868,0.176,2
9606.ENSP00000249750,0.176,3
9606.ENSP00000365107,0.176,1
9606.ENSP00000384040,0.176,4
9606.ENSP00000371336,0.176,1
9606.ENSP00000493946,0.176,4
9606.ENSP00000306522,0.176,2
9606.ENSP00000265074,0.176,1
9606.ENSP00000367315,0.175,2
9606.ENSP00000295550,0.175,2
9606.ENSP00000306138,0.174,2
9606.ENSP00000470746,0.174,3
9606.ENSP00000005260,0.173,1
9606.ENSP00000480035,0.173,1
9606.ENSP00000253262,0.173,2
9606.ENSP00000359520,0.173,2
9606.ENSP00000363921,0.173,2
9606.ENSP00000377369,0.173,1
9606.ENSP00000261994,0.173,3
9606.ENSP00000356825,0.173,4
9606.ENSP00000456782,0.173,1
9606.ENSP00000343331,0.173,1
9606.ENSP00000404151,0.173,1
9606.ENSP00000462745,0.172,1
9606.ENSP00000295728,0.172,2
9606.ENSP00000288139,0.172,5
9606.ENSP00000494609,0.172,2
9606.ENSP00000424226,0.172,6
9606.ENSP00000384792,0.171,2
9606.ENSP00000392700,0.171,2
9606.ENSP00000474003,0.171,1
9606.ENSP00000341489,0.171,7
9606.ENSP00000481152,0.171,1
9606.ENSP00000349161,0.17,2
9606.ENSP00000295148,0.17,2
9606.ENSP00000298119,0.17,1
9606.ENSP00000356436,0.169,1
9606.ENSP00000312126,0.169,3
9606.ENSP00000391788,0.169,2
9606.ENSP00000298694,0.169,2
9606.ENSP00000368245,0.169,1
9606.ENSP00000316338,0.169,2
9606.ENSP00000355384,0.169,3
9606.ENSP00000490412,0.168,2
9606.ENSP00000385523,0.168,1
9606.ENSP00000265276,0.167,2
9606.ENSP00000483946,0.167,2
9606.ENSP00000355250,0.167,1
9606.ENSP00000320130,0.167,2
9606.ENSP00000417303,0.167,1
9606.ENSP00000262316,0.167,2
9606.ENSP00000364277,0.167,2
9606.ENSP00000484403,0.167,2
9606.ENSP00000249044,0.166,2
9606.ENSP00000272895,0.166,7
9606.ENSP00000291582,0.166,1
9606.ENSP00000414019,0.166,1
9606.ENSP00000419803,0.166,1
9606.ENSP00000497479,0.166,1
9606.ENSP00000384169,0.166,2
9606.ENSP00000377123,0.165,2
9606.ENSP00000266503,0.165,2
9606.ENSP00000496625,0.163,2
9606.ENSP00000479675,0.163,1
9606.ENSP00000296257,0.163,6
9606.ENSP00000243786,0.163,1
9606.ENSP00000357206,0.163,2
9606.ENSP00000403768,0.163,2
9606.ENSP00000481956,0.163,2
9606.ENSP00000366936,0.162,1
9606.ENSP00000324944,0.162,1
9606.ENSP00000346809,0.162,1
9606.ENSP00000358519,0.162,1
9606.ENSP00000478298,0.162,1
9606.ENSP00000416125,0.161,1
9606.ENSP00000364397,0.161,1
9606.ENSP00000293303,0.161,2
9606.ENSP00000489706,0.161,3
9606.ENSP00000218316,0.16,2
9606.ENSP00000421868,0.16,1
9606.ENSP00000481684,0.16,2
9606.ENSP00000278836,0.16,2
9606.ENSP00000288207,0.16,2
9606.ENSP00000450607,0.16,3
9606.ENSP00000251582,0.16,4
9606.ENSP00000225538,0.159,2
9606.ENSP00000331831,0.159,2
9606.ENSP00000481012,0.159,1
9606.ENSP00000269299,0.158,2
9606.ENSP00000404122,0.158,2
9606.ENSP00000379087,0.158,2
9606.ENSP00000447879,0.158,1
9606.ENSP00000206423,0.158,2
9606.ENSP00000412894,0.158,1
9606.ENSP00000481358,0.158,3
9606.ENSP00000340467,0.158,1
9606.ENSP00000403954,0.157,9
9606.ENSP00000292928,0.157,2
9606.ENSP00000257290,0.157,2
9606.ENSP00000405222,0.157,1
9606.ENSP00000256858,0.157,4
9606.ENSP00000289272,0.157,2
9606.ENSP00000305974,0.157,1
9606.ENSP00000385968,0.157,2
9606.ENSP00000324587,0.157,1
9606.ENSP00000261707,0.157,1
9606.ENSP00000357069,0.157,1
9606.ENSP00000266041,0.157,2
9606.ENSP00000492902,0.157,1
9606.ENSP00000362222,0.157,1
9606.ENSP00000493354,0.157,1
9606.ENSP00000354432,0.156,1
9606.ENSP00000420449,0.156,4
9606.ENSP00000294016,0.156,4
9606.ENSP00000428994,0.156,4
9606.ENSP00000221496,0.155,3
9606.ENSP00000378295,0.155,2
9606.ENSP00000310928,0.155,1
9606.ENSP00000273859,0.155,3
9606.ENSP00000403302,0.155,3
9606.ENSP00000389072,0.155,1
9606.ENSP00000424737,0.154,6
9606.ENSP00000370443,0.154,4
9606.ENSP00000329140,0.154,2
9606.ENSP00000332791,0.154,2
9606.ENSP00000233710,0.153,1
9606.ENSP00000378881,0.153,1
9606.ENSP00000328069,0.153,1
9606.ENSP00000430818,0.153,1
9606.ENSP00000064780,0.153,1
9606.ENSP00000255087,0.153,1
9606.ENSP00000337081,0.153,1
9606.ENSP00000367125,0.153,1
9606.ENSP00000289166,0.153,1
9606.ENSP00000355551,0.153,2
9606.ENSP00000322251,0.152,1
9606.ENSP00000280098,0.152,1
9606.ENSP00000428746,0.152,4
9606.ENSP00000471851,0.151,4
9606.ENSP00000302625,0.151,1
9606.ENSP00000292246,0.151,1
9606.ENSP00000305941,0.151,15
9606.ENSP00000341159,0.151,1
9606.ENSP00000379176,0.151,2
9606.ENSP00000330278,0.151,1
9606.ENSP00000355114,0.151,2
9606.ENSP00000364164,0.151,1
9606.ENSP00000250615,0.151,1
9606.ENSP00000414670,0.151,1
9606.ENSP00000438209,0.151,1
9606.ENSP00000358210,0.151,1
9606.ENSP00000382767,0.151,3
9606.ENSP00000356621,0.151,2
9606.ENSP00000420321,0.15,2
9606.ENSP00000341171,0.15,1
9606.ENSP00000272542,0.15,1
9606.ENSP00000492905,0.15,1
9606.ENSP00000355237,0.15,2
9606.ENSP00000381270,0.15,2
9606.ENSP00000443824,0.15,2
9606.ENSP00000501317,0.15,2
9606.ENSP00000348074,0.149,1
9606.ENSP00000368813,0.149,1
9606.ENSP00000292672,0.149,2
9606.ENSP00000240874,0.149,4
9606.ENSP00000379228,0.149,3
9606.ENSP00000321179,0.149,1
9606.ENSP00000355958,0.148,2
9606.ENSP00000408792,0.148,1
9606.ENSP00000470538,0.148,1
9606.ENSP00000354916,0.148,3
9606.ENSP00000296755,0.148,3
9606.ENSP00000360966,0.148,1
9606.ENSP00000493790,0.148,2
9606.ENSP00000351520,0.147,2
9606.ENSP00000498374,0.147,1
9606.ENSP00000420860,0.147,1
9606.ENSP00000304941,0.147,1
9606.ENSP00000338013,0.147,1
9606.ENSP00000266505,0.146,2
9606.ENSP00000293441,0.146,5
9606.ENSP00000310057,0.146,1
9606.ENSP00000300870,0.146,1
9606.ENSP00000261590,0.146,2
9606.ENSP00000267584,0.146,2
9606.ENSP00000356156,0.146,2
9606.ENSP00000489675,0.145,7
9606.ENSP00000481096,0.145,2
9606.ENSP00000309772,0.145,1
9606.ENSP00000251127,0.145,2
9606.ENSP00000353739,0.145,1
9606.ENSP00000366330,0.145,1
9606.ENSP00000252318,0.145,2
9606.ENSP00000337816,0.144,1
9606.ENSP00000260323,0.144,3
9606.ENSP00000276127,0.144,1
9606.ENSP00000301459,0.144,1
9606.ENSP00000334418,0.144,1
9606.ENSP00000394352,0.144,2
9606.ENSP00000356382,0.144,2
9606.ENSP00000393854,0.143,1
9606.ENSP00000491504,0.143,2
9606.ENSP00000332353,0.143,2
9606.ENSP00000319851,0.143,2
9606.ENSP00000493157,0.143,1
9606.ENSP00000239938,0.142,1
9606.ENSP00000377001,0.142,1
9606.ENSP00000476091,0.142,1
9606.ENSP00000347802,0.142,2
9606.ENSP00000262659,0.142,3
9606.ENSP00000363593,0.142,2
9606.ENSP00000205214,0.142,1
9606.ENSP00000498611,0.142,3
9606.ENSP00000373572,0.142,1
9606.ENSP00000366915,0.141,3
9606.ENSP00000334879,0.141,3
9606.ENSP00000284669,0.141,2
9606.ENSP00000333262,0.141,1
9606.ENSP00000237455,0.141,1
9606.ENSP00000270115,0.14,1
9606.ENSP00000355988,0.14,2
9606.ENSP00000230301,0.14,1
9606.ENSP00000377197,0.14,11
9606.ENSP00000364711,0.14,1
9606.ENSP00000488984,0.14,1
9606.ENSP00000311405,0.139,1
9606.ENSP00000231121,0.139,1
9606.ENSP00000312158,0.139,2
9606.ENSP00000490518,0.139,1
9606.ENSP00000263997,0.138,1
9606.ENSP00000322323,0.138,1
9606.ENSP00000434830,0.138,5
9606.ENSP00000362588,0.138,2
9606.ENSP00000359866,0.138,1
9606.ENSP00000384881,0.137,2
9606.ENSP00000302530,0.137,3
9606.ENSP00000312439,0.137,1
9606.ENSP00000455507,0.137,13
9606.ENSP00000220616,0.137,3
9606.ENSP00000295709,0.137,2
9606.ENSP00000368667,0.137,2
9606.ENSP00000419923,0.136,1
9606.ENSP00000501265,0.136,1
9606.ENSP00000496564,0.136,2
9606.ENSP00000303178,0.136,3
9606.ENSP00000302968,0.136,3
9606.ENSP00000474135,0.136,1
9606.ENSP00000480538,0.136,5
9606.ENSP00000339182,0.136,3
9606.ENSP00000266736,0.135,1
9606.ENSP00000347649,0.134,2
9606.ENSP00000478561,0.134,2
9606.ENSP00000225719,0.134,2
9606.ENSP00000361007,0.134,1
9606.ENSP00000257336,0.134,1
9606.ENSP00000479134,0.134,2
9606.ENSP00000464231,0.134,1
9606.ENSP00000480314,0.134,1
9606.ENSP00000499371,0.133,3
9606.ENSP00000264501,0.133,6
9606.ENSP00000335357,0.133,1
9606.ENSP00000222271,0.133,2
9606.ENSP00000383931,0.133,2
9606.ENSP00000420849,0.133,1
9606.ENSP00000403210,0.133,2
9606.ENSP00000312778,0.133,1
9606.ENSP00000378332,0.133,1
9606.ENSP00000249330,0.133,3
9606.ENSP00000356899,0.132,2
9606.ENSP00000324920,0.132,2
9606.ENSP00000441273,0.132,3
9606.ENSP00000402280,0.132,3
9606.ENSP00000380559,0.132,2
9606.ENSP00000328397,0.132,2
9606.ENSP00000264834,0.132,1
9606.ENSP00000355180,0.132,1
9606.ENSP00000243457,0.131,2
9606.ENSP00000287275,0.131,1
9606.ENSP00000363985,0.131,2
9606.ENSP00000400391,0.131,1
9606.ENSP00000297848,0.131,3
9606.ENSP00000359292,0.13,2
9606.ENSP00000494147,0.13,2
9606.ENSP00000435637,0.13,5
9606.ENSP00000422581,0.13,1
9606.ENSP00000354006,0.13,5
9606.ENSP00000358532,0.13,1
9606.ENSP00000264956,0.129,4
9606.ENSP00000318057,0.129,1
9606.ENSP00000386862,0.129,1
9606.ENSP00000381795,0.129,3
9606.ENSP00000379242,0.129,3
9606.ENSP00000497915,0.129,1
9606.ENSP00000320232,0.129,5
9606.ENSP00000312411,0.129,2
9606.ENSP00000457807,0.129,2
9606.ENSP00000377416,0.128,1
9606.ENSP00000400908,0.128,3
9606.ENSP00000305221,0.128,1
9606.ENSP00000463778,0.128,2
9606.ENSP00000263734,0.128,1
9606.ENSP00000293879,0.127,1
9606.ENSP00000237172,0.127,3
9606.ENSP00000420727,0.127,2
9606.ENSP00000314324,0.127,1
9606.ENSP00000266674,0.127,5
9606.ENSP00000366340,0.127,1
9606.ENSP00000363533,0.127,1
9606.ENSP00000075503,0.127,1
9606.ENSP00000373518,0.127,1
9606.ENSP00000242480,0.127,1
9606.ENSP00000335463,0.127,6
9606.ENSP00000379144,0.127,1
9606.ENSP00000258302,0.126,1
9606.ENSP00000481078,0.126,1
9606.ENSP00000410552,0.126,3
9606.ENSP00000252677,0.126,2
9606.ENSP00000304440,0.126,1
9606.ENSP00000251535,0.126,1
9606.ENSP00000244314,0.125,1
9606.ENSP00000348162,0.125,1
9606.ENSP00000264144,0.125,1
9606.ENSP00000297837,0.125,6
9606.ENSP00000427695,0.125,1
9606.ENSP00000443133,0.125,2
9606.ENSP00000441828,0.125,2
9606.ENSP00000449535,0.125,1
9606.ENSP00000402584,0.125,2
9606.ENSP00000422185,0.125,3
9606.ENSP00000479811,0.125,2
9606.ENSP00000411124,0.125,2
9606.ENSP00000341280,0.124,6
9606.ENSP00000497249,0.124,2
9606.ENSP00000295208,0.124,1
9606.ENSP00000440498,0.124,1
9606.ENSP00000377601,0.124,3
9606.ENSP00000304429,0.124,1
9606.ENSP00000345395,0.123,4
9606.ENSP00000453307,0.123,1
9606.ENSP00000478721,0.123,2
9606.ENSP00000332164,0.123,2
9606.ENSP00000283006,0.123,2
9606.ENSP00000382518,0.122,2
9606.ENSP00000377862,0.122,9
9606.ENSP00000345502,0.122,3
9606.ENSP00000385028,0.122,2
9606.ENSP00000386200,0.122,1
9606.ENSP00000365924,0.121,3
9606.ENSP00000381213,0.121,1
9606.ENSP00000335444,0.121,1
9606.ENSP00000324196,0.121,1
9606.ENSP00000308938,0.121,2
9606.ENSP00000006526,0.12,2
9606.ENSP00000415027,0.12,1
9606.ENSP00000245414,0.12,2
9606.ENSP00000275230,0.12,2
9606.ENSP00000423660,0.12,2
9606.ENSP00000276708,0.12,1
9606.ENSP00000374268,0.119,1
9606.ENSP00000368727,0.119,2
9606.ENSP00000344432,0.119,2
9606.ENSP00000335614,0.119,3
9606.ENSP00000379964,0.119,1
9606.ENSP00000331302,0.118,1
9606.ENSP00000258415,0.117,2
9606.ENSP00000272203,0.117,3
9606.ENSP00000356247,0.117,5
9606.ENSP00000314407,0.117,2
9606.ENSP00000303434,0.117,3
9606.ENSP00000240189,0.117,3
9606.ENSP00000306997,0.117,1
9606.ENSP00000472619,0.117,1
9606.ENSP00000378418,0.116,1
9606.ENSP00000246186,0.116,1
9606.ENSP00000248211,0.116,2
9606.ENSP00000388731,0.116,4
9606.ENSP00000365714,0.116,1
9606.ENSP00000322361,0.116,1
9606.ENSP00000433528,0.115,1
9606.ENSP00000407442,0.115,1
9606.ENSP00000337501,0.115,1
9606.ENSP00000469591,0.115,1
9606.ENSP00000384126,0.115,1
9606.ENSP00000342012,0.115,1
9606.ENSP00000054650,0.115,2
9606.ENSP00000344392,0.115,1
9606.ENSP00000262304,0.114,2
9606.ENSP00000357265,0.114,3
9606.ENSP00000308578,0.114,1
9606.ENSP00000337451,0.114,1
9606.ENSP00000287387,0.114,1
9606.ENSP00000265565,0.114,1
9606.ENSP00000246801,0.114,1
9606.ENSP00000479362,0.113,1
9606.ENSP00000266088,0.113,1
9606.ENSP00000245105,0.113,2
9606.ENSP00000429562,0.113,4
9606.ENSP00000366876,0.113,1
9606.ENSP00000303928,0.113,2
9606.ENSP00000498766,0.113,2
9606.ENSP00000406012,0.113,1
9606.ENSP00000400365,0.113,2
9606.ENSP00000355924,0.112,1
9606.ENSP00000411788,0.112,1
9606.ENSP00000373783,0.112,2
9606.ENSP00000234389,0.112,1
9606.ENSP00000332148,0.112,1
9606.ENSP00000356529,0.112,1
9606.ENSP00000358142,0.112,1
9606.ENSP00000331791,0.112,1
9606.ENSP00000281923,0.111,3
9606.ENSP00000261560,0.111,1
9606.ENSP00000420616,0.111,1
9606.ENSP00000367755,0.111,2
9606.ENSP00000303634,0.111,1
9606.ENSP00000285805,0.11,1
9606.ENSP00000476792,0.11,1
9606.ENSP00000370047,0.11,1
9606.ENSP00000409652,0.11,1
9606.ENSP00000283871,0.11,1
9606.ENSP00000401306,0.11,3
9606.ENSP00000334410,0.109,3
9606.ENSP00000269703,0.109,3
9606.ENSP00000336790,0.109,1
9606.ENSP00000385545,0.108,1
9606.ENSP00000393474,0.108,1
9606.ENSP00000287590,0.108,1
9606.ENSP00000364512,0.108,1
9606.ENSP00000446205,0.107,1
9606.ENSP00000291495,0.107,2
9606.ENSP00000360690,0.107,2
9606.ENSP00000356574,0.107,1
9606.ENSP00000322273,0.107,1
9606.ENSP00000244565,0.107,1
9606.ENSP00000373566,0.106,4
9606.ENSP00000356674,0.106,1
9606.ENSP00000483930,0.106,1
9606.ENSP00000304437,0.106,5
9606.ENSP00000363308,0.106,1
9606.ENSP00000356429,0.106,1
9606.ENSP00000320038,0.106,2
9606.ENSP00000287996,0.106,1
9606.ENSP00000312767,0.105,2
9606.ENSP00000493010,0.105,1
9606.ENSP00000345193,0.105,1
9606.ENSP00000296741,0.105,1
9606.ENSP00000421586,0.105,1
9606.ENSP00000297205,0.105,1
9606.ENSP00000384434,0.105,1
9606.ENSP00000284601,0.105,1
9606.ENSP00000348460,0.104,1
9606.ENSP00000295317,0.104,1
9606.ENSP00000295488,0.104,2
9606.ENSP00000345295,0.103,2
9606.ENSP00000332134,0.103,3
9606.ENSP00000322570,0.103,3
9606.ENSP00000301178,0.103,3
9606.ENSP00000497308,0.103,1
9606.ENSP00000383840,0.103,1
9606.ENSP00000500934,0.102,1
9606.ENSP00000335325,0.102,1
9606.ENSP00000394770,0.102,4
9606.ENSP00000399718,0.102,1
9606.ENSP00000261917,0.102,1
9606.ENSP00000334714,0.102,1
9606.ENSP00000271588,0.102,8
9606.ENSP00000490638,0.102,1
9606.ENSP00000370128,0.102,1
9606.ENSP00000491259,0.102,3
9606.ENSP00000426848,0.102,2
9606.ENSP00000290418,0.101,2
9606.ENSP00000300900,0.101,2
9606.ENSP00000321810,0.101,1
9606.ENSP00000318615,0.101,1
9606.ENSP00000386807,0.101,2
9606.ENSP00000265334,0.101,1
9606.ENSP00000384363,0.101,2
9606.ENSP00000437849,0.101,2
9606.ENSP00000193391,0.101,2
9606.ENSP00000362894,0.101,2
9606.ENSP00000267889,0.101,4
9606.ENSP00000365651,0.101,1
9606.ENSP00000490806,0.1,2
9606.ENSP00000357905,0.1,1
9606.ENSP00000342118,0.1,1
9606.ENSP00000430325,0.1,1
9606.ENSP00000316881,0.1,2
9606.ENSP00000237163,0.1,2
9606.ENSP00000378193,0.099,2
9606.ENSP00000334186,0.099,1
9606.ENSP00000247178,0.099,2
9606.ENSP00000261883,0.099,3
9606.ENSP00000334665,0.099,1
9606.ENSP00000362981,0.098,1
9606.ENSP00000320077,0.098,1
9606.ENSP00000367398,0.098,2
9606.ENSP00000339912,0.098,1
9606.ENSP00000348132,0.098,4
9606.ENSP00000274710,0.097,1
9606.ENSP00000362759,0.097,2
9606.ENSP00000261658,0.097,1
9606.ENSP00000265295,0.096,3
9606.ENSP00000493234,0.096,1
9606.ENSP00000291971,0.096,3
9606.ENSP00000492752,0.096,1
9606.ENSP00000491507,0.096,5
9606.ENSP00000415682,0.096,2
9606.ENSP00000351015,0.096,5
9606.ENSP00000458355,0.096,4
9606.ENSP00000386190,0.096,3
9606.ENSP00000180173,0.096,2
9606.ENSP00000492874,0.096,1
9606.ENSP00000491174,0.096,1
9606.ENSP00000491332,0.096,1
9606.ENSP00000491385,0.096,1
9606.ENSP00000491351,0.096,1
9606.ENSP00000492463,0.096,1
9606.ENSP00000491873,0.096,1
9606.ENSP00000491494,0.096,1
9606.ENSP00000492787,0.096,1
9606.ENSP00000300127,0.096,1
9606.ENSP00000363417,0.095,1
9606.ENSP00000491472,0.095,1
9606.ENSP00000438526,0.095,1
9606.ENSP00000498258,0.095,1
9606.ENSP00000394168,0.095,1
9606.ENSP00000460602,0.095,1
9606.ENSP00000324191,0.095,2
9606.ENSP00000496870,0.095,2
9606.ENSP00000303549,0.095,1
9606.ENSP00000259351,0.095,1
9606.ENSP00000371180,0.094,2
9606.ENSP00000310303,0.094,1
9606.ENSP00000219689,0.094,1
9606.ENSP00000418070,0.094,1
9606.ENSP00000482030,0.093,1
9606.ENSP00000333363,0.093,4
9606.ENSP00000424126,0.093,4
9606.ENSP00000306163,0.093,1
9606.ENSP00000360500,0.093,1
9606.ENSP00000347689,0.092,1
9606.ENSP00000469696,0.092,1
9606.ENSP00000265018,0.092,3
9606.ENSP00000328307,0.092,2
9606.ENSP00000492047,0.092,1
9606.ENSP00000353030,0.092,5
9606.ENSP00000234831,0.092,1
9606.ENSP00000342952,0.092,1
9606.ENSP00000381250,0.092,2
9606.ENSP00000323300,0.092,2
9606.ENSP00000498074,0.091,2
9606.ENSP00000392206,0.091,1
9606.ENSP00000339730,0.091,1
9606.ENSP00000301280,0.091,2
9606.ENSP00000401536,0.091,1
9606.ENSP00000376110,0.091,1
9606.ENSP00000485108,0.091,1
9606.ENSP00000384370,0.091,1
9606.ENSP00000460380,0.091,1
9606.ENSP00000373450,0.091,2
9606.ENSP00000363913,0.09,1
9606.ENSP00000379025,0.09,3
9606.ENSP00000382814,0.09,2
9606.ENSP00000306627,0.09,2
9606.ENSP00000261381,0.09,2
9606.ENSP00000383922,0.09,1
9606.ENSP00000500374,0.089,1
9606.ENSP00000261254,0.089,1
9606.ENSP00000260702,0.089,2
9606.ENSP00000231173,0.089,1
9606.ENSP00000375733,0.089,2
9606.ENSP00000292539,0.089,2
9606.ENSP00000232603,0.089,1
9606.ENSP00000298786,0.089,1
9606.ENSP00000373347,0.088,2
9606.ENSP00000349400,0.088,2
9606.ENSP00000389395,0.088,1
9606.ENSP00000384588,0.088,3
9606.ENSP00000359976,0.088,1
9606.ENSP00000319417,0.088,2
9606.ENSP00000374135,0.088,7
9606.ENSP00000371994,0.088,1
9606.ENSP00000400669,0.088,2
9606.ENSP00000341942,0.087,1
9606.ENSP00000308024,0.087,1
9606.ENSP00000376686,0.087,1
9606.ENSP00000375756,0.087,2
9606.ENSP00000366306,0.087,1
9606.ENSP00000363207,0.086,1
9606.ENSP00000470239,0.086,2
9606.ENSP00000369400,0.086,1
9606.ENSP00000355583,0.086,2
9606.ENSP00000312995,0.086,1
9606.ENSP00000265148,0.086,5
9606.ENSP00000392513,0.085,1
9606.ENSP00000269392,0.085,1
9606.ENSP00000297494,0.085,3
9606.ENSP00000340474,0.085,1
9606.ENSP00000402723,0.085,1
9606.ENSP00000253968,0.085,1
9606.ENSP00000355157,0.085,2
9606.ENSP00000293889,0.085,1
9606.ENSP00000338783,0.085,2
9606.ENSP00000406191,0.085,3
9606.ENSP00000338766,0.084,1
9606.ENSP00000413418,0.084,4
9606.ENSP00000361473,0.084,1
9606.ENSP00000328487,0.084,2
9606.ENSP00000349945,0.084,1
9606.ENSP00000262150,0.083,2
9606.ENSP00000351422,0.083,2
9606.ENSP00000263665,0.083,1
9606.ENSP00000382237,0.083,2
9606.ENSP00000477999,0.083,3
9606.ENSP00000296420,0.083,1
9606.ENSP00000327959,0.083,1
9606.ENSP00000362485,0.083,1
9606.ENSP00000304268,0.083,1
9606.ENSP00000363972,0.083,2
9606.ENSP00000476145,0.083,2
9606.ENSP00000364965,0.083,1
9606.ENSP00000344866,0.083,2
9606.ENSP00000367655,0.083,8
9606.ENSP00000258888,0.083,4
9606.ENSP00000384667,0.083,1
9606.ENSP00000351697,0.082,5
9606.ENSP00000360436,0.082,1
9606.ENSP00000376855,0.082,1
9606.ENSP00000470879,0.082,1
9606.ENSP00000239223,0.082,1
9606.ENSP00000381589,0.082,1
9606.ENSP00000334876,0.082,1
9606.ENSP00000349593,0.082,1
9606.ENSP00000268989,0.082,1
9606.ENSP00000252085,0.081,1
9606.ENSP00000264382,0.081,3
9606.ENSP00000253354,0.081,2
9606.ENSP00000328983,0.081,2
9606.ENSP00000216085,0.081,1
9606.ENSP00000261556,0.081,1
9606.ENSP00000483720,0.08,1
9606.ENSP00000358677,0.08,1
9606.ENSP00000382628,0.08,1
9606.ENSP00000301956,0.08,1
9606.ENSP00000368678,0.08,2
9606.ENSP00000369198,0.08,1
9606.ENSP00000347046,0.08,3
9606.ENSP00000440864,0.08,1
9606.ENSP00000306015,0.08,4
9606.ENSP00000477314,0.079,2
9606.ENSP00000363804,0.079,1
9606.ENSP00000288462,0.079,1
9606.ENSP00000222399,0.079,4
9606.ENSP00000290130,0.078,1
9606.ENSP00000349147,0.078,1
9606.ENSP00000354377,0.078,1
9606.ENSP00000430024,0.078,1
9606.ENSP00000353470,0.078,1
9606.ENSP00000353652,0.078,1
9606.ENSP00000443410,0.078,2
9606.ENSP00000261200,0.078,2
9606.ENSP00000337103,0.078,1
9606.ENSP00000360216,0.078,3
9606.ENSP00000384869,0.078,1
9606.ENSP00000494051,0.078,2
9606.ENSP00000222139,0.077,1
9606.ENSP00000294339,0.077,1
9606.ENSP00000263388,0.077,1
9606.ENSP00000361311,0.077,1
9606.ENSP00000490032,0.077,1
9606.ENSP00000359382,0.077,2
9606.ENSP00000418875,0.077,2
9606.ENSP00000326598,0.077,2
9606.ENSP00000250024,0.077,1
9606.ENSP00000370571,0.076,1
9606.ENSP00000347915,0.076,2
9606.ENSP00000298912,0.076,2
9606.ENSP00000326018,0.076,1
9606.ENSP00000301480,0.076,1
9606.ENSP00000478671,0.076,2
9606.ENSP00000270645,0.076,2
9606.ENSP00000301924,0.075,2
9606.ENSP00000308908,0.075,1
9606.ENSP00000401477,0.075,2
9606.ENSP00000299084,0.075,1
9606.ENSP00000370078,0.075,1
9606.ENSP00000456500,0.075,3
9606.ENSP00000343103,0.074,2
9606.ENSP00000341342,0.074,1
9606.ENSP00000471417,0.074,1
9606.ENSP00000489674,0.074,1
9606.ENSP00000230792,0.074,1
9606.ENSP00000309270,0.074,2
9606.ENSP00000256999,0.073,1
9606.ENSP00000381003,0.073,8
9606.ENSP00000443291,0.073,2
9606.ENSP00000493137,0.073,1
9606.ENSP00000264824,0.073,1
9606.ENSP00000239587,0.073,2
9606.ENSP00000340510,0.073,1
9606.ENSP00000364405,0.072,1
9606.ENSP00000354910,0.072,2
9606.ENSP00000260128,0.071,1
9606.ENSP00000297668,0.071,2
9606.ENSP00000361628,0.071,2
9606.ENSP00000380421,0.071,2
9606.ENSP00000248879,0.071,1
9606.ENSP00000355523,0.071,1
9606.ENSP00000387007,0.071,1
9606.ENSP00000272371,0.071,2
9606.ENSP00000273183,0.07,1
9606.ENSP00000327538,0.07,1
9606.ENSP00000339299,0.07,2
9606.ENSP00000369820,0.07,1
9606.ENSP00000418735,0.07,1
9606.ENSP00000482180,0.07,3
9606.ENSP00000363345,0.07,1
9606.ENSP00000358718,0.07,3
9606.ENSP00000495507,0.07,1
9606.ENSP00000480884,0.069,1
9606.ENSP00000280481,0.069,6
9606.ENSP00000430620,0.069,1
9606.ENSP00000351484,0.069,2
9606.ENSP00000231706,0.069,1
9606.ENSP00000376337,0.069,1
9606.ENSP00000363459,0.069,1
9606.ENSP00000498469,0.069,1
9606.ENSP00000482514,0.068,1
9606.ENSP00000331681,0.068,1
9606.ENSP00000252999,0.068,3
9606.ENSP00000489551,0.068,4
9606.ENSP00000355140,0.068,1
9606.ENSP00000444788,0.068,3
9606.ENSP00000387266,0.068,1
9606.ENSP00000266254,0.067,1
9606.ENSP00000366314,0.067,1
9606.ENSP00000269881,0.067,1
9606.ENSP00000412461,0.067,1
9606.ENSP00000362734,0.067,4
9606.ENSP00000394720,0.067,1
9606.ENSP00000360757,0.067,1
9606.ENSP00000288710,0.067,1
9606.ENSP00000492384,0.067,1
9606.ENSP00000307235,0.067,2
9606.ENSP00000394484,0.066,2
9606.ENSP00000286063,0.066,1
9606.ENSP00000304422,0.066,2
9606.ENSP00000498408,0.066,2
9606.ENSP00000419975,0.066,2
9606.ENSP00000261681,0.066,1
9606.ENSP00000254691,0.066,2
9606.ENSP00000447211,0.066,2
9606.ENSP00000440365,0.066,2
9606.ENSP00000469158,0.065,1
9606.ENSP00000347942,0.065,2
9606.ENSP00000374049,0.065,2
9606.ENSP00000467290,0.065,1
9606.ENSP00000337946,0.065,1
9606.ENSP00000362616,0.065,2
9606.ENSP00000417335,0.065,1
9606.ENSP00000386181,0.065,2
9606.ENSP00000491450,0.065,1
9606.ENSP00000379138,0.065,1
9606.ENSP00000358886,0.065,2
9606.ENSP00000286719,0.064,2
9606.ENSP00000425040,0.064,1
9606.ENSP00000493252,0.064,4
9606.ENSP00000378611,0.064,1
9606.ENSP00000398688,0.064,1
9606.ENSP00000264025,0.064,1
9606.ENSP00000359333,0.064,1
9606.ENSP00000473036,0.063,1
9606.ENSP00000356545,0.063,3
9606.ENSP00000186436,0.063,1
9606.ENSP00000501191,0.063,1
9606.ENSP00000223023,0.063,1
9606.ENSP00000336894,0.063,2
9606.ENSP00000305302,0.063,2
9606.ENSP00000251108,0.063,1
9606.ENSP00000363827,0.063,2
9606.ENSP00000237536,0.063,3
9606.ENSP00000401514,0.063,7
9606.ENSP00000380876,0.063,1
9606.ENSP00000424571,0.062,1
9606.ENSP00000353942,0.062,1
9606.ENSP00000313443,0.062,2
9606.ENSP00000364840,0.062,2
9606.ENSP00000210633,0.062,1
9606.ENSP00000341422,0.062,1
9606.ENSP00000494485,0.062,2
9606.ENSP00000276654,0.062,2
9606.ENSP00000264867,0.062,1
9606.ENSP00000282538,0.061,1
9606.ENSP00000355471,0.061,2
9606.ENSP00000286234,0.061,2
9606.ENSP00000244333,0.061,2
9606.ENSP00000379032,0.061,2
9606.ENSP00000265131,0.061,2
9606.ENSP00000256194,0.061,1
9606.ENSP00000339115,0.06,1
9606.ENSP00000332886,0.06,1
9606.ENSP00000276704,0.06,1
9606.ENSP00000353650,0.06,2
9606.ENSP00000350786,0.06,1
9606.ENSP00000489770,0.06,1
9606.ENSP00000347583,0.06,1
9606.ENSP00000438788,0.059,3
9606.ENSP00000318716,0.059,1
9606.ENSP00000258341,0.059,1
9606.ENSP00000423390,0.059,1
9606.ENSP00000352544,0.059,1
9606.ENSP00000251472,0.059,1
9606.ENSP00000362763,0.059,1
9606.ENSP00000406201,0.058,1
9606.ENSP00000314484,0.058,2
9606.ENSP00000428968,0.058,2
9606.ENSP00000344140,0.058,1
9606.ENSP00000406482,0.058,4
9606.ENSP00000358365,0.058,2
9606.ENSP00000451998,0.058,4
9606.ENSP00000382140,0.058,1
9606.ENSP00000342188,0.058,1
9606.ENSP00000359245,0.057,6
9606.ENSP00000355865,0.057,1
9606.ENSP00000384222,0.057,2
9606.ENSP00000316786,0.057,1
9606.ENSP00000477455,0.057,1
9606.ENSP00000373828,0.057,1
9606.ENSP00000325527,0.057,1
9606.ENSP00000294702,0.057,1
9606.ENSP00000315070,0.057,1
9606.ENSP00000369009,0.057,1
9606.ENSP00000427555,0.057,1
9606.ENSP00000268130,0.057,1
9606.ENSP00000342818,0.056,2
9606.ENSP00000475489,0.056,3
9606.ENSP00000307549,0.056,1
9606.ENSP00000441381,0.056,3
9606.ENSP00000354952,0.056,1
9606.ENSP00000366527,0.056,2
9606.ENSP00000475939,0.056,2
9606.ENSP00000297203,0.055,1
9606.ENSP00000359204,0.055,1
9606.ENSP00000410715,0.055,1
9606.ENSP00000262719,0.055,3
9606.ENSP00000275560,0.055,1
9606.ENSP00000244576,0.055,2
9606.ENSP00000468049,0.055,2
9606.ENSP00000253812,0.055,1
9606.ENSP00000430955,0.055,1
9606.ENSP00000281772,0.055,2
9606.ENSP00000334246,0.055,1
9606.ENSP00000349396,0.055,1
9606.ENSP00000261918,0.055,1
9606.ENSP00000439250,0.055,1
9606.ENSP00000403644,0.054,1
9606.ENSP00000293662,0.054,1
9606.ENSP00000312946,0.054,2
9606.ENSP00000445323,0.054,2
9606.ENSP00000334941,0.054,1
9606.ENSP00000270223,0.054,1
9606.ENSP00000275493,0.054,2
9606.ENSP00000228705,0.054,1
9606.ENSP00000350856,0.054,1
9606.ENSP00000264042,0.054,2
9606.ENSP00000369816,0.054,2
9606.ENSP00000261799,0.053,2
9606.ENSP00000364349,0.053,2
9606.ENSP00000056217,0.053,5
9606.ENSP00000355090,0.053,4
9606.ENSP00000427661,0.053,2
9606.ENSP00000330442,0.053,2
9606.ENSP00000437955,0.052,1
9606.ENSP00000309792,0.052,2
9606.ENSP00000481994,0.052,1
9606.ENSP00000324857,0.052,1
9606.ENSP00000369419,0.052,2
9606.ENSP00000261205,0.052,1
9606.ENSP00000370896,0.052,1
9606.ENSP00000447931,0.052,2
9606.ENSP00000356237,0.052,1
9606.ENSP00000356319,0.052,1
9606.ENSP00000255304,0.052,3
9606.ENSP00000302978,0.051,1
9606.ENSP00000216037,0.051,1
9606.ENSP00000376457,0.051,1
9606.ENSP00000498071,0.051,2
9606.ENSP00000488696,0.051,1
9606.ENSP00000352882,0.051,1
9606.ENSP00000323926,0.051,1
9606.ENSP00000368538,0.051,1
9606.ENSP00000367494,0.051,1
9606.ENSP00000335615,0.051,1
9606.ENSP00000324763,0.051,2
9606.ENSP00000469142,0.05,2
9606.ENSP00000282326,0.05,1
9606.ENSP00000369325,0.05,1
9606.ENSP00000330878,0.05,2
9606.ENSP00000237353,0.05,2
9606.ENSP00000361302,0.05,1
9606.ENSP00000482950,0.05,1
9606.ENSP00000421801,0.05,1
9606.ENSP00000374045,0.05,4
9606.ENSP00000364839,0.05,2
9606.ENSP00000265342,0.05,1
9606.ENSP00000328598,0.05,1
9606.ENSP00000478179,0.049,2
9606.ENSP00000348527,0.049,1
9606.ENSP00000260453,0.049,1
9606.ENSP00000391200,0.049,1
9606.ENSP00000346265,0.049,1
9606.ENSP00000338165,0.048,1
9606.ENSP00000312649,0.048,1
9606.ENSP00000415070,0.048,3
9606.ENSP00000363405,0.048,3
9606.ENSP00000267430,0.048,2
9606.ENSP00000261326,0.048,3
9606.ENSP00000369497,0.048,1
9606.ENSP00000257414,0.048,1
9606.ENSP00000376807,0.048,1
9606.ENSP00000401338,0.048,1
9606.ENSP00000331479,0.048,1
9606.ENSP00000340514,0.047,2
9606.ENSP00000265769,0.047,1
9606.ENSP00000261170,0.047,1
9606.ENSP00000464162,0.047,1
9606.ENSP00000436450,0.047,2
9606.ENSP00000297267,0.047,2
9606.ENSP00000435648,0.047,2
9606.ENSP00000313169,0.047,1
9606.ENSP00000322775,0.047,1
9606.ENSP00000355022,0.046,1
9606.ENSP00000471604,0.046,1
9606.ENSP00000466500,0.046,2
9606.ENSP00000477344,0.046,1
9606.ENSP00000468897,0.046,1
9606.ENSP00000363317,0.046,3
9606.ENSP00000348170,0.046,1
9606.ENSP00000379226,0.046,1
9606.ENSP00000252590,0.046,1
9606.ENSP00000354871,0.046,1
9606.ENSP00000489225,0.045,1
9606.ENSP00000357073,0.045,1
9606.ENSP00000226247,0.045,1
9606.ENSP00000380840,0.045,2
9606.ENSP00000404127,0.045,2
9606.ENSP00000482607,0.045,2
9606.ENSP00000482899,0.045,1
9606.ENSP00000385277,0.045,3
9606.ENSP00000380174,0.045,1
9606.ENSP00000322532,0.045,1
9606.ENSP00000479060,0.045,1
9606.ENSP00000353058,0.044,1
9606.ENSP00000277225,0.044,1
9606.ENSP00000266581,0.044,1
9606.ENSP00000216268,0.044,1
9606.ENSP00000267460,0.044,1
9606.ENSP00000334657,0.044,1
9606.ENSP00000348842,0.044,3
9606.ENSP00000362768,0.044,2
9606.ENSP00000380351,0.044,2
9606.ENSP00000269197,0.044,3
9606.ENSP00000242819,0.044,1
9606.ENSP00000400513,0.044,1
9606.ENSP00000301218,0.044,2
9606.ENSP00000322300,0.043,1
9606.ENSP00000479326,0.043,1
9606.ENSP00000390630,0.043,1
9606.ENSP00000496268,0.043,1
9606.ENSP00000483386,0.043,1
9606.ENSP00000363241,0.043,1
9606.ENSP00000367794,0.043,2
9606.ENSP00000257909,0.043,1
9606.ENSP00000250076,0.043,1
9606.ENSP00000270747,0.043,1
9606.ENSP00000244513,0.043,1
9606.ENSP00000490245,0.042,2
9606.ENSP00000256509,0.042,1
9606.ENSP00000494260,0.042,1
9606.ENSP00000333376,0.042,1
9606.ENSP00000495242,0.042,2
9606.ENSP00000321334,0.042,2
9606.ENSP00000339314,0.042,2
9606.ENSP00000393557,0.042,1
9606.ENSP00000354778,0.042,1
9606.ENSP00000190165,0.042,1
9606.ENSP00000295622,0.041,1
9606.ENSP00000267845,0.041,1
9606.ENSP00000300403,0.041,1
9606.ENSP00000364220,0.041,1
9606.ENSP00000223642,0.041,3
9606.ENSP00000433415,0.041,1
9606.ENSP00000356257,0.041,1
9606.ENSP00000359392,0.041,2
9606.ENSP00000384179,0.041,2
9606.ENSP00000309161,0.041,1
9606.ENSP00000282499,0.041,2
9606.ENSP00000393222,0.041,1
9606.ENSP00000482870,0.04,1
9606.ENSP00000443113,0.04,1
9606.ENSP00000485526,0.04,1
9606.ENSP00000324419,0.04,1
9606.ENSP00000425658,0.04,3
9606.ENSP00000370639,0.04,1
9606.ENSP00000468720,0.04,2
9606.ENSP00000483364,0.04,1
9606.ENSP00000352904,0.04,1
9606.ENSP00000463080,0.04,1
9606.ENSP00000470209,0.04,2
9606.ENSP00000296452,0.04,2
9606.ENSP00000337797,0.04,1
9606.ENSP00000479716,0.04,1
9606.ENSP00000356771,0.04,1
9606.ENSP00000409937,0.039,1
9606.ENSP00000284288,0.039,1
9606.ENSP00000414856,0.039,1
9606.ENSP00000341045,0.039,1
9606.ENSP00000319197,0.039,1
9606.ENSP00000311579,0.039,2
9606.ENSP00000304108,0.039,1
9606.ENSP00000379911,0.039,1
9606.ENSP00000367318,0.039,1
9606.ENSP00000337383,0.039,4
9606.ENSP00000287097,0.039,2
9606.ENSP00000286732,0.039,1
9606.ENSP00000335042,0.039,2
9606.ENSP00000421377,0.039,2
9606.ENSP00000481862,0.039,3
9606.ENSP00000352510,0.039,2
9606.ENSP00000332111,0.039,2
9606.ENSP00000327687,0.039,2
9606.ENSP00000288368,0.039,1
9606.ENSP00000343899,0.039,2
9606.ENSP00000444201,0.038,2
9606.ENSP00000320401,0.038,1
9606.ENSP00000296526,0.038,2
9606.ENSP00000414350,0.038,1
9606.ENSP00000274361,0.038,2
9606.ENSP00000375081,0.038,1
9606.ENSP00000499375,0.038,2
9606.ENSP00000317128,0.038,2
9606.ENSP00000317895,0.038,1
9606.ENSP00000372857,0.038,1
9606.ENSP00000384801,0.038,1
9606.ENSP00000356959,0.038,1
9606.ENSP00000321636,0.038,1
9606.ENSP00000251102,0.038,1
9606.ENSP00000387128,0.037,2
9606.ENSP00000362446,0.037,2
9606.ENSP00000369592,0.037,1
9606.ENSP00000333938,0.037,1
9606.ENSP00000424765,0.037,1
9606.ENSP00000405453,0.037,1
9606.ENSP00000333374,0.037,2
9606.ENSP00000489262,0.037,5
9606.ENSP00000272367,0.037,1
9606.ENSP00000329995,0.037,3
9606.ENSP00000304192,0.037,1
9606.ENSP00000294664,0.037,1
9606.ENSP00000311899,0.037,1
9606.ENSP00000303696,0.036,2
9606.ENSP00000376865,0.036,1
9606.ENSP00000321848,0.036,1
9606.ENSP00000365407,0.036,1
9606.ENSP00000340914,0.036,1
9606.ENSP00000382511,0.036,4
9606.ENSP00000354498,0.036,2
9606.ENSP00000261383,0.036,6
9606.ENSP00000252482,0.036,1
9606.ENSP00000353582,0.036,2
9606.ENSP00000291539,0.036,1
9606.ENSP00000362935,0.036,1
9606.ENSP00000497691,0.036,2
9606.ENSP00000228567,0.036,1
9606.ENSP00000343818,0.035,2
9606.ENSP00000357966,0.035,1
9606.ENSP00000354721,0.035,2
9606.ENSP00000366093,0.035,1
9606.ENSP00000471516,0.035,2
9606.ENSP00000348419,0.034,2
9606.ENSP00000431418,0.034,1
9606.ENSP00000232892,0.034,1
9606.ENSP00000334329,0.034,1
9606.ENSP00000370077,0.034,3
9606.ENSP00000259883,0.034,1
9606.ENSP00000336701,0.034,1
9606.ENSP00000287008,0.034,1
9606.ENSP00000446479,0.034,1
9606.ENSP00000379208,0.033,2
9606.ENSP00000380165,0.033,2
9606.ENSP00000333660,0.033,1
9606.ENSP00000364379,0.033,1
9606.ENSP00000398089,0.033,1
9606.ENSP00000498589,0.033,2
9606.ENSP00000362372,0.033,3
9606.ENSP00000345029,0.033,1
9606.ENSP00000296318,0.033,1
9606.ENSP00000377520,0.033,1
9606.ENSP00000242804,0.033,2
9606.ENSP00000340683,0.033,2
9606.ENSP00000356590,0.032,1
9606.ENSP00000339767,0.032,2
9606.ENSP00000440464,0.032,2
9606.ENSP00000374125,0.032,1
9606.ENSP00000356076,0.032,1
9606.ENSP00000319305,0.032,2
9606.ENSP00000416662,0.032,2
9606.ENSP00000444425,0.032,1
9606.ENSP00000433459,0.032,1
9606.ENSP00000354621,0.032,2
9606.ENSP00000207457,0.031,1
9606.ENSP00000307746,0.031,1
9606.ENSP00000240361,0.031,1
9606.ENSP00000382815,0.031,1
9606.ENSP00000386306,0.031,1
9606.ENSP00000303437,0.031,1
9606.ENSP00000294728,0.031,1
9606.ENSP00000419397,0.03,2
9606.ENSP00000264005,0.03,1
9606.ENSP00000261921,0.03,1
9606.ENSP00000358715,0.03,2
9606.ENSP00000426103,0.03,1
9606.ENSP00000164024,0.03,1
9606.ENSP00000485357,0.03,3
9606.ENSP00000457991,0.03,2
9606.ENSP00000288135,0.03,2
9606.ENSP00000334853,0.03,2
9606.ENSP00000215812,0.03,1
9606.ENSP00000400997,0.03,1
9606.ENSP00000392828,0.03,1
9606.ENSP00000308921,0.03,1
9606.ENSP00000251691,0.03,1
9606.ENSP00000299871,0.029,1
9606.ENSP00000402644,0.029,3
9606.ENSP00000350085,0.029,2
9606.ENSP00000363463,0.029,1
9606.ENSP00000390436,0.029,1
9606.ENSP00000319486,0.029,2
9606.ENSP00000432504,0.029,2
9606.ENSP00000302455,0.029,1
9606.ENSP00000420194,0.029,1
9606.ENSP00000200181,0.029,2
9606.ENSP00000325120,0.029,1
9606.ENSP00000478941,0.029,2
9606.ENSP00000281142,0.028,1
9606.ENSP00000355167,0.028,1
9606.ENSP00000344989,0.028,1
9606.ENSP00000309597,0.028,1
9606.ENSP00000354645,0.028,1
9606.ENSP00000378710,0.028,2
9606.ENSP00000337572,0.028,1
9606.ENSP00000422834,0.028,1
9606.ENSP00000274000,0.028,1
9606.ENSP00000360317,0.028,2
9606.ENSP00000265748,0.028,1
9606.ENSP00000354683,0.028,2
9606.ENSP00000450567,0.028,1
9606.ENSP00000358696,0.027,2
9606.ENSP00000285979,0.027,2
9606.ENSP00000418112,0.027,2
9606.ENSP00000256104,0.027,1
9606.ENSP00000312082,0.027,1
9606.ENSP00000471041,0.027,2
9606.ENSP00000376293,0.027,1
9606.ENSP00000252087,0.027,2
9606.ENSP00000349458,0.027,2
9606.ENSP00000384615,0.027,1
9606.ENSP00000317997,0.027,1
9606.ENSP00000353496,0.027,1
9606.ENSP00000292579,0.027,1
9606.ENSP00000301547,0.027,2
9606.ENSP00000301050,0.027,1
9606.ENSP00000420525,0.027,2
9606.ENSP00000377075,0.026,1
9606.ENSP00000292562,0.026,1
9606.ENSP00000374309,0.026,1
9606.ENSP00000346659,0.026,1
9606.ENSP00000262113,0.026,1
9606.ENSP00000367202,0.026,1
9606.ENSP00000254166,0.026,1
9606.ENSP00000267485,0.026,1
9606.ENSP00000273963,0.026,1
9606.ENSP00000479636,0.026,1
9606.ENSP00000498905,0.026,1
9606.ENSP00000361060,0.026,1
9606.ENSP00000381026,0.026,1
9606.ENSP00000324648,0.026,1
9606.ENSP00000219069,0.026,2
9606.ENSP00000343377,0.026,2
9606.ENSP00000481934,0.026,2
9606.ENSP00000392760,0.026,2
9606.ENSP00000369318,0.025,1
9606.ENSP00000405405,0.025,1
9606.ENSP00000472808,0.025,1
9606.ENSP00000364870,0.025,2
9606.ENSP00000376303,0.025,1
9606.ENSP00000397178,0.025,2
9606.ENSP00000355559,0.025,1
9606.ENSP00000401907,0.025,1
9606.ENSP00000360855,0.025,1
9606.ENSP00000243349,0.025,1
9606.ENSP00000366265,0.025,2
9606.ENSP00000414022,0.025,1
9606.ENSP00000268533,0.024,2
9606.ENSP00000303174,0.024,1
9606.ENSP00000361107,0.024,1
9606.ENSP00000283249,0.024,1
9606.ENSP00000291823,0.024,1
9606.ENSP00000383145,0.024,2
9606.ENSP00000299443,0.024,1
9606.ENSP00000479139,0.024,1
9606.ENSP00000368109,0.024,1
9606.ENSP00000497236,0.024,1
9606.ENSP00000411932,0.024,1
9606.ENSP00000350415,0.024,1
9606.ENSP00000348314,0.024,2
9606.ENSP00000373937,0.024,1
9606.ENSP00000365637,0.024,1
9606.ENSP00000365188,0.024,1
9606.ENSP00000325663,0.024,1
9606.ENSP00000359077,0.024,1
9606.ENSP00000386133,0.024,2
9606.ENSP00000395259,0.024,2
9606.ENSP00000357669,0.024,3
9606.ENSP00000341581,0.024,1
9606.ENSP00000459799,0.024,1
9606.ENSP00000253193,0.024,1
9606.ENSP00000395929,0.023,1
9606.ENSP00000328998,0.023,1
9606.ENSP00000274093,0.023,2
9606.ENSP00000368637,0.023,1
9606.ENSP00000350576,0.023,2
9606.ENSP00000391641,0.023,1
9606.ENSP00000500891,0.023,1
9606.ENSP00000352447,0.023,1
9606.ENSP00000379169,0.023,2
9606.ENSP00000364620,0.023,1
9606.ENSP00000322784,0.023,1
9606.ENSP00000354360,0.023,2
9606.ENSP00000456543,0.023,2
9606.ENSP00000261978,0.023,1
9606.ENSP00000260502,0.023,1
9606.ENSP00000219022,0.022,1
9606.ENSP00000231721,0.022,1
9606.ENSP00000310472,0.022,2
9606.ENSP00000348020,0.022,1
9606.ENSP00000383303,0.022,1
9606.ENSP00000201647,0.022,1
9606.ENSP00000344794,0.022,1
9606.ENSP00000402033,0.022,2
9606.ENSP00000384537,0.022,1
9606.ENSP00000243052,0.022,1
9606.ENSP00000373215,0.022,1
9606.ENSP00000355185,0.022,1
9606.ENSP00000337949,0.022,2
9606.ENSP00000412940,0.021,3
9606.ENSP00000477841,0.021,1
9606.ENSP00000377047,0.021,2
9606.ENSP00000356634,0.021,2
9606.ENSP00000485478,0.021,1
9606.ENSP00000315190,0.021,1
9606.ENSP00000432695,0.021,1
9606.ENSP00000358802,0.021,1
9606.ENSP00000498797,0.021,1
9606.ENSP00000382770,0.021,1
9606.ENSP00000262545,0.021,1
9606.ENSP00000340913,0.021,1
9606.ENSP00000262726,0.021,1
9606.ENSP00000333836,0.021,1
9606.ENSP00000263598,0.021,1
9606.ENSP00000317469,0.021,1
9606.ENSP00000249373,0.021,1
9606.ENSP00000408058,0.02,1
9606.ENSP00000418648,0.02,1
9606.ENSP00000498587,0.02,2
9606.ENSP00000479261,0.02,3
9606.ENSP00000346534,0.02,1
9606.ENSP00000367069,0.02,2
9606.ENSP00000464976,0.02,1
9606.ENSP00000382241,0.019,2
9606.ENSP00000367629,0.019,1
9606.ENSP00000263666,0.019,1
9606.ENSP00000375656,0.019,1
9606.ENSP00000330753,0.019,2
9606.ENSP00000345824,0.019,1
9606.ENSP00000426255,0.019,1
9606.ENSP00000332809,0.019,1
9606.ENSP00000398526,0.019,1
9606.ENSP00000376647,0.019,1
9606.ENSP00000216264,0.019,2
9606.ENSP00000386126,0.018,1
9606.ENSP00000410852,0.018,1
9606.ENSP00000324693,0.018,1
9606.ENSP00000386135,0.018,1
9606.ENSP00000385510,0.018,1
9606.ENSP00000363529,0.018,1
9606.ENSP00000279873,0.018,1
9606.ENSP00000248706,0.018,1
9606.ENSP00000452120,0.018,1
9606.ENSP00000371000,0.018,1
9606.ENSP00000357178,0.018,1
9606.ENSP00000482704,0.017,1
9606.ENSP00000238682,0.017,2
9606.ENSP00000380185,0.017,1
9606.ENSP00000418575,0.017,1
9606.ENSP00000250340,0.017,1
9606.ENSP00000394472,0.017,1
9606.ENSP00000398789,0.017,1
9606.ENSP00000228434,0.017,1
9606.ENSP00000405456,0.017,1
9606.ENSP00000265728,0.017,1
9606.ENSP00000479617,0.017,2
9606.ENSP00000425631,0.017,1
9606.ENSP00000407761,0.017,1
9606.ENSP00000483356,0.017,1
9606.ENSP00000441929,0.017,1
9606.ENSP00000357112,0.017,1
9606.ENSP00000318884,0.016,1
9606.ENSP00000498697,0.016,1
9606.ENSP00000297534,0.016,1
9606.ENSP00000324277,0.016,1
9606.ENSP00000216629,0.016,1
9606.ENSP00000325146,0.016,1
9606.ENSP00000322801,0.016,1
9606.ENSP00000357156,0.016,1
9606.ENSP00000378476,0.016,2
9606.ENSP00000354206,0.016,1
9606.ENSP00000490802,0.016,1
9606.ENSP00000364464,0.016,1
9606.ENSP00000263923,0.016,1
9606.ENSP00000334675,0.016,1
9606.ENSP00000243344,0.015,1
9606.ENSP00000356438,0.015,1
9606.ENSP00000356000,0.015,1
9606.ENSP00000256544,0.015,1
9606.ENSP00000313088,0.015,2
9606.ENSP00000355053,0.015,2
9606.ENSP00000411253,0.015,1
9606.ENSP00000427882,0.015,1
9606.ENSP00000365210,0.015,1
9606.ENSP00000340594,0.015,1
9606.ENSP00000377112,0.015,1
9606.ENSP00000299440,0.015,2
9606.ENSP00000378356,0.014,1
9606.ENSP00000380250,0.014,1
9606.ENSP00000370521,0.014,1
9606.ENSP00000360423,0.014,1
9606.ENSP00000355026,0.014,1
9606.ENSP00000441949,0.014,1
9606.ENSP00000374037,0.014,1
9606.ENSP00000376945,0.014,1
9606.ENSP00000440273,0.014,2
9606.ENSP00000371985,0.014,2
9606.ENSP00000357336,0.014,1
9606.ENSP00000328524,0.014,1
9606.ENSP00000258149,0.014,1
9606.ENSP00000407818,0.014,1
9606.ENSP00000398368,0.014,2
9606.ENSP00000493015,0.014,1
9606.ENSP00000216200,0.014,1
9606.ENSP00000356113,0.013,1
9606.ENSP00000466937,0.013,1
9606.ENSP00000265026,0.013,1
9606.ENSP00000352071,0.013,1
9606.ENSP00000296422,0.013,2
9606.ENSP00000487785,0.013,2
9606.ENSP00000364814,0.013,1
9606.ENSP00000223366,0.013,2
9606.ENSP00000284981,0.013,1
9606.ENSP00000385450,0.013,2
9606.ENSP00000359489,0.012,1
9606.ENSP00000390600,0.012,1
9606.ENSP00000389014,0.012,1
9606.ENSP00000363397,0.012,2
9606.ENSP00000383986,0.012,2
9606.ENSP00000384000,0.012,1
9606.ENSP00000403396,0.012,1
9606.ENSP00000358784,0.012,2
9606.ENSP00000403802,0.012,1
9606.ENSP00000375951,0.012,1
9606.ENSP00000216492,0.012,1
9606.ENSP00000375778,0.011,1
9606.ENSP00000303252,0.011,1
9606.ENSP00000309493,0.011,2
9606.ENSP00000416040,0.011,1
9606.ENSP00000284262,0.011,1
9606.ENSP00000392105,0.011,1
9606.ENSP00000011898,0.011,1
9606.ENSP00000351318,0.011,1
9606.ENSP00000311687,0.011,1
9606.ENSP00000478834,0.011,1
9606.ENSP00000264233,0.011,1
9606.ENSP00000287777,0.011,2
9606.ENSP00000383366,0.011,1
9606.ENSP00000356121,0.011,1
9606.ENSP00000464391,0.011,1
9606.ENSP00000274457,0.011,1
9606.ENSP00000286744,0.01,1
9606.ENSP00000282406,0.01,1
9606.ENSP00000005286,0.01,2
9606.ENSP00000348453,0.01,2
9606.ENSP00000480791,0.01,1
9606.ENSP00000358265,0.01,2
9606.ENSP00000339976,0.01,2
9606.ENSP00000353796,0.01,1
9606.ENSP00000481372,0.01,1
9606.ENSP00000311905,0.01,1
9606.ENSP00000349708,0.01,2
9606.ENSP00000355162,0.009,2
9606.ENSP00000263094,0.009,1
9606.ENSP00000380256,0.009,1
9606.ENSP00000359768,0.009,1
9606.ENSP00000282753,0.009,2
9606.ENSP00000300231,0.009,1
9606.ENSP00000341141,0.009,1
9606.ENSP00000289269,0.009,2
9606.ENSP00000233156,0.009,1
9606.ENSP00000305426,0.009,1
9606.ENSP00000267890,0.009,1
9606.ENSP00000406490,0.009,2
9606.ENSP00000328813,0.009,2
9606.ENSP00000269025,0.008,1
9606.ENSP00000436812,0.008,1
9606.ENSP00000433761,0.008,1
9606.ENSP00000309836,0.008,1
9606.ENSP00000296252,0.008,1
9606.ENSP00000389252,0.008,2
9606.ENSP00000496982,0.008,1
9606.ENSP00000381981,0.008,1
9606.ENSP00000061240,0.008,2
9606.ENSP00000467218,0.008,1
9606.ENSP00000371614,0.008,2
9606.ENSP00000352936,0.008,1
9606.ENSP00000432163,0.007,2
9606.ENSP00000406164,0.007,1
9606.ENSP00000364603,0.007,1
9606.ENSP00000303246,0.007,1
9606.ENSP00000488302,0.007,1
9606.ENSP00000420269,0.007,1
9606.ENSP00000468002,0.007,1
9606.ENSP00000265371,0.007,2
9606.ENSP00000241125,0.007,1
9606.ENSP00000371398,0.007,2
9606.ENSP00000361667,0.007,1
9606.ENSP00000265132,0.007,1
9606.ENSP00000303830,0.006,1
9606.ENSP00000272520,0.006,1
9606.ENSP00000419162,0.006,1
9606.ENSP00000479518,0.006,1
9606.ENSP00000379531,0.006,2
9606.ENSP00000440402,0.006,1
9606.ENSP00000477725,0.006,2
9606.ENSP00000384763,0.006,1
9606.ENSP00000350162,0.006,2
9606.ENSP00000231484,0.006,2
9606.ENSP00000296498,0.006,2
9606.ENSP00000299001,0.006,1
9606.ENSP00000382804,0.006,1
9606.ENSP00000344458,0.006,1
9606.ENSP00000442600,0.006,1
9606.ENSP00000245957,0.006,1
9606.ENSP00000397925,0.006,1
9606.ENSP00000348459,0.005,1
9606.ENSP00000353393,0.005,2
9606.ENSP00000287461,0.005,1
9606.ENSP00000027335,0.005,1
9606.ENSP00000304782,0.005,1
9606.ENSP00000389176,0.005,1
9606.ENSP00000262352,0.005,1
9606.ENSP00000488838,0.005,1
9606.ENSP00000323740,0.005,1
9606.ENSP00000313699,0.005,2
9606.ENSP00000268164,0.005,1
9606.ENSP00000303158,0.005,1
9606.ENSP00000288912,0.005,1
9606.ENSP00000367715,0.005,1
9606.ENSP00000381058,0.005,1
9606.ENSP00000209884,0.005,1
9606.ENSP00000265602,0.005,1
9606.ENSP00000252050,0.004,1
9606.ENSP00000466051,0.004,1
9606.ENSP00000309504,0.004,1
9606.ENSP00000389140,0.004,1
9606.ENSP00000371689,0.004,1
9606.ENSP00000355419,0.004,1
9606.ENSP00000319651,0.004,1
9606.ENSP00000349281,0.004,1
9606.ENSP00000499569,0.004,2
9606.ENSP00000387091,0.004,1
9606.ENSP00000258729,0.004,1
9606.ENSP00000290341,0.004,1
9606.ENSP00000347538,0.004,1
9606.ENSP00000358495,0.004,1
9606.ENSP00000481450,0.004,1
9606.ENSP00000354610,0.004,1
9606.ENSP00000371548,0.004,1
9606.ENSP00000343891,0.004,1
9606.ENSP00000327994,0.004,1
9606.ENSP00000254846,0.004,1
9606.ENSP00000301141,0.004,1
9606.ENSP00000332679,0.004,1
9606.ENSP00000385142,0.004,2
9606.ENSP00000497274,0.004,1
9606.ENSP00000263116,0.004,1
9606.ENSP00000301146,0.004,1
9606.ENSP00000362186,0.004,1
9606.ENSP00000273352,0.004,1
9606.ENSP00000351682,0.004,1
9606.ENSP00000498630,0.004,1
9606.ENSP00000361850,0.004,1
9606.ENSP00000329668,0.004,1
9606.ENSP00000340361,0.004,1
9606.ENSP00000393952,0.004,1
9606.ENSP00000396615,0.004,1
9606.ENSP00000354917,0.004,1
9606.ENSP00000342105,0.004,1
9606.ENSP00000328083,0.003,1
9606.ENSP00000401633,0.003,1
9606.ENSP00000367064,0.003,2
9606.ENSP00000268603,0.003,1
9606.ENSP00000320434,0.003,1
9606.ENSP00000342197,0.003,1
9606.ENSP00000322609,0.003,2
9606.ENSP00000395012,0.003,1
9606.ENSP00000497406,0.003,1
9606.ENSP00000387694,0.003,1
9606.ENSP00000320006,0.003,2
9606.ENSP00000497185,0.003,1
9606.ENSP00000355330,0.003,1
9606.ENSP00000236877,0.003,1
9606.ENSP00000353462,0.003,1
9606.ENSP00000368824,0.003,1
9606.ENSP00000362993,0.002,1
9606.ENSP00000412130,0.002,1
9606.ENSP00000414517,0.002,1
9606.ENSP00000367096,0.002,1
9606.ENSP00000490726,0.002,1
9606.ENSP00000384164,0.002,1
9606.ENSP00000262315,0.002,1
9606.ENSP00000495413,0.002,1
9606.ENSP00000296474,0.002,1
9606.ENSP00000481056,0.002,1
9606.ENSP00000409906,0.002,1
9606.ENSP00000373952,0.002,1
9606.ENSP00000428657,0.002,1
9606.ENSP00000260983,0.001,1
9606.ENSP00000309501,0.001,1
9606.ENSP00000339381,0.001,1
9606.ENSP00000477597,0.001,1
9606.ENSP00000362776,0.001,1
9606.ENSP00000378340,0.001,1
9606.ENSP00000303153,0.001,1
9606.ENSP00000379709,0.001,1
9606.ENSP00000374071,0.001,1
9606.ENSP00000256646,0.001,1
9606.ENSP00000264828,0.001,1
9606.ENSP00000364979,0.001,1
9606.ENSP00000217939,0.0007,1
