string_external_id,abundance,raw_spectral_count
9606.ENSP00000355780,7922,974
9606.ENSP00000254810,7922,974
9606.ENSP00000345347,6645,783
9606.ENSP00000494750,6004,4263
9606.ENSP00000458162,6004,4263
9606.ENSP00000370010,5674,49
9606.ENSP00000380070,4980,986
9606.ENSP00000357721,3945,393
9606.ENSP00000225655,3659,578
9606.ENSP00000381581,3553,2251
9606.ENSP00000419425,3492,530
9606.ENSP00000446007,3478,1564
9606.ENSP00000495530,3269,1214
9606.ENSP00000355315,3042,14
9606.ENSP00000346694,3012,751
9606.ENSP00000273258,2968,175
9606.ENSP00000318195,2879,1007
9606.ENSP00000353408,2841,1711
9606.ENSP00000346550,2831,1683
9606.ENSP00000357727,2823,361
9606.ENSP00000362413,2753,1037
9606.ENSP00000339063,2726,992
9606.ENSP00000320171,2718,1257
9606.ENSP00000216181,2699,4719
9606.ENSP00000219150,2686,704
9606.ENSP00000296503,2599,366
9606.ENSP00000391481,2578,881
9606.ENSP00000228945,2519,295
9606.ENSP00000399888,2388,153
9606.ENSP00000330074,2337,350
9606.ENSP00000320866,2313,546
9606.ENSP00000307705,2250,742
9606.ENSP00000360609,2249,1710
9606.ENSP00000261366,2191,1182
9606.ENSP00000432660,2142,396
9606.ENSP00000259469,2123,62
9606.ENSP00000339566,2119,721
9606.ENSP00000491215,2063,1132
9606.ENSP00000385479,2024,840
9606.ENSP00000333277,2024,840
9606.ENSP00000358154,2024,840
9606.ENSP00000244534,2019,704
9606.ENSP00000388107,1947,725
9606.ENSP00000355759,1907,1311
9606.ENSP00000313199,1903,346
9606.ENSP00000375978,1822,906
9606.ENSP00000262030,1809,799
9606.ENSP00000296930,1797,324
9606.ENSP00000309830,1793,62
9606.ENSP00000340019,1762,798
9606.ENSP00000338934,1753,1200
9606.ENSP00000325376,1728,999
9606.ENSP00000335153,1722,1631
9606.ENSP00000451291,1706,543
9606.ENSP00000261623,1700,120
9606.ENSP00000365458,1692,608
9606.ENSP00000437125,1656,1082
9606.ENSP00000484789,1632,1826
9606.ENSP00000479794,1632,1826
9606.ENSP00000347168,1632,1826
9606.ENSP00000481486,1632,1826
9606.ENSP00000479106,1632,1826
9606.ENSP00000244537,1632,1826
9606.ENSP00000479461,1632,1826
9606.ENSP00000366974,1632,1826
9606.ENSP00000462355,1632,1826
9606.ENSP00000443017,1632,1826
9606.ENSP00000462667,1632,1826
9606.ENSP00000480960,1632,1826
9606.ENSP00000367034,1632,1826
9606.ENSP00000489236,1632,1826
9606.ENSP00000379287,1631,454
9606.ENSP00000229270,1609,494
9606.ENSP00000262746,1607,312
9606.ENSP00000308405,1559,501
9606.ENSP00000296417,1559,501
9606.ENSP00000320176,1545,382
9606.ENSP00000216802,1530,263
9606.ENSP00000272317,1515,723
9606.ENSP00000352257,1479,682
9606.ENSP00000361777,1475,219
9606.ENSP00000304229,1471,85
9606.ENSP00000484638,1470,870
9606.ENSP00000366999,1470,870
9606.ENSP00000352252,1470,870
9606.ENSP00000358160,1470,870
9606.ENSP00000489282,1470,870
9606.ENSP00000483283,1470,870
9606.ENSP00000484658,1470,870
9606.ENSP00000484095,1470,870
9606.ENSP00000480826,1470,870
9606.ENSP00000484841,1470,870
9606.ENSP00000263168,1462,364
9606.ENSP00000361883,1448,631
9606.ENSP00000009530,1439,315
9606.ENSP00000385958,1416,86
9606.ENSP00000463939,1414,187
9606.ENSP00000423563,1412,364
9606.ENSP00000346001,1399,349
9606.ENSP00000346032,1392,454
9606.ENSP00000307940,1370,969
9606.ENSP00000401010,1364,353
9606.ENSP00000321259,1363,407
9606.ENSP00000324173,1361,743
9606.ENSP00000345848,1354,239
9606.ENSP00000311430,1354,323
9606.ENSP00000370125,1320,79
9606.ENSP00000372155,1315,340
9606.ENSP00000399700,1301,8
9606.ENSP00000262428,1291,155
9606.ENSP00000339001,1280,1216
9606.ENSP00000381736,1241,575
9606.ENSP00000316029,1238,2386
9606.ENSP00000389103,1236,112
9606.ENSP00000359991,1231,318
9606.ENSP00000367220,1220,298
9606.ENSP00000295685,1219,315
9606.ENSP00000427687,1208,425
9606.ENSP00000476136,1206,1953
9606.ENSP00000358151,1201,1955
9606.ENSP00000477527,1201,1955
9606.ENSP00000482674,1201,1955
9606.ENSP00000263238,1190,410
9606.ENSP00000342374,1188,94
9606.ENSP00000357704,1183,97
9606.ENSP00000411355,1176,1154
9606.ENSP00000349430,1171,2054
9606.ENSP00000483903,1166,2056
9606.ENSP00000477907,1166,2056
9606.ENSP00000479169,1166,2056
9606.ENSP00000366962,1166,2056
9606.ENSP00000289316,1166,2056
9606.ENSP00000489317,1166,2056
9606.ENSP00000445633,1166,2056
9606.ENSP00000348924,1166,2056
9606.ENSP00000321744,1166,2056
9606.ENSP00000481622,1156,2018
9606.ENSP00000491341,1156,2018
9606.ENSP00000366618,1152,2017
9606.ENSP00000417864,1145,199
9606.ENSP00000479284,1142,1793
9606.ENSP00000397843,1137,30
9606.ENSP00000371194,1137,286
9606.ENSP00000493701,1125,608
9606.ENSP00000249071,1123,208
9606.ENSP00000464813,1118,79
9606.ENSP00000348056,1111,102
9606.ENSP00000349748,1107,480
9606.ENSP00000216714,1103,257
9606.ENSP00000393241,1097,142
9606.ENSP00000278572,1096,297
9606.ENSP00000253024,1090,495
9606.ENSP00000228740,1089,650
9606.ENSP00000447001,1087,118
9606.ENSP00000319281,1084,158
9606.ENSP00000252244,1081,614
9606.ENSP00000270792,1079,49
9606.ENSP00000225430,1079,77
9606.ENSP00000403172,1075,196
9606.ENSP00000445831,1072,2056
9606.ENSP00000305556,1071,289
9606.ENSP00000346050,1070,258
9606.ENSP00000261313,1065,137
9606.ENSP00000327054,1050,602
9606.ENSP00000378786,1045,169
9606.ENSP00000361076,1044,167
9606.ENSP00000300289,1038,491
9606.ENSP00000364935,1036,228
9606.ENSP00000351777,1030,701
9606.ENSP00000389351,1030,177
9606.ENSP00000376309,1018,270
9606.ENSP00000265073,1017,100
9606.ENSP00000395535,1016,346
9606.ENSP00000296674,1013,93
9606.ENSP00000344547,1005,58
9606.ENSP00000381607,1002,163
9606.ENSP00000276079,998,323
9606.ENSP00000496166,997,550
9606.ENSP00000327070,997,318
9606.ENSP00000269576,990,526
9606.ENSP00000332790,990,522
9606.ENSP00000300026,985,186
9606.ENSP00000361930,981,318
9606.ENSP00000349428,979,284
9606.ENSP00000268182,976,1276
9606.ENSP00000263867,973,199
9606.ENSP00000405965,972,74
9606.ENSP00000357123,970,296
9606.ENSP00000422176,969,388
9606.ENSP00000254108,960,182
9606.ENSP00000358155,960,783
9606.ENSP00000475814,960,783
9606.ENSP00000290378,958,1993
9606.ENSP00000369757,956,122
9606.ENSP00000485952,955,533
9606.ENSP00000386636,955,319
9606.ENSP00000464342,953,48
9606.ENSP00000332194,949,776
9606.ENSP00000369538,942,453
9606.ENSP00000263697,937,105
9606.ENSP00000233143,933,20
9606.ENSP00000221419,933,397
9606.ENSP00000252699,929,1047
9606.ENSP00000413436,929,119
9606.ENSP00000355645,926,1957
9606.ENSP00000366109,920,250
9606.ENSP00000295897,919,558
9606.ENSP00000217182,918,603
9606.ENSP00000403039,909,350
9606.ENSP00000338413,908,721
9606.ENSP00000318646,897,123
9606.ENSP00000225275,896,741
9606.ENSP00000359345,896,167
9606.ENSP00000466134,895,314
9606.ENSP00000270625,894,115
9606.ENSP00000446215,893,164
9606.ENSP00000355657,888,793
9606.ENSP00000221801,883,230
9606.ENSP00000379888,881,140
9606.ENSP00000341826,881,463
9606.ENSP00000428085,879,103
9606.ENSP00000340466,879,612
9606.ENSP00000404121,878,546
9606.ENSP00000349168,877,300
9606.ENSP00000497733,877,126
9606.ENSP00000445175,874,359
9606.ENSP00000366798,874,22
9606.ENSP00000261267,869,123
9606.ENSP00000299767,865,589
9606.ENSP00000357113,861,532
9606.ENSP00000247461,860,359
9606.ENSP00000307889,854,109
9606.ENSP00000463154,853,104
9606.ENSP00000465432,850,40
9606.ENSP00000222247,849,110
9606.ENSP00000339795,842,155
9606.ENSP00000362744,842,250
9606.ENSP00000348849,842,52
9606.ENSP00000325905,840,83
9606.ENSP00000262584,836,107
9606.ENSP00000463784,836,114
9606.ENSP00000391592,833,538
9606.ENSP00000375632,831,115
9606.ENSP00000416269,828,382
9606.ENSP00000224784,825,1821
9606.ENSP00000215829,824,62
9606.ENSP00000358866,821,1704
9606.ENSP00000386857,820,1820
9606.ENSP00000363018,814,153
9606.ENSP00000370114,811,287
9606.ENSP00000356520,810,841
9606.ENSP00000405573,806,363
9606.ENSP00000357076,805,211
9606.ENSP00000362820,804,75
9606.ENSP00000359804,799,340
9606.ENSP00000297012,792,729
9606.ENSP00000309334,789,102
9606.ENSP00000357801,789,36
9606.ENSP00000295688,789,349
9606.ENSP00000400175,788,171
9606.ENSP00000316176,783,105
9606.ENSP00000499935,783,163
9606.ENSP00000429707,782,43
9606.ENSP00000355228,781,20
9606.ENSP00000487444,781,1791
9606.ENSP00000354739,773,108
9606.ENSP00000354632,773,31
9606.ENSP00000327801,771,367
9606.ENSP00000494697,765,104
9606.ENSP00000470972,762,99
9606.ENSP00000426909,760,191
9606.ENSP00000369965,754,67
9606.ENSP00000342026,747,173
9606.ENSP00000264335,741,242
9606.ENSP00000312999,739,294
9606.ENSP00000246662,737,289
9606.ENSP00000466010,735,64
9606.ENSP00000355011,734,219
9606.ENSP00000431240,734,58
9606.ENSP00000316042,731,114
9606.ENSP00000270142,731,49
9606.ENSP00000378487,729,187
9606.ENSP00000481646,726,124
9606.ENSP00000421592,726,111
9606.ENSP00000479606,723,1168
9606.ENSP00000377640,723,68
9606.ENSP00000341289,722,1133
9606.ENSP00000351646,721,332
9606.ENSP00000233893,715,79
9606.ENSP00000370115,714,214
9606.ENSP00000228318,714,226
9606.ENSP00000483842,709,722
9606.ENSP00000303373,709,722
9606.ENSP00000355656,709,722
9606.ENSP00000367022,708,737
9606.ENSP00000360664,706,53
9606.ENSP00000434024,706,715
9606.ENSP00000341094,704,752
9606.ENSP00000482538,703,767
9606.ENSP00000352119,703,767
9606.ENSP00000366679,703,767
9606.ENSP00000351589,703,767
9606.ENSP00000482431,703,767
9606.ENSP00000352627,703,767
9606.ENSP00000328484,703,767
9606.ENSP00000496250,702,88
9606.ENSP00000446955,701,137
9606.ENSP00000400142,700,128
9606.ENSP00000478771,700,707
9606.ENSP00000216254,698,409
9606.ENSP00000360034,697,234
9606.ENSP00000356828,697,184
9606.ENSP00000258091,696,329
9606.ENSP00000296511,696,226
9606.ENSP00000438553,692,760
9606.ENSP00000307786,691,72
9606.ENSP00000268379,690,211
9606.ENSP00000354876,686,72
9606.ENSP00000275603,686,282
9606.ENSP00000425031,683,120
9606.ENSP00000290158,682,431
9606.ENSP00000357189,679,136
9606.ENSP00000358140,678,572
9606.ENSP00000298510,676,142
9606.ENSP00000332198,676,33
9606.ENSP00000349259,675,1600
9606.ENSP00000434511,675,76
9606.ENSP00000258962,674,134
9606.ENSP00000371267,672,255
9606.ENSP00000301785,672,379
9606.ENSP00000493536,671,414
9606.ENSP00000370589,669,361
9606.ENSP00000331897,669,250
9606.ENSP00000435777,667,88
9606.ENSP00000433760,667,33
9606.ENSP00000265062,666,151
9606.ENSP00000400591,664,44
9606.ENSP00000294742,658,74
9606.ENSP00000429150,658,210
9606.ENSP00000433277,658,90
9606.ENSP00000315630,656,353
9606.ENSP00000449328,655,156
9606.ENSP00000472985,652,99
9606.ENSP00000380033,650,438
9606.ENSP00000381216,649,319
9606.ENSP00000375730,648,102
9606.ENSP00000376800,640,46
9606.ENSP00000358635,640,346
9606.ENSP00000361626,640,126
9606.ENSP00000286788,638,387
9606.ENSP00000264279,636,263
9606.ENSP00000439601,636,398
9606.ENSP00000242776,635,322
9606.ENSP00000411825,634,431
9606.ENSP00000346027,634,53
9606.ENSP00000011473,630,84
9606.ENSP00000299300,628,311
9606.ENSP00000340278,628,86
9606.ENSP00000350090,624,354
9606.ENSP00000429374,624,57
9606.ENSP00000168216,622,131
9606.ENSP00000441875,622,203
9606.ENSP00000341885,621,166
9606.ENSP00000428223,619,96
9606.ENSP00000413507,618,204
9606.ENSP00000420311,618,78
9606.ENSP00000341524,616,189
9606.ENSP00000377958,616,300
9606.ENSP00000339883,615,195
9606.ENSP00000216218,615,121
9606.ENSP00000290541,613,88
9606.ENSP00000416429,611,52
9606.ENSP00000318861,609,345
9606.ENSP00000242784,609,45
9606.ENSP00000463559,606,190
9606.ENSP00000354947,605,206
9606.ENSP00000376652,605,200
9606.ENSP00000365950,605,47
9606.ENSP00000431984,604,345
9606.ENSP00000379506,603,80
9606.ENSP00000358727,601,125
9606.ENSP00000331901,601,219
9606.ENSP00000365147,598,105
9606.ENSP00000354532,597,183
9606.ENSP00000329662,594,97
9606.ENSP00000215909,590,102
9606.ENSP00000217426,590,202
9606.ENSP00000297185,590,356
9606.ENSP00000274764,589,1301
9606.ENSP00000394842,589,90
9606.ENSP00000495672,588,38
9606.ENSP00000221972,586,59
9606.ENSP00000233025,586,14
9606.ENSP00000435096,581,44
9606.ENSP00000248437,581,918
9606.ENSP00000336799,579,1038
9606.ENSP00000325548,578,246
9606.ENSP00000388169,578,135
9606.ENSP00000420588,578,110
9606.ENSP00000280154,577,216
9606.ENSP00000457513,577,96
9606.ENSP00000439189,575,1575
9606.ENSP00000291568,572,43
9606.ENSP00000496414,570,743
9606.ENSP00000371393,570,313
9606.ENSP00000277865,570,382
9606.ENSP00000279227,568,347
9606.ENSP00000270776,567,230
9606.ENSP00000494664,566,477
9606.ENSP00000498577,566,188
9606.ENSP00000498653,563,169
9606.ENSP00000376077,561,55
9606.ENSP00000267884,560,67
9606.ENSP00000243563,558,88
9606.ENSP00000354468,558,113
9606.ENSP00000342056,556,186
9606.ENSP00000308430,556,41
9606.ENSP00000477310,554,50
9606.ENSP00000414359,552,139
9606.ENSP00000228825,550,88
9606.ENSP00000376886,550,157
9606.ENSP00000410452,549,58
9606.ENSP00000463842,548,123
9606.ENSP00000228136,548,38
9606.ENSP00000370074,546,206
9606.ENSP00000301522,545,104
9606.ENSP00000376345,545,123
9606.ENSP00000280326,544,221
9606.ENSP00000464359,543,189
9606.ENSP00000367851,543,273
9606.ENSP00000364898,542,288
9606.ENSP00000269848,542,287
9606.ENSP00000364721,541,109
9606.ENSP00000356864,540,40
9606.ENSP00000293831,539,285
9606.ENSP00000221957,538,178
9606.ENSP00000225698,538,72
9606.ENSP00000241052,537,254
9606.ENSP00000336702,537,138
9606.ENSP00000285093,537,145
9606.ENSP00000310861,534,417
9606.ENSP00000387262,534,341
9606.ENSP00000245932,533,156
9606.ENSP00000400433,533,157
9606.ENSP00000322439,532,255
9606.ENSP00000265462,531,124
9606.ENSP00000470059,530,254
9606.ENSP00000499797,529,172
9606.ENSP00000291295,529,172
9606.ENSP00000362946,528,114
9606.ENSP00000466090,527,73
9606.ENSP00000216330,526,80
9606.ENSP00000211998,525,497
9606.ENSP00000416706,523,1021
9606.ENSP00000227524,523,115
9606.ENSP00000499717,522,172
9606.ENSP00000417653,521,178
9606.ENSP00000264071,521,930
9606.ENSP00000360305,518,131
9606.ENSP00000345702,516,17
9606.ENSP00000337261,516,396
9606.ENSP00000339835,516,696
9606.ENSP00000294189,514,27
9606.ENSP00000383949,514,56
9606.ENSP00000313420,509,1791
9606.ENSP00000439020,508,979
9606.ENSP00000467423,505,279
9606.ENSP00000317334,504,259
9606.ENSP00000258787,501,443
9606.ENSP00000377298,499,910
9606.ENSP00000221130,499,154
9606.ENSP00000388909,499,57
9606.ENSP00000479153,498,280
9606.ENSP00000325240,495,109
9606.ENSP00000313432,495,118
9606.ENSP00000385616,495,235
9606.ENSP00000362010,494,146
9606.ENSP00000044462,493,94
9606.ENSP00000497225,493,73
9606.ENSP00000363745,493,322
9606.ENSP00000367263,492,2502
9606.ENSP00000337060,492,146
9606.ENSP00000364813,488,34
9606.ENSP00000252603,488,98
9606.ENSP00000398610,486,192
9606.ENSP00000380948,484,382
9606.ENSP00000358737,484,143
9606.ENSP00000236959,484,292
9606.ENSP00000370023,483,282
9606.ENSP00000353099,483,111
9606.ENSP00000346762,483,391
9606.ENSP00000489311,483,752
9606.ENSP00000300688,482,58
9606.ENSP00000495273,482,63
9606.ENSP00000335321,481,447
9606.ENSP00000362463,480,71
9606.ENSP00000375863,478,238
9606.ENSP00000349142,478,109
9606.ENSP00000289968,478,221
9606.ENSP00000264993,477,62
9606.ENSP00000368831,476,233
9606.ENSP00000365891,475,127
9606.ENSP00000486361,474,37
9606.ENSP00000361927,474,191
9606.ENSP00000366604,473,155
9606.ENSP00000367615,473,93
9606.ENSP00000323856,473,2199
9606.ENSP00000339467,473,85
9606.ENSP00000349359,472,103
9606.ENSP00000457733,471,188
9606.ENSP00000479861,470,138
9606.ENSP00000230050,470,58
9606.ENSP00000362334,470,82
9606.ENSP00000300413,469,33
9606.ENSP00000325136,469,168
9606.ENSP00000355518,469,140
9606.ENSP00000261735,468,88
9606.ENSP00000301329,464,119
9606.ENSP00000263672,461,76
9606.ENSP00000477538,461,82
9606.ENSP00000359645,461,198
9606.ENSP00000317159,460,87
9606.ENSP00000221418,459,139
9606.ENSP00000376276,459,48
9606.ENSP00000498019,458,85
9606.ENSP00000222005,458,102
9606.ENSP00000310226,458,120
9606.ENSP00000360671,456,214
9606.ENSP00000274606,454,39
9606.ENSP00000377446,449,105
9606.ENSP00000443965,446,149
9606.ENSP00000290299,445,124
9606.ENSP00000389631,445,212
9606.ENSP00000302886,444,206
9606.ENSP00000262193,443,98
9606.ENSP00000463393,441,83
9606.ENSP00000460070,440,326
9606.ENSP00000203407,440,152
9606.ENSP00000297338,440,170
9606.ENSP00000301939,437,11
9606.ENSP00000246194,436,102
9606.ENSP00000305790,434,374
9606.ENSP00000479488,434,121
9606.ENSP00000405338,433,460
9606.ENSP00000365411,433,128
9606.ENSP00000433999,433,184
9606.ENSP00000244573,432,215
9606.ENSP00000378284,428,474
9606.ENSP00000354346,428,474
9606.ENSP00000480421,428,251
9606.ENSP00000305995,428,286
9606.ENSP00000350937,428,177
9606.ENSP00000242285,428,27
9606.ENSP00000325589,427,41
9606.ENSP00000356652,427,60
9606.ENSP00000454746,427,91
9606.ENSP00000463058,427,45
9606.ENSP00000289473,424,145
9606.ENSP00000329757,424,17
9606.ENSP00000346173,423,127
9606.ENSP00000296412,423,119
9606.ENSP00000466259,423,418
9606.ENSP00000431391,423,179
9606.ENSP00000477639,422,141
9606.ENSP00000494125,422,159
9606.ENSP00000444357,422,93
9606.ENSP00000357679,422,39
9606.ENSP00000264161,421,227
9606.ENSP00000303222,420,89
9606.ENSP00000225792,419,252
9606.ENSP00000346827,419,185
9606.ENSP00000386717,419,44
9606.ENSP00000430706,418,110
9606.ENSP00000418082,418,30
9606.ENSP00000326381,417,250
9606.ENSP00000307863,417,83
9606.ENSP00000456436,417,107
9606.ENSP00000413625,417,184
9606.ENSP00000246548,415,164
9606.ENSP00000431049,414,106
9606.ENSP00000347495,413,159
9606.ENSP00000420065,413,68
9606.ENSP00000250559,413,98
9606.ENSP00000290349,412,125
9606.ENSP00000336687,412,70
9606.ENSP00000450085,411,70
9606.ENSP00000391249,410,212
9606.ENSP00000428209,409,100
9606.ENSP00000377192,409,242
9606.ENSP00000346015,409,53
9606.ENSP00000266732,409,205
9606.ENSP00000329219,408,361
9606.ENSP00000442318,408,422
9606.ENSP00000325448,408,194
9606.ENSP00000271308,408,70
9606.ENSP00000378731,407,144
9606.ENSP00000271638,406,37
9606.ENSP00000326042,406,844
9606.ENSP00000382982,406,844
9606.ENSP00000254193,404,80
9606.ENSP00000374332,404,86
9606.ENSP00000313829,403,89
9606.ENSP00000377941,402,598
9606.ENSP00000229268,402,236
9606.ENSP00000376889,402,194
9606.ENSP00000285930,402,117
9606.ENSP00000336741,401,275
9606.ENSP00000448598,400,70
9606.ENSP00000298316,399,49
9606.ENSP00000362308,399,41
9606.ENSP00000469240,399,36
9606.ENSP00000361635,398,99
9606.ENSP00000353072,398,375
9606.ENSP00000385385,398,113
9606.ENSP00000376475,397,129
9606.ENSP00000299518,397,112
9606.ENSP00000472998,396,102
9606.ENSP00000474560,396,81
9606.ENSP00000483254,396,129
9606.ENSP00000245552,394,66
9606.ENSP00000482457,392,459
9606.ENSP00000224073,391,43
9606.ENSP00000448785,389,74
9606.ENSP00000359910,389,101
9606.ENSP00000259254,386,5
9606.ENSP00000265866,384,82
9606.ENSP00000472249,384,54
9606.ENSP00000245206,384,146
9606.ENSP00000443475,383,938
9606.ENSP00000386911,383,225
9606.ENSP00000297258,382,38
9606.ENSP00000302961,382,355
9606.ENSP00000349181,381,58
9606.ENSP00000431822,381,22
9606.ENSP00000483688,381,63
9606.ENSP00000368959,381,39
9606.ENSP00000303145,380,75
9606.ENSP00000401564,379,58
9606.ENSP00000362649,379,164
9606.ENSP00000452762,379,115
9606.ENSP00000493805,379,193
9606.ENSP00000365402,379,135
9606.ENSP00000463379,378,123
9606.ENSP00000267113,378,315
9606.ENSP00000432279,377,26
9606.ENSP00000296255,376,197
9606.ENSP00000215793,374,226
9606.ENSP00000346634,372,200
9606.ENSP00000365227,372,24
9606.ENSP00000295006,372,159
9606.ENSP00000264932,371,173
9606.ENSP00000357858,371,86
9606.ENSP00000362110,371,140
9606.ENSP00000278671,370,49
9606.ENSP00000480270,370,118
9606.ENSP00000346012,369,38
9606.ENSP00000259818,369,848
9606.ENSP00000363512,369,204
9606.ENSP00000496129,368,270
9606.ENSP00000302935,368,362
9606.ENSP00000358563,368,152
9606.ENSP00000369703,366,847
9606.ENSP00000262613,366,110
9606.ENSP00000416739,365,199
9606.ENSP00000352438,364,157
9606.ENSP00000254719,364,168
9606.ENSP00000392330,364,84
9606.ENSP00000256854,364,127
9606.ENSP00000363017,362,54
9606.ENSP00000380921,361,181
9606.ENSP00000345656,360,71
9606.ENSP00000464849,359,67
9606.ENSP00000320509,359,230
9606.ENSP00000378163,359,25
9606.ENSP00000370745,359,215
9606.ENSP00000414321,358,62
9606.ENSP00000217901,358,76
9606.ENSP00000384863,358,300
9606.ENSP00000160262,357,149
9606.ENSP00000357048,356,393
9606.ENSP00000310670,356,257
9606.ENSP00000472469,355,19
9606.ENSP00000234313,354,54
9606.ENSP00000252542,354,239
9606.ENSP00000386156,354,50
9606.ENSP00000358616,354,31
9606.ENSP00000354720,353,350
9606.ENSP00000362803,353,37
9606.ENSP00000437402,351,246
9606.ENSP00000323421,351,371
9606.ENSP00000306330,351,160
9606.ENSP00000368688,350,27
9606.ENSP00000478061,349,65
9606.ENSP00000469468,349,32
9606.ENSP00000388183,349,281
9606.ENSP00000317257,349,82
9606.ENSP00000482773,348,99
9606.ENSP00000396301,346,105
9606.ENSP00000375857,345,181
9606.ENSP00000216038,345,129
9606.ENSP00000373706,345,341
9606.ENSP00000385269,344,92
9606.ENSP00000428426,344,97
9606.ENSP00000302640,344,171
9606.ENSP00000176763,344,227
9606.ENSP00000216034,343,38
9606.ENSP00000474096,342,120
9606.ENSP00000499501,342,703
9606.ENSP00000332706,342,37
9606.ENSP00000300291,342,75
9606.ENSP00000217121,341,68
9606.ENSP00000429283,340,494
9606.ENSP00000348461,339,112
9606.ENSP00000339720,339,30
9606.ENSP00000230431,338,36
9606.ENSP00000354125,338,191
9606.ENSP00000482543,337,36
9606.ENSP00000381601,337,176
9606.ENSP00000356448,337,459
9606.ENSP00000346954,337,29
9606.ENSP00000466022,336,2
9606.ENSP00000497641,336,157
9606.ENSP00000231487,336,61
9606.ENSP00000261601,334,144
9606.ENSP00000312734,334,89
9606.ENSP00000229829,334,40
9606.ENSP00000364585,333,139
9606.ENSP00000367806,333,46
9606.ENSP00000363500,333,77
9606.ENSP00000286648,330,62
9606.ENSP00000219169,329,29
9606.ENSP00000494538,329,113
9606.ENSP00000359045,329,229
9606.ENSP00000220764,328,95
9606.ENSP00000216455,328,85
9606.ENSP00000318197,327,670
9606.ENSP00000264758,327,158
9606.ENSP00000367872,326,111
9606.ENSP00000419665,326,43
9606.ENSP00000394496,325,118
9606.ENSP00000263368,324,48
9606.ENSP00000311747,323,106
9606.ENSP00000265838,320,100
9606.ENSP00000220003,320,158
9606.ENSP00000320309,320,100
9606.ENSP00000338235,320,122
9606.ENSP00000377833,320,160
9606.ENSP00000362329,319,76
9606.ENSP00000390265,319,122
9606.ENSP00000230085,319,44
9606.ENSP00000222968,319,37
9606.ENSP00000223321,319,70
9606.ENSP00000414202,319,135
9606.ENSP00000233078,318,55
9606.ENSP00000255120,318,179
9606.ENSP00000452123,317,48
9606.ENSP00000324804,317,186
9606.ENSP00000356918,317,62
9606.ENSP00000258424,316,43
9606.ENSP00000225665,316,92
9606.ENSP00000449396,316,277
9606.ENSP00000499044,315,26
9606.ENSP00000376506,315,50
9606.ENSP00000312185,315,180
9606.ENSP00000338703,315,143
9606.ENSP00000205402,315,110
9606.ENSP00000268058,314,253
9606.ENSP00000216297,313,238
9606.ENSP00000301587,313,47
9606.ENSP00000376055,313,51
9606.ENSP00000362900,312,92
9606.ENSP00000256682,312,141
9606.ENSP00000440005,312,141
9606.ENSP00000499129,311,195
9606.ENSP00000264639,311,146
9606.ENSP00000473172,311,143
9606.ENSP00000394071,311,183
9606.ENSP00000497402,310,71
9606.ENSP00000342778,309,91
9606.ENSP00000392094,309,254
9606.ENSP00000346088,309,23
9606.ENSP00000295822,309,101
9606.ENSP00000499582,309,45
9606.ENSP00000481886,309,44
9606.ENSP00000446099,308,144
9606.ENSP00000367196,307,30
9606.ENSP00000408910,307,88
9606.ENSP00000299138,307,234
9606.ENSP00000229340,306,69
9606.ENSP00000246071,306,59
9606.ENSP00000451506,306,41
9606.ENSP00000293288,306,70
9606.ENSP00000296702,305,173
9606.ENSP00000216336,305,62
9606.ENSP00000366525,304,34
9606.ENSP00000373905,303,233
9606.ENSP00000361140,303,107
9606.ENSP00000294360,302,34
9606.ENSP00000305480,302,72
9606.ENSP00000260665,301,429
9606.ENSP00000301764,301,252
9606.ENSP00000362576,301,153
9606.ENSP00000471455,300,43
9606.ENSP00000307275,300,42
9606.ENSP00000378199,300,422
9606.ENSP00000392709,298,174
9606.ENSP00000362592,298,86
9606.ENSP00000256383,298,77
9606.ENSP00000364802,298,467
9606.ENSP00000364801,298,467
9606.ENSP00000310448,298,170
9606.ENSP00000429309,298,53
9606.ENSP00000491117,298,17
9606.ENSP00000376544,297,64
9606.ENSP00000285735,297,102
9606.ENSP00000497910,297,33
9606.ENSP00000324105,296,210
9606.ENSP00000477781,296,44
9606.ENSP00000318297,295,119
9606.ENSP00000262710,294,234
9606.ENSP00000243997,294,7
9606.ENSP00000362924,293,126
9606.ENSP00000300605,293,46
9606.ENSP00000350199,292,297
9606.ENSP00000379392,292,113
9606.ENSP00000362041,292,63
9606.ENSP00000276689,291,42
9606.ENSP00000263864,290,28
9606.ENSP00000266735,289,13
9606.ENSP00000430494,289,43
9606.ENSP00000399168,289,126
9606.ENSP00000223500,289,21
9606.ENSP00000343885,288,98
9606.ENSP00000253363,288,122
9606.ENSP00000306397,288,61
9606.ENSP00000360525,288,75
9606.ENSP00000250495,287,26
9606.ENSP00000237530,287,103
9606.ENSP00000303908,287,115
9606.ENSP00000370808,287,181
9606.ENSP00000316779,286,117
9606.ENSP00000499067,286,153
9606.ENSP00000341214,286,204
9606.ENSP00000298556,286,68
9606.ENSP00000345361,286,37
9606.ENSP00000246151,286,53
9606.ENSP00000215832,285,121
9606.ENSP00000252102,285,19
9606.ENSP00000262238,284,65
9606.ENSP00000348163,283,445
9606.ENSP00000299427,283,107
9606.ENSP00000443654,282,71
9606.ENSP00000378360,282,122
9606.ENSP00000314067,282,104
9606.ENSP00000388806,281,91
9606.ENSP00000335304,281,101
9606.ENSP00000369134,281,110
9606.ENSP00000369314,280,16
9606.ENSP00000460871,280,103
9606.ENSP00000414921,279,113
9606.ENSP00000261479,278,78
9606.ENSP00000303356,278,69
9606.ENSP00000367939,277,25
9606.ENSP00000419088,276,28
9606.ENSP00000451080,276,24
9606.ENSP00000358939,276,118
9606.ENSP00000460348,276,557
9606.ENSP00000265729,276,53
9606.ENSP00000251047,275,66
9606.ENSP00000319240,274,75
9606.ENSP00000266679,274,85
9606.ENSP00000367265,274,144
9606.ENSP00000480946,273,98
9606.ENSP00000355889,273,217
9606.ENSP00000495192,273,663
9606.ENSP00000344544,273,123
9606.ENSP00000262982,272,243
9606.ENSP00000347872,272,68
9606.ENSP00000301457,272,32
9606.ENSP00000250784,272,134
9606.ENSP00000498336,272,246
9606.ENSP00000337632,272,64
9606.ENSP00000357535,271,72
9606.ENSP00000357876,271,60
9606.ENSP00000355050,270,104
9606.ENSP00000306003,270,21
9606.ENSP00000310129,269,210
9606.ENSP00000364114,269,74
9606.ENSP00000333667,269,132
9606.ENSP00000434359,269,105
9606.ENSP00000307850,269,27
9606.ENSP00000261973,269,115
9606.ENSP00000217971,269,30
9606.ENSP00000498807,268,116
9606.ENSP00000264028,268,110
9606.ENSP00000316809,267,65
9606.ENSP00000324422,267,95
9606.ENSP00000324122,266,82
9606.ENSP00000354394,265,194
9606.ENSP00000369915,264,75
9606.ENSP00000354522,264,156
9606.ENSP00000249923,264,227
9606.ENSP00000306362,263,30
9606.ENSP00000278412,263,135
9606.ENSP00000482075,263,35
9606.ENSP00000398632,263,136
9606.ENSP00000435365,263,124
9606.ENSP00000270225,262,78
9606.ENSP00000393566,262,48
9606.ENSP00000279146,262,66
9606.ENSP00000306565,262,43
9606.ENSP00000321584,261,89
9606.ENSP00000263354,261,89
9606.ENSP00000487693,261,66
9606.ENSP00000287295,261,132
9606.ENSP00000085219,261,138
9606.ENSP00000346037,260,18
9606.ENSP00000332887,259,16
9606.ENSP00000433138,259,88
9606.ENSP00000449386,259,185
9606.ENSP00000323967,259,69
9606.ENSP00000217402,259,52
9606.ENSP00000332449,258,25
9606.ENSP00000303992,258,78
9606.ENSP00000298283,258,82
9606.ENSP00000351314,258,46
9606.ENSP00000216832,257,121
9606.ENSP00000377374,257,42
9606.ENSP00000356110,257,40
9606.ENSP00000319831,256,137
9606.ENSP00000376297,256,32
9606.ENSP00000412189,255,113
9606.ENSP00000264663,255,191
9606.ENSP00000377681,255,77
9606.ENSP00000264904,255,162
9606.ENSP00000261574,255,254
9606.ENSP00000376330,255,98
9606.ENSP00000215882,255,72
9606.ENSP00000456206,254,502
9606.ENSP00000340836,254,41
9606.ENSP00000184266,253,24
9606.ENSP00000357835,253,34
9606.ENSP00000264710,253,54
9606.ENSP00000419545,253,70
9606.ENSP00000358921,253,92
9606.ENSP00000000233,253,98
9606.ENSP00000399805,252,79
9606.ENSP00000280557,252,35
9606.ENSP00000482486,252,94
9606.ENSP00000358723,252,74
9606.ENSP00000325002,252,219
9606.ENSP00000357709,252,22
9606.ENSP00000293350,252,108
9606.ENSP00000450909,252,31
9606.ENSP00000353375,251,201
9606.ENSP00000427421,250,9
9606.ENSP00000356015,250,52
9606.ENSP00000216727,250,58
9606.ENSP00000332604,250,316
9606.ENSP00000355599,250,64
9606.ENSP00000457723,250,32
9606.ENSP00000497104,249,196
9606.ENSP00000480853,249,45
9606.ENSP00000284320,249,102
9606.ENSP00000231368,249,235
9606.ENSP00000343535,248,245
9606.ENSP00000356275,248,33
9606.ENSP00000261700,248,62
9606.ENSP00000427424,248,37
9606.ENSP00000363041,248,28
9606.ENSP00000324511,248,111
9606.ENSP00000364649,248,74
9606.ENSP00000264933,248,41
9606.ENSP00000428845,248,63
9606.ENSP00000351492,248,18
9606.ENSP00000300134,247,103
9606.ENSP00000351497,247,24
9606.ENSP00000364815,246,250
9606.ENSP00000313007,246,246
9606.ENSP00000216190,246,84
9606.ENSP00000366998,246,101
9606.ENSP00000449270,245,20
9606.ENSP00000262225,245,36
9606.ENSP00000263694,245,41
9606.ENSP00000418438,245,10
9606.ENSP00000247970,245,26
9606.ENSP00000319255,245,47
9606.ENSP00000341657,245,50
9606.ENSP00000343966,245,88
9606.ENSP00000219313,245,56
9606.ENSP00000345259,245,171
9606.ENSP00000320295,244,611
9606.ENSP00000449770,244,65
9606.ENSP00000320324,244,218
9606.ENSP00000384886,244,45
9606.ENSP00000340305,244,95
9606.ENSP00000353826,243,154
9606.ENSP00000391211,243,112
9606.ENSP00000360683,243,98
9606.ENSP00000377148,243,136
9606.ENSP00000296786,241,61
9606.ENSP00000310301,241,23
9606.ENSP00000322716,241,93
9606.ENSP00000216639,241,61
9606.ENSP00000363162,240,28
9606.ENSP00000279022,240,103
9606.ENSP00000355991,240,100
9606.ENSP00000378721,240,163
9606.ENSP00000253108,239,45
9606.ENSP00000238497,239,107
9606.ENSP00000216121,239,59
9606.ENSP00000435210,239,135
9606.ENSP00000431076,239,88
9606.ENSP00000325708,238,61
9606.ENSP00000261890,238,88
9606.ENSP00000389297,237,45
9606.ENSP00000345957,237,19
9606.ENSP00000448035,237,93
9606.ENSP00000305260,237,99
9606.ENSP00000436049,237,72
9606.ENSP00000313454,237,229
9606.ENSP00000484998,237,76
9606.ENSP00000321347,237,176
9606.ENSP00000368710,235,82
9606.ENSP00000317123,235,499
9606.ENSP00000261712,235,108
9606.ENSP00000256441,235,17
9606.ENSP00000359871,235,64
9606.ENSP00000429824,234,79
9606.ENSP00000253413,234,47
9606.ENSP00000263246,233,82
9606.ENSP00000235835,233,58
9606.ENSP00000339398,233,41
9606.ENSP00000364119,233,69
9606.ENSP00000302486,233,73
9606.ENSP00000196371,233,83
9606.ENSP00000292314,232,21
9606.ENSP00000456019,232,159
9606.ENSP00000263579,232,64
9606.ENSP00000416534,231,213
9606.ENSP00000333326,231,513
9606.ENSP00000330945,231,50
9606.ENSP00000261303,230,90
9606.ENSP00000346103,230,44
9606.ENSP00000313603,230,134
9606.ENSP00000327589,229,239
9606.ENSP00000253039,229,95
9606.ENSP00000440542,228,355
9606.ENSP00000265872,228,155
9606.ENSP00000393388,228,6
9606.ENSP00000438689,228,159
9606.ENSP00000441543,228,707
9606.ENSP00000478767,228,104
9606.ENSP00000447053,228,78
9606.ENSP00000313851,228,264
9606.ENSP00000357283,227,149
9606.ENSP00000001008,227,95
9606.ENSP00000303147,227,59
9606.ENSP00000283131,227,227
9606.ENSP00000454341,227,20
9606.ENSP00000299166,227,27
9606.ENSP00000265753,227,35
9606.ENSP00000268835,226,85
9606.ENSP00000420443,226,8
9606.ENSP00000452763,226,41
9606.ENSP00000341743,226,27
9606.ENSP00000356982,226,20
9606.ENSP00000377814,226,25
9606.ENSP00000370258,225,304
9606.ENSP00000217456,225,79
9606.ENSP00000368458,225,52
9606.ENSP00000272217,225,53
9606.ENSP00000261889,225,126
9606.ENSP00000317331,224,30
9606.ENSP00000215567,224,51
9606.ENSP00000491073,224,189
9606.ENSP00000299259,224,75
9606.ENSP00000273359,224,60
9606.ENSP00000298159,223,95
9606.ENSP00000318177,223,121
9606.ENSP00000361892,223,132
9606.ENSP00000408146,223,41
9606.ENSP00000226796,223,27
9606.ENSP00000389168,223,151
9606.ENSP00000409666,223,51
9606.ENSP00000158762,222,126
9606.ENSP00000440502,222,116
9606.ENSP00000358857,222,42
9606.ENSP00000335203,222,19
9606.ENSP00000240185,222,60
9606.ENSP00000417142,222,19
9606.ENSP00000356602,222,31
9606.ENSP00000361512,221,109
9606.ENSP00000307241,221,78
9606.ENSP00000249647,221,40
9606.ENSP00000364080,220,58
9606.ENSP00000465765,220,8
9606.ENSP00000258418,220,82
9606.ENSP00000295640,220,138
9606.ENSP00000452697,220,40
9606.ENSP00000363559,219,29
9606.ENSP00000427463,219,30
9606.ENSP00000364016,219,75
9606.ENSP00000387286,219,86
9606.ENSP00000359675,219,8
9606.ENSP00000354722,218,38
9606.ENSP00000404833,218,56
9606.ENSP00000442699,217,112
9606.ENSP00000263559,216,66
9606.ENSP00000333547,216,92
9606.ENSP00000348442,216,89
9606.ENSP00000247470,216,46
9606.ENSP00000310668,216,169
9606.ENSP00000351022,215,111
9606.ENSP00000308753,215,61
9606.ENSP00000327116,214,157
9606.ENSP00000379042,214,89
9606.ENSP00000288266,214,117
9606.ENSP00000306614,214,50
9606.ENSP00000353444,214,65
9606.ENSP00000361803,214,45
9606.ENSP00000360939,213,51
9606.ENSP00000268668,213,35
9606.ENSP00000349923,213,13
9606.ENSP00000393316,213,37
9606.ENSP00000350708,213,52
9606.ENSP00000363641,213,26
9606.ENSP00000419325,212,93
9606.ENSP00000365757,212,76
9606.ENSP00000358867,212,133
9606.ENSP00000377060,212,35
9606.ENSP00000420641,211,16
9606.ENSP00000496494,211,118
9606.ENSP00000378368,211,91
9606.ENSP00000226299,211,111
9606.ENSP00000418572,210,33
9606.ENSP00000378769,210,157
9606.ENSP00000418563,210,115
9606.ENSP00000354837,210,178
9606.ENSP00000368927,210,37
9606.ENSP00000225174,210,30
9606.ENSP00000388996,209,98
9606.ENSP00000336712,209,161
9606.ENSP00000427985,209,128
9606.ENSP00000289902,209,8
9606.ENSP00000382595,208,71
9606.ENSP00000338788,208,70
9606.ENSP00000326031,208,166
9606.ENSP00000355206,207,6
9606.ENSP00000357906,207,18
9606.ENSP00000262455,207,72
9606.ENSP00000311677,207,44
9606.ENSP00000401470,207,101
9606.ENSP00000371155,206,31
9606.ENSP00000362339,206,42
9606.ENSP00000300935,206,60
9606.ENSP00000492441,206,96
9606.ENSP00000487365,205,183
9606.ENSP00000309474,205,155
9606.ENSP00000278353,205,43
9606.ENSP00000354791,205,205
9606.ENSP00000377036,205,52
9606.ENSP00000346120,205,142
9606.ENSP00000380378,205,67
9606.ENSP00000471191,204,37
9606.ENSP00000267812,204,58
9606.ENSP00000356505,203,91
9606.ENSP00000442920,203,49
9606.ENSP00000296581,203,14
9606.ENSP00000318822,203,44
9606.ENSP00000309565,203,11
9606.ENSP00000234038,202,61
9606.ENSP00000381844,202,73
9606.ENSP00000322991,202,59
9606.ENSP00000428924,202,99
9606.ENSP00000435289,202,31
9606.ENSP00000220849,202,98
9606.ENSP00000380286,201,24
9606.ENSP00000488422,201,53
9606.ENSP00000431800,201,43
9606.ENSP00000262053,201,14
9606.ENSP00000483185,201,238
9606.ENSP00000359988,201,35
9606.ENSP00000323889,200,113
9606.ENSP00000353720,200,116
9606.ENSP00000464383,199,33
9606.ENSP00000273398,198,106
9606.ENSP00000358099,198,30
9606.ENSP00000300086,198,58
9606.ENSP00000291565,197,49
9606.ENSP00000424655,197,77
9606.ENSP00000209875,197,43
9606.ENSP00000262646,197,61
9606.ENSP00000371253,197,158
9606.ENSP00000415151,197,24
9606.ENSP00000319664,196,65
9606.ENSP00000221494,195,45
9606.ENSP00000310572,195,85
9606.ENSP00000217958,195,31
9606.ENSP00000468690,195,37
9606.ENSP00000338864,195,114
9606.ENSP00000346442,195,77
9606.ENSP00000386458,194,98
9606.ENSP00000254942,194,79
9606.ENSP00000284719,194,64
9606.ENSP00000248975,193,117
9606.ENSP00000446828,193,66
9606.ENSP00000362638,193,17
9606.ENSP00000379038,193,79
9606.ENSP00000250498,193,19
9606.ENSP00000349575,193,28
9606.ENSP00000303366,193,48
9606.ENSP00000431284,192,44
9606.ENSP00000379873,192,90
9606.ENSP00000000412,191,37
9606.ENSP00000425824,191,109
9606.ENSP00000348965,191,818
9606.ENSP00000345837,190,10
9606.ENSP00000263774,190,50
9606.ENSP00000349252,189,135
9606.ENSP00000496959,189,198
9606.ENSP00000272519,189,32
9606.ENSP00000438886,189,87
9606.ENSP00000290291,189,87
9606.ENSP00000357459,189,189
9606.ENSP00000398083,188,9
9606.ENSP00000375649,188,23
9606.ENSP00000262027,188,116
9606.ENSP00000360124,188,116
9606.ENSP00000358283,188,141
9606.ENSP00000363993,188,35
9606.ENSP00000381504,188,89
9606.ENSP00000216962,187,176
9606.ENSP00000313050,187,47
9606.ENSP00000418529,187,60
9606.ENSP00000228506,187,47
9606.ENSP00000300249,187,41
9606.ENSP00000301729,186,45
9606.ENSP00000355890,186,235
9606.ENSP00000259608,186,26
9606.ENSP00000494360,186,64
9606.ENSP00000310723,186,120
9606.ENSP00000325313,186,91
9606.ENSP00000412566,186,114
9606.ENSP00000494831,186,114
9606.ENSP00000497587,186,73
9606.ENSP00000367992,185,51
9606.ENSP00000354982,185,11
9606.ENSP00000417748,185,43
9606.ENSP00000216780,185,113
9606.ENSP00000256447,185,58
9606.ENSP00000451560,184,611
9606.ENSP00000356632,184,13
9606.ENSP00000399457,184,74
9606.ENSP00000298299,184,30
9606.ENSP00000346886,184,57
9606.ENSP00000398803,184,45
9606.ENSP00000259253,183,217
9606.ENSP00000261600,183,97
9606.ENSP00000305230,183,19
9606.ENSP00000223864,183,23
9606.ENSP00000210313,183,86
9606.ENSP00000262947,182,21
9606.ENSP00000340329,182,55
9606.ENSP00000481029,182,77
9606.ENSP00000341779,182,156
9606.ENSP00000261893,182,63
9606.ENSP00000054666,182,25
9606.ENSP00000366694,182,47
9606.ENSP00000465099,181,39
9606.ENSP00000253083,181,171
9606.ENSP00000266604,181,10
9606.ENSP00000302833,180,55
9606.ENSP00000216479,180,45
9606.ENSP00000386655,179,35
9606.ENSP00000446252,179,50
9606.ENSP00000303427,179,213
9606.ENSP00000478754,178,98
9606.ENSP00000293373,178,192
9606.ENSP00000378191,178,43
9606.ENSP00000340454,178,96
9606.ENSP00000333657,178,139
9606.ENSP00000318635,178,39
9606.ENSP00000480150,178,149
9606.ENSP00000479202,177,42
9606.ENSP00000494175,177,44
9606.ENSP00000261263,177,44
9606.ENSP00000343023,177,127
9606.ENSP00000355361,177,40
9606.ENSP00000351990,177,75
9606.ENSP00000305653,176,100
9606.ENSP00000363638,176,30
9606.ENSP00000157812,176,70
9606.ENSP00000238379,176,35
9606.ENSP00000361057,176,33
9606.ENSP00000400717,176,89
9606.ENSP00000430774,176,17
9606.ENSP00000472929,176,128
9606.ENSP00000320663,176,134
9606.ENSP00000394107,176,82
9606.ENSP00000400906,176,42
9606.ENSP00000483570,176,126
9606.ENSP00000295767,175,13
9606.ENSP00000383059,175,18
9606.ENSP00000274963,174,100
9606.ENSP00000318804,174,43
9606.ENSP00000394316,174,73
9606.ENSP00000351742,174,43
9606.ENSP00000354961,173,30
9606.ENSP00000378733,173,15
9606.ENSP00000436585,173,49
9606.ENSP00000265641,173,120
9606.ENSP00000466818,173,20
9606.ENSP00000273550,173,33
9606.ENSP00000361926,173,43
9606.ENSP00000322373,172,34
9606.ENSP00000438399,172,36
9606.ENSP00000281456,172,134
9606.ENSP00000263239,172,100
9606.ENSP00000317780,172,29
9606.ENSP00000494550,172,150
9606.ENSP00000423673,172,41
9606.ENSP00000430432,171,108
9606.ENSP00000482228,171,48
9606.ENSP00000359504,171,91
9606.ENSP00000351926,171,164
9606.ENSP00000333298,171,63
9606.ENSP00000388942,171,54
9606.ENSP00000296028,171,21
9606.ENSP00000358312,171,43
9606.ENSP00000371594,171,14
9606.ENSP00000494373,171,45
9606.ENSP00000228251,170,72
9606.ENSP00000254322,170,49
9606.ENSP00000376472,170,106
9606.ENSP00000231572,170,112
9606.ENSP00000478303,169,24
9606.ENSP00000481842,169,32
9606.ENSP00000396937,169,69
9606.ENSP00000419628,169,30
9606.ENSP00000358983,169,102
9606.ENSP00000348886,169,43
9606.ENSP00000430823,169,9
9606.ENSP00000215565,169,15
9606.ENSP00000378323,169,101
9606.ENSP00000398597,169,22
9606.ENSP00000302111,169,32
9606.ENSP00000457539,169,130
9606.ENSP00000359098,169,11
9606.ENSP00000368646,168,74
9606.ENSP00000476140,168,14
9606.ENSP00000218089,168,193
9606.ENSP00000394888,168,293
9606.ENSP00000351380,167,21
9606.ENSP00000330737,167,22
9606.ENSP00000347648,167,63
9606.ENSP00000234310,167,26
9606.ENSP00000304102,167,32
9606.ENSP00000325594,167,94
9606.ENSP00000360365,167,40
9606.ENSP00000433664,167,125
9606.ENSP00000334448,167,17
9606.ENSP00000308720,167,45
9606.ENSP00000268099,167,21
9606.ENSP00000295448,167,54
9606.ENSP00000362532,167,47
9606.ENSP00000484343,166,68
9606.ENSP00000360532,166,99
9606.ENSP00000248342,166,33
9606.ENSP00000386786,166,1015
9606.ENSP00000369456,166,22
9606.ENSP00000259037,166,18
9606.ENSP00000266000,165,49
9606.ENSP00000383003,165,12
9606.ENSP00000468424,165,70
9606.ENSP00000369081,165,50
9606.ENSP00000352706,165,67
9606.ENSP00000370724,165,71
9606.ENSP00000356416,164,73
9606.ENSP00000498872,164,71
9606.ENSP00000357110,164,119
9606.ENSP00000381429,164,31
9606.ENSP00000365370,164,221
9606.ENSP00000379563,164,25
9606.ENSP00000480836,164,53
9606.ENSP00000341625,163,16
9606.ENSP00000479719,163,248
9606.ENSP00000388713,163,46
9606.ENSP00000310117,163,8
9606.ENSP00000429931,162,54
9606.ENSP00000466379,162,40
9606.ENSP00000359393,162,25
9606.ENSP00000085068,162,22
9606.ENSP00000354813,162,30
9606.ENSP00000325425,162,46
9606.ENSP00000309689,162,77
9606.ENSP00000333551,162,37
9606.ENSP00000281031,162,23
9606.ENSP00000377703,161,107
9606.ENSP00000278823,161,113
9606.ENSP00000331368,161,74
9606.ENSP00000345412,161,49
9606.ENSP00000475168,161,20
9606.ENSP00000291552,161,45
9606.ENSP00000485022,161,45
9606.ENSP00000365576,161,86
9606.ENSP00000263918,161,89
9606.ENSP00000320563,160,359
9606.ENSP00000281828,160,95
9606.ENSP00000224337,160,48
9606.ENSP00000256433,160,10
9606.ENSP00000437073,160,250
9606.ENSP00000341905,160,144
9606.ENSP00000346206,159,85
9606.ENSP00000369887,159,99
9606.ENSP00000378760,159,116
9606.ENSP00000329419,159,137
9606.ENSP00000265260,159,25
9606.ENSP00000348381,159,91
9606.ENSP00000316905,159,52
9606.ENSP00000380794,159,56
9606.ENSP00000371230,158,40
9606.ENSP00000266079,158,146
9606.ENSP00000370517,158,93
9606.ENSP00000379181,158,36
9606.ENSP00000362268,157,38
9606.ENSP00000342351,157,21
9606.ENSP00000367028,157,164
9606.ENSP00000276062,157,16
9606.ENSP00000419449,157,25
9606.ENSP00000381293,157,132
9606.ENSP00000356972,156,61
9606.ENSP00000485450,156,215
9606.ENSP00000478017,156,215
9606.ENSP00000339826,156,95
9606.ENSP00000233468,155,19
9606.ENSP00000429986,155,9
9606.ENSP00000324573,155,171
9606.ENSP00000364949,155,34
9606.ENSP00000420195,155,18
9606.ENSP00000361186,155,26
9606.ENSP00000368884,155,138
9606.ENSP00000306788,155,15
9606.ENSP00000264331,155,232
9606.ENSP00000387187,154,7
9606.ENSP00000229179,154,120
9606.ENSP00000494040,154,158
9606.ENSP00000331019,154,16
9606.ENSP00000495128,154,85
9606.ENSP00000422473,154,27
9606.ENSP00000331614,154,88
9606.ENSP00000418401,153,36
9606.ENSP00000480332,153,21
9606.ENSP00000359719,153,81
9606.ENSP00000401770,153,13
9606.ENSP00000360473,153,10
9606.ENSP00000363899,153,55
9606.ENSP00000387710,153,115
9606.ENSP00000367498,153,73
9606.ENSP00000257829,153,136
9606.ENSP00000216554,153,51
9606.ENSP00000254301,152,21
9606.ENSP00000304903,152,32
9606.ENSP00000244020,152,74
9606.ENSP00000254508,151,183
9606.ENSP00000378165,151,38
9606.ENSP00000226574,151,110
9606.ENSP00000356992,151,98
9606.ENSP00000483786,151,46
9606.ENSP00000258381,151,101
9606.ENSP00000384273,151,49
9606.ENSP00000392617,151,77
9606.ENSP00000342278,151,81
9606.ENSP00000315774,150,33
9606.ENSP00000479203,150,214
9606.ENSP00000347005,150,81
9606.ENSP00000371152,150,69
9606.ENSP00000386284,150,36
9606.ENSP00000361634,150,45
9606.ENSP00000495274,150,114
9606.ENSP00000491596,150,277
9606.ENSP00000486252,149,109
9606.ENSP00000336914,149,64
9606.ENSP00000416255,149,154
9606.ENSP00000477590,149,60
9606.ENSP00000244230,149,48
9606.ENSP00000356218,149,38
9606.ENSP00000424183,149,17
9606.ENSP00000310219,149,262
9606.ENSP00000388293,149,14
9606.ENSP00000355777,149,44
9606.ENSP00000244520,149,14
9606.ENSP00000369176,148,12
9606.ENSP00000481314,148,25
9606.ENSP00000354201,148,34
9606.ENSP00000414398,148,42
9606.ENSP00000292147,148,30
9606.ENSP00000354681,148,150
9606.ENSP00000259698,148,139
9606.ENSP00000289228,147,43
9606.ENSP00000407336,147,16
9606.ENSP00000370882,146,28
9606.ENSP00000380638,146,148
9606.ENSP00000263025,146,70
9606.ENSP00000206542,146,41
9606.ENSP00000314030,146,40
9606.ENSP00000385519,146,33
9606.ENSP00000376919,146,53
9606.ENSP00000433488,146,46
9606.ENSP00000242351,146,117
9606.ENSP00000445306,146,149
9606.ENSP00000479870,146,21
9606.ENSP00000259632,145,23
9606.ENSP00000265563,145,66
9606.ENSP00000227163,145,16
9606.ENSP00000337623,145,31
9606.ENSP00000390783,145,73
9606.ENSP00000215754,145,18
9606.ENSP00000259667,144,24
9606.ENSP00000365477,144,77
9606.ENSP00000477572,144,43
9606.ENSP00000349078,144,43
9606.ENSP00000353590,144,675
9606.ENSP00000433919,144,16
9606.ENSP00000467024,144,29
9606.ENSP00000325562,143,5
9606.ENSP00000346483,143,23
9606.ENSP00000401076,143,148
9606.ENSP00000290921,143,48
9606.ENSP00000428263,143,58
9606.ENSP00000325863,143,83
9606.ENSP00000355493,143,50
9606.ENSP00000357981,142,36
9606.ENSP00000463057,142,118
9606.ENSP00000330389,142,16
9606.ENSP00000386541,142,27
9606.ENSP00000203556,142,98
9606.ENSP00000341483,142,61
9606.ENSP00000325312,142,50
9606.ENSP00000234347,142,20
9606.ENSP00000420484,142,25
9606.ENSP00000368100,142,287
9606.ENSP00000455047,142,92
9606.ENSP00000312066,142,83
9606.ENSP00000296577,142,78
9606.ENSP00000483313,142,43
9606.ENSP00000264414,142,106
9606.ENSP00000291577,142,64
9606.ENSP00000480313,142,64
9606.ENSP00000340736,141,33
9606.ENSP00000289371,141,107
9606.ENSP00000261427,141,39
9606.ENSP00000358554,141,31
9606.ENSP00000259953,141,24
9606.ENSP00000311713,141,65
9606.ENSP00000223369,141,25
9606.ENSP00000261739,141,62
9606.ENSP00000316454,141,83
9606.ENSP00000294119,141,20
9606.ENSP00000418695,140,68
9606.ENSP00000269143,140,92
9606.ENSP00000425561,140,33
9606.ENSP00000272067,140,20
9606.ENSP00000352264,140,69
9606.ENSP00000236273,140,17
9606.ENSP00000273130,140,56
9606.ENSP00000264670,139,97
9606.ENSP00000261733,139,72
9606.ENSP00000285518,139,48
9606.ENSP00000410992,139,93
9606.ENSP00000320043,139,28
9606.ENSP00000380336,139,60
9606.ENSP00000391942,139,31
9606.ENSP00000478874,138,55
9606.ENSP00000369424,138,66
9606.ENSP00000311121,138,46
9606.ENSP00000223129,138,14
9606.ENSP00000377696,138,37
9606.ENSP00000297283,138,89
9606.ENSP00000389445,138,53
9606.ENSP00000359507,138,31
9606.ENSP00000397927,138,51
9606.ENSP00000226798,138,27
9606.ENSP00000356989,138,19
9606.ENSP00000367038,137,113
9606.ENSP00000486901,137,88
9606.ENSP00000358071,137,80
9606.ENSP00000223029,137,24
9606.ENSP00000383168,137,91
9606.ENSP00000430128,137,42
9606.ENSP00000378402,137,124
9606.ENSP00000497569,137,76
9606.ENSP00000357218,137,30
9606.ENSP00000345083,136,66
9606.ENSP00000497474,136,3
9606.ENSP00000423674,136,51
9606.ENSP00000293362,136,31
9606.ENSP00000365569,136,63
9606.ENSP00000379503,136,56
9606.ENSP00000282272,135,119
9606.ENSP00000357055,135,13
9606.ENSP00000303525,135,24
9606.ENSP00000290354,135,47
9606.ENSP00000356541,135,11
9606.ENSP00000377771,135,99
9606.ENSP00000493153,135,24
9606.ENSP00000357674,135,20
9606.ENSP00000380734,135,56
9606.ENSP00000402935,135,78
9606.ENSP00000221566,134,35
9606.ENSP00000366396,134,97
9606.ENSP00000371638,134,205
9606.ENSP00000427407,134,7
9606.ENSP00000452479,134,58
9606.ENSP00000217515,134,34
9606.ENSP00000410769,134,27
9606.ENSP00000229329,134,38
9606.ENSP00000418447,134,75
9606.ENSP00000313419,134,54
9606.ENSP00000361642,134,40
9606.ENSP00000408526,134,41
9606.ENSP00000328773,134,16
9606.ENSP00000304467,134,77
9606.ENSP00000331602,134,83
9606.ENSP00000476412,133,42
9606.ENSP00000322524,133,23
9606.ENSP00000364794,133,137
9606.ENSP00000498853,133,35
9606.ENSP00000307078,133,157
9606.ENSP00000252512,133,129
9606.ENSP00000376167,133,44
9606.ENSP00000349727,133,45
9606.ENSP00000269701,133,44
9606.ENSP00000363654,133,96
9606.ENSP00000377867,133,76
9606.ENSP00000220966,132,30
9606.ENSP00000310491,132,59
9606.ENSP00000359042,132,37
9606.ENSP00000225726,132,41
9606.ENSP00000276390,132,68
9606.ENSP00000345895,132,54
9606.ENSP00000356953,132,17
9606.ENSP00000221138,132,72
9606.ENSP00000254480,131,144
9606.ENSP00000264474,131,11
9606.ENSP00000210444,131,32
9606.ENSP00000381492,131,21
9606.ENSP00000296543,131,105
9606.ENSP00000280346,130,72
9606.ENSP00000373918,130,85
9606.ENSP00000378725,130,152
9606.ENSP00000315379,130,62
9606.ENSP00000362092,130,51
9606.ENSP00000215375,130,11
9606.ENSP00000355265,130,8
9606.ENSP00000340823,130,19
9606.ENSP00000392718,130,752
9606.ENSP00000283290,130,25
9606.ENSP00000357726,130,8
9606.ENSP00000407323,130,30
9606.ENSP00000282486,129,26
9606.ENSP00000261772,129,113
9606.ENSP00000385410,129,76
9606.ENSP00000444810,129,53
9606.ENSP00000261758,129,18
9606.ENSP00000404854,129,28
9606.ENSP00000355895,128,27
9606.ENSP00000388552,128,40
9606.ENSP00000334308,128,136
9606.ENSP00000364183,128,14
9606.ENSP00000470252,128,103
9606.ENSP00000219302,128,21
9606.ENSP00000380998,128,11
9606.ENSP00000296328,128,42
9606.ENSP00000496848,127,61
9606.ENSP00000298492,127,38
9606.ENSP00000375899,127,118
9606.ENSP00000463419,127,112
9606.ENSP00000439444,127,112
9606.ENSP00000485638,127,112
9606.ENSP00000353025,127,28
9606.ENSP00000380308,127,37
9606.ENSP00000312262,127,114
9606.ENSP00000309555,127,140
9606.ENSP00000411960,127,91
9606.ENSP00000387699,126,15
9606.ENSP00000264657,126,76
9606.ENSP00000468723,126,9
9606.ENSP00000466845,126,37
9606.ENSP00000232905,126,22
9606.ENSP00000358674,126,20
9606.ENSP00000229390,126,31
9606.ENSP00000356421,126,43
9606.ENSP00000334373,126,36
9606.ENSP00000252711,126,35
9606.ENSP00000309415,126,16
9606.ENSP00000439856,126,65
9606.ENSP00000239882,126,45
9606.ENSP00000306010,126,57
9606.ENSP00000478121,126,12
9606.ENSP00000379364,126,44
9606.ENSP00000416959,125,27
9606.ENSP00000354687,125,11
9606.ENSP00000416583,125,40
9606.ENSP00000370968,125,136
9606.ENSP00000346725,125,55
9606.ENSP00000312981,125,63
9606.ENSP00000356607,125,68
9606.ENSP00000243253,125,38
9606.ENSP00000317379,125,63
9606.ENSP00000346196,125,39
9606.ENSP00000263645,125,11
9606.ENSP00000253023,124,27
9606.ENSP00000481495,124,82
9606.ENSP00000364289,124,83
9606.ENSP00000269886,124,30
9606.ENSP00000205061,124,117
9606.ENSP00000358840,124,11
9606.ENSP00000339145,124,46
9606.ENSP00000355340,124,29
9606.ENSP00000362273,124,29
9606.ENSP00000331849,124,9
9606.ENSP00000262407,123,75
9606.ENSP00000413606,123,65
9606.ENSP00000331201,123,42
9606.ENSP00000417175,123,28
9606.ENSP00000347464,123,78
9606.ENSP00000357633,123,37
9606.ENSP00000268717,123,49
9606.ENSP00000313877,123,25
9606.ENSP00000438248,123,32
9606.ENSP00000381220,123,24
9606.ENSP00000355944,123,29
9606.ENSP00000296557,122,39
9606.ENSP00000389649,122,10
9606.ENSP00000496713,122,458
9606.ENSP00000306866,122,6
9606.ENSP00000312250,122,29
9606.ENSP00000346300,122,32
9606.ENSP00000345917,122,31
9606.ENSP00000393978,122,57
9606.ENSP00000365837,122,54
9606.ENSP00000309591,122,67
9606.ENSP00000369383,121,10
9606.ENSP00000316924,121,68
9606.ENSP00000477848,121,40
9606.ENSP00000216500,121,31
9606.ENSP00000251968,121,30
9606.ENSP00000326706,121,45
9606.ENSP00000350848,121,15
9606.ENSP00000325941,121,66
9606.ENSP00000250617,121,86
9606.ENSP00000464619,120,112
9606.ENSP00000485206,120,112
9606.ENSP00000262948,120,55
9606.ENSP00000490225,120,24
9606.ENSP00000359398,120,6
9606.ENSP00000425634,120,68
9606.ENSP00000378917,120,52
9606.ENSP00000389745,120,13
9606.ENSP00000361207,120,31
9606.ENSP00000216129,120,67
9606.ENSP00000485698,119,13
9606.ENSP00000369127,119,28
9606.ENSP00000398890,119,29
9606.ENSP00000406162,119,52
9606.ENSP00000296684,119,22
9606.ENSP00000287437,119,22
9606.ENSP00000263401,119,23
9606.ENSP00000344166,119,95
9606.ENSP00000325369,118,21
9606.ENSP00000274712,118,13
9606.ENSP00000464050,118,76
9606.ENSP00000440045,118,149
9606.ENSP00000319713,118,10
9606.ENSP00000467600,118,32
9606.ENSP00000416250,118,33
9606.ENSP00000221855,118,27
9606.ENSP00000264883,118,49
9606.ENSP00000360871,118,29
9606.ENSP00000046794,117,48
9606.ENSP00000333769,117,25
9606.ENSP00000378812,117,5
9606.ENSP00000308897,117,20
9606.ENSP00000483345,117,67
9606.ENSP00000292475,117,22
9606.ENSP00000324287,117,93
9606.ENSP00000220325,117,90
9606.ENSP00000360688,117,18
9606.ENSP00000446271,117,41
9606.ENSP00000286371,117,22
9606.ENSP00000229214,117,24
9606.ENSP00000364076,117,30
9606.ENSP00000294179,116,22
9606.ENSP00000326305,116,39
9606.ENSP00000354111,116,9
9606.ENSP00000424417,116,39
9606.ENSP00000370625,116,101
9606.ENSP00000231498,116,106
9606.ENSP00000318318,116,41
9606.ENSP00000343742,116,28
9606.ENSP00000274137,116,11
9606.ENSP00000451129,116,45
9606.ENSP00000485630,115,67
9606.ENSP00000451583,115,25
9606.ENSP00000295095,115,47
9606.ENSP00000474534,115,59
9606.ENSP00000498803,115,47
9606.ENSP00000379366,115,44
9606.ENSP00000387176,115,569
9606.ENSP00000397552,115,41
9606.ENSP00000445868,115,13
9606.ENSP00000262887,115,44
9606.ENSP00000227525,115,21
9606.ENSP00000334153,115,34
9606.ENSP00000364320,115,22
9606.ENSP00000350844,115,34
9606.ENSP00000349722,114,19
9606.ENSP00000358799,114,82
9606.ENSP00000350934,114,60
9606.ENSP00000497280,114,41
9606.ENSP00000381185,114,12
9606.ENSP00000350512,114,30
9606.ENSP00000260356,113,123
9606.ENSP00000466025,113,27
9606.ENSP00000323046,113,23
9606.ENSP00000263780,113,14
9606.ENSP00000438993,113,40
9606.ENSP00000216252,113,13
9606.ENSP00000363976,113,10
9606.ENSP00000296029,113,16
9606.ENSP00000215570,113,13
9606.ENSP00000256429,112,30
9606.ENSP00000345341,112,35
9606.ENSP00000317714,112,26
9606.ENSP00000263377,112,81
9606.ENSP00000364805,112,272
9606.ENSP00000380159,112,14
9606.ENSP00000365131,112,54
9606.ENSP00000388658,112,85
9606.ENSP00000405674,111,11
9606.ENSP00000422626,111,46
9606.ENSP00000344504,111,10
9606.ENSP00000348984,111,105
9606.ENSP00000377954,111,111
9606.ENSP00000360798,111,90
9606.ENSP00000498362,111,11
9606.ENSP00000333779,111,30
9606.ENSP00000244137,111,41
9606.ENSP00000441126,111,8
9606.ENSP00000425759,110,8
9606.ENSP00000498596,110,27
9606.ENSP00000265395,110,27
9606.ENSP00000260803,110,47
9606.ENSP00000361486,110,56
9606.ENSP00000350757,110,17
9606.ENSP00000355566,110,8
9606.ENSP00000381717,110,18
9606.ENSP00000363071,110,131
9606.ENSP00000416951,110,60
9606.ENSP00000221922,110,38
9606.ENSP00000261167,110,54
9606.ENSP00000341597,109,45
9606.ENSP00000337194,109,67
9606.ENSP00000365730,109,57
9606.ENSP00000338039,109,15
9606.ENSP00000422896,109,88
9606.ENSP00000249299,109,11
9606.ENSP00000337358,109,32
9606.ENSP00000215071,109,29
9606.ENSP00000366997,109,89
9606.ENSP00000369042,109,78
9606.ENSP00000376317,109,72
9606.ENSP00000319104,109,121
9606.ENSP00000303276,109,8
9606.ENSP00000326603,109,177
9606.ENSP00000323687,108,79
9606.ENSP00000345195,108,81
9606.ENSP00000359300,108,12
9606.ENSP00000485525,108,40
9606.ENSP00000251595,108,22
9606.ENSP00000322421,108,22
9606.ENSP00000261875,108,33
9606.ENSP00000248114,108,8
9606.ENSP00000358120,108,33
9606.ENSP00000361711,108,15
9606.ENSP00000375622,108,16
9606.ENSP00000410833,108,51
9606.ENSP00000349124,108,34
9606.ENSP00000351446,108,26
9606.ENSP00000354511,107,21
9606.ENSP00000012443,107,46
9606.ENSP00000450436,107,49
9606.ENSP00000272638,107,24
9606.ENSP00000440222,107,75
9606.ENSP00000343867,107,20
9606.ENSP00000370648,107,28
9606.ENSP00000360727,107,43
9606.ENSP00000417580,107,20
9606.ENSP00000232564,107,63
9606.ENSP00000277010,107,11
9606.ENSP00000359305,107,18
9606.ENSP00000493302,107,20
9606.ENSP00000440485,107,20
9606.ENSP00000319169,107,48
9606.ENSP00000245816,106,22
9606.ENSP00000216044,106,41
9606.ENSP00000480987,106,89
9606.ENSP00000311962,106,37
9606.ENSP00000291458,106,13
9606.ENSP00000373808,106,46
9606.ENSP00000335632,106,15
9606.ENSP00000340883,106,29
9606.ENSP00000450385,105,43
9606.ENSP00000499232,105,66
9606.ENSP00000338862,105,28
9606.ENSP00000351035,105,32
9606.ENSP00000421076,105,20
9606.ENSP00000005257,105,31
9606.ENSP00000411010,105,53
9606.ENSP00000342434,105,127
9606.ENSP00000323063,105,62
9606.ENSP00000458954,105,45
9606.ENSP00000392147,105,32
9606.ENSP00000379975,105,36
9606.ENSP00000222553,105,48
9606.ENSP00000444561,105,10
9606.ENSP00000354566,105,13
9606.ENSP00000216442,104,14
9606.ENSP00000346148,104,47
9606.ENSP00000392985,104,22
9606.ENSP00000283646,104,30
9606.ENSP00000370750,104,27
9606.ENSP00000478877,104,19
9606.ENSP00000498104,104,23
9606.ENSP00000401980,104,28
9606.ENSP00000389381,104,24
9606.ENSP00000363313,104,49
9606.ENSP00000432472,104,9
9606.ENSP00000371858,104,65
9606.ENSP00000349238,103,109
9606.ENSP00000263102,103,35
9606.ENSP00000427108,103,53
9606.ENSP00000245796,103,53
9606.ENSP00000434442,103,41
9606.ENSP00000345445,103,41
9606.ENSP00000417763,103,25
9606.ENSP00000306752,103,37
9606.ENSP00000331127,103,37
9606.ENSP00000322316,103,16
9606.ENSP00000296456,103,44
9606.ENSP00000336724,103,38
9606.ENSP00000372689,103,130
9606.ENSP00000340896,102,42
9606.ENSP00000252071,102,46
9606.ENSP00000434516,102,48
9606.ENSP00000293328,102,137
9606.ENSP00000353284,102,135
9606.ENSP00000238508,102,41
9606.ENSP00000223641,102,10
9606.ENSP00000379350,102,62
9606.ENSP00000431482,102,27
9606.ENSP00000470176,102,11
9606.ENSP00000364699,102,13
9606.ENSP00000321691,102,15
9606.ENSP00000360412,102,57
9606.ENSP00000451866,102,1
9606.ENSP00000470246,102,27
9606.ENSP00000363228,101,51
9606.ENSP00000295899,101,22
9606.ENSP00000403701,101,32
9606.ENSP00000037243,101,14
9606.ENSP00000456851,101,14
9606.ENSP00000075120,101,43
9606.ENSP00000281589,101,136
9606.ENSP00000194214,101,7
9606.ENSP00000219789,100,15
9606.ENSP00000263202,100,19
9606.ENSP00000265594,100,48
9606.ENSP00000358510,100,17
9606.ENSP00000355672,100,24
9606.ENSP00000251166,100,106
9606.ENSP00000495750,100,37
9606.ENSP00000476119,100,19
9606.ENSP00000473290,100,44
9606.ENSP00000326261,99.9,46
9606.ENSP00000369897,99.9,87
9606.ENSP00000367323,99.9,38
9606.ENSP00000391583,99.8,26
9606.ENSP00000361949,99.7,95
9606.ENSP00000040738,99.5,166
9606.ENSP00000230048,99.4,11
9606.ENSP00000240617,99.3,45
9606.ENSP00000217244,99.3,56
9606.ENSP00000252934,99.3,48
9606.ENSP00000404375,99.1,35
9606.ENSP00000370889,99.1,68
9606.ENSP00000360682,99.1,28
9606.ENSP00000382697,99,126
9606.ENSP00000256367,99,11
9606.ENSP00000318697,99,329
9606.ENSP00000262506,98.9,35
9606.ENSP00000248958,98.9,10
9606.ENSP00000312988,98.8,18
9606.ENSP00000385757,98.8,25
9606.ENSP00000368447,98.4,20
9606.ENSP00000255390,98.4,16
9606.ENSP00000449089,98.3,77
9606.ENSP00000396673,98.2,62
9606.ENSP00000379601,98.1,28
9606.ENSP00000269373,98.1,22
9606.ENSP00000384109,98,110
9606.ENSP00000361845,98,35
9606.ENSP00000286835,97.9,60
9606.ENSP00000320184,97.9,17
9606.ENSP00000410059,97.8,50
9606.ENSP00000479919,97.5,26
9606.ENSP00000444935,97.4,28
9606.ENSP00000424595,97.4,71
9606.ENSP00000317955,97.4,115
9606.ENSP00000319739,97.2,22
9606.ENSP00000347408,97.2,36
9606.ENSP00000301396,97.1,64
9606.ENSP00000362352,97.1,57
9606.ENSP00000438507,97,93
9606.ENSP00000351159,96.8,27
9606.ENSP00000424870,96.7,9
9606.ENSP00000229795,96.7,31
9606.ENSP00000014930,96.7,14
9606.ENSP00000472836,96.7,7
9606.ENSP00000499199,96.4,37
9606.ENSP00000263212,96.3,31
9606.ENSP00000366819,96.3,21
9606.ENSP00000385432,96.3,31
9606.ENSP00000379339,96.2,8
9606.ENSP00000497260,96.2,110
9606.ENSP00000342889,96.2,5
9606.ENSP00000233627,96,20
9606.ENSP00000256196,95.9,25
9606.ENSP00000470142,95.9,95
9606.ENSP00000311469,95.8,46
9606.ENSP00000263384,95.5,7
9606.ENSP00000367938,95.4,15
9606.ENSP00000231238,95.4,21
9606.ENSP00000290231,95.3,31
9606.ENSP00000327268,95.2,23
9606.ENSP00000344674,95.1,22
9606.ENSP00000370376,95.1,26
9606.ENSP00000388638,95.1,34
9606.ENSP00000416293,95,28
9606.ENSP00000297540,95,27
9606.ENSP00000354340,95,34
9606.ENSP00000357748,95,26
9606.ENSP00000277165,94.8,92
9606.ENSP00000296411,94.7,36
9606.ENSP00000290524,94.7,53
9606.ENSP00000406463,94.6,44
9606.ENSP00000368030,94.5,79
9606.ENSP00000254940,94.5,15
9606.ENSP00000291232,94.4,5
9606.ENSP00000299424,94.4,6
9606.ENSP00000430684,94.4,74
9606.ENSP00000354762,94.1,9
9606.ENSP00000377969,94.1,31
9606.ENSP00000466214,94.1,13
9606.ENSP00000260447,94.1,6
9606.ENSP00000223136,94,13
9606.ENSP00000436152,94,11
9606.ENSP00000299608,94,28
9606.ENSP00000499422,93.9,8
9606.ENSP00000371475,93.8,120
9606.ENSP00000368605,93.8,47
9606.ENSP00000416158,93.7,85
9606.ENSP00000266544,93.7,66
9606.ENSP00000329715,93.6,35
9606.ENSP00000301740,93.6,141
9606.ENSP00000330488,93.6,23
9606.ENSP00000381237,93.4,31
9606.ENSP00000465039,93.3,60
9606.ENSP00000365312,93.3,28
9606.ENSP00000419879,93.2,22
9606.ENSP00000331310,93.1,22
9606.ENSP00000364578,93.1,26
9606.ENSP00000354499,92.9,11
9606.ENSP00000357288,92.8,12
9606.ENSP00000387180,92.8,11
9606.ENSP00000497690,92.7,16
9606.ENSP00000279242,92.7,15
9606.ENSP00000304689,92.6,12
9606.ENSP00000238616,92.4,64
9606.ENSP00000403323,92.4,50
9606.ENSP00000261714,92.4,39
9606.ENSP00000370208,92.3,40
9606.ENSP00000363794,92.2,21
9606.ENSP00000261942,92.2,31
9606.ENSP00000260970,92.2,34
9606.ENSP00000383820,92.2,42
9606.ENSP00000454264,92.2,42
9606.ENSP00000447000,92.2,64
9606.ENSP00000377390,92.1,76
9606.ENSP00000359539,92.1,35
9606.ENSP00000365588,91.9,92
9606.ENSP00000367123,91.8,40
9606.ENSP00000479130,91.7,45
9606.ENSP00000462116,91.7,21
9606.ENSP00000354782,91.6,12
9606.ENSP00000317468,91.5,12
9606.ENSP00000314649,91.3,42
9606.ENSP00000306320,91.3,5
9606.ENSP00000365220,91.3,90
9606.ENSP00000274364,91.2,148
9606.ENSP00000279387,91.2,28
9606.ENSP00000377218,91.2,17
9606.ENSP00000377914,91.2,27
9606.ENSP00000343657,91.1,41
9606.ENSP00000441158,91.1,326
9606.ENSP00000493560,91.1,264
9606.ENSP00000229379,91,8
9606.ENSP00000454786,91,85
9606.ENSP00000254730,90.9,46
9606.ENSP00000362807,90.8,14
9606.ENSP00000458770,90.8,15
9606.ENSP00000457421,90.6,75
9606.ENSP00000378394,90.6,36
9606.ENSP00000326219,90.5,16
9606.ENSP00000491830,90.5,74
9606.ENSP00000282412,90.4,42
9606.ENSP00000337838,90.3,52
9606.ENSP00000360250,90.3,24
9606.ENSP00000380557,90.3,29
9606.ENSP00000464036,90.2,106
9606.ENSP00000473553,90.1,55
9606.ENSP00000199814,89.9,29
9606.ENSP00000476252,89.9,51
9606.ENSP00000413697,89.9,23
9606.ENSP00000410339,89.9,20
9606.ENSP00000285814,89.7,20
9606.ENSP00000380178,89.6,10
9606.ENSP00000499466,89.5,12
9606.ENSP00000299736,89.4,16
9606.ENSP00000304802,89.4,21
9606.ENSP00000460885,89.3,110
9606.ENSP00000378338,89.2,64
9606.ENSP00000295770,89.2,55
9606.ENSP00000402338,89.2,20
9606.ENSP00000451818,89.2,45
9606.ENSP00000332287,89.2,9
9606.ENSP00000357452,89.1,18
9606.ENSP00000386023,89.1,10
9606.ENSP00000379802,89,58
9606.ENSP00000341680,89,21
9606.ENSP00000304283,88.9,54
9606.ENSP00000356584,88.7,39
9606.ENSP00000343701,88.6,40
9606.ENSP00000347655,88.6,35
9606.ENSP00000374280,88.5,46
9606.ENSP00000498991,88.5,24
9606.ENSP00000378046,88.5,24
9606.ENSP00000305699,88.5,48
9606.ENSP00000360492,88.4,3
9606.ENSP00000254654,88.4,26
9606.ENSP00000358089,88.2,26
9606.ENSP00000225972,87.9,19
9606.ENSP00000380702,87.9,14
9606.ENSP00000219431,87.8,21
9606.ENSP00000262306,87.8,12
9606.ENSP00000260563,87.7,29
9606.ENSP00000392270,87.7,29
9606.ENSP00000359497,87.6,47
9606.ENSP00000250092,87.6,7
9606.ENSP00000253048,87.4,43
9606.ENSP00000299633,87.4,23
9606.ENSP00000369461,87.3,22
9606.ENSP00000382327,87.3,14
9606.ENSP00000307567,87.2,73
9606.ENSP00000421926,87.1,46
9606.ENSP00000267814,87,30
9606.ENSP00000368984,86.9,24
9606.ENSP00000233057,86.9,33
9606.ENSP00000377470,86.9,33
9606.ENSP00000263150,86.8,33
9606.ENSP00000404042,86.8,24
9606.ENSP00000371193,86.8,23
9606.ENSP00000356936,86.7,16
9606.ENSP00000261396,86.7,77
9606.ENSP00000268638,86.7,37
9606.ENSP00000246069,86.7,35
9606.ENSP00000445757,86.6,29
9606.ENSP00000261868,86.5,20
9606.ENSP00000245934,86.5,95
9606.ENSP00000343405,86.5,56
9606.ENSP00000261416,86.2,34
9606.ENSP00000219252,86.1,17
9606.ENSP00000288607,86,6
9606.ENSP00000281243,85.9,18
9606.ENSP00000352738,85.9,27
9606.ENSP00000365817,85.9,49
9606.ENSP00000327694,85.9,95
9606.ENSP00000328023,85.8,48
9606.ENSP00000311449,85.8,26
9606.ENSP00000273986,85.7,12
9606.ENSP00000417464,85.7,24
9606.ENSP00000478059,85.7,46
9606.ENSP00000204726,85.7,121
9606.ENSP00000408411,85.7,30
9606.ENSP00000246868,85.6,19
9606.ENSP00000345292,85.6,23
9606.ENSP00000290246,85.6,74
9606.ENSP00000430282,85.5,34
9606.ENSP00000252622,85.5,6
9606.ENSP00000255476,85.5,10
9606.ENSP00000382015,85.4,21
9606.ENSP00000367239,85.3,26
9606.ENSP00000236671,85.2,52
9606.ENSP00000296490,85.1,26
9606.ENSP00000381102,85.1,10
9606.ENSP00000333401,85,15
9606.ENSP00000353741,84.9,39
9606.ENSP00000258383,84.9,18
9606.ENSP00000317992,84.9,46
9606.ENSP00000318016,84.9,95
9606.ENSP00000475615,84.8,10
9606.ENSP00000357644,84.7,34
9606.ENSP00000484431,84.7,23
9606.ENSP00000358548,84.6,33
9606.ENSP00000306670,84.5,20
9606.ENSP00000285379,84.5,19
9606.ENSP00000259633,84.5,24
9606.ENSP00000218340,84.3,18
9606.ENSP00000283027,84.3,16
9606.ENSP00000341268,84.1,20
9606.ENSP00000270538,83.9,39
9606.ENSP00000378306,83.8,71
9606.ENSP00000244763,83.8,21
9606.ENSP00000415743,83.7,24
9606.ENSP00000411418,83.6,67
9606.ENSP00000349016,83.6,12
9606.ENSP00000385714,83.6,24
9606.ENSP00000264515,83.5,35
9606.ENSP00000300648,83.5,213
9606.ENSP00000346240,83.5,15
9606.ENSP00000362456,83.5,13
9606.ENSP00000287600,83.4,5
9606.ENSP00000393840,83.4,15
9606.ENSP00000356263,83.4,26
9606.ENSP00000261636,83.3,18
9606.ENSP00000354718,83.3,139
9606.ENSP00000300151,83.3,13
9606.ENSP00000286428,83.3,22
9606.ENSP00000367208,83.2,29
9606.ENSP00000265388,83.1,61
9606.ENSP00000216122,83.1,51
9606.ENSP00000341208,83,132
9606.ENSP00000351137,82.9,65
9606.ENSP00000367900,82.9,104
9606.ENSP00000262629,82.8,6
9606.ENSP00000408695,82.8,85
9606.ENSP00000367154,82.7,16
9606.ENSP00000314441,82.7,11
9606.ENSP00000497382,82.7,7
9606.ENSP00000263657,82.6,18
9606.ENSP00000271373,82.5,12
9606.ENSP00000254029,82.4,82
9606.ENSP00000391806,82.2,100
9606.ENSP00000320485,82.1,94
9606.ENSP00000464814,82.1,25
9606.ENSP00000220166,82.1,22
9606.ENSP00000181796,82,20
9606.ENSP00000365606,82,55
9606.ENSP00000461879,82,36
9606.ENSP00000487719,81.9,112
9606.ENSP00000436318,81.9,12
9606.ENSP00000340989,81.9,92
9606.ENSP00000328848,81.7,53
9606.ENSP00000369213,81.7,68
9606.ENSP00000257860,81.6,109
9606.ENSP00000322396,81.6,23
9606.ENSP00000400333,81.5,38
9606.ENSP00000380880,81.5,12
9606.ENSP00000447942,81.4,13
9606.ENSP00000401831,81.4,32
9606.ENSP00000240851,81.4,17
9606.ENSP00000273920,81.3,14
9606.ENSP00000257181,81.3,16
9606.ENSP00000313490,81.2,73
9606.ENSP00000322804,81.1,38
9606.ENSP00000352522,81,33
9606.ENSP00000304376,81,17
9606.ENSP00000284073,80.9,18
9606.ENSP00000358496,80.9,4
9606.ENSP00000336721,80.8,71
9606.ENSP00000361433,80.7,19
9606.ENSP00000359295,80.4,10
9606.ENSP00000428056,80.4,56
9606.ENSP00000450864,80.4,56
9606.ENSP00000252242,80.2,140
9606.ENSP00000376249,80.1,24
9606.ENSP00000366430,80,8
9606.ENSP00000335040,80,43
9606.ENSP00000292432,79.9,86
9606.ENSP00000441980,79.9,15
9606.ENSP00000276202,79.8,163
9606.ENSP00000351490,79.8,11
9606.ENSP00000398064,79.7,3
9606.ENSP00000302393,79.6,57
9606.ENSP00000498852,79.6,20
9606.ENSP00000251607,79.6,36
9606.ENSP00000354040,79.5,43
9606.ENSP00000315791,79.5,53
9606.ENSP00000173527,79.4,21
9606.ENSP00000479064,79.4,14
9606.ENSP00000220496,79.2,19
9606.ENSP00000376272,79.1,27
9606.ENSP00000250101,79.1,11
9606.ENSP00000319992,79,10
9606.ENSP00000403362,79,35
9606.ENSP00000315263,79,16
9606.ENSP00000481038,79,151
9606.ENSP00000339030,78.9,21
9606.ENSP00000496921,78.9,24
9606.ENSP00000370557,78.8,18
9606.ENSP00000312311,78.7,19
9606.ENSP00000259239,78.6,12
9606.ENSP00000333664,78.5,21
9606.ENSP00000339161,78.5,24
9606.ENSP00000331487,78.4,34
9606.ENSP00000327191,78.4,75
9606.ENSP00000246024,78.3,20
9606.ENSP00000358474,78.2,26
9606.ENSP00000263228,78.1,12
9606.ENSP00000278616,77.9,212
9606.ENSP00000224652,77.9,22
9606.ENSP00000379616,77.9,406
9606.ENSP00000295266,77.8,44
9606.ENSP00000482647,77.8,118
9606.ENSP00000496942,77.8,9
9606.ENSP00000434103,77.8,19
9606.ENSP00000343118,77.7,5
9606.ENSP00000414095,77.7,68
9606.ENSP00000408025,77.6,25
9606.ENSP00000343325,77.5,56
9606.ENSP00000360635,77.4,41
9606.ENSP00000292782,77.3,17
9606.ENSP00000408410,77.3,17
9606.ENSP00000360860,77.3,28
9606.ENSP00000369411,77.3,27
9606.ENSP00000318176,77.2,17
9606.ENSP00000499655,77.1,114
9606.ENSP00000305069,77.1,14
9606.ENSP00000361918,76.9,21
9606.ENSP00000378409,76.8,19
9606.ENSP00000360638,76.7,25
9606.ENSP00000485513,76.7,107
9606.ENSP00000282633,76.7,109
9606.ENSP00000433209,76.6,19
9606.ENSP00000354554,76.6,10
9606.ENSP00000276201,76.6,20
9606.ENSP00000406209,76.4,25
9606.ENSP00000366156,76.3,20
9606.ENSP00000217131,76.3,16
9606.ENSP00000241337,76.3,36
9606.ENSP00000470560,76.3,22
9606.ENSP00000495631,76.3,67
9606.ENSP00000401371,76.2,22
9606.ENSP00000354850,76.1,47
9606.ENSP00000380958,76.1,5
9606.ENSP00000343896,76.1,150
9606.ENSP00000264170,76.1,31
9606.ENSP00000215904,76,24
9606.ENSP00000371362,75.9,23
9606.ENSP00000326981,75.9,10
9606.ENSP00000273047,75.8,40
9606.ENSP00000417273,75.8,21
9606.ENSP00000316032,75.7,86
9606.ENSP00000493623,75.6,37
9606.ENSP00000333266,75.5,50
9606.ENSP00000356840,75.5,29
9606.ENSP00000255194,75.4,73
9606.ENSP00000263847,75.4,46
9606.ENSP00000356807,75.4,20
9606.ENSP00000361084,75.3,11
9606.ENSP00000274849,75.3,13
9606.ENSP00000318128,75.2,12
9606.ENSP00000362688,75.2,28
9606.ENSP00000310042,75.2,23
9606.ENSP00000380869,75.1,34
9606.ENSP00000446184,75,81
9606.ENSP00000357360,74.9,20
9606.ENSP00000434056,74.9,10
9606.ENSP00000306881,74.8,53
9606.ENSP00000385000,74.8,43
9606.ENSP00000261407,74.8,25
9606.ENSP00000344572,74.8,18
9606.ENSP00000377233,74.7,70
9606.ENSP00000431254,74.6,15
9606.ENSP00000324318,74.6,32
9606.ENSP00000370460,74.5,17
9606.ENSP00000476480,74.5,27
9606.ENSP00000387471,74.4,6
9606.ENSP00000238823,74.3,31
9606.ENSP00000262498,74.2,15
9606.ENSP00000305255,74.1,15
9606.ENSP00000302144,74,10
9606.ENSP00000245544,73.9,36
9606.ENSP00000440704,73.9,35
9606.ENSP00000252268,73.8,24
9606.ENSP00000326804,73.8,47
9606.ENSP00000378830,73.8,22
9606.ENSP00000356107,73.8,19
9606.ENSP00000229395,73.7,16
9606.ENSP00000298717,73.7,31
9606.ENSP00000261776,73.6,49
9606.ENSP00000314615,73.4,21
9606.ENSP00000358374,73.3,73
9606.ENSP00000279068,73.3,23
9606.ENSP00000387654,73.3,29
9606.ENSP00000381386,73.2,24
9606.ENSP00000285968,73.1,128
9606.ENSP00000228872,73.1,10
9606.ENSP00000485627,73,21
9606.ENSP00000254950,73,61
9606.ENSP00000315474,72.9,20
9606.ENSP00000359531,72.9,22
9606.ENSP00000382779,72.9,26
9606.ENSP00000261183,72.7,55
9606.ENSP00000315017,72.7,19
9606.ENSP00000359490,72.7,34
9606.ENSP00000246957,72.6,42
9606.ENSP00000326411,72.6,33
9606.ENSP00000379051,72.6,19
9606.ENSP00000327821,72.6,54
9606.ENSP00000475845,72.4,1
9606.ENSP00000431603,72.4,31
9606.ENSP00000286713,72.3,18
9606.ENSP00000238892,72.2,4
9606.ENSP00000486540,72.2,20
9606.ENSP00000380019,72.2,15
9606.ENSP00000369217,72.1,35
9606.ENSP00000417052,72,11
9606.ENSP00000469035,71.9,17
9606.ENSP00000308717,71.8,10
9606.ENSP00000234160,71.7,20
9606.ENSP00000466664,71.5,37
9606.ENSP00000317376,71.4,6
9606.ENSP00000339495,71.4,42
9606.ENSP00000055077,71.3,24
9606.ENSP00000303920,71.2,10
9606.ENSP00000285021,71.2,40
9606.ENSP00000438465,71.2,22
9606.ENSP00000268261,71.1,19
9606.ENSP00000309092,71.1,22
9606.ENSP00000363787,71.1,17
9606.ENSP00000362058,71,8
9606.ENSP00000381461,71,18
9606.ENSP00000455145,71,10
9606.ENSP00000445929,70.9,40
9606.ENSP00000267425,70.9,27
9606.ENSP00000445806,70.9,20
9606.ENSP00000285298,70.9,10
9606.ENSP00000366237,70.8,27
9606.ENSP00000358814,70.8,43
9606.ENSP00000216468,70.8,18
9606.ENSP00000316007,70.7,6
9606.ENSP00000267838,70.7,16
9606.ENSP00000377665,70.6,60
9606.ENSP00000261015,70.6,22
9606.ENSP00000312356,70.5,29
9606.ENSP00000361363,70.5,28
9606.ENSP00000481126,70.4,56
9606.ENSP00000383333,70.4,53
9606.ENSP00000480514,70.4,10
9606.ENSP00000489597,70.4,50
9606.ENSP00000296754,70.2,57
9606.ENSP00000337688,70,20
9606.ENSP00000363614,70,18
9606.ENSP00000464087,70,324
9606.ENSP00000274496,69.9,4
9606.ENSP00000369857,69.9,23
9606.ENSP00000286175,69.9,11
9606.ENSP00000373404,69.9,10
9606.ENSP00000496699,69.8,59
9606.ENSP00000264108,69.8,22
9606.ENSP00000357122,69.8,56
9606.ENSP00000312618,69.7,39
9606.ENSP00000217133,69.7,218
9606.ENSP00000240055,69.6,4
9606.ENSP00000328088,69.6,11
9606.ENSP00000381785,69.5,26
9606.ENSP00000419851,69.4,51
9606.ENSP00000272233,69.4,37
9606.ENSP00000496597,69.3,54
9606.ENSP00000362166,69.3,8
9606.ENSP00000363944,69.2,39
9606.ENSP00000349313,69.2,12
9606.ENSP00000461388,69.2,10
9606.ENSP00000365963,69.2,4
9606.ENSP00000264254,69.2,18
9606.ENSP00000402346,69.1,68
9606.ENSP00000245539,69,16
9606.ENSP00000340983,68.9,11
9606.ENSP00000373312,68.6,17
9606.ENSP00000365426,68.6,7
9606.ENSP00000312442,68.6,42
9606.ENSP00000410402,68.5,25
9606.ENSP00000260643,68.5,20
9606.ENSP00000262640,68.4,20
9606.ENSP00000363661,68.4,21
9606.ENSP00000360916,68.3,60
9606.ENSP00000376024,68.2,25
9606.ENSP00000350698,68.1,26
9606.ENSP00000295682,68.1,5
9606.ENSP00000498864,68.1,26
9606.ENSP00000497004,68.1,12
9606.ENSP00000397911,68,73
9606.ENSP00000305193,67.9,18
9606.ENSP00000265564,67.8,16
9606.ENSP00000276585,67.8,13
9606.ENSP00000436679,67.8,33
9606.ENSP00000334958,67.8,68
9606.ENSP00000357384,67.7,5
9606.ENSP00000411073,67.7,11
9606.ENSP00000265433,67.6,40
9606.ENSP00000364032,67.5,62
9606.ENSP00000262507,67.5,13
9606.ENSP00000452786,67.4,45
9606.ENSP00000259512,67.3,14
9606.ENSP00000308236,67.2,10
9606.ENSP00000435189,67.2,16
9606.ENSP00000296597,67.2,10
9606.ENSP00000385923,67.1,39
9606.ENSP00000330694,67.1,18
9606.ENSP00000356001,67,12
9606.ENSP00000452549,67,26
9606.ENSP00000272645,66.9,10
9606.ENSP00000306253,66.9,169
9606.ENSP00000321449,66.7,15
9606.ENSP00000223073,66.7,34
9606.ENSP00000308275,66.7,16
9606.ENSP00000214869,66.6,7
9606.ENSP00000225298,66.6,25
9606.ENSP00000362873,66.6,12
9606.ENSP00000419970,66.5,42
9606.ENSP00000445920,66.5,14
9606.ENSP00000385746,66.4,22
9606.ENSP00000229812,66.3,26
9606.ENSP00000338607,66.2,13
9606.ENSP00000217195,66.2,12
9606.ENSP00000370588,66.1,6
9606.ENSP00000325266,66,6
9606.ENSP00000233997,66,15
9606.ENSP00000352400,66,78
9606.ENSP00000369038,65.9,15
9606.ENSP00000369500,65.9,13
9606.ENSP00000379330,65.9,41
9606.ENSP00000420200,65.9,18
9606.ENSP00000340648,65.9,181
9606.ENSP00000261308,65.9,36
9606.ENSP00000334100,65.8,38
9606.ENSP00000264870,65.8,40
9606.ENSP00000387282,65.8,15
9606.ENSP00000356024,65.8,72
9606.ENSP00000405926,65.8,27
9606.ENSP00000357036,65.8,15
9606.ENSP00000398350,65.7,18
9606.ENSP00000288937,65.7,12
9606.ENSP00000215730,65.7,14
9606.ENSP00000365401,65.7,33
9606.ENSP00000392043,65.7,64
9606.ENSP00000257770,65.6,32
9606.ENSP00000496832,65.6,14
9606.ENSP00000267103,65.6,22
9606.ENSP00000373669,65.5,16
9606.ENSP00000462172,65.5,4
9606.ENSP00000258105,65.3,6
9606.ENSP00000363591,65.3,8
9606.ENSP00000470615,65.2,16
9606.ENSP00000274787,65.2,3
9606.ENSP00000266069,65.1,11
9606.ENSP00000479860,65.1,16
9606.ENSP00000431040,65.1,14
9606.ENSP00000226004,65.1,12
9606.ENSP00000355741,65.1,25
9606.ENSP00000230640,65.1,57
9606.ENSP00000294409,65,24
9606.ENSP00000359484,65,9
9606.ENSP00000227520,65,16
9606.ENSP00000429323,64.9,28
9606.ENSP00000469194,64.9,11
9606.ENSP00000417602,64.9,17
9606.ENSP00000367893,64.9,16
9606.ENSP00000401508,64.8,27
9606.ENSP00000254803,64.8,14
9606.ENSP00000232607,64.8,28
9606.ENSP00000478417,64.8,49
9606.ENSP00000366135,64.8,50
9606.ENSP00000222008,64.7,3
9606.ENSP00000351811,64.7,61
9606.ENSP00000357998,64.7,39
9606.ENSP00000461295,64.7,58
9606.ENSP00000365806,64.6,35
9606.ENSP00000259951,64.6,24
9606.ENSP00000378588,64.6,6
9606.ENSP00000263773,64.5,28
9606.ENSP00000301281,64.5,15
9606.ENSP00000418823,64.5,32
9606.ENSP00000435412,64.4,78
9606.ENSP00000356481,64.4,37
9606.ENSP00000361092,64.4,10
9606.ENSP00000471896,64.3,18
9606.ENSP00000262375,64.3,21
9606.ENSP00000396452,64.3,14
9606.ENSP00000377015,64.2,27
9606.ENSP00000226524,64.2,14
9606.ENSP00000445408,64.1,63
9606.ENSP00000420357,64.1,6
9606.ENSP00000363999,64.1,9
9606.ENSP00000479667,64.1,45
9606.ENSP00000451206,64,10
9606.ENSP00000283195,64,257
9606.ENSP00000407182,64,64
9606.ENSP00000481022,63.9,10
9606.ENSP00000306548,63.9,15
9606.ENSP00000287156,63.9,7
9606.ENSP00000380150,63.9,59
9606.ENSP00000355046,63.9,9
9606.ENSP00000470539,63.9,2
9606.ENSP00000230340,63.9,28
9606.ENSP00000370736,63.8,11
9606.ENSP00000335808,63.8,9
9606.ENSP00000211287,63.8,22
9606.ENSP00000267935,63.7,9
9606.ENSP00000281156,63.7,36
9606.ENSP00000325677,63.7,61
9606.ENSP00000384952,63.6,4
9606.ENSP00000369674,63.6,13
9606.ENSP00000263433,63.6,35
9606.ENSP00000308610,63.5,39
9606.ENSP00000225969,63.5,7
9606.ENSP00000380427,63.4,82
9606.ENSP00000457411,63.3,31
9606.ENSP00000235521,63.2,14
9606.ENSP00000493515,63.1,28
9606.ENSP00000475750,63.1,11
9606.ENSP00000429744,63,62
9606.ENSP00000362105,62.9,8
9606.ENSP00000267202,62.9,13
9606.ENSP00000276590,62.8,15
9606.ENSP00000259021,62.7,27
9606.ENSP00000321070,62.7,31
9606.ENSP00000253794,62.7,10
9606.ENSP00000484580,62.7,13
9606.ENSP00000259006,62.7,12
9606.ENSP00000286733,62.7,20
9606.ENSP00000007699,62.6,51
9606.ENSP00000364568,62.5,15
9606.ENSP00000283882,62.5,9
9606.ENSP00000426167,62.5,7
9606.ENSP00000254436,62.4,24
9606.ENSP00000167586,62.3,110
9606.ENSP00000278483,62.3,5
9606.ENSP00000305675,62.3,18
9606.ENSP00000261667,62.2,25
9606.ENSP00000359958,62.2,19
9606.ENSP00000380334,62.2,24
9606.ENSP00000305892,61.9,1
9606.ENSP00000364589,61.8,70
9606.ENSP00000341082,61.8,7
9606.ENSP00000470262,61.8,10
9606.ENSP00000463982,61.8,25
9606.ENSP00000499089,61.7,48
9606.ENSP00000268206,61.7,43
9606.ENSP00000360642,61.6,32
9606.ENSP00000356405,61.6,32
9606.ENSP00000370984,61.5,11
9606.ENSP00000351832,61.5,67
9606.ENSP00000455106,61.5,24
9606.ENSP00000329967,61.5,48
9606.ENSP00000348380,61.5,29
9606.ENSP00000324792,61.5,11
9606.ENSP00000265686,61.3,37
9606.ENSP00000304139,61.3,46
9606.ENSP00000290949,61.3,19
9606.ENSP00000304854,61.2,7
9606.ENSP00000355517,61.1,27
9606.ENSP00000301788,61,13
9606.ENSP00000370695,61,34
9606.ENSP00000333948,61,5
9606.ENSP00000354518,61,15
9606.ENSP00000405068,60.9,34
9606.ENSP00000258301,60.9,16
9606.ENSP00000283875,60.9,19
9606.ENSP00000369075,60.8,19
9606.ENSP00000264436,60.8,40
9606.ENSP00000493664,60.8,122
9606.ENSP00000500695,60.8,17
9606.ENSP00000305918,60.7,46
9606.ENSP00000478249,60.6,8
9606.ENSP00000249442,60.6,12
9606.ENSP00000380747,60.4,21
9606.ENSP00000366410,60.4,14
9606.ENSP00000486725,60.3,21
9606.ENSP00000282605,60.3,29
9606.ENSP00000365042,60.2,17
9606.ENSP00000265404,60.2,18
9606.ENSP00000378611,60.2,32
9606.ENSP00000334538,60.2,17
9606.ENSP00000206020,60.1,10
9606.ENSP00000420306,60.1,33
9606.ENSP00000268661,60,41
9606.ENSP00000273853,60,49
9606.ENSP00000315397,60,16
9606.ENSP00000326858,60,28
9606.ENSP00000327506,59.9,11
9606.ENSP00000369899,59.9,23
9606.ENSP00000265421,59.9,18
9606.ENSP00000217109,59.9,13
9606.ENSP00000499058,59.9,29
9606.ENSP00000398495,59.9,29
9606.ENSP00000386884,59.9,11
9606.ENSP00000352408,59.9,16
9606.ENSP00000336831,59.8,129
9606.ENSP00000382250,59.8,6
9606.ENSP00000400376,59.8,49
9606.ENSP00000278071,59.8,30
9606.ENSP00000295025,59.7,27
9606.ENSP00000258770,59.6,28
9606.ENSP00000379133,59.6,18
9606.ENSP00000358072,59.6,13
9606.ENSP00000216392,59.5,77
9606.ENSP00000415283,59.4,15
9606.ENSP00000355537,59.4,184
9606.ENSP00000350170,59.3,31
9606.ENSP00000356988,59.3,18
9606.ENSP00000295119,59.3,12
9606.ENSP00000336994,59.2,21
9606.ENSP00000373772,59.2,57
9606.ENSP00000450353,59.2,24
9606.ENSP00000379218,59.2,4
9606.ENSP00000302728,58.9,22
9606.ENSP00000436005,58.9,15
9606.ENSP00000293760,58.9,20
9606.ENSP00000479669,58.9,30
9606.ENSP00000216117,58.9,18
9606.ENSP00000267163,58.8,41
9606.ENSP00000260408,58.7,37
9606.ENSP00000473001,58.7,34
9606.ENSP00000368528,58.7,10
9606.ENSP00000315702,58.7,24
9606.ENSP00000359025,58.6,33
9606.ENSP00000356030,58.5,22
9606.ENSP00000319096,58.3,19
9606.ENSP00000216277,58.2,45
9606.ENSP00000275364,58.2,41
9606.ENSP00000438677,58.2,27
9606.ENSP00000256078,58.2,25
9606.ENSP00000418287,58.2,14
9606.ENSP00000386894,57.9,30
9606.ENSP00000380982,57.9,26
9606.ENSP00000252252,57.9,161
9606.ENSP00000377944,57.8,42
9606.ENSP00000369299,57.8,27
9606.ENSP00000378972,57.8,36
9606.ENSP00000326342,57.8,14
9606.ENSP00000355587,57.7,11
9606.ENSP00000366565,57.7,18
9606.ENSP00000370697,57.7,11
9606.ENSP00000324463,57.7,66
9606.ENSP00000326519,57.6,4
9606.ENSP00000240079,57.5,9
9606.ENSP00000387996,57.5,49
9606.ENSP00000377262,57.5,29
9606.ENSP00000497443,57.4,12
9606.ENSP00000344220,57.4,24
9606.ENSP00000365505,57.3,11
9606.ENSP00000348708,57.2,59
9606.ENSP00000244227,57.1,4
9606.ENSP00000319060,57.1,60
9606.ENSP00000303423,57,16
9606.ENSP00000404092,57,48
9606.ENSP00000380460,56.7,37
9606.ENSP00000366563,56.7,61
9606.ENSP00000332013,56.7,26
9606.ENSP00000461930,56.7,3
9606.ENSP00000497594,56.7,46
9606.ENSP00000326424,56.7,25
9606.ENSP00000339186,56.7,16
9606.ENSP00000381104,56.6,28
9606.ENSP00000355094,56.5,14
9606.ENSP00000272091,56.5,17
9606.ENSP00000256319,56.5,7
9606.ENSP00000483495,56.4,38
9606.ENSP00000342681,56.3,25
9606.ENSP00000274306,56.3,17
9606.ENSP00000379997,56.3,4
9606.ENSP00000401191,56.2,8
9606.ENSP00000408342,56.1,43
9606.ENSP00000466111,56.1,21
9606.ENSP00000349629,56,130
9606.ENSP00000326531,56,19
9606.ENSP00000382731,56,26
9606.ENSP00000262215,55.9,97
9606.ENSP00000499020,55.8,47
9606.ENSP00000364212,55.8,6
9606.ENSP00000423602,55.7,16
9606.ENSP00000380878,55.7,47
9606.ENSP00000040663,55.7,15
9606.ENSP00000245615,55.7,16
9606.ENSP00000302037,55.6,12
9606.ENSP00000336666,55.6,13
9606.ENSP00000377494,55.5,21
9606.ENSP00000303057,55.5,38
9606.ENSP00000421380,55.3,9
9606.ENSP00000471700,55.2,17
9606.ENSP00000321203,55.2,21
9606.ENSP00000358810,55.2,38
9606.ENSP00000408295,55.1,19
9606.ENSP00000253577,54.9,30
9606.ENSP00000302768,54.9,19
9606.ENSP00000248594,54.9,36
9606.ENSP00000400010,54.9,56
9606.ENSP00000362711,54.8,21
9606.ENSP00000222305,54.8,8
9606.ENSP00000275428,54.7,20
9606.ENSP00000343412,54.7,19
9606.ENSP00000323511,54.7,27
9606.ENSP00000316357,54.7,155
9606.ENSP00000451300,54.6,20
9606.ENSP00000369192,54.6,19
9606.ENSP00000414624,54.5,30
9606.ENSP00000360569,54.3,32
9606.ENSP00000315997,54.3,30
9606.ENSP00000405574,54.3,24
9606.ENSP00000478557,54.3,12
9606.ENSP00000375892,54.3,28
9606.ENSP00000432768,54.2,95
9606.ENSP00000238855,54.2,29
9606.ENSP00000426119,54.2,9
9606.ENSP00000221486,54.1,12
9606.ENSP00000351052,54.1,26
9606.ENSP00000416097,54,39
9606.ENSP00000497305,54,57
9606.ENSP00000264265,54,5
9606.ENSP00000379372,53.9,5
9606.ENSP00000312617,53.9,12
9606.ENSP00000324124,53.9,3
9606.ENSP00000318641,53.8,49
9606.ENSP00000384474,53.7,4
9606.ENSP00000356476,53.6,32
9606.ENSP00000377225,53.5,18
9606.ENSP00000231009,53.5,8
9606.ENSP00000499465,53.5,37
9606.ENSP00000330289,53.2,11
9606.ENSP00000320508,53.2,4
9606.ENSP00000253329,53.2,21
9606.ENSP00000371958,53.2,4
9606.ENSP00000379512,53.2,5
9606.ENSP00000364490,53.1,22
9606.ENSP00000425107,53.1,3
9606.ENSP00000355899,53.1,12
9606.ENSP00000354957,53,46
9606.ENSP00000419494,53,6
9606.ENSP00000272252,52.9,16
9606.ENSP00000280706,52.9,58
9606.ENSP00000484689,52.8,6
9606.ENSP00000364858,52.8,13
9606.ENSP00000309142,52.8,18
9606.ENSP00000393313,52.8,46
9606.ENSP00000295321,52.8,42
9606.ENSP00000370377,52.8,45
9606.ENSP00000363642,52.7,40
9606.ENSP00000379838,52.7,5
9606.ENSP00000449884,52.6,6
9606.ENSP00000312709,52.6,15
9606.ENSP00000498321,52.6,12
9606.ENSP00000358423,52.6,28
9606.ENSP00000256001,52.6,55
9606.ENSP00000323280,52.5,22
9606.ENSP00000360141,52.5,53
9606.ENSP00000271526,52.5,10
9606.ENSP00000292823,52.5,22
9606.ENSP00000336752,52.5,27
9606.ENSP00000016171,52.4,16
9606.ENSP00000227266,52.4,21
9606.ENSP00000326550,52.4,22
9606.ENSP00000483001,52.4,10
9606.ENSP00000207549,52.3,42
9606.ENSP00000395574,52.2,23
9606.ENSP00000489910,52.2,44
9606.ENSP00000386226,52.2,17
9606.ENSP00000246117,52.1,23
9606.ENSP00000359990,52.1,29
9606.ENSP00000301656,52.1,94
9606.ENSP00000360184,52,17
9606.ENSP00000222547,51.9,4
9606.ENSP00000261708,51.9,34
9606.ENSP00000362728,51.9,35
9606.ENSP00000260102,51.9,13
9606.ENSP00000447730,51.9,8
9606.ENSP00000249910,51.8,28
9606.ENSP00000357292,51.8,62
9606.ENSP00000257749,51.7,26
9606.ENSP00000285420,51.7,12
9606.ENSP00000378427,51.6,6
9606.ENSP00000366927,51.6,22
9606.ENSP00000494708,51.6,23
9606.ENSP00000338034,51.6,12
9606.ENSP00000468348,51.6,27
9606.ENSP00000159111,51.6,40
9606.ENSP00000242592,51.5,19
9606.ENSP00000234170,51.5,39
9606.ENSP00000359890,51.4,15
9606.ENSP00000370194,51.4,21
9606.ENSP00000238112,51.4,32
9606.ENSP00000285873,51.4,66
9606.ENSP00000177742,51.4,10
9606.ENSP00000494965,51.3,40
9606.ENSP00000359258,51.3,11
9606.ENSP00000359727,51.3,11
9606.ENSP00000241502,51.2,12
9606.ENSP00000454038,51.2,17
9606.ENSP00000397249,51.1,23
9606.ENSP00000354612,51.1,19
9606.ENSP00000405424,51,37
9606.ENSP00000381984,51,15
9606.ENSP00000244040,50.9,11
9606.ENSP00000263955,50.9,12
9606.ENSP00000441369,50.9,21
9606.ENSP00000296161,50.9,33
9606.ENSP00000348596,50.9,26
9606.ENSP00000322020,50.9,11
9606.ENSP00000482548,50.8,26
9606.ENSP00000358272,50.8,10
9606.ENSP00000373657,50.8,21
9606.ENSP00000446039,50.8,11
9606.ENSP00000443988,50.7,13
9606.ENSP00000253861,50.7,44
9606.ENSP00000374354,50.6,9
9606.ENSP00000312304,50.6,13
9606.ENSP00000349596,50.6,18
9606.ENSP00000478479,50.6,14
9606.ENSP00000295588,50.6,18
9606.ENSP00000359233,50.5,32
9606.ENSP00000468367,50.5,42
9606.ENSP00000430548,50.5,20
9606.ENSP00000451976,50.5,8
9606.ENSP00000382341,50.5,28
9606.ENSP00000262039,50.4,41
9606.ENSP00000327255,50.3,22
9606.ENSP00000216487,50.3,29
9606.ENSP00000254605,50.2,18
9606.ENSP00000259873,50.1,10
9606.ENSP00000299601,50,25
9606.ENSP00000414906,50,17
9606.ENSP00000360268,50,36
9606.ENSP00000399208,49.9,67
9606.ENSP00000466298,49.9,8
9606.ENSP00000264156,49.9,37
9606.ENSP00000496695,49.9,10
9606.ENSP00000320236,49.9,5
9606.ENSP00000362888,49.9,10
9606.ENSP00000407586,49.8,26
9606.ENSP00000284274,49.8,19
9606.ENSP00000448054,49.8,10
9606.ENSP00000425587,49.8,30
9606.ENSP00000260327,49.8,19
9606.ENSP00000359939,49.7,7
9606.ENSP00000495845,49.7,9
9606.ENSP00000302324,49.7,7
9606.ENSP00000380514,49.6,16
9606.ENSP00000323782,49.6,11
9606.ENSP00000418910,49.6,9
9606.ENSP00000489189,49.6,13
9606.ENSP00000383866,49.6,5
9606.ENSP00000290216,49.6,10
9606.ENSP00000424707,49.6,4
9606.ENSP00000327650,49.6,31
9606.ENSP00000376410,49.5,35
9606.ENSP00000379294,49.5,12
9606.ENSP00000260818,49.5,86
9606.ENSP00000306117,49.4,67
9606.ENSP00000243346,49.4,15
9606.ENSP00000448182,49.4,28
9606.ENSP00000005386,49.3,26
9606.ENSP00000260508,49.2,19
9606.ENSP00000232888,49.2,17
9606.ENSP00000428184,49.2,11
9606.ENSP00000421965,49.2,10
9606.ENSP00000382800,49.1,10
9606.ENSP00000456480,49.1,40
9606.ENSP00000259457,49.1,5
9606.ENSP00000364597,49.1,19
9606.ENSP00000343629,49,75
9606.ENSP00000428112,49,21
9606.ENSP00000453508,49,243
9606.ENSP00000477713,49,24
9606.ENSP00000292476,49,9
9606.ENSP00000367841,48.9,4
9606.ENSP00000420213,48.9,197
9606.ENSP00000345672,48.9,14
9606.ENSP00000412457,48.9,14
9606.ENSP00000233575,48.8,19
9606.ENSP00000309477,48.8,27
9606.ENSP00000355465,48.8,75
9606.ENSP00000403987,48.8,2
9606.ENSP00000379845,48.8,24
9606.ENSP00000480722,48.8,15
9606.ENSP00000361009,48.7,63
9606.ENSP00000269967,48.7,11
9606.ENSP00000264954,48.7,9
9606.ENSP00000421566,48.7,26
9606.ENSP00000478766,48.6,10
9606.ENSP00000476228,48.5,12
9606.ENSP00000390475,48.5,25
9606.ENSP00000222800,48.5,11
9606.ENSP00000296509,48.5,9
9606.ENSP00000239690,48.5,25
9606.ENSP00000371061,48.4,7
9606.ENSP00000264649,48.4,26
9606.ENSP00000265056,48.3,39
9606.ENSP00000385334,48.3,34
9606.ENSP00000498358,48.3,19
9606.ENSP00000262932,48.3,6
9606.ENSP00000372005,48.3,6
9606.ENSP00000348010,48.2,29
9606.ENSP00000314709,48.2,32
9606.ENSP00000256644,48.2,7
9606.ENSP00000359911,48.2,18
9606.ENSP00000315768,48.1,29
9606.ENSP00000386443,48.1,16
9606.ENSP00000382239,48,41
9606.ENSP00000265097,48,14
9606.ENSP00000355388,48,24
9606.ENSP00000380598,48,8
9606.ENSP00000347602,48,39
9606.ENSP00000352401,47.9,10
9606.ENSP00000452746,47.8,19
9606.ENSP00000199320,47.8,15
9606.ENSP00000326806,47.8,6
9606.ENSP00000291386,47.8,8
9606.ENSP00000346340,47.6,6
9606.ENSP00000308546,47.6,17
9606.ENSP00000225614,47.6,13
9606.ENSP00000393845,47.6,48
9606.ENSP00000278618,47.5,11
9606.ENSP00000298248,47.5,14
9606.ENSP00000363054,47.5,9
9606.ENSP00000250124,47.5,6
9606.ENSP00000434513,47.4,32
9606.ENSP00000361264,47.4,30
9606.ENSP00000389810,47.4,16
9606.ENSP00000267199,47.4,25
9606.ENSP00000378483,47.3,13
9606.ENSP00000370718,47.3,22
9606.ENSP00000264183,47.3,38
9606.ENSP00000359688,47.1,9
9606.ENSP00000215770,47.1,21
9606.ENSP00000365012,47.1,35
9606.ENSP00000368565,47,22
9606.ENSP00000378856,47,22
9606.ENSP00000343658,46.9,41
9606.ENSP00000293872,46.9,31
9606.ENSP00000416515,46.8,21
9606.ENSP00000355231,46.8,22
9606.ENSP00000294383,46.7,111
9606.ENSP00000221804,46.6,7
9606.ENSP00000247665,46.6,5
9606.ENSP00000418037,46.6,19
9606.ENSP00000376840,46.6,10
9606.ENSP00000455813,46.5,66
9606.ENSP00000406773,46.5,4
9606.ENSP00000273308,46.5,17
9606.ENSP00000483408,46.4,29
9606.ENSP00000395772,46.4,18
9606.ENSP00000219204,46.4,8
9606.ENSP00000221543,46.4,23
9606.ENSP00000220509,46.3,41
9606.ENSP00000310596,46.1,6
9606.ENSP00000349205,46.1,50
9606.ENSP00000345774,46.1,23
9606.ENSP00000483825,46.1,18
9606.ENSP00000301671,46,20
9606.ENSP00000348278,46,21
9606.ENSP00000358060,46,30
9606.ENSP00000338352,46,9
9606.ENSP00000492425,46,9
9606.ENSP00000156471,46,54
9606.ENSP00000262177,45.9,9
9606.ENSP00000281038,45.9,19
9606.ENSP00000326052,45.9,3
9606.ENSP00000301242,45.9,10
9606.ENSP00000343054,45.9,24
9606.ENSP00000468633,45.9,7
9606.ENSP00000443900,45.9,4
9606.ENSP00000434724,45.9,12
9606.ENSP00000260118,45.8,10
9606.ENSP00000294952,45.8,31
9606.ENSP00000276569,45.7,11
9606.ENSP00000309432,45.7,13
9606.ENSP00000263092,45.7,20
9606.ENSP00000373153,45.7,10
9606.ENSP00000225371,45.7,67
9606.ENSP00000356480,45.7,13
9606.ENSP00000493382,45.7,19
9606.ENSP00000233055,45.6,19
9606.ENSP00000312367,45.6,9
9606.ENSP00000417229,45.5,20
9606.ENSP00000357448,45.5,24
9606.ENSP00000497744,45.5,27
9606.ENSP00000482568,45.5,5
9606.ENSP00000318604,45.5,4
9606.ENSP00000356231,45.4,5
9606.ENSP00000360662,45.4,39
9606.ENSP00000383042,45.3,30
9606.ENSP00000499074,45.3,18
9606.ENSP00000320658,45.1,15
9606.ENSP00000360541,45.1,26
9606.ENSP00000451962,45.1,6
9606.ENSP00000416066,45.1,19
9606.ENSP00000317578,45,55
9606.ENSP00000385751,45,32
9606.ENSP00000333919,44.9,12
9606.ENSP00000413100,44.9,4
9606.ENSP00000384899,44.9,28
9606.ENSP00000325074,44.8,24
9606.ENSP00000363286,44.8,6
9606.ENSP00000436621,44.8,8
9606.ENSP00000332444,44.8,48
9606.ENSP00000487041,44.8,44
9606.ENSP00000323867,44.7,18
9606.ENSP00000362730,44.7,10
9606.ENSP00000378877,44.7,5
9606.ENSP00000472847,44.7,35
9606.ENSP00000309126,44.6,23
9606.ENSP00000081029,44.6,9
9606.ENSP00000429243,44.6,16
9606.ENSP00000498227,44.6,6
9606.ENSP00000360498,44.5,5
9606.ENSP00000491067,44.5,9
9606.ENSP00000386593,44.5,46
9606.ENSP00000398131,44.5,37
9606.ENSP00000369810,44.4,29
9606.ENSP00000216225,44.4,4
9606.ENSP00000265069,44.4,34
9606.ENSP00000401435,44.3,25
9606.ENSP00000262241,44.3,20
9606.ENSP00000328854,44.2,17
9606.ENSP00000261798,44.2,18
9606.ENSP00000418803,44.1,13
9606.ENSP00000267205,44.1,8
9606.ENSP00000013070,44,15
9606.ENSP00000313921,44,10
9606.ENSP00000421491,44,15
9606.ENSP00000357051,44,14
9606.ENSP00000314733,43.9,10
9606.ENSP00000383996,43.9,26
9606.ENSP00000374152,43.8,14
9606.ENSP00000392065,43.8,22
9606.ENSP00000351273,43.8,26
9606.ENSP00000325398,43.7,8
9606.ENSP00000350266,43.7,18
9606.ENSP00000364037,43.6,31
9606.ENSP00000225941,43.6,11
9606.ENSP00000349658,43.6,33
9606.ENSP00000262554,43.6,12
9606.ENSP00000262960,43.5,29
9606.ENSP00000318352,43.4,2
9606.ENSP00000355486,43.3,6
9606.ENSP00000355568,43.3,17
9606.ENSP00000362144,43.2,10
9606.ENSP00000305692,43.1,19
9606.ENSP00000354742,43.1,33
9606.ENSP00000376436,43.1,14
9606.ENSP00000229633,43.1,6
9606.ENSP00000294724,43.1,75
9606.ENSP00000484669,43,47
9606.ENSP00000479964,42.9,24
9606.ENSP00000363031,42.9,25
9606.ENSP00000380227,42.9,34
9606.ENSP00000379895,42.9,15
9606.ENSP00000355812,42.8,11
9606.ENSP00000473185,42.8,3
9606.ENSP00000219782,42.8,10
9606.ENSP00000255631,42.8,11
9606.ENSP00000340211,42.8,13
9606.ENSP00000349687,42.8,8
9606.ENSP00000305107,42.7,21
9606.ENSP00000364403,42.7,155
9606.ENSP00000245838,42.7,59
9606.ENSP00000462099,42.7,20
9606.ENSP00000374529,42.7,11
9606.ENSP00000480301,42.6,41
9606.ENSP00000359319,42.6,18
9606.ENSP00000359151,42.6,17
9606.ENSP00000418008,42.5,15
9606.ENSP00000337088,42.5,20
9606.ENSP00000249269,42.5,20
9606.ENSP00000417963,42.5,30
9606.ENSP00000362361,42.5,25
9606.ENSP00000308369,42.5,30
9606.ENSP00000342276,42.5,17
9606.ENSP00000254630,42.4,25
9606.ENSP00000410446,42.4,17
9606.ENSP00000279281,42.4,27
9606.ENSP00000360985,42.3,82
9606.ENSP00000499900,42.3,44
9606.ENSP00000318966,42.3,10
9606.ENSP00000222120,42.2,18
9606.ENSP00000400101,42.2,40
9606.ENSP00000409952,42.2,21
9606.ENSP00000480140,42.1,12
9606.ENSP00000323858,42.1,31
9606.ENSP00000328992,42.1,31
9606.ENSP00000349456,42,19
9606.ENSP00000280700,42,21
9606.ENSP00000263904,42,21
9606.ENSP00000337354,42,8
9606.ENSP00000329097,42,12
9606.ENSP00000344903,41.9,13
9606.ENSP00000336866,41.9,7
9606.ENSP00000254770,41.9,16
9606.ENSP00000222286,41.9,50
9606.ENSP00000357928,41.9,23
9606.ENSP00000400646,41.9,39
9606.ENSP00000319817,41.9,7
9606.ENSP00000284202,41.9,11
9606.ENSP00000450873,41.8,6
9606.ENSP00000349351,41.7,31
9606.ENSP00000335193,41.7,33
9606.ENSP00000387365,41.7,13
9606.ENSP00000321703,41.6,23
9606.ENSP00000339017,41.6,10
9606.ENSP00000358064,41.6,38
9606.ENSP00000377055,41.6,17
9606.ENSP00000378702,41.6,24
9606.ENSP00000438204,41.5,5
9606.ENSP00000364883,41.5,9
9606.ENSP00000305810,41.5,12
9606.ENSP00000324628,41.4,9
9606.ENSP00000264093,41.4,8
9606.ENSP00000358770,41.3,46
9606.ENSP00000366557,41.3,39
9606.ENSP00000431512,41.3,14
9606.ENSP00000368119,41.2,15
9606.ENSP00000284292,41.2,3
9606.ENSP00000290573,41.2,86
9606.ENSP00000417517,41.2,74
9606.ENSP00000264220,41.2,18
9606.ENSP00000359211,41.1,35
9606.ENSP00000438349,41.1,6
9606.ENSP00000358851,41.1,30
9606.ENSP00000349291,41.1,40
9606.ENSP00000483888,41.1,3
9606.ENSP00000357823,41,11
9606.ENSP00000216185,41,4
9606.ENSP00000327179,41,20
9606.ENSP00000312134,40.9,13
9606.ENSP00000346453,40.9,40
9606.ENSP00000271628,40.9,9
9606.ENSP00000442464,40.9,14
9606.ENSP00000230449,40.8,34
9606.ENSP00000346130,40.8,3
9606.ENSP00000363746,40.8,14
9606.ENSP00000355632,40.8,21
9606.ENSP00000291634,40.7,8
9606.ENSP00000364293,40.7,4
9606.ENSP00000425996,40.7,2
9606.ENSP00000357320,40.6,15
9606.ENSP00000253047,40.6,5
9606.ENSP00000325377,40.6,34
9606.ENSP00000468785,40.6,15
9606.ENSP00000221265,40.6,17
9606.ENSP00000256996,40.5,15
9606.ENSP00000348316,40.5,3
9606.ENSP00000363384,40.5,4
9606.ENSP00000484855,40.5,25
9606.ENSP00000298875,40.5,29
9606.ENSP00000386616,40.5,18
9606.ENSP00000291700,40.5,2
9606.ENSP00000261884,40.4,14
9606.ENSP00000264705,40.3,64
9606.ENSP00000261461,40.3,17
9606.ENSP00000430598,40.2,3
9606.ENSP00000284154,40.2,8
9606.ENSP00000386722,40.2,25
9606.ENSP00000386880,40.1,8
9606.ENSP00000298767,40.1,34
9606.ENSP00000372112,40.1,9
9606.ENSP00000414178,40.1,19
9606.ENSP00000267082,40,39
9606.ENSP00000373696,40,71
9606.ENSP00000255305,40,37
9606.ENSP00000261439,40,35
9606.ENSP00000333896,39.9,35
9606.ENSP00000385828,39.8,11
9606.ENSP00000368887,39.8,13
9606.ENSP00000252602,39.8,4
9606.ENSP00000258145,39.8,18
9606.ENSP00000386229,39.8,19
9606.ENSP00000377486,39.8,13
9606.ENSP00000353769,39.7,29
9606.ENSP00000302046,39.7,4
9606.ENSP00000361731,39.7,15
9606.ENSP00000297347,39.7,5
9606.ENSP00000308351,39.7,12
9606.ENSP00000302160,39.6,3
9606.ENSP00000348107,39.6,2
9606.ENSP00000495563,39.6,19
9606.ENSP00000360803,39.6,3
9606.ENSP00000362687,39.6,38
9606.ENSP00000437783,39.6,40
9606.ENSP00000473383,39.6,26
9606.ENSP00000490491,39.6,47
9606.ENSP00000248098,39.6,7
9606.ENSP00000355500,39.5,44
9606.ENSP00000350071,39.5,19
9606.ENSP00000264033,39.4,30
9606.ENSP00000479889,39.4,17
9606.ENSP00000367787,39.4,37
9606.ENSP00000358812,39.4,61
9606.ENSP00000311857,39.4,12
9606.ENSP00000358464,39.4,11
9606.ENSP00000333837,39.4,10
9606.ENSP00000288235,39.3,50
9606.ENSP00000419005,39.3,22
9606.ENSP00000270176,39.3,24
9606.ENSP00000382382,39.3,41
9606.ENSP00000426941,39.3,14
9606.ENSP00000257347,39.2,14
9606.ENSP00000311513,39.2,39
9606.ENSP00000398568,39.1,16
9606.ENSP00000378563,39,5
9606.ENSP00000358490,39,6
9606.ENSP00000301585,39,6
9606.ENSP00000353165,38.9,6
9606.ENSP00000378414,38.8,32
9606.ENSP00000371469,38.8,8
9606.ENSP00000286692,38.8,3
9606.ENSP00000266126,38.8,13
9606.ENSP00000337053,38.8,19
9606.ENSP00000481762,38.8,28
9606.ENSP00000240922,38.8,9
9606.ENSP00000252593,38.7,5
9606.ENSP00000269383,38.7,11
9606.ENSP00000262213,38.6,9
9606.ENSP00000323288,38.6,14
9606.ENSP00000227322,38.6,15
9606.ENSP00000239891,38.6,11
9606.ENSP00000302783,38.6,7
9606.ENSP00000235090,38.5,7
9606.ENSP00000371133,38.5,7
9606.ENSP00000436423,38.5,5
9606.ENSP00000250237,38.4,10
9606.ENSP00000384421,38.4,25
9606.ENSP00000442224,38.4,8
9606.ENSP00000370150,38.4,20
9606.ENSP00000372210,38.4,3
9606.ENSP00000222990,38.4,15
9606.ENSP00000349679,38.3,5
9606.ENSP00000360850,38.3,10
9606.ENSP00000312634,38.3,18
9606.ENSP00000307188,38.2,18
9606.ENSP00000330825,38.2,5
9606.ENSP00000471457,38.2,63
9606.ENSP00000385927,38.1,12
9606.ENSP00000200135,38.1,26
9606.ENSP00000378624,38.1,26
9606.ENSP00000246802,38,7
9606.ENSP00000222567,38,10
9606.ENSP00000366032,38,10
9606.ENSP00000399751,38,17
9606.ENSP00000388566,38,14
9606.ENSP00000484713,37.9,47
9606.ENSP00000349595,37.9,66
9606.ENSP00000367721,37.9,49
9606.ENSP00000436864,37.9,15
9606.ENSP00000352678,37.8,23
9606.ENSP00000335261,37.8,17
9606.ENSP00000307666,37.8,29
9606.ENSP00000443204,37.8,30
9606.ENSP00000338814,37.8,17
9606.ENSP00000203001,37.8,14
9606.ENSP00000346466,37.7,24
9606.ENSP00000312615,37.7,3
9606.ENSP00000362751,37.7,29
9606.ENSP00000231751,37.7,35
9606.ENSP00000331087,37.7,5
9606.ENSP00000347626,37.6,8
9606.ENSP00000331342,37.6,23
9606.ENSP00000360162,37.6,76
9606.ENSP00000304891,37.6,18
9606.ENSP00000419270,37.5,6
9606.ENSP00000452007,37.5,8
9606.ENSP00000254286,37.5,11
9606.ENSP00000274242,37.4,2
9606.ENSP00000350949,37.4,10
9606.ENSP00000349437,37.4,73
9606.ENSP00000386488,37.3,8
9606.ENSP00000459943,37.3,36
9606.ENSP00000376184,37.3,13
9606.ENSP00000380073,37.3,11
9606.ENSP00000242576,37.3,5
9606.ENSP00000263856,37.2,8
9606.ENSP00000262494,37.2,39
9606.ENSP00000156109,37.2,12
9606.ENSP00000355467,37.2,11
9606.ENSP00000320949,37.2,86
9606.ENSP00000476117,37.2,12
9606.ENSP00000359818,37.2,31
9606.ENSP00000257915,37.2,16
9606.ENSP00000216133,37.1,6
9606.ENSP00000257245,37.1,3
9606.ENSP00000163416,37.1,23
9606.ENSP00000347244,37.1,53
9606.ENSP00000308179,37.1,31
9606.ENSP00000433967,37,37
9606.ENSP00000283415,37,13
9606.ENSP00000389277,36.9,5
9606.ENSP00000386538,36.9,14
9606.ENSP00000377633,36.9,12
9606.ENSP00000230461,36.8,13
9606.ENSP00000317902,36.8,15
9606.ENSP00000348772,36.7,31
9606.ENSP00000362300,36.7,48
9606.ENSP00000367407,36.7,22
9606.ENSP00000357873,36.7,13
9606.ENSP00000349860,36.7,27
9606.ENSP00000262430,36.6,17
9606.ENSP00000401277,36.6,20
9606.ENSP00000500094,36.5,47
9606.ENSP00000472465,36.5,34
9606.ENSP00000348565,36.5,6
9606.ENSP00000367299,36.5,16
9606.ENSP00000350102,36.5,19
9606.ENSP00000363023,36.4,26
9606.ENSP00000308193,36.4,6
9606.ENSP00000498879,36.4,5
9606.ENSP00000416658,36.3,8
9606.ENSP00000222584,36.3,6
9606.ENSP00000410396,36.3,8
9606.ENSP00000384400,36.3,12
9606.ENSP00000263205,36.3,9
9606.ENSP00000369739,36.2,8
9606.ENSP00000372193,36.2,14
9606.ENSP00000311344,36.2,36
9606.ENSP00000386772,36.2,5
9606.ENSP00000225729,36.2,13
9606.ENSP00000253110,36.1,8
9606.ENSP00000360613,36.1,2
9606.ENSP00000336829,36.1,15
9606.ENSP00000023939,36.1,10
9606.ENSP00000274813,36.1,26
9606.ENSP00000372924,36.1,17
9606.ENSP00000362824,36,30
9606.ENSP00000363117,36,20
9606.ENSP00000370966,36,8
9606.ENSP00000497574,36,19
9606.ENSP00000233668,35.9,10
9606.ENSP00000290277,35.9,22
9606.ENSP00000271764,35.9,19
9606.ENSP00000314499,35.8,40
9606.ENSP00000412302,35.8,9
9606.ENSP00000355800,35.8,21
9606.ENSP00000379691,35.8,23
9606.ENSP00000444029,35.8,40
9606.ENSP00000364543,35.8,37
9606.ENSP00000288532,35.8,13
9606.ENSP00000219240,35.8,14
9606.ENSP00000473980,35.8,18
9606.ENSP00000291547,35.7,5
9606.ENSP00000258774,35.7,9
9606.ENSP00000352248,35.7,50
9606.ENSP00000379282,35.6,14
9606.ENSP00000394331,35.6,6
9606.ENSP00000482613,35.6,4
9606.ENSP00000296135,35.6,9
9606.ENSP00000247001,35.6,14
9606.ENSP00000252530,35.6,10
9606.ENSP00000395590,35.5,11
9606.ENSP00000346931,35.5,1
9606.ENSP00000317579,35.5,9
9606.ENSP00000355279,35.5,8
9606.ENSP00000386609,35.5,42
9606.ENSP00000297109,35.4,5
9606.ENSP00000354677,35.4,6
9606.ENSP00000263629,35.4,16
9606.ENSP00000265827,35.3,13
9606.ENSP00000346464,35.3,5
9606.ENSP00000353575,35.3,13
9606.ENSP00000359073,35.2,30
9606.ENSP00000490163,35.2,34
9606.ENSP00000368022,35.2,21
9606.ENSP00000420294,35.2,12
9606.ENSP00000351141,35.1,13
9606.ENSP00000282541,35.1,15
9606.ENSP00000226279,35.1,12
9606.ENSP00000288828,35,9
9606.ENSP00000310623,35,4
9606.ENSP00000315931,35,29
9606.ENSP00000266070,35,52
9606.ENSP00000497444,35,9
9606.ENSP00000475986,34.9,7
9606.ENSP00000318066,34.9,13
9606.ENSP00000264771,34.9,6
9606.ENSP00000362931,34.9,21
9606.ENSP00000300060,34.9,25
9606.ENSP00000356811,34.9,18
9606.ENSP00000252818,34.8,7
9606.ENSP00000337513,34.8,8
9606.ENSP00000339787,34.8,20
9606.ENSP00000232424,34.8,7
9606.ENSP00000300030,34.8,6
9606.ENSP00000380241,34.7,6
9606.ENSP00000373474,34.6,11
9606.ENSP00000311224,34.6,27
9606.ENSP00000248553,34.6,7
9606.ENSP00000387006,34.6,22
9606.ENSP00000262043,34.6,39
9606.ENSP00000458075,34.5,20
9606.ENSP00000233099,34.5,52
9606.ENSP00000340900,34.5,43
9606.ENSP00000375836,34.5,31
9606.ENSP00000251038,34.5,23
9606.ENSP00000339479,34.4,16
9606.ENSP00000419370,34.4,5
9606.ENSP00000356070,34.4,14
9606.ENSP00000335082,34.4,21
9606.ENSP00000263897,34.3,8
9606.ENSP00000348168,34.3,9
9606.ENSP00000326879,34.3,9
9606.ENSP00000363506,34.3,8
9606.ENSP00000220597,34.3,9
9606.ENSP00000409016,34.3,3
9606.ENSP00000440765,34.2,6
9606.ENSP00000366452,34.2,7
9606.ENSP00000386165,34.2,3
9606.ENSP00000344577,34.2,11
9606.ENSP00000222224,34.2,5
9606.ENSP00000296424,34.2,8
9606.ENSP00000380027,34.1,10
9606.ENSP00000361162,34.1,7
9606.ENSP00000247225,34.1,8
9606.ENSP00000434776,34.1,21
9606.ENSP00000281182,34.1,13
9606.ENSP00000380251,34,7
9606.ENSP00000301838,34,4
9606.ENSP00000310726,34,2
9606.ENSP00000311977,34,14
9606.ENSP00000342710,34,93
9606.ENSP00000453801,34,6
9606.ENSP00000253686,33.9,5
9606.ENSP00000369682,33.9,4
9606.ENSP00000454836,33.9,25
9606.ENSP00000221515,33.9,6
9606.ENSP00000339532,33.8,12
9606.ENSP00000364902,33.8,12
9606.ENSP00000328729,33.8,6
9606.ENSP00000404676,33.7,11
9606.ENSP00000308332,33.7,6
9606.ENSP00000179259,33.7,7
9606.ENSP00000309116,33.7,11
9606.ENSP00000389414,33.7,16
9606.ENSP00000379847,33.7,12
9606.ENSP00000352928,33.7,4
9606.ENSP00000383365,33.6,16
9606.ENSP00000473348,33.6,23
9606.ENSP00000246792,33.6,13
9606.ENSP00000258169,33.6,5
9606.ENSP00000327077,33.5,47
9606.ENSP00000354573,33.4,147
9606.ENSP00000310551,33.3,11
9606.ENSP00000482264,33.3,7
9606.ENSP00000369317,33.3,136
9606.ENSP00000252250,33.3,136
9606.ENSP00000306625,33.3,16
9606.ENSP00000355605,33.2,23
9606.ENSP00000376808,33.2,28
9606.ENSP00000351132,33.2,18
9606.ENSP00000359506,33.2,21
9606.ENSP00000482639,33.2,2
9606.ENSP00000330918,33.1,10
9606.ENSP00000355013,33.1,31
9606.ENSP00000264059,33,16
9606.ENSP00000325690,32.9,12
9606.ENSP00000246747,32.9,5
9606.ENSP00000376902,32.9,9
9606.ENSP00000289382,32.9,10
9606.ENSP00000379217,32.9,6
9606.ENSP00000307684,32.9,10
9606.ENSP00000265857,32.9,10
9606.ENSP00000416015,32.9,51
9606.ENSP00000301012,32.8,9
9606.ENSP00000480535,32.8,6
9606.ENSP00000230354,32.8,5
9606.ENSP00000376142,32.8,7
9606.ENSP00000357000,32.8,6
9606.ENSP00000449404,32.8,134
9606.ENSP00000366024,32.8,29
9606.ENSP00000266087,32.8,8
9606.ENSP00000265562,32.8,42
9606.ENSP00000483489,32.7,5
9606.ENSP00000385312,32.7,10
9606.ENSP00000328251,32.7,8
9606.ENSP00000477920,32.7,23
9606.ENSP00000498715,32.7,9
9606.ENSP00000269601,32.7,4
9606.ENSP00000420682,32.7,9
9606.ENSP00000418221,32.6,6
9606.ENSP00000354580,32.6,8
9606.ENSP00000452454,32.6,3
9606.ENSP00000265174,32.6,19
9606.ENSP00000478490,32.6,19
9606.ENSP00000356465,32.6,11
9606.ENSP00000311032,32.6,9
9606.ENSP00000365261,32.6,2
9606.ENSP00000358466,32.5,9
9606.ENSP00000227155,32.5,6
9606.ENSP00000385057,32.5,14
9606.ENSP00000262633,32.5,7
9606.ENSP00000362550,32.5,25
9606.ENSP00000246635,32.5,61
9606.ENSP00000370343,32.5,13
9606.ENSP00000328720,32.5,18
9606.ENSP00000264167,32.5,19
9606.ENSP00000366395,32.5,17
9606.ENSP00000483276,32.4,4
9606.ENSP00000333633,32.4,35
9606.ENSP00000306887,32.4,6
9606.ENSP00000440905,32.3,10
9606.ENSP00000348554,32.3,13
9606.ENSP00000264072,32.3,8
9606.ENSP00000355689,32.3,6
9606.ENSP00000378350,32.3,18
9606.ENSP00000264595,32.3,6
9606.ENSP00000301653,32.3,95
9606.ENSP00000359518,32.2,4
9606.ENSP00000263636,32.2,79
9606.ENSP00000365804,32.1,18
9606.ENSP00000306920,32.1,13
9606.ENSP00000345719,32.1,11
9606.ENSP00000368062,32.1,27
9606.ENSP00000362441,32.1,61
9606.ENSP00000340691,32.1,1
9606.ENSP00000312671,32.1,36
9606.ENSP00000396052,32,7
9606.ENSP00000497585,32,23
9606.ENSP00000342262,32,9
9606.ENSP00000247843,32,7
9606.ENSP00000325827,32,40
9606.ENSP00000258975,32,7
9606.ENSP00000365201,31.9,42
9606.ENSP00000371175,31.8,15
9606.ENSP00000259089,31.8,17
9606.ENSP00000357622,31.8,9
9606.ENSP00000443216,31.8,1
9606.ENSP00000315476,31.8,6
9606.ENSP00000262265,31.7,9
9606.ENSP00000264689,31.7,11
9606.ENSP00000341292,31.7,42
9606.ENSP00000359364,31.7,15
9606.ENSP00000366897,31.6,5
9606.ENSP00000262187,31.6,3
9606.ENSP00000399259,31.6,13
9606.ENSP00000468312,31.6,21
9606.ENSP00000386433,31.6,37
9606.ENSP00000309262,31.6,27
9606.ENSP00000363809,31.5,3
9606.ENSP00000432786,31.5,32
9606.ENSP00000498888,31.5,25
9606.ENSP00000309430,31.5,13
9606.ENSP00000238651,31.5,28
9606.ENSP00000263997,31.5,6
9606.ENSP00000273375,31.4,6
9606.ENSP00000276420,31.4,12
9606.ENSP00000325919,31.3,6
9606.ENSP00000261813,31.3,3
9606.ENSP00000354649,31.3,10
9606.ENSP00000414982,31.3,41
9606.ENSP00000386738,31.3,5
9606.ENSP00000358262,31.3,21
9606.ENSP00000220429,31.2,4
9606.ENSP00000296792,31.2,14
9606.ENSP00000303769,31.2,22
9606.ENSP00000360876,31.2,11
9606.ENSP00000365522,31.1,12
9606.ENSP00000297071,31.1,8
9606.ENSP00000371003,31.1,8
9606.ENSP00000249806,31.1,6
9606.ENSP00000317904,31.1,18
9606.ENSP00000259075,31.1,8
9606.ENSP00000306902,31.1,8
9606.ENSP00000473631,31,10
9606.ENSP00000358777,31,12
9606.ENSP00000438071,31,9
9606.ENSP00000376097,31,12
9606.ENSP00000362962,31,54
9606.ENSP00000375629,31,22
9606.ENSP00000356047,31,22
9606.ENSP00000397942,30.9,16
9606.ENSP00000304592,30.9,57
9606.ENSP00000299977,30.9,21
9606.ENSP00000426906,30.9,10
9606.ENSP00000356978,30.9,18
9606.ENSP00000423067,30.8,30
9606.ENSP00000340796,30.8,12
9606.ENSP00000242786,30.8,17
9606.ENSP00000225519,30.8,12
9606.ENSP00000431376,30.8,7
9606.ENSP00000220853,30.7,8
9606.ENSP00000357087,30.7,9
9606.ENSP00000278568,30.7,22
9606.ENSP00000355077,30.7,9
9606.ENSP00000472914,30.7,15
9606.ENSP00000318165,30.7,11
9606.ENSP00000366098,30.7,4
9606.ENSP00000353098,30.7,15
9606.ENSP00000451828,30.7,20
9606.ENSP00000314348,30.6,19
9606.ENSP00000321348,30.6,23
9606.ENSP00000279392,30.6,14
9606.ENSP00000304353,30.6,2
9606.ENSP00000449751,30.6,5
9606.ENSP00000355541,30.6,71
9606.ENSP00000332973,30.5,13
9606.ENSP00000361993,30.5,3
9606.ENSP00000356016,30.5,77
9606.ENSP00000369286,30.5,5
9606.ENSP00000360483,30.5,12
9606.ENSP00000290401,30.5,8
9606.ENSP00000256151,30.5,4
9606.ENSP00000350278,30.5,6
9606.ENSP00000218348,30.5,23
9606.ENSP00000238738,30.5,21
9606.ENSP00000348216,30.4,12
9606.ENSP00000422375,30.4,8
9606.ENSP00000308622,30.4,11
9606.ENSP00000380661,30.4,63
9606.ENSP00000362298,30.4,14
9606.ENSP00000379931,30.4,15
9606.ENSP00000256593,30.3,20
9606.ENSP00000417764,30.3,9
9606.ENSP00000318690,30.3,22
9606.ENSP00000313422,30.2,7
9606.ENSP00000325748,30.2,22
9606.ENSP00000361206,30.2,6
9606.ENSP00000493688,30.2,8
9606.ENSP00000358251,30.2,19
9606.ENSP00000331209,30.2,13
9606.ENSP00000488437,30.2,5
9606.ENSP00000422007,30.2,123
9606.ENSP00000262302,30.2,8
9606.ENSP00000363019,30.1,5
9606.ENSP00000222402,30.1,5
9606.ENSP00000267750,30.1,6
9606.ENSP00000229595,30.1,2
9606.ENSP00000379098,30.1,48
9606.ENSP00000343497,30.1,7
9606.ENSP00000478763,30.1,12
9606.ENSP00000310978,30.1,12
9606.ENSP00000341247,30,31
9606.ENSP00000379658,30,8
9606.ENSP00000358105,30,2
9606.ENSP00000321971,30,13
9606.ENSP00000364986,30,3
9606.ENSP00000419413,30,21
9606.ENSP00000368880,30,12
9606.ENSP00000457016,29.9,5
9606.ENSP00000500386,29.9,41
9606.ENSP00000361359,29.8,7
9606.ENSP00000369784,29.8,114
9606.ENSP00000234396,29.8,25
9606.ENSP00000360497,29.8,9
9606.ENSP00000251143,29.7,28
9606.ENSP00000363216,29.7,63
9606.ENSP00000387911,29.7,17
9606.ENSP00000366934,29.7,10
9606.ENSP00000288050,29.6,21
9606.ENSP00000264313,29.6,10
9606.ENSP00000454623,29.6,35
9606.ENSP00000259808,29.6,14
9606.ENSP00000346112,29.6,25
9606.ENSP00000263702,29.6,7
9606.ENSP00000416338,29.6,22
9606.ENSP00000239940,29.5,3
9606.ENSP00000495063,29.5,12
9606.ENSP00000347532,29.4,15
9606.ENSP00000374447,29.4,18
9606.ENSP00000377275,29.4,82
9606.ENSP00000379457,29.3,16
9606.ENSP00000357791,29.3,33
9606.ENSP00000496044,29.3,8
9606.ENSP00000264896,29.3,14
9606.ENSP00000288014,29.3,6
9606.ENSP00000265070,29.3,8
9606.ENSP00000498782,29.3,1
9606.ENSP00000445725,29.3,5
9606.ENSP00000264065,29.2,20
9606.ENSP00000367835,29.2,7
9606.ENSP00000497326,29.2,15
9606.ENSP00000362566,29.1,21
9606.ENSP00000368801,29.1,5
9606.ENSP00000369860,29.1,10
9606.ENSP00000418669,29.1,6
9606.ENSP00000363894,29.1,18
9606.ENSP00000349877,29.1,29
9606.ENSP00000375639,29,4
9606.ENSP00000323065,29,6
9606.ENSP00000307260,29,10
9606.ENSP00000319974,29,15
9606.ENSP00000259400,29,4
9606.ENSP00000347457,29,58
9606.ENSP00000338844,29,22
9606.ENSP00000370196,29,41
9606.ENSP00000262962,29,6
9606.ENSP00000275015,29,9
9606.ENSP00000365861,29,13
9606.ENSP00000251588,29,10
9606.ENSP00000407487,29,30
9606.ENSP00000266068,29,8
9606.ENSP00000375777,29,13
9606.ENSP00000005587,28.9,13
9606.ENSP00000265351,28.9,31
9606.ENSP00000499734,28.9,74
9606.ENSP00000347184,28.9,77
9606.ENSP00000282516,28.9,60
9606.ENSP00000369292,28.9,37
9606.ENSP00000361042,28.9,6
9606.ENSP00000373627,28.9,29
9606.ENSP00000328004,28.9,2
9606.ENSP00000348108,28.9,23
9606.ENSP00000380877,28.8,13
9606.ENSP00000362115,28.8,22
9606.ENSP00000330188,28.8,5
9606.ENSP00000251810,28.8,14
9606.ENSP00000497997,28.8,18
9606.ENSP00000379999,28.8,4
9606.ENSP00000258416,28.8,4
9606.ENSP00000500990,28.8,2
9606.ENSP00000383382,28.8,4
9606.ENSP00000363817,28.7,9
9606.ENSP00000490297,28.7,10
9606.ENSP00000389787,28.7,9
9606.ENSP00000376792,28.7,5
9606.ENSP00000323076,28.7,5
9606.ENSP00000346986,28.7,10
9606.ENSP00000290913,28.7,5
9606.ENSP00000433071,28.7,22
9606.ENSP00000317891,28.6,14
9606.ENSP00000356540,28.6,8
9606.ENSP00000355609,28.6,5
9606.ENSP00000453129,28.6,10
9606.ENSP00000434466,28.6,27
9606.ENSP00000295704,28.6,8
9606.ENSP00000267257,28.6,13
9606.ENSP00000368767,28.5,20
9606.ENSP00000361900,28.5,8
9606.ENSP00000361616,28.5,3
9606.ENSP00000260247,28.5,8
9606.ENSP00000225577,28.4,9
9606.ENSP00000266022,28.4,22
9606.ENSP00000247020,28.4,2
9606.ENSP00000361562,28.4,9
9606.ENSP00000359665,28.4,14
9606.ENSP00000260385,28.4,9
9606.ENSP00000352536,28.4,14
9606.ENSP00000464893,28.4,15
9606.ENSP00000486676,28.3,7
9606.ENSP00000419740,28.3,7
9606.ENSP00000446743,28.3,17
9606.ENSP00000477507,28.3,11
9606.ENSP00000273317,28.3,16
9606.ENSP00000483989,28.3,12
9606.ENSP00000300811,28.3,3
9606.ENSP00000296121,28.3,4
9606.ENSP00000333697,28.2,4
9606.ENSP00000250113,28.2,22
9606.ENSP00000260746,28.2,5
9606.ENSP00000426455,28.2,14
9606.ENSP00000276692,28.2,8
9606.ENSP00000236192,28.1,3
9606.ENSP00000379804,28.1,24
9606.ENSP00000300305,28.1,8
9606.ENSP00000423463,28,76
9606.ENSP00000295083,28,7
9606.ENSP00000354665,28,2
9606.ENSP00000318351,28,8
9606.ENSP00000491014,27.9,49
9606.ENSP00000225724,27.9,7
9606.ENSP00000403104,27.9,8
9606.ENSP00000390331,27.9,10
9606.ENSP00000348933,27.9,7
9606.ENSP00000231948,27.8,6
9606.ENSP00000254624,27.8,20
9606.ENSP00000262105,27.8,19
9606.ENSP00000315357,27.8,4
9606.ENSP00000434887,27.8,17
9606.ENSP00000491657,27.7,11
9606.ENSP00000450731,27.7,12
9606.ENSP00000169298,27.7,10
9606.ENSP00000497737,27.6,13
9606.ENSP00000389383,27.6,22
9606.ENSP00000417402,27.6,13
9606.ENSP00000292431,27.6,11
9606.ENSP00000497948,27.5,35
9606.ENSP00000357552,27.5,24
9606.ENSP00000348472,27.5,12
9606.ENSP00000280571,27.5,6
9606.ENSP00000426632,27.5,40
9606.ENSP00000300181,27.5,9
9606.ENSP00000389377,27.5,24
9606.ENSP00000338186,27.4,13
9606.ENSP00000382707,27.4,5
9606.ENSP00000286523,27.4,19
9606.ENSP00000437041,27.4,12
9606.ENSP00000252674,27.4,10
9606.ENSP00000349576,27.4,6
9606.ENSP00000261745,27.4,26
9606.ENSP00000418194,27.3,45
9606.ENSP00000363714,27.3,10
9606.ENSP00000377700,27.3,11
9606.ENSP00000290155,27.3,6
9606.ENSP00000320567,27.2,2
9606.ENSP00000318868,27.2,14
9606.ENSP00000353600,27.2,19
9606.ENSP00000378570,27.2,19
9606.ENSP00000346080,27.2,2
9606.ENSP00000306099,27.1,15
9606.ENSP00000298198,27.1,15
9606.ENSP00000447537,27,5
9606.ENSP00000360782,27,12
9606.ENSP00000322579,27,10
9606.ENSP00000323670,27,6
9606.ENSP00000409581,26.9,9
9606.ENSP00000255136,26.9,51
9606.ENSP00000358327,26.8,13
9606.ENSP00000294785,26.8,15
9606.ENSP00000344666,26.8,79
9606.ENSP00000286186,26.8,11
9606.ENSP00000202816,26.8,12
9606.ENSP00000413572,26.8,10
9606.ENSP00000386134,26.8,7
9606.ENSP00000282382,26.8,24
9606.ENSP00000368468,26.8,9
9606.ENSP00000303942,26.8,4
9606.ENSP00000282841,26.7,9
9606.ENSP00000440440,26.7,17
9606.ENSP00000358501,26.7,3
9606.ENSP00000158771,26.7,2
9606.ENSP00000354911,26.7,5
9606.ENSP00000493594,26.7,207
9606.ENSP00000352516,26.6,34
9606.ENSP00000394560,26.6,13
9606.ENSP00000329380,26.6,11
9606.ENSP00000313875,26.6,7
9606.ENSP00000352956,26.6,14
9606.ENSP00000403614,26.6,3
9606.ENSP00000216160,26.6,14
9606.ENSP00000339881,26.6,21
9606.ENSP00000361219,26.6,17
9606.ENSP00000260264,26.5,22
9606.ENSP00000269980,26.5,21
9606.ENSP00000444660,26.5,14
9606.ENSP00000281154,26.4,34
9606.ENSP00000224807,26.4,10
9606.ENSP00000326563,26.4,29
9606.ENSP00000299638,26.4,12
9606.ENSP00000482826,26.4,14
9606.ENSP00000339844,26.4,5
9606.ENSP00000361765,26.4,9
9606.ENSP00000297785,26.3,15
9606.ENSP00000424328,26.3,9
9606.ENSP00000377747,26.3,38
9606.ENSP00000481054,26.2,14
9606.ENSP00000360676,26.2,5
9606.ENSP00000370744,26.2,84
9606.ENSP00000256460,26.2,23
9606.ENSP00000350310,26.2,39
9606.ENSP00000341364,26.2,4
9606.ENSP00000415536,26.2,5
9606.ENSP00000461945,26.1,6
9606.ENSP00000271620,26.1,10
9606.ENSP00000392353,26.1,3
9606.ENSP00000361524,26,5
9606.ENSP00000367029,26,11
9606.ENSP00000251412,26,14
9606.ENSP00000227471,26,7
9606.ENSP00000498684,26,7
9606.ENSP00000339933,26,58
9606.ENSP00000466639,26,7
9606.ENSP00000377655,26,15
9606.ENSP00000354920,26,14
9606.ENSP00000219837,25.9,8
9606.ENSP00000295079,25.9,9
9606.ENSP00000361245,25.9,16
9606.ENSP00000297990,25.9,18
9606.ENSP00000271715,25.9,24
9606.ENSP00000268482,25.9,24
9606.ENSP00000274458,25.9,6
9606.ENSP00000263035,25.8,12
9606.ENSP00000369145,25.8,5
9606.ENSP00000358909,25.8,7
9606.ENSP00000363640,25.7,16
9606.ENSP00000262450,25.7,100
9606.ENSP00000281187,25.7,10
9606.ENSP00000362244,25.7,14
9606.ENSP00000369431,25.7,5
9606.ENSP00000317985,25.7,34
9606.ENSP00000436455,25.6,13
9606.ENSP00000305263,25.6,76
9606.ENSP00000399982,25.5,20
9606.ENSP00000262013,25.5,25
9606.ENSP00000413098,25.5,26
9606.ENSP00000343952,25.5,6
9606.ENSP00000362108,25.4,4
9606.ENSP00000258457,25.4,4
9606.ENSP00000361658,25.4,30
9606.ENSP00000353920,25.4,14
9606.ENSP00000357158,25.4,8
9606.ENSP00000250263,25.4,7
9606.ENSP00000362036,25.3,5
9606.ENSP00000253107,25.3,14
9606.ENSP00000286317,25.3,4
9606.ENSP00000356713,25.3,4
9606.ENSP00000251507,25.2,16
9606.ENSP00000343515,25.2,12
9606.ENSP00000452181,25.1,10
9606.ENSP00000420298,25.1,3
9606.ENSP00000387164,25,11
9606.ENSP00000259335,25,41
9606.ENSP00000216027,25,6
9606.ENSP00000327467,25,3
9606.ENSP00000220592,25,31
9606.ENSP00000400882,25,18
9606.ENSP00000256366,25,6
9606.ENSP00000337675,24.9,2
9606.ENSP00000481626,24.9,4
9606.ENSP00000249066,24.9,7
9606.ENSP00000233154,24.8,9
9606.ENSP00000439065,24.7,41
9606.ENSP00000359000,24.7,62
9606.ENSP00000278980,24.7,9
9606.ENSP00000412733,24.7,12
9606.ENSP00000271732,24.6,7
9606.ENSP00000272139,24.6,5
9606.ENSP00000369627,24.6,11
9606.ENSP00000350012,24.6,15
9606.ENSP00000407726,24.6,14
9606.ENSP00000335636,24.6,3
9606.ENSP00000292211,24.6,7
9606.ENSP00000266556,24.5,6
9606.ENSP00000344942,24.5,5
9606.ENSP00000371321,24.5,23
9606.ENSP00000337598,24.5,12
9606.ENSP00000253408,24.5,66
9606.ENSP00000501135,24.4,3
9606.ENSP00000368835,24.4,3
9606.ENSP00000313854,24.4,8
9606.ENSP00000003302,24.4,26
9606.ENSP00000484121,24.4,8
9606.ENSP00000245046,24.3,6
9606.ENSP00000302967,24.3,21
9606.ENSP00000330237,24.3,4
9606.ENSP00000296220,24.3,18
9606.ENSP00000311135,24.3,19
9606.ENSP00000406598,24.3,8
9606.ENSP00000380718,24.3,8
9606.ENSP00000310803,24.3,3
9606.ENSP00000389095,24.3,11
9606.ENSP00000358854,24.3,12
9606.ENSP00000365596,24.2,6
9606.ENSP00000265322,24.2,6
9606.ENSP00000414851,24.2,15
9606.ENSP00000380466,24.2,8
9606.ENSP00000478035,24.2,8
9606.ENSP00000377059,24.2,4
9606.ENSP00000264263,24.2,16
9606.ENSP00000280701,24.2,6
9606.ENSP00000369716,24.2,81
9606.ENSP00000359512,24.1,25
9606.ENSP00000228928,24.1,17
9606.ENSP00000385749,24.1,18
9606.ENSP00000298375,24.1,11
9606.ENSP00000285670,24.1,9
9606.ENSP00000303570,24.1,7
9606.ENSP00000307288,24,14
9606.ENSP00000339637,24,14
9606.ENSP00000283351,24,24
9606.ENSP00000318158,24,4
9606.ENSP00000366937,24,12
9606.ENSP00000411471,24,12
9606.ENSP00000251413,24,15
9606.ENSP00000297151,24,13
9606.ENSP00000363779,24,23
9606.ENSP00000337641,24,17
9606.ENSP00000357597,24,5
9606.ENSP00000423325,23.9,23
9606.ENSP00000327760,23.9,12
9606.ENSP00000275034,23.9,29
9606.ENSP00000319412,23.9,7
9606.ENSP00000419243,23.9,5
9606.ENSP00000246337,23.9,5
9606.ENSP00000356355,23.9,9
9606.ENSP00000423014,23.9,4
9606.ENSP00000321805,23.9,5
9606.ENSP00000364613,23.9,5
9606.ENSP00000459533,23.8,1
9606.ENSP00000384160,23.8,16
9606.ENSP00000294066,23.8,12
9606.ENSP00000221114,23.8,2
9606.ENSP00000337446,23.8,8
9606.ENSP00000395473,23.8,22
9606.ENSP00000349823,23.7,16
9606.ENSP00000370508,23.7,5
9606.ENSP00000269195,23.7,13
9606.ENSP00000378854,23.7,6
9606.ENSP00000443246,23.7,21
9606.ENSP00000320885,23.7,14
9606.ENSP00000298428,23.7,15
9606.ENSP00000444596,23.7,87
9606.ENSP00000498441,23.7,26
9606.ENSP00000396441,23.6,6
9606.ENSP00000261900,23.6,9
9606.ENSP00000368439,23.6,13
9606.ENSP00000256398,23.6,11
9606.ENSP00000204566,23.6,8
9606.ENSP00000296292,23.6,9
9606.ENSP00000229264,23.6,27
9606.ENSP00000414147,23.6,7
9606.ENSP00000266673,23.6,3
9606.ENSP00000330898,23.6,7
9606.ENSP00000365625,23.5,25
9606.ENSP00000300692,23.5,3
9606.ENSP00000389160,23.5,7
9606.ENSP00000221455,23.5,8
9606.ENSP00000378992,23.4,28
9606.ENSP00000376943,23.4,3
9606.ENSP00000233146,23.4,17
9606.ENSP00000432487,23.4,10
9606.ENSP00000448165,23.4,27
9606.ENSP00000450540,23.4,9
9606.ENSP00000423276,23.4,2
9606.ENSP00000406037,23.4,9
9606.ENSP00000223208,23.3,8
9606.ENSP00000371084,23.3,20
9606.ENSP00000231668,23.3,8
9606.ENSP00000264832,23.3,9
9606.ENSP00000401264,23.3,14
9606.ENSP00000442050,23.2,10
9606.ENSP00000229922,23.2,33
9606.ENSP00000260953,23.2,4
9606.ENSP00000357131,23.2,16
9606.ENSP00000181839,23.2,30
9606.ENSP00000462333,23.2,18
9606.ENSP00000366746,23.1,12
9606.ENSP00000473623,23.1,14
9606.ENSP00000452773,23.1,2
9606.ENSP00000364190,23,7
9606.ENSP00000367890,23,8
9606.ENSP00000276893,23,15
9606.ENSP00000369614,23,17
9606.ENSP00000254325,23,13
9606.ENSP00000354525,23,6
9606.ENSP00000483453,22.9,21
9606.ENSP00000380920,22.9,2
9606.ENSP00000413929,22.9,15
9606.ENSP00000401645,22.9,7
9606.ENSP00000321320,22.9,8
9606.ENSP00000353863,22.9,10
9606.ENSP00000406286,22.8,2
9606.ENSP00000265471,22.8,5
9606.ENSP00000263245,22.8,11
9606.ENSP00000356591,22.8,6
9606.ENSP00000477602,22.8,3
9606.ENSP00000480824,22.8,6
9606.ENSP00000323645,22.8,10
9606.ENSP00000370055,22.8,4
9606.ENSP00000329920,22.8,4
9606.ENSP00000299163,22.7,5
9606.ENSP00000253699,22.7,9
9606.ENSP00000297591,22.7,40
9606.ENSP00000279036,22.7,14
9606.ENSP00000450281,22.6,6
9606.ENSP00000367284,22.6,2
9606.ENSP00000376565,22.6,2
9606.ENSP00000310573,22.6,57
9606.ENSP00000376352,22.5,11
9606.ENSP00000280377,22.5,18
9606.ENSP00000444688,22.5,60
9606.ENSP00000428259,22.5,3
9606.ENSP00000347717,22.5,3
9606.ENSP00000225504,22.4,3
9606.ENSP00000355629,22.4,13
9606.ENSP00000301180,22.4,27
9606.ENSP00000335371,22.4,17
9606.ENSP00000371051,22.4,55
9606.ENSP00000248121,22.4,4
9606.ENSP00000266594,22.4,14
9606.ENSP00000371101,22.3,12
9606.ENSP00000252996,22.3,14
9606.ENSP00000386531,22.3,18
9606.ENSP00000269221,22.3,12
9606.ENSP00000395249,22.3,4
9606.ENSP00000420714,22.3,2
9606.ENSP00000315568,22.3,10
9606.ENSP00000363205,22.3,11
9606.ENSP00000265081,22.3,20
9606.ENSP00000009041,22.1,4
9606.ENSP00000296215,22.1,5
9606.ENSP00000417291,22.1,10
9606.ENSP00000287844,22.1,21
9606.ENSP00000301364,22.1,12
9606.ENSP00000302289,22.1,7
9606.ENSP00000384259,22,8
9606.ENSP00000398523,22,8
9606.ENSP00000221233,22,4
9606.ENSP00000359729,22,9
9606.ENSP00000361995,21.9,5
9606.ENSP00000419782,21.9,20
9606.ENSP00000410964,21.9,12
9606.ENSP00000276603,21.9,6
9606.ENSP00000315693,21.9,4
9606.ENSP00000316578,21.9,10
9606.ENSP00000248901,21.8,6
9606.ENSP00000223324,21.8,2
9606.ENSP00000317817,21.8,16
9606.ENSP00000338348,21.8,1
9606.ENSP00000369822,21.7,4
9606.ENSP00000356967,21.7,7
9606.ENSP00000437738,21.7,16
9606.ENSP00000320117,21.7,7
9606.ENSP00000442308,21.7,14
9606.ENSP00000332646,21.7,8
9606.ENSP00000271688,21.7,7
9606.ENSP00000473391,21.7,13
9606.ENSP00000309749,21.6,14
9606.ENSP00000272418,21.6,10
9606.ENSP00000484803,21.6,18
9606.ENSP00000417078,21.6,18
9606.ENSP00000258198,21.6,9
9606.ENSP00000364028,21.6,15
9606.ENSP00000419485,21.6,3
9606.ENSP00000463334,21.6,4
9606.ENSP00000415556,21.6,8
9606.ENSP00000292614,21.6,7
9606.ENSP00000333946,21.5,7
9606.ENSP00000261965,21.5,17
9606.ENSP00000365462,21.5,18
9606.ENSP00000389182,21.5,5
9606.ENSP00000362702,21.5,9
9606.ENSP00000305682,21.5,8
9606.ENSP00000365931,21.5,5
9606.ENSP00000480322,21.5,4
9606.ENSP00000299299,21.5,3
9606.ENSP00000345528,21.5,3
9606.ENSP00000351536,21.4,14
9606.ENSP00000295065,21.4,7
9606.ENSP00000285848,21.4,7
9606.ENSP00000479494,21.4,11
9606.ENSP00000298310,21.4,20
9606.ENSP00000379643,21.4,8
9606.ENSP00000352021,21.3,5
9606.ENSP00000467579,21.3,3
9606.ENSP00000351250,21.3,19
9606.ENSP00000169551,21.3,5
9606.ENSP00000375873,21.3,5
9606.ENSP00000297056,21.3,8
9606.ENSP00000419027,21.3,11
9606.ENSP00000359423,21.3,18
9606.ENSP00000314193,21.3,14
9606.ENSP00000312664,21.2,9
9606.ENSP00000417378,21.2,3
9606.ENSP00000340373,21.2,12
9606.ENSP00000381064,21.2,15
9606.ENSP00000241041,21.2,5
9606.ENSP00000265960,21.2,6
9606.ENSP00000483375,21.1,4
9606.ENSP00000354597,21.1,18
9606.ENSP00000480378,21.1,7
9606.ENSP00000386414,21.1,16
9606.ENSP00000205636,21.1,2
9606.ENSP00000337353,21.1,15
9606.ENSP00000346890,21.1,24
9606.ENSP00000419412,21.1,11
9606.ENSP00000355306,21.1,4
9606.ENSP00000362208,21,5
9606.ENSP00000499786,21,17
9606.ENSP00000361705,21,6
9606.ENSP00000308452,21,57
9606.ENSP00000306220,21,1
9606.ENSP00000290650,21,31
9606.ENSP00000258455,21,9
9606.ENSP00000224140,21,43
9606.ENSP00000303709,21,12
9606.ENSP00000348455,21,11
9606.ENSP00000265245,21,13
9606.ENSP00000222388,21,21
9606.ENSP00000257287,21,25
9606.ENSP00000480359,20.9,12
9606.ENSP00000233121,20.9,11
9606.ENSP00000354490,20.9,59
9606.ENSP00000250916,20.9,2
9606.ENSP00000379047,20.9,5
9606.ENSP00000262160,20.9,10
9606.ENSP00000387170,20.9,18
9606.ENSP00000248248,20.9,8
9606.ENSP00000262850,20.9,15
9606.ENSP00000394394,20.9,9
9606.ENSP00000479322,20.8,27
9606.ENSP00000328570,20.8,2
9606.ENSP00000379078,20.8,16
9606.ENSP00000270066,20.8,6
9606.ENSP00000360577,20.8,3
9606.ENSP00000412324,20.8,19
9606.ENSP00000344816,20.8,6
9606.ENSP00000337746,20.7,9
9606.ENSP00000451145,20.7,5
9606.ENSP00000260210,20.7,10
9606.ENSP00000357863,20.7,2
9606.ENSP00000461269,20.7,3
9606.ENSP00000483328,20.7,7
9606.ENSP00000318374,20.7,9
9606.ENSP00000377344,20.7,33
9606.ENSP00000370395,20.7,8
9606.ENSP00000164139,20.7,54
9606.ENSP00000309031,20.7,24
9606.ENSP00000496168,20.7,14
9606.ENSP00000402756,20.7,3
9606.ENSP00000311399,20.6,6
9606.ENSP00000349640,20.6,17
9606.ENSP00000370139,20.6,7
9606.ENSP00000474823,20.6,7
9606.ENSP00000385795,20.6,11
9606.ENSP00000348429,20.6,14
9606.ENSP00000431971,20.5,5
9606.ENSP00000281623,20.5,7
9606.ENSP00000364398,20.5,12
9606.ENSP00000314606,20.5,8
9606.ENSP00000326366,20.5,5
9606.ENSP00000299626,20.4,8
9606.ENSP00000313601,20.4,16
9606.ENSP00000397269,20.4,5
9606.ENSP00000344562,20.4,16
9606.ENSP00000303754,20.4,13
9606.ENSP00000355470,20.4,9
9606.ENSP00000265339,20.4,1
9606.ENSP00000338057,20.4,4
9606.ENSP00000422607,20.3,15
9606.ENSP00000258739,20.3,6
9606.ENSP00000371169,20.3,9
9606.ENSP00000374455,20.3,8
9606.ENSP00000304593,20.3,1
9606.ENSP00000383044,20.2,22
9606.ENSP00000268712,20.2,42
9606.ENSP00000265963,20.2,9
9606.ENSP00000387078,20.2,5
9606.ENSP00000329360,20.2,4
9606.ENSP00000306124,20.2,29
9606.ENSP00000366828,20.2,5
9606.ENSP00000482732,20.1,22
9606.ENSP00000384515,20.1,8
9606.ENSP00000352925,20.1,78
9606.ENSP00000380495,20.1,12
9606.ENSP00000465685,20,20
9606.ENSP00000414302,20,6
9606.ENSP00000229195,20,7
9606.ENSP00000380322,20,1
9606.ENSP00000316598,20,7
9606.ENSP00000264255,19.9,4
9606.ENSP00000373304,19.9,6
9606.ENSP00000462998,19.9,3
9606.ENSP00000282728,19.9,3
9606.ENSP00000384182,19.9,13
9606.ENSP00000398880,19.9,24
9606.ENSP00000300873,19.9,1
9606.ENSP00000216259,19.9,6
9606.ENSP00000403645,19.9,4
9606.ENSP00000381282,19.8,3
9606.ENSP00000383433,19.8,7
9606.ENSP00000473990,19.8,12
9606.ENSP00000278742,19.8,11
9606.ENSP00000274569,19.8,5
9606.ENSP00000498786,19.7,8
9606.ENSP00000281513,19.7,42
9606.ENSP00000422435,19.7,52
9606.ENSP00000358019,19.7,6
9606.ENSP00000364864,19.6,10
9606.ENSP00000354032,19.6,2
9606.ENSP00000417559,19.6,9
9606.ENSP00000337445,19.6,15
9606.ENSP00000329243,19.6,85
9606.ENSP00000296102,19.6,1
9606.ENSP00000328835,19.6,26
9606.ENSP00000384302,19.6,15
9606.ENSP00000219548,19.6,7
9606.ENSP00000346643,19.6,52
9606.ENSP00000299563,19.5,11
9606.ENSP00000341551,19.5,4
9606.ENSP00000264555,19.5,17
9606.ENSP00000299238,19.5,12
9606.ENSP00000364270,19.5,3
9606.ENSP00000403453,19.5,12
9606.ENSP00000345494,19.5,3
9606.ENSP00000265713,19.5,19
9606.ENSP00000363435,19.5,55
9606.ENSP00000227667,19.5,2
9606.ENSP00000411719,19.4,7
9606.ENSP00000451792,19.4,8
9606.ENSP00000361712,19.4,6
9606.ENSP00000298229,19.4,30
9606.ENSP00000429900,19.4,16
9606.ENSP00000258772,19.4,11
9606.ENSP00000254900,19.4,15
9606.ENSP00000263461,19.3,20
9606.ENSP00000338562,19.3,3
9606.ENSP00000366641,19.3,4
9606.ENSP00000219066,19.3,5
9606.ENSP00000362170,19.3,4
9606.ENSP00000348211,19.3,6
9606.ENSP00000321606,19.2,23
9606.ENSP00000330349,19.2,14
9606.ENSP00000493768,19.2,9
9606.ENSP00000324827,19.2,9
9606.ENSP00000451188,19.2,2
9606.ENSP00000265651,19.2,5
9606.ENSP00000359848,19.2,9
9606.ENSP00000329002,19.1,4
9606.ENSP00000296464,19.1,35
9606.ENSP00000444156,19.1,8
9606.ENSP00000373301,19.1,9
9606.ENSP00000376269,19.1,16
9606.ENSP00000269159,19.1,7
9606.ENSP00000283629,19.1,8
9606.ENSP00000411532,19.1,48
9606.ENSP00000253247,19.1,14
9606.ENSP00000353246,19.1,5
9606.ENSP00000260402,19.1,17
9606.ENSP00000316114,19,6
9606.ENSP00000215957,19,11
9606.ENSP00000378605,19,3
9606.ENSP00000303058,19,16
9606.ENSP00000327889,19,9
9606.ENSP00000371336,19,1
9606.ENSP00000228510,19,7
9606.ENSP00000215941,18.9,3
9606.ENSP00000490083,18.9,6
9606.ENSP00000382091,18.9,6
9606.ENSP00000369391,18.9,7
9606.ENSP00000358183,18.9,3
9606.ENSP00000420927,18.9,5
9606.ENSP00000297534,18.8,3
9606.ENSP00000263857,18.8,25
9606.ENSP00000399970,18.8,13
9606.ENSP00000316649,18.8,5
9606.ENSP00000303909,18.8,14
9606.ENSP00000377303,18.8,6
9606.ENSP00000263985,18.8,10
9606.ENSP00000379721,18.8,15
9606.ENSP00000222339,18.8,7
9606.ENSP00000313953,18.8,11
9606.ENSP00000245620,18.7,7
9606.ENSP00000347845,18.7,27
9606.ENSP00000365533,18.7,7
9606.ENSP00000266771,18.7,6
9606.ENSP00000351644,18.7,6
9606.ENSP00000265016,18.7,6
9606.ENSP00000424495,18.7,4
9606.ENSP00000488802,18.7,11
9606.ENSP00000367991,18.7,34
9606.ENSP00000438748,18.7,17
9606.ENSP00000263274,18.7,14
9606.ENSP00000401197,18.6,12
9606.ENSP00000421544,18.6,4
9606.ENSP00000385689,18.6,10
9606.ENSP00000357052,18.6,9
9606.ENSP00000299824,18.6,5
9606.ENSP00000455114,18.6,9
9606.ENSP00000303482,18.6,2
9606.ENSP00000222511,18.6,6
9606.ENSP00000291574,18.6,16
9606.ENSP00000480986,18.6,4
9606.ENSP00000491537,18.5,9
9606.ENSP00000374399,18.5,4
9606.ENSP00000321260,18.5,2
9606.ENSP00000322898,18.5,9
9606.ENSP00000359424,18.5,14
9606.ENSP00000377724,18.5,3
9606.ENSP00000347170,18.5,5
9606.ENSP00000442770,18.5,3
9606.ENSP00000332247,18.4,15
9606.ENSP00000338019,18.4,6
9606.ENSP00000296824,18.4,5
9606.ENSP00000394791,18.4,9
9606.ENSP00000338727,18.4,12
9606.ENSP00000463978,18.3,5
9606.ENSP00000370503,18.3,7
9606.ENSP00000267859,18.3,6
9606.ENSP00000363211,18.3,6
9606.ENSP00000361180,18.3,13
9606.ENSP00000315569,18.3,13
9606.ENSP00000296003,18.2,10
9606.ENSP00000258080,18.2,9
9606.ENSP00000482133,18.2,6
9606.ENSP00000316476,18.2,3
9606.ENSP00000378431,18.2,21
9606.ENSP00000248598,18.2,5
9606.ENSP00000481721,18.2,13
9606.ENSP00000480916,18.2,7
9606.ENSP00000312244,18.1,5
9606.ENSP00000262518,18.1,29
9606.ENSP00000368818,18.1,7
9606.ENSP00000392025,18.1,16
9606.ENSP00000242848,18.1,16
9606.ENSP00000364929,18.1,3
9606.ENSP00000384117,18,2
9606.ENSP00000464522,18,6
9606.ENSP00000292616,18,9
9606.ENSP00000366488,18,15
9606.ENSP00000372955,18,4
9606.ENSP00000353864,18,22
9606.ENSP00000383274,18,34
9606.ENSP00000436422,17.9,7
9606.ENSP00000405620,17.9,23
9606.ENSP00000417556,17.9,3
9606.ENSP00000347719,17.9,17
9606.ENSP00000358062,17.9,20
9606.ENSP00000209873,17.9,9
9606.ENSP00000478458,17.8,14
9606.ENSP00000496954,17.8,15
9606.ENSP00000315112,17.8,15
9606.ENSP00000401303,17.8,6
9606.ENSP00000319781,17.8,6
9606.ENSP00000362014,17.8,41
9606.ENSP00000394510,17.8,19
9606.ENSP00000449428,17.8,16
9606.ENSP00000461324,17.8,12
9606.ENSP00000445768,17.7,8
9606.ENSP00000420617,17.7,13
9606.ENSP00000384015,17.7,12
9606.ENSP00000298912,17.7,7
9606.ENSP00000482916,17.7,4
9606.ENSP00000398596,17.6,4
9606.ENSP00000484903,17.6,7
9606.ENSP00000238146,17.6,10
9606.ENSP00000322845,17.6,18
9606.ENSP00000261070,17.6,1
9606.ENSP00000420127,17.6,4
9606.ENSP00000369681,17.6,9
9606.ENSP00000409126,17.6,11
9606.ENSP00000368165,17.6,1
9606.ENSP00000363411,17.5,4
9606.ENSP00000359339,17.5,5
9606.ENSP00000219439,17.5,7
9606.ENSP00000452871,17.5,13
9606.ENSP00000227868,17.5,7
9606.ENSP00000498330,17.5,4
9606.ENSP00000377027,17.4,11
9606.ENSP00000445829,17.4,2
9606.ENSP00000398722,17.4,8
9606.ENSP00000305161,17.4,13
9606.ENSP00000343435,17.4,3
9606.ENSP00000291572,17.4,5
9606.ENSP00000457258,17.4,6
9606.ENSP00000337701,17.4,4
9606.ENSP00000312002,17.3,7
9606.ENSP00000264995,17.3,7
9606.ENSP00000369756,17.3,15
9606.ENSP00000428564,17.3,10
9606.ENSP00000396467,17.3,7
9606.ENSP00000348632,17.3,10
9606.ENSP00000496842,17.3,6
9606.ENSP00000371514,17.2,10
9606.ENSP00000330361,17.2,3
9606.ENSP00000244571,17.2,14
9606.ENSP00000287859,17.2,7
9606.ENSP00000267970,17.2,3
9606.ENSP00000474412,17.2,1
9606.ENSP00000367570,17.2,5
9606.ENSP00000481750,17.2,2
9606.ENSP00000212015,17.2,10
9606.ENSP00000479504,17.1,7
9606.ENSP00000307491,17.1,8
9606.ENSP00000258052,17.1,5
9606.ENSP00000368612,17.1,30
9606.ENSP00000315130,17.1,4
9606.ENSP00000262415,17.1,24
9606.ENSP00000334564,17,9
9606.ENSP00000234420,17,21
9606.ENSP00000300651,17,18
9606.ENSP00000217446,17,4
9606.ENSP00000464275,17,9
9606.ENSP00000221452,17,6
9606.ENSP00000278422,17,4
9606.ENSP00000375914,17,2
9606.ENSP00000372059,17,1
9606.ENSP00000265986,16.9,13
9606.ENSP00000330101,16.9,109
9606.ENSP00000357986,16.9,6
9606.ENSP00000216410,16.9,3
9606.ENSP00000386651,16.9,2
9606.ENSP00000256079,16.8,19
9606.ENSP00000366748,16.8,5
9606.ENSP00000263440,16.8,7
9606.ENSP00000273371,16.8,6
9606.ENSP00000351631,16.8,5
9606.ENSP00000228463,16.8,4
9606.ENSP00000486357,16.8,17
9606.ENSP00000370372,16.8,13
9606.ENSP00000162391,16.8,6
9606.ENSP00000261558,16.7,6
9606.ENSP00000364193,16.7,7
9606.ENSP00000426191,16.7,8
9606.ENSP00000265717,16.7,11
9606.ENSP00000256443,16.7,6
9606.ENSP00000397459,16.7,3
9606.ENSP00000390647,16.7,3
9606.ENSP00000292180,16.7,9
9606.ENSP00000361708,16.7,1
9606.ENSP00000285208,16.6,10
9606.ENSP00000430025,16.6,1
9606.ENSP00000411099,16.6,17
9606.ENSP00000383402,16.6,13
9606.ENSP00000306822,16.6,5
9606.ENSP00000456336,16.6,2
9606.ENSP00000442053,16.5,11
9606.ENSP00000315410,16.5,12
9606.ENSP00000365159,16.5,2
9606.ENSP00000259708,16.5,17
9606.ENSP00000377195,16.5,7
9606.ENSP00000382688,16.5,23
9606.ENSP00000359488,16.5,12
9606.ENSP00000329915,16.4,5
9606.ENSP00000335029,16.4,16
9606.ENSP00000432568,16.4,102
9606.ENSP00000391167,16.4,21
9606.ENSP00000281141,16.4,4
9606.ENSP00000424191,16.4,3
9606.ENSP00000420608,16.4,15
9606.ENSP00000417354,16.4,8
9606.ENSP00000483117,16.4,5
9606.ENSP00000378399,16.3,4
9606.ENSP00000366939,16.3,5
9606.ENSP00000376603,16.3,1
9606.ENSP00000399518,16.3,6
9606.ENSP00000361010,16.3,6
9606.ENSP00000455607,16.3,5
9606.ENSP00000430110,16.3,11
9606.ENSP00000261441,16.3,11
9606.ENSP00000355961,16.3,13
9606.ENSP00000455643,16.2,8
9606.ENSP00000322594,16.2,4
9606.ENSP00000448220,16.2,70
9606.ENSP00000254521,16.2,4
9606.ENSP00000361923,16.2,1
9606.ENSP00000458762,16.2,4
9606.ENSP00000299957,16.2,5
9606.ENSP00000369981,16.1,10
9606.ENSP00000387050,16.1,7
9606.ENSP00000417677,16.1,2
9606.ENSP00000316335,16.1,6
9606.ENSP00000269385,16.1,4
9606.ENSP00000262848,16.1,9
9606.ENSP00000258874,16.1,8
9606.ENSP00000297632,16.1,3
9606.ENSP00000340672,16.1,6
9606.ENSP00000409279,16,11
9606.ENSP00000226355,16,13
9606.ENSP00000262519,16,18
9606.ENSP00000367595,16,2
9606.ENSP00000225844,16,1
9606.ENSP00000359464,16,5
9606.ENSP00000253237,16,5
9606.ENSP00000254616,16,6
9606.ENSP00000384651,16,15
9606.ENSP00000253693,15.9,15
9606.ENSP00000370345,15.9,7
9606.ENSP00000363836,15.9,5
9606.ENSP00000397441,15.9,9
9606.ENSP00000371451,15.9,6
9606.ENSP00000386559,15.8,2
9606.ENSP00000297156,15.8,4
9606.ENSP00000419060,15.8,11
9606.ENSP00000476672,15.8,7
9606.ENSP00000357305,15.8,4
9606.ENSP00000414237,15.8,13
9606.ENSP00000372136,15.8,4
9606.ENSP00000372139,15.8,4
9606.ENSP00000328359,15.8,4
9606.ENSP00000341324,15.7,6
9606.ENSP00000465103,15.7,2
9606.ENSP00000327145,15.7,126
9606.ENSP00000262811,15.7,16
9606.ENSP00000404923,15.7,12
9606.ENSP00000356630,15.7,5
9606.ENSP00000358335,15.7,6
9606.ENSP00000424381,15.7,9
9606.ENSP00000265560,15.6,13
9606.ENSP00000371219,15.6,2
9606.ENSP00000357005,15.6,3
9606.ENSP00000291688,15.6,16
9606.ENSP00000497767,15.6,28
9606.ENSP00000354812,15.6,5
9606.ENSP00000347032,15.6,6
9606.ENSP00000353512,15.6,14
9606.ENSP00000486623,15.6,1
9606.ENSP00000161863,15.6,23
9606.ENSP00000403077,15.5,4
9606.ENSP00000344831,15.5,4
9606.ENSP00000498875,15.5,19
9606.ENSP00000257694,15.5,17
9606.ENSP00000368881,15.5,6
9606.ENSP00000261819,15.5,11
9606.ENSP00000370748,15.5,5
9606.ENSP00000450584,15.5,1
9606.ENSP00000434279,15.5,21
9606.ENSP00000461784,15.5,5
9606.ENSP00000415078,15.4,17
9606.ENSP00000355964,15.4,6
9606.ENSP00000371577,15.4,9
9606.ENSP00000400168,15.4,22
9606.ENSP00000481920,15.4,3
9606.ENSP00000322915,15.4,19
9606.ENSP00000410798,15.4,5
9606.ENSP00000338093,15.4,15
9606.ENSP00000235372,15.4,13
9606.ENSP00000489123,15.3,9
9606.ENSP00000351113,15.3,36
9606.ENSP00000384832,15.3,1
9606.ENSP00000244519,15.3,11
9606.ENSP00000252137,15.3,5
9606.ENSP00000389289,15.3,16
9606.ENSP00000366800,15.3,8
9606.ENSP00000244061,15.3,3
9606.ENSP00000360437,15.2,1
9606.ENSP00000498772,15.2,11
9606.ENSP00000309945,15.2,4
9606.ENSP00000261637,15.2,34
9606.ENSP00000366280,15.2,4
9606.ENSP00000355299,15.1,1
9606.ENSP00000399862,15.1,12
9606.ENSP00000233331,15.1,3
9606.ENSP00000494480,15.1,32
9606.ENSP00000345575,15.1,2
9606.ENSP00000497588,15.1,5
9606.ENSP00000219400,15.1,1
9606.ENSP00000360821,15,3
9606.ENSP00000264718,15,2
9606.ENSP00000345001,15,2
9606.ENSP00000355827,15,3
9606.ENSP00000254799,15,6
9606.ENSP00000379256,15,14
9606.ENSP00000483059,15,8
9606.ENSP00000368452,15,2
9606.ENSP00000487164,14.9,23
9606.ENSP00000360183,14.9,4
9606.ENSP00000262942,14.9,11
9606.ENSP00000265107,14.9,9
9606.ENSP00000289359,14.9,3
9606.ENSP00000347206,14.9,7
9606.ENSP00000356515,14.9,37
9606.ENSP00000380837,14.9,11
9606.ENSP00000255784,14.9,2
9606.ENSP00000413908,14.9,7
9606.ENSP00000054950,14.9,7
9606.ENSP00000053468,14.9,3
9606.ENSP00000356848,14.9,3
9606.ENSP00000264972,14.9,17
9606.ENSP00000368517,14.9,3
9606.ENSP00000299106,14.9,3
9606.ENSP00000417190,14.9,5
9606.ENSP00000357065,14.8,6
9606.ENSP00000411012,14.8,10
9606.ENSP00000469880,14.8,8
9606.ENSP00000465261,14.8,7
9606.ENSP00000405635,14.8,2
9606.ENSP00000370193,14.8,5
9606.ENSP00000451261,14.8,4
9606.ENSP00000384700,14.8,16
9606.ENSP00000334808,14.8,9
9606.ENSP00000382274,14.7,44
9606.ENSP00000430493,14.7,27
9606.ENSP00000262094,14.7,8
9606.ENSP00000324806,14.7,6
9606.ENSP00000315013,14.7,7
9606.ENSP00000222644,14.7,8
9606.ENSP00000348769,14.7,6
9606.ENSP00000497008,14.7,7
9606.ENSP00000338533,14.7,2
9606.ENSP00000338173,14.7,10
9606.ENSP00000319726,14.7,4
9606.ENSP00000265164,14.7,2
9606.ENSP00000310120,14.7,10
9606.ENSP00000257118,14.7,7
9606.ENSP00000379891,14.6,5
9606.ENSP00000350719,14.6,97
9606.ENSP00000403343,14.6,3
9606.ENSP00000385787,14.6,10
9606.ENSP00000266483,14.6,10
9606.ENSP00000362179,14.6,7
9606.ENSP00000478289,14.6,2
9606.ENSP00000361866,14.6,3
9606.ENSP00000274000,14.5,4
9606.ENSP00000393379,14.5,41
9606.ENSP00000265981,14.5,3
9606.ENSP00000193322,14.5,3
9606.ENSP00000349486,14.5,16
9606.ENSP00000380763,14.5,10
9606.ENSP00000354223,14.5,2
9606.ENSP00000220669,14.4,4
9606.ENSP00000307833,14.4,6
9606.ENSP00000371472,14.4,25
9606.ENSP00000261692,14.4,2
9606.ENSP00000380024,14.4,2
9606.ENSP00000342812,14.4,73
9606.ENSP00000361990,14.4,18
9606.ENSP00000218758,14.4,2
9606.ENSP00000264951,14.4,17
9606.ENSP00000277895,14.4,12
9606.ENSP00000292586,14.4,4
9606.ENSP00000362621,14.4,15
9606.ENSP00000362618,14.4,15
9606.ENSP00000268802,14.4,5
9606.ENSP00000364912,14.4,33
9606.ENSP00000247178,14.4,2
9606.ENSP00000443194,14.4,4
9606.ENSP00000308533,14.3,3
9606.ENSP00000498750,14.3,4
9606.ENSP00000481575,14.3,10
9606.ENSP00000439056,14.3,8
9606.ENSP00000365851,14.3,4
9606.ENSP00000234256,14.3,3
9606.ENSP00000314029,14.3,4
9606.ENSP00000368716,14.3,25
9606.ENSP00000309521,14.3,4
9606.ENSP00000339090,14.3,3
9606.ENSP00000369055,14.2,4
9606.ENSP00000274376,14.2,11
9606.ENSP00000477502,14.2,44
9606.ENSP00000426548,14.2,15
9606.ENSP00000495909,14.2,112
9606.ENSP00000314099,14.1,3
9606.ENSP00000410818,14.1,4
9606.ENSP00000295702,14.1,2
9606.ENSP00000363064,14.1,5
9606.ENSP00000417980,14.1,13
9606.ENSP00000444433,14.1,3
9606.ENSP00000494352,14.1,4
9606.ENSP00000419765,14.1,5
9606.ENSP00000262133,14.1,13
9606.ENSP00000482604,14.1,4
9606.ENSP00000478982,14,4
9606.ENSP00000312027,14,1
9606.ENSP00000417686,14,2
9606.ENSP00000362481,14,3
9606.ENSP00000221561,14,3
9606.ENSP00000381364,14,17
9606.ENSP00000317686,14,13
9606.ENSP00000499211,14,5
9606.ENSP00000480364,14,4
9606.ENSP00000459615,13.9,14
9606.ENSP00000252599,13.9,8
9606.ENSP00000283109,13.9,4
9606.ENSP00000358904,13.9,7
9606.ENSP00000315775,13.9,10
9606.ENSP00000456743,13.9,7
9606.ENSP00000339692,13.9,9
9606.ENSP00000356224,13.9,111
9606.ENSP00000355651,13.9,5
9606.ENSP00000243326,13.9,23
9606.ENSP00000313983,13.9,13
9606.ENSP00000469888,13.8,3
9606.ENSP00000441786,13.8,3
9606.ENSP00000371859,13.8,12
9606.ENSP00000495612,13.8,1
9606.ENSP00000359385,13.8,8
9606.ENSP00000261854,13.8,5
9606.ENSP00000361636,13.8,10
9606.ENSP00000430237,13.8,8
9606.ENSP00000255882,13.8,28
9606.ENSP00000466718,13.8,3
9606.ENSP00000238788,13.8,10
9606.ENSP00000293414,13.8,11
9606.ENSP00000301727,13.8,2
9606.ENSP00000368759,13.8,10
9606.ENSP00000412708,13.8,6
9606.ENSP00000223398,13.7,17
9606.ENSP00000263736,13.7,12
9606.ENSP00000417038,13.7,6
9606.ENSP00000291576,13.7,17
9606.ENSP00000263063,13.6,5
9606.ENSP00000280187,13.6,3
9606.ENSP00000466967,13.6,6
9606.ENSP00000262879,13.6,12
9606.ENSP00000424757,13.6,16
9606.ENSP00000378687,13.6,10
9606.ENSP00000476948,13.6,8
9606.ENSP00000371434,13.6,3
9606.ENSP00000263277,13.6,30
9606.ENSP00000407509,13.6,13
9606.ENSP00000439479,13.6,27
9606.ENSP00000354558,13.6,34
9606.ENSP00000467556,13.5,12
9606.ENSP00000405111,13.5,24
9606.ENSP00000360329,13.5,7
9606.ENSP00000274008,13.5,13
9606.ENSP00000483872,13.5,2
9606.ENSP00000246535,13.5,4
9606.ENSP00000326869,13.5,2
9606.ENSP00000281701,13.5,9
9606.ENSP00000415941,13.5,22
9606.ENSP00000358451,13.5,7
9606.ENSP00000321038,13.4,2
9606.ENSP00000309198,13.4,13
9606.ENSP00000240316,13.4,6
9606.ENSP00000334801,13.4,4
9606.ENSP00000301488,13.4,2
9606.ENSP00000377385,13.4,14
9606.ENSP00000497160,13.4,6
9606.ENSP00000267615,13.4,3
9606.ENSP00000472710,13.4,4
9606.ENSP00000379156,13.4,8
9606.ENSP00000354560,13.3,10
9606.ENSP00000361967,13.3,6
9606.ENSP00000336747,13.3,14
9606.ENSP00000326095,13.3,2
9606.ENSP00000406027,13.3,6
9606.ENSP00000433126,13.3,2
9606.ENSP00000307939,13.3,23
9606.ENSP00000416523,13.3,8
9606.ENSP00000332062,13.3,4
9606.ENSP00000317872,13.3,12
9606.ENSP00000382342,13.3,14
9606.ENSP00000342222,13.3,7
9606.ENSP00000386588,13.2,101
9606.ENSP00000331577,13.2,6
9606.ENSP00000370003,13.2,2
9606.ENSP00000362068,13.2,3
9606.ENSP00000302801,13.2,6
9606.ENSP00000396622,13.2,15
9606.ENSP00000413479,13.2,83
9606.ENSP00000263956,13.2,12
9606.ENSP00000260045,13.2,7
9606.ENSP00000260361,13.2,3
9606.ENSP00000314776,13.1,4
9606.ENSP00000450870,13.1,7
9606.ENSP00000480004,13.1,5
9606.ENSP00000356058,13.1,2
9606.ENSP00000411397,13.1,13
9606.ENSP00000339299,13.1,27
9606.ENSP00000262367,13.1,40
9606.ENSP00000394417,13.1,6
9606.ENSP00000294053,13.1,7
9606.ENSP00000329471,13.1,6
9606.ENSP00000270583,13.1,5
9606.ENSP00000323435,13.1,2
9606.ENSP00000371607,13,11
9606.ENSP00000231198,13,3
9606.ENSP00000263346,12.9,4
9606.ENSP00000441065,12.9,3
9606.ENSP00000385725,12.9,2
9606.ENSP00000229281,12.9,7
9606.ENSP00000264645,12.9,4
9606.ENSP00000296343,12.9,7
9606.ENSP00000499241,12.9,9
9606.ENSP00000293330,12.9,8
9606.ENSP00000396330,12.8,6
9606.ENSP00000222330,12.8,7
9606.ENSP00000304553,12.8,1
9606.ENSP00000345731,12.8,5
9606.ENSP00000399851,12.8,14
9606.ENSP00000343398,12.8,2
9606.ENSP00000265849,12.8,12
9606.ENSP00000340874,12.8,10
9606.ENSP00000374212,12.8,20
9606.ENSP00000316512,12.8,28
9606.ENSP00000387185,12.8,4
9606.ENSP00000371811,12.8,4
9606.ENSP00000294168,12.8,4
9606.ENSP00000353259,12.8,2
9606.ENSP00000374484,12.7,5
9606.ENSP00000496014,12.7,27
9606.ENSP00000237264,12.7,2
9606.ENSP00000271857,12.7,3
9606.ENSP00000344393,12.7,2
9606.ENSP00000311360,12.7,3
9606.ENSP00000357256,12.7,4
9606.ENSP00000345243,12.7,6
9606.ENSP00000356548,12.7,4
9606.ENSP00000432119,12.7,5
9606.ENSP00000261464,12.7,7
9606.ENSP00000260762,12.6,12
9606.ENSP00000300146,12.6,10
9606.ENSP00000268711,12.6,1
9606.ENSP00000287675,12.6,3
9606.ENSP00000393183,12.6,15
9606.ENSP00000315118,12.6,4
9606.ENSP00000352941,12.6,4
9606.ENSP00000428585,12.6,1
9606.ENSP00000273541,12.5,5
9606.ENSP00000364639,12.5,3
9606.ENSP00000408979,12.5,40
9606.ENSP00000428281,12.4,2
9606.ENSP00000494067,12.4,11
9606.ENSP00000334037,12.4,1
9606.ENSP00000334040,12.4,8
9606.ENSP00000464030,12.4,9
9606.ENSP00000380008,12.4,2
9606.ENSP00000369777,12.4,4
9606.ENSP00000306080,12.4,4
9606.ENSP00000361232,12.4,7
9606.ENSP00000297579,12.4,6
9606.ENSP00000265990,12.4,17
9606.ENSP00000246657,12.4,3
9606.ENSP00000258648,12.4,3
9606.ENSP00000341361,12.4,2
9606.ENSP00000313752,12.4,2
9606.ENSP00000354775,12.3,5
9606.ENSP00000348573,12.3,42
9606.ENSP00000381382,12.3,4
9606.ENSP00000320246,12.3,3
9606.ENSP00000305647,12.3,1
9606.ENSP00000366898,12.3,18
9606.ENSP00000386810,12.3,96
9606.ENSP00000374113,12.3,1
9606.ENSP00000237822,12.3,5
9606.ENSP00000387111,12.3,3
9606.ENSP00000338389,12.3,3
9606.ENSP00000286688,12.3,2
9606.ENSP00000261483,12.3,12
9606.ENSP00000396628,12.3,3
9606.ENSP00000259339,12.3,4
9606.ENSP00000498466,12.3,4
9606.ENSP00000305422,12.3,2
9606.ENSP00000361980,12.2,1
9606.ENSP00000257789,12.2,16
9606.ENSP00000444565,12.2,2
9606.ENSP00000361860,12.2,5
9606.ENSP00000363124,12.2,5
9606.ENSP00000400870,12.2,8
9606.ENSP00000434995,12.2,3
9606.ENSP00000426638,12.2,8
9606.ENSP00000415579,12.2,20
9606.ENSP00000275820,12.2,7
9606.ENSP00000370083,12.2,3
9606.ENSP00000370119,12.2,3
9606.ENSP00000298910,12.2,29
9606.ENSP00000335306,12.2,1
9606.ENSP00000355377,12.1,8
9606.ENSP00000359225,12.1,8
9606.ENSP00000475384,12.1,15
9606.ENSP00000205194,12.1,1
9606.ENSP00000358059,12.1,5
9606.ENSP00000299855,12.1,6
9606.ENSP00000329127,12.1,19
9606.ENSP00000286364,12.1,13
9606.ENSP00000358997,12.1,6
9606.ENSP00000385347,12.1,6
9606.ENSP00000379680,12.1,5
9606.ENSP00000323720,12.1,11
9606.ENSP00000323313,12.1,6
9606.ENSP00000436926,12.1,12
9606.ENSP00000260443,12.1,1
9606.ENSP00000479071,12.1,2
9606.ENSP00000366179,12.1,2
9606.ENSP00000368965,12,5
9606.ENSP00000328694,12,3
9606.ENSP00000275732,12,7
9606.ENSP00000381859,12,1
9606.ENSP00000446093,12,11
9606.ENSP00000439068,12,2
9606.ENSP00000356150,12,4
9606.ENSP00000432886,12,4
9606.ENSP00000300107,12,8
9606.ENSP00000361032,12,1
9606.ENSP00000308022,12,5
9606.ENSP00000319052,12,3
9606.ENSP00000358159,11.9,24
9606.ENSP00000284503,11.9,3
9606.ENSP00000265271,11.9,15
9606.ENSP00000498476,11.9,2
9606.ENSP00000450524,11.9,2
9606.ENSP00000379836,11.9,3
9606.ENSP00000316950,11.8,4
9606.ENSP00000313350,11.8,2
9606.ENSP00000484525,11.8,11
9606.ENSP00000248633,11.8,19
9606.ENSP00000264451,11.8,5
9606.ENSP00000332073,11.8,4
9606.ENSP00000260197,11.8,26
9606.ENSP00000403536,11.8,1
9606.ENSP00000287667,11.8,40
9606.ENSP00000361331,11.8,3
9606.ENSP00000367440,11.8,3
9606.ENSP00000253669,11.8,2
9606.ENSP00000216338,11.8,3
9606.ENSP00000463233,11.7,10
9606.ENSP00000334798,11.7,39
9606.ENSP00000326817,11.7,3
9606.ENSP00000265350,11.7,2
9606.ENSP00000354090,11.7,5
9606.ENSP00000355637,11.7,11
9606.ENSP00000452877,11.7,8
9606.ENSP00000297504,11.7,11
9606.ENSP00000387246,11.7,8
9606.ENSP00000307208,11.7,26
9606.ENSP00000402849,11.7,6
9606.ENSP00000299886,11.7,10
9606.ENSP00000419260,11.7,13
9606.ENSP00000350378,11.7,1
9606.ENSP00000322469,11.7,4
9606.ENSP00000305988,11.6,6
9606.ENSP00000309457,11.6,9
9606.ENSP00000350249,11.6,5
9606.ENSP00000473469,11.6,25
9606.ENSP00000455791,11.6,3
9606.ENSP00000300650,11.6,7
9606.ENSP00000243903,11.6,6
9606.ENSP00000265440,11.6,6
9606.ENSP00000377796,11.5,8
9606.ENSP00000412894,11.5,2
9606.ENSP00000294543,11.5,3
9606.ENSP00000318821,11.5,10
9606.ENSP00000245304,11.5,9
9606.ENSP00000271640,11.5,10
9606.ENSP00000296088,11.5,6
9606.ENSP00000426504,11.5,6
9606.ENSP00000256497,11.5,26
9606.ENSP00000452885,11.5,3
9606.ENSP00000409382,11.5,5
9606.ENSP00000313504,11.5,12
9606.ENSP00000261879,11.5,1
9606.ENSP00000365130,11.5,16
9606.ENSP00000427900,11.4,12
9606.ENSP00000498268,11.4,3
9606.ENSP00000387123,11.4,4
9606.ENSP00000411822,11.4,5
9606.ENSP00000306496,11.4,2
9606.ENSP00000346437,11.4,8
9606.ENSP00000465757,11.4,2
9606.ENSP00000343158,11.4,26
9606.ENSP00000362057,11.4,15
9606.ENSP00000370980,11.4,12
9606.ENSP00000216099,11.4,12
9606.ENSP00000482107,11.4,16
9606.ENSP00000337040,11.4,2
9606.ENSP00000254037,11.4,3
9606.ENSP00000252245,11.4,72
9606.ENSP00000273588,11.4,3
9606.ENSP00000475924,11.4,4
9606.ENSP00000262134,11.3,5
9606.ENSP00000368970,11.3,3
9606.ENSP00000351908,11.3,16
9606.ENSP00000363516,11.3,2
9606.ENSP00000354778,11.3,7
9606.ENSP00000263681,11.3,4
9606.ENSP00000308695,11.3,5
9606.ENSP00000296859,11.3,26
9606.ENSP00000336842,11.3,4
9606.ENSP00000278193,11.3,3
9606.ENSP00000326070,11.3,2
9606.ENSP00000392262,11.3,3
9606.ENSP00000218104,11.3,7
9606.ENSP00000421736,11.2,12
9606.ENSP00000456218,11.2,5
9606.ENSP00000288670,11.2,25
9606.ENSP00000360270,11.2,7
9606.ENSP00000262288,11.2,4
9606.ENSP00000355601,11.2,4
9606.ENSP00000481697,11.2,2
9606.ENSP00000323183,11.2,4
9606.ENSP00000012049,11.1,3
9606.ENSP00000369129,11.1,36
9606.ENSP00000350333,11.1,7
9606.ENSP00000367050,11.1,11
9606.ENSP00000285667,11.1,4
9606.ENSP00000282276,11.1,5
9606.ENSP00000338171,11.1,7
9606.ENSP00000457870,11.1,2
9606.ENSP00000331748,11.1,10
9606.ENSP00000490935,11.1,5
9606.ENSP00000302543,11.1,1
9606.ENSP00000393719,11.1,2
9606.ENSP00000370201,11.1,2
9606.ENSP00000266970,11.1,17
9606.ENSP00000215574,11.1,2
9606.ENSP00000323635,11.1,4
9606.ENSP00000385722,11.1,23
9606.ENSP00000429084,11.1,17
9606.ENSP00000369162,11,3
9606.ENSP00000258742,11,2
9606.ENSP00000381652,11,3
9606.ENSP00000412869,11,19
9606.ENSP00000458021,11,3
9606.ENSP00000261250,11,5
9606.ENSP00000426948,11,26
9606.ENSP00000325561,11,5
9606.ENSP00000263549,11,10
9606.ENSP00000348510,11,19
9606.ENSP00000355124,11,46
9606.ENSP00000406970,10.9,2
9606.ENSP00000353910,10.9,5
9606.ENSP00000344218,10.9,1
9606.ENSP00000282026,10.9,12
9606.ENSP00000217455,10.9,3
9606.ENSP00000251775,10.9,4
9606.ENSP00000358716,10.9,8
9606.ENSP00000396935,10.9,5
9606.ENSP00000369390,10.9,17
9606.ENSP00000326767,10.9,3
9606.ENSP00000482438,10.9,1
9606.ENSP00000242257,10.9,4
9606.ENSP00000447650,10.9,2
9606.ENSP00000403524,10.9,6
9606.ENSP00000354091,10.9,6
9606.ENSP00000392495,10.9,3
9606.ENSP00000299192,10.9,6
9606.ENSP00000468592,10.8,7
9606.ENSP00000382269,10.8,30
9606.ENSP00000342502,10.8,3
9606.ENSP00000263253,10.8,37
9606.ENSP00000354571,10.8,2
9606.ENSP00000453095,10.8,9
9606.ENSP00000437409,10.8,3
9606.ENSP00000311005,10.8,3
9606.ENSP00000362948,10.8,1
9606.ENSP00000378198,10.7,10
9606.ENSP00000415433,10.7,4
9606.ENSP00000432412,10.7,3
9606.ENSP00000362153,10.7,5
9606.ENSP00000373979,10.7,11
9606.ENSP00000364150,10.7,9
9606.ENSP00000216797,10.7,1
9606.ENSP00000484736,10.7,4
9606.ENSP00000352572,10.7,28
9606.ENSP00000170447,10.6,4
9606.ENSP00000369274,10.6,14
9606.ENSP00000313377,10.6,6
9606.ENSP00000386710,10.6,6
9606.ENSP00000301159,10.6,2
9606.ENSP00000337393,10.6,2
9606.ENSP00000285697,10.6,1
9606.ENSP00000469534,10.6,9
9606.ENSP00000231509,10.6,7
9606.ENSP00000498881,10.6,15
9606.ENSP00000400099,10.6,10
9606.ENSP00000249396,10.6,4
9606.ENSP00000429517,10.6,1
9606.ENSP00000359050,10.6,7
9606.ENSP00000391803,10.6,13
9606.ENSP00000501088,10.6,4
9606.ENSP00000352314,10.6,5
9606.ENSP00000354826,10.5,10
9606.ENSP00000277746,10.5,1
9606.ENSP00000477868,10.5,5
9606.ENSP00000204679,10.5,2
9606.ENSP00000379173,10.5,5
9606.ENSP00000354633,10.5,1
9606.ENSP00000377735,10.5,2
9606.ENSP00000361021,10.5,4
9606.ENSP00000296603,10.5,4
9606.ENSP00000377546,10.5,50
9606.ENSP00000268933,10.4,8
9606.ENSP00000361653,10.4,5
9606.ENSP00000413861,10.4,3
9606.ENSP00000300006,10.4,3
9606.ENSP00000262244,10.4,5
9606.ENSP00000357812,10.4,3
9606.ENSP00000297135,10.4,9
9606.ENSP00000444136,10.4,9
9606.ENSP00000479910,10.4,3
9606.ENSP00000326128,10.4,7
9606.ENSP00000382423,10.4,8
9606.ENSP00000427004,10.4,7
9606.ENSP00000358695,10.3,4
9606.ENSP00000371278,10.3,2
9606.ENSP00000335044,10.3,7
9606.ENSP00000396749,10.3,6
9606.ENSP00000483228,10.3,16
9606.ENSP00000202017,10.3,1
9606.ENSP00000393596,10.3,30
9606.ENSP00000354357,10.2,5
9606.ENSP00000360252,10.2,6
9606.ENSP00000274643,10.2,14
9606.ENSP00000490953,10.2,5
9606.ENSP00000440100,10.2,9
9606.ENSP00000441000,10.2,9
9606.ENSP00000025301,10.2,12
9606.ENSP00000356155,10.1,15
9606.ENSP00000497815,10.1,7
9606.ENSP00000278505,10.1,4
9606.ENSP00000346671,10.1,13
9606.ENSP00000305071,10.1,2
9606.ENSP00000306123,10.1,8
9606.ENSP00000334836,10.1,8
9606.ENSP00000340330,10.1,4
9606.ENSP00000360327,10.1,3
9606.ENSP00000275730,10.1,6
9606.ENSP00000315659,10.1,14
9606.ENSP00000357883,10.1,4
9606.ENSP00000378935,10.1,2
9606.ENSP00000267415,10.1,4
9606.ENSP00000361066,10.1,11
9606.ENSP00000285419,10.1,1
9606.ENSP00000379430,10,4
9606.ENSP00000428714,10,12
9606.ENSP00000386935,10,5
9606.ENSP00000492220,10,15
9606.ENSP00000335247,10,4
9606.ENSP00000372067,10,10
9606.ENSP00000418232,9.98,9
9606.ENSP00000438085,9.98,6
9606.ENSP00000297988,9.98,3
9606.ENSP00000263578,9.98,2
9606.ENSP00000280665,9.97,3
9606.ENSP00000309968,9.96,7
9606.ENSP00000478783,9.95,12
9606.ENSP00000384408,9.94,8
9606.ENSP00000282251,9.93,7
9606.ENSP00000415836,9.93,4
9606.ENSP00000394751,9.92,6
9606.ENSP00000459019,9.92,1
9606.ENSP00000232501,9.87,4
9606.ENSP00000331682,9.86,5
9606.ENSP00000317473,9.86,3
9606.ENSP00000381047,9.86,3
9606.ENSP00000308012,9.85,14
9606.ENSP00000327436,9.84,6
9606.ENSP00000348054,9.83,1
9606.ENSP00000465231,9.81,11
9606.ENSP00000288078,9.81,7
9606.ENSP00000336868,9.81,1
9606.ENSP00000254442,9.79,12
9606.ENSP00000254759,9.77,2
9606.ENSP00000280097,9.77,3
9606.ENSP00000399403,9.76,14
9606.ENSP00000245414,9.76,2
9606.ENSP00000380659,9.76,5
9606.ENSP00000375809,9.75,8
9606.ENSP00000340220,9.75,4
9606.ENSP00000261191,9.74,11
9606.ENSP00000351642,9.74,2
9606.ENSP00000387641,9.73,46
9606.ENSP00000373340,9.72,8
9606.ENSP00000244007,9.69,11
9606.ENSP00000436786,9.68,27
9606.ENSP00000323424,9.68,4
9606.ENSP00000326227,9.67,6
9606.ENSP00000370975,9.66,1
9606.ENSP00000365756,9.65,6
9606.ENSP00000363419,9.65,1
9606.ENSP00000479370,9.65,2
9606.ENSP00000306490,9.65,7
9606.ENSP00000387393,9.64,6
9606.ENSP00000376139,9.62,2
9606.ENSP00000345633,9.61,7
9606.ENSP00000365770,9.61,5
9606.ENSP00000307858,9.61,4
9606.ENSP00000315564,9.59,10
9606.ENSP00000371221,9.58,6
9606.ENSP00000386992,9.58,8
9606.ENSP00000369126,9.57,8
9606.ENSP00000358307,9.57,5
9606.ENSP00000362680,9.55,14
9606.ENSP00000374265,9.54,3
9606.ENSP00000439800,9.53,11
9606.ENSP00000473665,9.53,10
9606.ENSP00000339404,9.53,4
9606.ENSP00000356056,9.53,1
9606.ENSP00000365076,9.53,1
9606.ENSP00000354964,9.52,18
9606.ENSP00000379869,9.52,2
9606.ENSP00000357869,9.51,7
9606.ENSP00000358147,9.51,3
9606.ENSP00000439244,9.51,6
9606.ENSP00000469811,9.5,2
9606.ENSP00000479060,9.48,2
9606.ENSP00000310620,9.47,5
9606.ENSP00000258654,9.46,8
9606.ENSP00000368318,9.45,2
9606.ENSP00000219476,9.44,11
9606.ENSP00000393098,9.44,3
9606.ENSP00000359683,9.44,9
9606.ENSP00000265343,9.44,7
9606.ENSP00000380793,9.43,3
9606.ENSP00000469981,9.41,2
9606.ENSP00000346955,9.41,2
9606.ENSP00000376258,9.4,2
9606.ENSP00000369465,9.4,4
9606.ENSP00000357484,9.4,6
9606.ENSP00000366006,9.4,1
9606.ENSP00000345206,9.38,5
9606.ENSP00000329932,9.38,10
9606.ENSP00000444743,9.37,6
9606.ENSP00000263881,9.36,25
9606.ENSP00000324956,9.36,5
9606.ENSP00000356563,9.35,5
9606.ENSP00000297440,9.34,7
9606.ENSP00000260129,9.34,5
9606.ENSP00000361231,9.34,2
9606.ENSP00000266025,9.31,4
9606.ENSP00000349503,9.29,3
9606.ENSP00000419475,9.29,2
9606.ENSP00000382021,9.28,3
9606.ENSP00000269445,9.28,5
9606.ENSP00000438040,9.27,3
9606.ENSP00000320869,9.26,6
9606.ENSP00000284440,9.26,1
9606.ENSP00000262188,9.26,15
9606.ENSP00000365435,9.23,1
9606.ENSP00000248071,9.21,2
9606.ENSP00000216484,9.2,5
9606.ENSP00000358497,9.19,5
9606.ENSP00000326247,9.17,14
9606.ENSP00000300128,9.16,6
9606.ENSP00000418734,9.16,5
9606.ENSP00000366945,9.16,4
9606.ENSP00000257700,9.15,8
9606.ENSP00000373354,9.15,5
9606.ENSP00000259569,9.15,20
9606.ENSP00000497609,9.15,10
9606.ENSP00000446880,9.15,7
9606.ENSP00000388001,9.13,3
9606.ENSP00000204517,9.13,2
9606.ENSP00000307443,9.13,10
9606.ENSP00000265967,9.12,10
9606.ENSP00000349116,9.11,21
9606.ENSP00000368305,9.09,4
9606.ENSP00000347277,9.07,2
9606.ENSP00000286794,9.06,5
9606.ENSP00000415034,9.06,14
9606.ENSP00000361287,9.06,5
9606.ENSP00000221086,9.05,4
9606.ENSP00000337168,9.04,17
9606.ENSP00000441140,9.03,9
9606.ENSP00000273077,9.03,2
9606.ENSP00000354848,9.01,10
9606.ENSP00000385780,8.99,8
9606.ENSP00000251636,8.97,10
9606.ENSP00000438455,8.96,1
9606.ENSP00000261245,8.96,2
9606.ENSP00000262809,8.88,5
9606.ENSP00000295926,8.87,3
9606.ENSP00000409231,8.87,4
9606.ENSP00000263710,8.87,11
9606.ENSP00000422188,8.87,5
9606.ENSP00000285071,8.86,2
9606.ENSP00000356530,8.85,6
9606.ENSP00000246115,8.85,3
9606.ENSP00000257604,8.84,6
9606.ENSP00000358400,8.84,35
9606.ENSP00000281081,8.84,2
9606.ENSP00000296149,8.83,2
9606.ENSP00000262752,8.83,21
9606.ENSP00000262741,8.82,23
9606.ENSP00000499251,8.82,3
9606.ENSP00000382177,8.82,13
9606.ENSP00000346599,8.82,3
9606.ENSP00000387362,8.82,7
9606.ENSP00000343428,8.81,2
9606.ENSP00000376268,8.81,5
9606.ENSP00000354543,8.8,2
9606.ENSP00000455308,8.79,5
9606.ENSP00000321706,8.78,10
9606.ENSP00000264080,8.78,5
9606.ENSP00000376071,8.77,3
9606.ENSP00000478253,8.77,14
9606.ENSP00000298746,8.76,4
9606.ENSP00000498867,8.76,9
9606.ENSP00000408292,8.74,20
9606.ENSP00000309644,8.74,2
9606.ENSP00000477792,8.73,3
9606.ENSP00000333920,8.72,4
9606.ENSP00000290429,8.71,2
9606.ENSP00000254101,8.69,13
9606.ENSP00000439913,8.69,23
9606.ENSP00000413150,8.69,3
9606.ENSP00000301202,8.67,3
9606.ENSP00000355574,8.67,1
9606.ENSP00000296473,8.66,10
9606.ENSP00000218004,8.65,1
9606.ENSP00000410758,8.63,1
9606.ENSP00000254695,8.63,5
9606.ENSP00000430269,8.63,8
9606.ENSP00000428619,8.62,13
9606.ENSP00000337289,8.61,13
9606.ENSP00000266529,8.59,1
9606.ENSP00000358518,8.59,5
9606.ENSP00000479624,8.59,5
9606.ENSP00000477530,8.59,5
9606.ENSP00000385823,8.59,20
9606.ENSP00000305442,8.59,7
9606.ENSP00000352185,8.58,10
9606.ENSP00000310260,8.57,5
9606.ENSP00000360922,8.56,4
9606.ENSP00000387239,8.56,8
9606.ENSP00000449785,8.55,1
9606.ENSP00000301067,8.55,22
9606.ENSP00000493218,8.54,2
9606.ENSP00000360966,8.53,3
9606.ENSP00000483667,8.53,13
9606.ENSP00000360899,8.53,4
9606.ENSP00000440125,8.51,8
9606.ENSP00000328358,8.5,55
9606.ENSP00000409924,8.49,8
9606.ENSP00000350676,8.49,6
9606.ENSP00000320188,8.48,3
9606.ENSP00000002125,8.47,5
9606.ENSP00000262109,8.46,3
9606.ENSP00000365682,8.46,8
9606.ENSP00000380352,8.46,5
9606.ENSP00000391457,8.45,2
9606.ENSP00000290208,8.45,2
9606.ENSP00000267436,8.43,4
9606.ENSP00000440273,8.43,4
9606.ENSP00000369131,8.43,7
9606.ENSP00000356746,8.42,16
9606.ENSP00000381448,8.41,1
9606.ENSP00000299705,8.4,5
9606.ENSP00000410042,8.38,11
9606.ENSP00000294435,8.38,1
9606.ENSP00000348395,8.38,3
9606.ENSP00000359386,8.38,1
9606.ENSP00000375220,8.37,15
9606.ENSP00000365694,8.35,9
9606.ENSP00000409555,8.35,2
9606.ENSP00000345096,8.35,5
9606.ENSP00000253382,8.35,6
9606.ENSP00000367527,8.34,2
9606.ENSP00000234195,8.34,4
9606.ENSP00000354152,8.33,1
9606.ENSP00000489442,8.33,6
9606.ENSP00000238831,8.33,2
9606.ENSP00000257177,8.32,16
9606.ENSP00000264110,8.32,5
9606.ENSP00000498671,8.31,5
9606.ENSP00000441953,8.31,4
9606.ENSP00000262374,8.3,4
9606.ENSP00000363973,8.3,4
9606.ENSP00000220822,8.29,2
9606.ENSP00000372023,8.29,4
9606.ENSP00000368648,8.28,2
9606.ENSP00000292566,8.28,2
9606.ENSP00000478212,8.28,4
9606.ENSP00000401720,8.28,8
9606.ENSP00000170564,8.27,4
9606.ENSP00000262965,8.27,2
9606.ENSP00000316589,8.27,3
9606.ENSP00000389427,8.26,1
9606.ENSP00000363824,8.26,2
9606.ENSP00000334051,8.26,24
9606.ENSP00000498402,8.25,2
9606.ENSP00000393559,8.24,6
9606.ENSP00000252486,8.23,2
9606.ENSP00000293860,8.22,1
9606.ENSP00000294258,8.22,3
9606.ENSP00000261507,8.2,1
9606.ENSP00000307014,8.2,36
9606.ENSP00000353739,8.2,3
9606.ENSP00000402537,8.2,7
9606.ENSP00000363193,8.19,12
9606.ENSP00000406478,8.19,4
9606.ENSP00000270502,8.17,3
9606.ENSP00000362409,8.16,3
9606.ENSP00000251372,8.16,7
9606.ENSP00000340427,8.16,6
9606.ENSP00000349970,8.15,2
9606.ENSP00000222345,8.12,15
9606.ENSP00000261888,8.12,2
9606.ENSP00000484175,8.12,2
9606.ENSP00000497053,8.11,27
9606.ENSP00000360181,8.11,1
9606.ENSP00000308770,8.11,2
9606.ENSP00000377504,8.1,3
9606.ENSP00000399696,8.1,5
9606.ENSP00000354451,8.09,45
9606.ENSP00000271555,8.08,8
9606.ENSP00000356381,8.08,8
9606.ENSP00000351407,8.07,4
9606.ENSP00000315299,8.06,11
9606.ENSP00000366243,8.05,12
9606.ENSP00000338532,8.04,2
9606.ENSP00000288774,8.04,2
9606.ENSP00000394183,8.03,1
9606.ENSP00000454545,8.03,6
9606.ENSP00000275227,8.02,1
9606.ENSP00000495556,8.01,11
9606.ENSP00000358042,8,4
9606.ENSP00000307272,7.99,7
9606.ENSP00000342962,7.99,2
9606.ENSP00000312143,7.98,8
9606.ENSP00000372199,7.98,14
9606.ENSP00000378965,7.98,4
9606.ENSP00000367086,7.97,2
9606.ENSP00000462521,7.97,2
9606.ENSP00000357152,7.97,2
9606.ENSP00000494678,7.97,6
9606.ENSP00000342538,7.96,6
9606.ENSP00000262815,7.95,5
9606.ENSP00000362306,7.94,20
9606.ENSP00000420211,7.93,4
9606.ENSP00000417569,7.92,6
9606.ENSP00000270517,7.91,5
9606.ENSP00000310842,7.9,23
9606.ENSP00000449241,7.89,10
9606.ENSP00000356849,7.89,3
9606.ENSP00000262384,7.89,6
9606.ENSP00000326888,7.89,5
9606.ENSP00000288087,7.88,2
9606.ENSP00000321617,7.88,4
9606.ENSP00000332340,7.88,6
9606.ENSP00000251993,7.87,3
9606.ENSP00000470086,7.86,1
9606.ENSP00000357907,7.86,4
9606.ENSP00000361446,7.85,9
9606.ENSP00000381070,7.85,3
9606.ENSP00000384527,7.84,6
9606.ENSP00000455547,7.84,5
9606.ENSP00000498524,7.83,4
9606.ENSP00000430236,7.83,2
9606.ENSP00000362287,7.8,21
9606.ENSP00000265909,7.79,4
9606.ENSP00000480821,7.79,3
9606.ENSP00000311368,7.78,1
9606.ENSP00000386146,7.78,2
9606.ENSP00000297157,7.78,1
9606.ENSP00000500582,7.77,8
9606.ENSP00000271375,7.76,1
9606.ENSP00000319829,7.75,5
9606.ENSP00000343690,7.74,9
9606.ENSP00000269397,7.74,3
9606.ENSP00000350681,7.73,1
9606.ENSP00000316842,7.73,8
9606.ENSP00000323879,7.72,2
9606.ENSP00000261716,7.72,14
9606.ENSP00000298552,7.71,5
9606.ENSP00000362942,7.71,4
9606.ENSP00000479921,7.7,2
9606.ENSP00000010299,7.7,2
9606.ENSP00000470652,7.69,1
9606.ENSP00000327487,7.68,4
9606.ENSP00000251119,7.68,15
9606.ENSP00000396688,7.68,18
9606.ENSP00000450969,7.67,9
9606.ENSP00000310520,7.66,7
9606.ENSP00000368414,7.64,4
9606.ENSP00000304713,7.64,3
9606.ENSP00000392767,7.63,1
9606.ENSP00000402084,7.63,3
9606.ENSP00000251157,7.62,25
9606.ENSP00000354085,7.61,21
9606.ENSP00000356033,7.6,4
9606.ENSP00000481109,7.59,6
9606.ENSP00000309233,7.59,3
9606.ENSP00000384996,7.58,6
9606.ENSP00000264151,7.58,3
9606.ENSP00000401888,7.58,11
9606.ENSP00000443459,7.57,14
9606.ENSP00000316109,7.56,4
9606.ENSP00000462309,7.56,1
9606.ENSP00000302537,7.53,5
9606.ENSP00000365678,7.52,1
9606.ENSP00000318602,7.51,4
9606.ENSP00000171757,7.5,2
9606.ENSP00000358778,7.49,4
9606.ENSP00000491742,7.49,17
9606.ENSP00000319501,7.49,3
9606.ENSP00000408617,7.49,5
9606.ENSP00000222329,7.49,2
9606.ENSP00000339524,7.48,2
9606.ENSP00000321544,7.48,3
9606.ENSP00000329466,7.48,2
9606.ENSP00000246912,7.48,1
9606.ENSP00000449756,7.47,3
9606.ENSP00000452793,7.45,2
9606.ENSP00000434614,7.43,4
9606.ENSP00000427802,7.42,4
9606.ENSP00000369948,7.42,1
9606.ENSP00000290200,7.42,4
9606.ENSP00000450832,7.39,10
9606.ENSP00000244496,7.39,2
9606.ENSP00000411197,7.38,13
9606.ENSP00000492001,7.37,6
9606.ENSP00000315387,7.36,2
9606.ENSP00000414884,7.35,1
9606.ENSP00000311500,7.33,2
9606.ENSP00000379901,7.33,2
9606.ENSP00000296051,7.32,9
9606.ENSP00000418582,7.32,1
9606.ENSP00000345064,7.31,3
9606.ENSP00000388920,7.3,1
9606.ENSP00000458986,7.3,7
9606.ENSP00000341528,7.3,7
9606.ENSP00000434435,7.29,3
9606.ENSP00000426654,7.29,5
9606.ENSP00000480524,7.27,24
9606.ENSP00000431885,7.26,14
9606.ENSP00000320251,7.26,4
9606.ENSP00000366240,7.26,1
9606.ENSP00000403310,7.25,4
9606.ENSP00000399415,7.25,7
9606.ENSP00000367830,7.25,3
9606.ENSP00000220751,7.25,4
9606.ENSP00000308000,7.24,4
9606.ENSP00000267484,7.24,3
9606.ENSP00000490767,7.24,2
9606.ENSP00000390625,7.23,14
9606.ENSP00000239830,7.23,4
9606.ENSP00000402038,7.23,4
9606.ENSP00000247668,7.23,4
9606.ENSP00000314129,7.21,11
9606.ENSP00000264380,7.21,10
9606.ENSP00000369871,7.2,9
9606.ENSP00000361580,7.2,2
9606.ENSP00000432016,7.19,21
9606.ENSP00000428787,7.18,8
9606.ENSP00000370394,7.17,5
9606.ENSP00000439937,7.17,3
9606.ENSP00000329374,7.17,8
9606.ENSP00000429168,7.17,2
9606.ENSP00000498386,7.17,7
9606.ENSP00000262262,7.17,2
9606.ENSP00000369045,7.17,2
9606.ENSP00000425864,7.17,1
9606.ENSP00000314023,7.16,2
9606.ENSP00000377936,7.15,7
9606.ENSP00000382104,7.14,14
9606.ENSP00000364737,7.14,1
9606.ENSP00000347924,7.13,2
9606.ENSP00000342676,7.13,2
9606.ENSP00000365919,7.13,4
9606.ENSP00000406723,7.13,24
9606.ENSP00000377401,7.12,2
9606.ENSP00000011619,7.12,3
9606.ENSP00000501053,7.12,8
9606.ENSP00000353401,7.12,10
9606.ENSP00000378292,7.12,18
9606.ENSP00000347548,7.11,4
9606.ENSP00000475473,7.11,1
9606.ENSP00000483921,7.1,2
9606.ENSP00000410470,7.1,12
9606.ENSP00000405890,7.08,3
9606.ENSP00000394734,7.08,3
9606.ENSP00000316729,7.08,10
9606.ENSP00000350386,7.08,3
9606.ENSP00000389900,7.08,4
9606.ENSP00000422947,7.07,9
9606.ENSP00000367623,7.07,4
9606.ENSP00000326693,7.06,3
9606.ENSP00000256545,7.06,1
9606.ENSP00000359664,7.05,2
9606.ENSP00000313869,7.04,2
9606.ENSP00000368994,7.03,10
9606.ENSP00000380116,7.03,1
9606.ENSP00000411152,7.03,6
9606.ENSP00000391121,7.03,2
9606.ENSP00000378426,7.03,1
9606.ENSP00000341189,7.02,7
9606.ENSP00000386881,7.01,19
9606.ENSP00000319192,7,1
9606.ENSP00000381266,7,2
9606.ENSP00000263073,7,8
9606.ENSP00000294507,6.95,1
9606.ENSP00000363873,6.95,1
9606.ENSP00000399968,6.94,5
9606.ENSP00000440984,6.93,16
9606.ENSP00000328515,6.93,1
9606.ENSP00000351475,6.92,5
9606.ENSP00000384211,6.92,10
9606.ENSP00000356599,6.92,3
9606.ENSP00000391601,6.91,3
9606.ENSP00000361483,6.91,6
9606.ENSP00000415436,6.9,3
9606.ENSP00000362381,6.89,4
9606.ENSP00000493357,6.89,6
9606.ENSP00000245907,6.89,10
9606.ENSP00000053867,6.89,4
9606.ENSP00000466363,6.89,3
9606.ENSP00000262623,6.88,31
9606.ENSP00000429065,6.88,3
9606.ENSP00000378974,6.87,5
9606.ENSP00000369473,6.87,1
9606.ENSP00000327459,6.87,4
9606.ENSP00000305449,6.86,3
9606.ENSP00000291842,6.86,3
9606.ENSP00000316609,6.86,1
9606.ENSP00000470087,6.86,4
9606.ENSP00000349305,6.85,14
9606.ENSP00000441641,6.84,3
9606.ENSP00000478070,6.84,2
9606.ENSP00000254878,6.83,1
9606.ENSP00000368397,6.83,2
9606.ENSP00000448083,6.8,2
9606.ENSP00000263383,6.8,3
9606.ENSP00000307265,6.79,3
9606.ENSP00000249700,6.79,5
9606.ENSP00000484288,6.78,4
9606.ENSP00000472445,6.78,11
9606.ENSP00000430338,6.76,4
9606.ENSP00000475724,6.75,10
9606.ENSP00000306185,6.75,4
9606.ENSP00000266987,6.74,1
9606.ENSP00000361423,6.74,5
9606.ENSP00000269856,6.73,14
9606.ENSP00000228641,6.72,9
9606.ENSP00000016946,6.71,74
9606.ENSP00000330842,6.71,74
9606.ENSP00000369895,6.7,1
9606.ENSP00000345268,6.69,1
9606.ENSP00000363603,6.69,3
9606.ENSP00000354972,6.69,4
9606.ENSP00000368868,6.68,7
9606.ENSP00000306637,6.68,74
9606.ENSP00000440066,6.68,1
9606.ENSP00000350686,6.67,4
9606.ENSP00000343001,6.64,7
9606.ENSP00000310094,6.64,9
9606.ENSP00000364486,6.63,3
9606.ENSP00000353270,6.63,2
9606.ENSP00000243662,6.62,5
9606.ENSP00000384369,6.61,2
9606.ENSP00000324203,6.61,2
9606.ENSP00000380904,6.6,2
9606.ENSP00000312284,6.6,1
9606.ENSP00000393541,6.59,1
9606.ENSP00000454303,6.59,3
9606.ENSP00000258214,6.57,2
9606.ENSP00000260383,6.57,4
9606.ENSP00000397402,6.56,1
9606.ENSP00000360715,6.56,1
9606.ENSP00000462945,6.55,1
9606.ENSP00000263733,6.55,2
9606.ENSP00000321195,6.55,7
9606.ENSP00000306906,6.55,1
9606.ENSP00000405252,6.55,2
9606.ENSP00000348775,6.54,4
9606.ENSP00000346635,6.53,7
9606.ENSP00000469242,6.53,47
9606.ENSP00000493184,6.53,4
9606.ENSP00000382379,6.52,8
9606.ENSP00000386419,6.52,2
9606.ENSP00000303507,6.51,9
9606.ENSP00000292879,6.51,5
9606.ENSP00000371897,6.51,5
9606.ENSP00000460437,6.5,1
9606.ENSP00000473200,6.5,2
9606.ENSP00000395204,6.49,4
9606.ENSP00000500633,6.49,2
9606.ENSP00000080059,6.48,6
9606.ENSP00000295887,6.47,3
9606.ENSP00000481859,6.47,8
9606.ENSP00000309792,6.46,1
9606.ENSP00000302456,6.46,1
9606.ENSP00000417451,6.45,23
9606.ENSP00000489687,6.44,7
9606.ENSP00000360869,6.44,2
9606.ENSP00000409463,6.43,1
9606.ENSP00000261593,6.43,1
9606.ENSP00000233379,6.43,12
9606.ENSP00000359216,6.43,12
9606.ENSP00000471921,6.42,1
9606.ENSP00000272444,6.42,2
9606.ENSP00000403396,6.41,3
9606.ENSP00000389176,6.41,2
9606.ENSP00000260010,6.4,6
9606.ENSP00000296953,6.39,3
9606.ENSP00000263966,6.38,9
9606.ENSP00000357118,6.38,3
9606.ENSP00000433623,6.37,2
9606.ENSP00000498136,6.37,6
9606.ENSP00000384296,6.37,4
9606.ENSP00000325612,6.37,4
9606.ENSP00000371846,6.36,2
9606.ENSP00000370288,6.35,3
9606.ENSP00000402855,6.35,1
9606.ENSP00000262144,6.34,5
9606.ENSP00000346160,6.34,1
9606.ENSP00000451000,6.33,3
9606.ENSP00000007390,6.32,1
9606.ENSP00000348848,6.32,2
9606.ENSP00000287322,6.31,2
9606.ENSP00000497271,6.31,6
9606.ENSP00000230122,6.31,3
9606.ENSP00000357631,6.31,6
9606.ENSP00000493999,6.3,1
9606.ENSP00000367355,6.3,2
9606.ENSP00000251871,6.29,7
9606.ENSP00000365162,6.29,15
9606.ENSP00000400533,6.27,1
9606.ENSP00000353518,6.27,5
9606.ENSP00000263334,6.26,6
9606.ENSP00000347427,6.24,10
9606.ENSP00000384675,6.23,8
9606.ENSP00000359127,6.23,1
9606.ENSP00000262126,6.22,6
9606.ENSP00000445162,6.22,1
9606.ENSP00000319814,6.21,8
9606.ENSP00000300213,6.21,1
9606.ENSP00000250416,6.21,9
9606.ENSP00000377250,6.2,10
9606.ENSP00000292330,6.2,1
9606.ENSP00000262291,6.2,1
9606.ENSP00000477627,6.2,11
9606.ENSP00000360526,6.19,5
9606.ENSP00000402515,6.19,22
9606.ENSP00000297265,6.18,4
9606.ENSP00000345853,6.18,1
9606.ENSP00000269945,6.18,7
9606.ENSP00000337452,6.17,1
9606.ENSP00000361625,6.17,1
9606.ENSP00000378485,6.16,8
9606.ENSP00000495240,6.16,15
9606.ENSP00000430075,6.16,11
9606.ENSP00000368237,6.16,4
9606.ENSP00000296782,6.16,11
9606.ENSP00000328551,6.15,1
9606.ENSP00000281437,6.15,1
9606.ENSP00000321997,6.15,11
9606.ENSP00000359904,6.15,1
9606.ENSP00000343445,6.15,15
9606.ENSP00000362027,6.14,4
9606.ENSP00000261881,6.14,1
9606.ENSP00000379839,6.13,4
9606.ENSP00000222256,6.13,14
9606.ENSP00000470123,6.13,2
9606.ENSP00000277575,6.12,4
9606.ENSP00000311280,6.11,6
9606.ENSP00000221859,6.11,1
9606.ENSP00000253457,6.11,1
9606.ENSP00000314004,6.11,6
9606.ENSP00000381823,6.1,4
9606.ENSP00000293883,6.09,4
9606.ENSP00000294129,6.09,3
9606.ENSP00000311825,6.08,13
9606.ENSP00000290649,6.08,2
9606.ENSP00000334068,6.07,1
9606.ENSP00000390535,6.07,8
9606.ENSP00000325681,6.07,7
9606.ENSP00000314544,6.07,7
9606.ENSP00000357047,6.05,9
9606.ENSP00000225983,6.05,8
9606.ENSP00000355771,6.04,8
9606.ENSP00000298281,6.04,9
9606.ENSP00000340507,6.03,7
9606.ENSP00000358549,6.03,5
9606.ENSP00000307240,6.02,35
9606.ENSP00000338990,6.01,1
9606.ENSP00000325785,6.01,5
9606.ENSP00000368356,6,8
9606.ENSP00000376753,6,2
9606.ENSP00000233027,5.99,4
9606.ENSP00000368017,5.99,10
9606.ENSP00000357315,5.99,11
9606.ENSP00000378320,5.98,5
9606.ENSP00000364449,5.98,6
9606.ENSP00000229266,5.98,1
9606.ENSP00000311984,5.96,2
9606.ENSP00000457168,5.95,13
9606.ENSP00000185150,5.95,3
9606.ENSP00000391723,5.95,6
9606.ENSP00000359606,5.95,2
9606.ENSP00000304364,5.95,1
9606.ENSP00000376197,5.94,4
9606.ENSP00000375618,5.94,7
9606.ENSP00000372191,5.94,2
9606.ENSP00000258201,5.93,5
9606.ENSP00000300659,5.93,10
9606.ENSP00000303511,5.93,4
9606.ENSP00000422907,5.92,4
9606.ENSP00000283752,5.91,15
9606.ENSP00000371728,5.91,3
9606.ENSP00000321546,5.91,2
9606.ENSP00000378784,5.91,4
9606.ENSP00000483484,5.91,1
9606.ENSP00000254928,5.9,21
9606.ENSP00000264651,5.9,25
9606.ENSP00000498737,5.89,5
9606.ENSP00000362082,5.89,6
9606.ENSP00000322802,5.87,1
9606.ENSP00000318629,5.87,2
9606.ENSP00000312082,5.86,7
9606.ENSP00000343290,5.85,6
9606.ENSP00000274400,5.85,4
9606.ENSP00000478255,5.84,7
9606.ENSP00000385808,5.84,4
9606.ENSP00000378557,5.84,6
9606.ENSP00000273062,5.82,2
9606.ENSP00000292114,5.82,1
9606.ENSP00000184956,5.81,5
9606.ENSP00000390941,5.81,2
9606.ENSP00000465213,5.8,1
9606.ENSP00000295225,5.79,7
9606.ENSP00000274605,5.79,2
9606.ENSP00000462468,5.78,13
9606.ENSP00000337618,5.78,1
9606.ENSP00000385834,5.78,6
9606.ENSP00000357564,5.78,7
9606.ENSP00000448228,5.77,2
9606.ENSP00000456908,5.76,3
9606.ENSP00000363458,5.76,2
9606.ENSP00000476386,5.76,5
9606.ENSP00000283006,5.76,2
9606.ENSP00000310332,5.75,2
9606.ENSP00000340988,5.75,6
9606.ENSP00000396843,5.74,3
9606.ENSP00000302562,5.73,2
9606.ENSP00000307674,5.73,2
9606.ENSP00000328287,5.72,4
9606.ENSP00000334008,5.72,4
9606.ENSP00000364919,5.72,2
9606.ENSP00000481699,5.72,15
9606.ENSP00000222254,5.71,11
9606.ENSP00000292363,5.7,3
9606.ENSP00000348299,5.7,4
9606.ENSP00000259727,5.7,4
9606.ENSP00000473238,5.68,6
9606.ENSP00000470259,5.68,6
9606.ENSP00000219746,5.68,3
9606.ENSP00000299492,5.68,8
9606.ENSP00000442795,5.67,7
9606.ENSP00000374562,5.66,1
9606.ENSP00000348959,5.66,2
9606.ENSP00000011653,5.66,2
9606.ENSP00000361914,5.65,4
9606.ENSP00000351255,5.65,13
9606.ENSP00000289361,5.63,7
9606.ENSP00000260270,5.62,1
9606.ENSP00000353414,5.62,15
9606.ENSP00000265000,5.62,3
9606.ENSP00000238875,5.61,1
9606.ENSP00000367343,5.61,7
9606.ENSP00000282878,5.6,8
9606.ENSP00000498603,5.55,4
9606.ENSP00000332576,5.54,8
9606.ENSP00000345793,5.54,4
9606.ENSP00000497422,5.54,5
9606.ENSP00000479816,5.54,2
9606.ENSP00000262958,5.53,3
9606.ENSP00000274311,5.51,2
9606.ENSP00000357060,5.51,27
9606.ENSP00000498382,5.5,6
9606.ENSP00000161559,5.5,1
9606.ENSP00000302830,5.5,8
9606.ENSP00000369154,5.5,7
9606.ENSP00000352208,5.49,14
9606.ENSP00000355536,5.48,6
9606.ENSP00000302790,5.47,5
9606.ENSP00000364691,5.47,12
9606.ENSP00000297044,5.46,5
9606.ENSP00000202677,5.45,15
9606.ENSP00000374443,5.45,20
9606.ENSP00000367406,5.44,17
9606.ENSP00000258821,5.44,2
9606.ENSP00000490119,5.44,9
9606.ENSP00000482445,5.44,1
9606.ENSP00000360992,5.43,2
9606.ENSP00000280987,5.42,1
9606.ENSP00000300456,5.42,3
9606.ENSP00000498126,5.41,6
9606.ENSP00000350377,5.41,5
9606.ENSP00000387010,5.41,2
9606.ENSP00000398837,5.39,16
9606.ENSP00000328336,5.39,4
9606.ENSP00000254667,5.38,7
9606.ENSP00000216274,5.36,2
9606.ENSP00000382204,5.36,10
9606.ENSP00000352565,5.36,1
9606.ENSP00000160382,5.35,4
9606.ENSP00000290765,5.35,2
9606.ENSP00000259895,5.35,2
9606.ENSP00000324810,5.35,1
9606.ENSP00000386292,5.35,2
9606.ENSP00000234296,5.34,4
9606.ENSP00000369453,5.34,6
9606.ENSP00000389903,5.33,2
9606.ENSP00000303987,5.33,1
9606.ENSP00000368341,5.33,1
9606.ENSP00000357112,5.33,2
9606.ENSP00000406549,5.33,9
9606.ENSP00000297431,5.33,3
9606.ENSP00000308258,5.33,1
9606.ENSP00000408598,5.33,5
9606.ENSP00000291900,5.32,3
9606.ENSP00000216237,5.32,4
9606.ENSP00000433343,5.31,1
9606.ENSP00000315386,5.31,4
9606.ENSP00000360035,5.3,1
9606.ENSP00000483494,5.3,2
9606.ENSP00000390011,5.28,1
9606.ENSP00000489776,5.28,3
9606.ENSP00000379651,5.28,4
9606.ENSP00000351737,5.27,1
9606.ENSP00000365172,5.27,5
9606.ENSP00000378887,5.27,5
9606.ENSP00000155093,5.27,6
9606.ENSP00000359119,5.27,9
9606.ENSP00000484472,5.26,62
9606.ENSP00000367770,5.26,1
9606.ENSP00000362435,5.26,1
9606.ENSP00000324404,5.25,3
9606.ENSP00000378958,5.24,2
9606.ENSP00000387229,5.24,2
9606.ENSP00000490744,5.24,4
9606.ENSP00000346927,5.24,2
9606.ENSP00000392782,5.23,10
9606.ENSP00000315182,5.23,2
9606.ENSP00000371419,5.22,7
9606.ENSP00000313933,5.22,3
9606.ENSP00000264601,5.22,2
9606.ENSP00000364635,5.21,3
9606.ENSP00000355157,5.21,1
9606.ENSP00000362547,5.21,7
9606.ENSP00000257904,5.19,16
9606.ENSP00000479904,5.18,5
9606.ENSP00000302805,5.18,6
9606.ENSP00000498791,5.17,1
9606.ENSP00000284551,5.17,3
9606.ENSP00000379500,5.16,3
9606.ENSP00000386597,5.16,1
9606.ENSP00000338030,5.16,2
9606.ENSP00000347197,5.15,1
9606.ENSP00000242465,5.15,1
9606.ENSP00000353959,5.15,12
9606.ENSP00000342023,5.14,4
9606.ENSP00000303315,5.14,1
9606.ENSP00000386759,5.14,17
9606.ENSP00000185206,5.13,14
9606.ENSP00000477973,5.13,17
9606.ENSP00000453170,5.13,57
9606.ENSP00000443631,5.12,3
9606.ENSP00000381214,5.12,57
9606.ENSP00000360515,5.12,1
9606.ENSP00000238789,5.1,5
9606.ENSP00000490038,5.1,3
9606.ENSP00000295121,5.09,1
9606.ENSP00000274217,5.09,3
9606.ENSP00000261866,5.09,16
9606.ENSP00000263849,5.08,2
9606.ENSP00000221573,5.08,1
9606.ENSP00000393667,5.07,2
9606.ENSP00000326948,5.06,1
9606.ENSP00000359526,5.06,1
9606.ENSP00000325958,5.05,1
9606.ENSP00000303515,5.04,2
9606.ENSP00000264079,5.04,4
9606.ENSP00000468032,5.03,5
9606.ENSP00000485228,5.03,2
9606.ENSP00000385080,5.03,2
9606.ENSP00000364956,5.02,5
9606.ENSP00000476369,5.02,2
9606.ENSP00000261249,5.02,3
9606.ENSP00000347997,5.02,37
9606.ENSP00000366487,5.02,2
9606.ENSP00000366007,5.02,4
9606.ENSP00000378181,5.01,2
9606.ENSP00000359799,5.01,3
9606.ENSP00000323036,5.01,1
9606.ENSP00000338887,5.01,3
9606.ENSP00000373684,5,4
9606.ENSP00000413937,5,2
9606.ENSP00000481152,5,1
9606.ENSP00000352584,5,5
9606.ENSP00000360475,4.99,1
9606.ENSP00000403663,4.99,2
9606.ENSP00000403910,4.98,1
9606.ENSP00000310788,4.98,4
9606.ENSP00000263464,4.97,3
9606.ENSP00000366271,4.97,6
9606.ENSP00000379111,4.97,2
9606.ENSP00000337691,4.97,5
9606.ENSP00000286398,4.96,6
9606.ENSP00000478501,4.96,1
9606.ENSP00000358547,4.96,2
9606.ENSP00000314992,4.95,5
9606.ENSP00000262990,4.93,1
9606.ENSP00000355607,4.92,3
9606.ENSP00000368486,4.92,6
9606.ENSP00000337907,4.91,2
9606.ENSP00000285398,4.91,3
9606.ENSP00000262219,4.91,5
9606.ENSP00000299853,4.91,4
9606.ENSP00000346155,4.91,2
9606.ENSP00000460683,4.9,1
9606.ENSP00000437659,4.9,1
9606.ENSP00000462963,4.9,1
9606.ENSP00000249750,4.9,8
9606.ENSP00000292035,4.89,1
9606.ENSP00000339109,4.89,7
9606.ENSP00000410007,4.88,1
9606.ENSP00000495710,4.88,1
9606.ENSP00000232461,4.87,21
9606.ENSP00000261226,4.86,2
9606.ENSP00000331504,4.86,4
9606.ENSP00000375986,4.86,9
9606.ENSP00000258886,4.85,6
9606.ENSP00000359956,4.85,1
9606.ENSP00000326170,4.85,1
9606.ENSP00000500986,4.85,4
9606.ENSP00000325326,4.84,3
9606.ENSP00000450799,4.84,3
9606.ENSP00000247977,4.84,1
9606.ENSP00000240364,4.82,2
9606.ENSP00000005340,4.82,2
9606.ENSP00000344314,4.81,6
9606.ENSP00000311827,4.81,2
9606.ENSP00000483236,4.81,1
9606.ENSP00000437256,4.8,7
9606.ENSP00000270586,4.78,1
9606.ENSP00000312379,4.78,4
9606.ENSP00000365071,4.76,1
9606.ENSP00000299413,4.76,1
9606.ENSP00000263208,4.76,3
9606.ENSP00000296137,4.76,12
9606.ENSP00000355385,4.75,1
9606.ENSP00000357804,4.75,1
9606.ENSP00000493161,4.74,2
9606.ENSP00000400887,4.74,7
9606.ENSP00000265742,4.73,4
9606.ENSP00000308413,4.71,3
9606.ENSP00000496241,4.7,2
9606.ENSP00000310521,4.69,1
9606.ENSP00000261647,4.69,3
9606.ENSP00000007414,4.69,3
9606.ENSP00000311505,4.68,3
9606.ENSP00000264381,4.68,4
9606.ENSP00000311997,4.68,23
9606.ENSP00000401535,4.67,4
9606.ENSP00000376609,4.67,3
9606.ENSP00000225388,4.67,2
9606.ENSP00000246914,4.66,9
9606.ENSP00000387535,4.65,2
9606.ENSP00000496813,4.65,5
9606.ENSP00000348838,4.64,9
9606.ENSP00000260453,4.64,2
9606.ENSP00000376141,4.64,2
9606.ENSP00000351947,4.63,2
9606.ENSP00000363558,4.62,14
9606.ENSP00000353508,4.62,6
9606.ENSP00000318480,4.61,3
9606.ENSP00000490577,4.61,1
9606.ENSP00000351813,4.61,1
9606.ENSP00000216294,4.59,1
9606.ENSP00000403644,4.59,3
9606.ENSP00000400391,4.59,1
9606.ENSP00000352463,4.58,6
9606.ENSP00000267807,4.58,2
9606.ENSP00000360776,4.58,2
9606.ENSP00000384490,4.58,4
9606.ENSP00000340841,4.57,2
9606.ENSP00000359581,4.56,2
9606.ENSP00000391596,4.55,3
9606.ENSP00000264908,4.55,3
9606.ENSP00000436785,4.55,1
9606.ENSP00000485615,4.55,1
9606.ENSP00000374507,4.54,11
9606.ENSP00000267119,4.54,25
9606.ENSP00000261842,4.52,6
9606.ENSP00000366157,4.52,1
9606.ENSP00000292778,4.52,1
9606.ENSP00000306760,4.51,8
9606.ENSP00000359740,4.51,4
9606.ENSP00000421326,4.51,3
9606.ENSP00000258243,4.51,6
9606.ENSP00000493232,4.51,2
9606.ENSP00000306682,4.5,2
9606.ENSP00000252506,4.5,1
9606.ENSP00000322159,4.49,3
9606.ENSP00000381339,4.48,20
9606.ENSP00000419952,4.48,6
9606.ENSP00000449079,4.48,4
9606.ENSP00000324056,4.48,2
9606.ENSP00000263563,4.48,3
9606.ENSP00000370710,4.48,4
9606.ENSP00000309463,4.48,1
9606.ENSP00000369409,4.48,5
9606.ENSP00000261622,4.47,1
9606.ENSP00000499467,4.47,1
9606.ENSP00000320566,4.46,1
9606.ENSP00000354927,4.46,5
9606.ENSP00000251337,4.46,20
9606.ENSP00000376582,4.45,4
9606.ENSP00000474487,4.45,1
9606.ENSP00000276416,4.44,1
9606.ENSP00000362590,4.44,6
9606.ENSP00000356785,4.44,2
9606.ENSP00000447488,4.43,2
9606.ENSP00000481203,4.43,10
9606.ENSP00000246532,4.43,3
9606.ENSP00000400312,4.43,2
9606.ENSP00000348602,4.42,9
9606.ENSP00000486146,4.41,1
9606.ENSP00000349594,4.41,6
9606.ENSP00000384018,4.41,9
9606.ENSP00000339917,4.41,3
9606.ENSP00000424896,4.41,2
9606.ENSP00000395738,4.41,4
9606.ENSP00000262764,4.41,2
9606.ENSP00000356579,4.41,12
9606.ENSP00000334866,4.4,1
9606.ENSP00000244217,4.39,1
9606.ENSP00000381666,4.37,2
9606.ENSP00000297107,4.37,3
9606.ENSP00000275072,4.36,1
9606.ENSP00000215742,4.36,1
9606.ENSP00000299237,4.36,4
9606.ENSP00000417404,4.35,1
9606.ENSP00000363043,4.35,1
9606.ENSP00000303522,4.34,4
9606.ENSP00000249064,4.33,1
9606.ENSP00000467107,4.33,2
9606.ENSP00000243673,4.32,1
9606.ENSP00000378288,4.32,14
9606.ENSP00000269299,4.32,1
9606.ENSP00000361522,4.31,2
9606.ENSP00000475727,4.31,1
9606.ENSP00000305494,4.3,2
9606.ENSP00000221930,4.3,1
9606.ENSP00000441954,4.29,4
9606.ENSP00000359935,4.29,3
9606.ENSP00000025008,4.29,6
9606.ENSP00000418944,4.29,1
9606.ENSP00000395294,4.29,1
9606.ENSP00000262293,4.28,2
9606.ENSP00000487717,4.27,2
9606.ENSP00000359095,4.27,1
9606.ENSP00000295851,4.27,3
9606.ENSP00000485401,4.26,1
9606.ENSP00000261497,4.25,2
9606.ENSP00000384048,4.25,2
9606.ENSP00000319883,4.25,6
9606.ENSP00000479526,4.24,1
9606.ENSP00000341805,4.24,2
9606.ENSP00000223459,4.24,1
9606.ENSP00000412237,4.24,2
9606.ENSP00000339527,4.22,1
9606.ENSP00000476176,4.22,1
9606.ENSP00000344503,4.22,2
9606.ENSP00000246006,4.21,2
9606.ENSP00000287652,4.21,3
9606.ENSP00000364261,4.2,2
9606.ENSP00000468025,4.2,1
9606.ENSP00000345808,4.2,2
9606.ENSP00000263519,4.2,13
9606.ENSP00000383986,4.2,2
9606.ENSP00000249344,4.19,7
9606.ENSP00000361965,4.19,2
9606.ENSP00000272433,4.19,1
9606.ENSP00000356202,4.18,1
9606.ENSP00000367346,4.18,3
9606.ENSP00000261503,4.18,6
9606.ENSP00000422037,4.18,2
9606.ENSP00000306261,4.17,45
9606.ENSP00000461830,4.17,1
9606.ENSP00000360242,4.17,2
9606.ENSP00000353129,4.16,3
9606.ENSP00000396995,4.16,2
9606.ENSP00000311492,4.15,4
9606.ENSP00000344609,4.15,1
9606.ENSP00000360290,4.15,3
9606.ENSP00000323328,4.15,1
9606.ENSP00000368686,4.14,3
9606.ENSP00000216106,4.14,1
9606.ENSP00000244426,4.14,1
9606.ENSP00000320898,4.13,1
9606.ENSP00000363318,4.13,1
9606.ENSP00000340271,4.13,2
9606.ENSP00000291009,4.13,3
9606.ENSP00000300738,4.12,3
9606.ENSP00000499846,4.12,6
9606.ENSP00000431371,4.12,1
9606.ENSP00000475957,4.12,2
9606.ENSP00000379654,4.11,17
9606.ENSP00000264864,4.1,1
9606.ENSP00000480971,4.1,1
9606.ENSP00000296582,4.09,1
9606.ENSP00000304670,4.09,1
9606.ENSP00000410811,4.09,11
9606.ENSP00000385995,4.08,16
9606.ENSP00000368982,4.08,2
9606.ENSP00000355330,4.07,2
9606.ENSP00000262418,4.07,2
9606.ENSP00000371798,4.07,2
9606.ENSP00000287394,4.07,6
9606.ENSP00000357637,4.06,4
9606.ENSP00000310933,4.06,3
9606.ENSP00000376390,4.06,7
9606.ENSP00000417492,4.06,3
9606.ENSP00000438863,4.05,2
9606.ENSP00000334044,4.05,8
9606.ENSP00000286548,4.05,3
9606.ENSP00000452634,4.04,4
9606.ENSP00000271450,4.04,2
9606.ENSP00000343635,4.04,1
9606.ENSP00000283206,4.04,4
9606.ENSP00000221166,4.04,14
9606.ENSP00000491427,4.03,3
9606.ENSP00000474388,4.03,11
9606.ENSP00000474204,4.03,11
9606.ENSP00000445508,4.03,1
9606.ENSP00000501026,4.03,4
9606.ENSP00000298569,4.03,1
9606.ENSP00000360488,4.03,1
9606.ENSP00000477213,4.02,4
9606.ENSP00000443021,4.02,3
9606.ENSP00000269214,4.02,2
9606.ENSP00000348089,4,5
9606.ENSP00000266557,3.99,1
9606.ENSP00000420387,3.99,5
9606.ENSP00000354335,3.99,2
9606.ENSP00000365019,3.99,2
9606.ENSP00000269228,3.98,3
9606.ENSP00000335557,3.98,1
9606.ENSP00000355428,3.97,1
9606.ENSP00000253925,3.96,2
9606.ENSP00000418721,3.96,3
9606.ENSP00000228799,3.96,1
9606.ENSP00000366182,3.96,1
9606.ENSP00000493121,3.95,5
9606.ENSP00000455561,3.95,1
9606.ENSP00000265022,3.94,1
9606.ENSP00000353245,3.94,2
9606.ENSP00000365048,3.94,1
9606.ENSP00000334319,3.93,23
9606.ENSP00000413218,3.93,1
9606.ENSP00000347742,3.93,8
9606.ENSP00000247003,3.91,2
9606.ENSP00000372499,3.91,7
9606.ENSP00000074304,3.91,3
9606.ENSP00000251089,3.9,1
9606.ENSP00000364145,3.9,6
9606.ENSP00000460823,3.9,2
9606.ENSP00000448419,3.9,10
9606.ENSP00000278612,3.9,3
9606.ENSP00000006658,3.89,2
9606.ENSP00000464635,3.88,1
9606.ENSP00000275216,3.88,3
9606.ENSP00000358233,3.88,3
9606.ENSP00000319673,3.88,3
9606.ENSP00000354688,3.87,2
9606.ENSP00000332756,3.87,3
9606.ENSP00000360593,3.87,1
9606.ENSP00000312222,3.87,3
9606.ENSP00000350036,3.87,9
9606.ENSP00000400482,3.87,1
9606.ENSP00000347232,3.86,4
9606.ENSP00000428657,3.86,4
9606.ENSP00000299198,3.84,1
9606.ENSP00000438406,3.84,1
9606.ENSP00000354686,3.84,2
9606.ENSP00000356134,3.83,1
9606.ENSP00000358413,3.83,1
9606.ENSP00000379174,3.83,1
9606.ENSP00000263686,3.82,2
9606.ENSP00000469863,3.82,5
9606.ENSP00000261233,3.82,2
9606.ENSP00000305696,3.82,3
9606.ENSP00000383611,3.82,1
9606.ENSP00000363596,3.81,1
9606.ENSP00000478290,3.81,5
9606.ENSP00000382004,3.8,2
9606.ENSP00000236040,3.79,2
9606.ENSP00000225916,3.78,3
9606.ENSP00000369373,3.78,2
9606.ENSP00000364885,3.78,1
9606.ENSP00000251643,3.78,17
9606.ENSP00000255608,3.78,2
9606.ENSP00000446576,3.78,3
9606.ENSP00000188312,3.77,1
9606.ENSP00000255224,3.77,7
9606.ENSP00000348538,3.76,1
9606.ENSP00000499037,3.75,6
9606.ENSP00000351539,3.75,1
9606.ENSP00000457703,3.75,1
9606.ENSP00000379458,3.74,2
9606.ENSP00000402527,3.74,2
9606.ENSP00000431536,3.74,2
9606.ENSP00000430241,3.73,4
9606.ENSP00000419881,3.73,2
9606.ENSP00000451211,3.72,2
9606.ENSP00000357297,3.72,1
9606.ENSP00000417196,3.71,6
9606.ENSP00000250896,3.71,1
9606.ENSP00000378145,3.71,1
9606.ENSP00000261845,3.71,11
9606.ENSP00000439467,3.71,1
9606.ENSP00000486574,3.71,2
9606.ENSP00000481559,3.7,1
9606.ENSP00000343957,3.7,1
9606.ENSP00000276052,3.69,20
9606.ENSP00000387822,3.69,11
9606.ENSP00000386520,3.68,4
9606.ENSP00000218548,3.68,19
9606.ENSP00000383234,3.68,11
9606.ENSP00000278927,3.68,1
9606.ENSP00000282041,3.67,8
9606.ENSP00000398410,3.67,6
9606.ENSP00000359052,3.66,1
9606.ENSP00000356842,3.66,1
9606.ENSP00000357079,3.66,3
9606.ENSP00000339723,3.66,1
9606.ENSP00000366475,3.66,3
9606.ENSP00000368173,3.66,1
9606.ENSP00000301215,3.66,1
9606.ENSP00000386921,3.65,1
9606.ENSP00000354842,3.65,2
9606.ENSP00000292896,3.65,5
9606.ENSP00000450842,3.65,3
9606.ENSP00000307423,3.64,1
9606.ENSP00000323099,3.64,2
9606.ENSP00000291759,3.64,4
9606.ENSP00000392318,3.64,2
9606.ENSP00000361158,3.63,1
9606.ENSP00000344989,3.62,2
9606.ENSP00000334785,3.62,1
9606.ENSP00000251241,3.62,2
9606.ENSP00000346916,3.61,10
9606.ENSP00000390513,3.61,1
9606.ENSP00000312770,3.6,1
9606.ENSP00000308759,3.6,2
9606.ENSP00000346255,3.6,1
9606.ENSP00000286234,3.59,1
9606.ENSP00000324842,3.59,3
9606.ENSP00000303777,3.57,6
9606.ENSP00000366757,3.56,5
9606.ENSP00000353422,3.56,8
9606.ENSP00000257951,3.54,50
9606.ENSP00000293745,3.54,24
9606.ENSP00000266088,3.54,1
9606.ENSP00000040877,3.53,4
9606.ENSP00000390722,3.53,1
9606.ENSP00000365773,3.53,1
9606.ENSP00000330696,3.53,1
9606.ENSP00000365536,3.52,2
9606.ENSP00000264709,3.51,2
9606.ENSP00000216124,3.51,1
9606.ENSP00000482313,3.5,4
9606.ENSP00000282344,3.49,1
9606.ENSP00000351416,3.48,16
9606.ENSP00000238721,3.48,1
9606.ENSP00000301190,3.48,4
9606.ENSP00000343288,3.48,2
9606.ENSP00000378067,3.47,3
9606.ENSP00000365160,3.46,2
9606.ENSP00000374552,3.46,3
9606.ENSP00000370242,3.46,11
9606.ENSP00000427562,3.46,3
9606.ENSP00000249373,3.46,1
9606.ENSP00000364859,3.45,1
9606.ENSP00000257192,3.45,2
9606.ENSP00000228347,3.44,3
9606.ENSP00000437464,3.44,4
9606.ENSP00000444408,3.44,1
9606.ENSP00000293379,3.43,3
9606.ENSP00000442060,3.43,2
9606.ENSP00000435460,3.43,1
9606.ENSP00000302586,3.43,1
9606.ENSP00000248564,3.43,1
9606.ENSP00000359321,3.43,1
9606.ENSP00000262432,3.43,1
9606.ENSP00000353770,3.43,4
9606.ENSP00000368856,3.42,3
9606.ENSP00000353010,3.42,7
9606.ENSP00000366645,3.42,1
9606.ENSP00000307197,3.42,1
9606.ENSP00000398882,3.41,1
9606.ENSP00000282032,3.41,1
9606.ENSP00000365174,3.41,2
9606.ENSP00000441927,3.41,2
9606.ENSP00000402355,3.4,2
9606.ENSP00000448073,3.4,3
9606.ENSP00000258499,3.39,3
9606.ENSP00000357323,3.39,3
9606.ENSP00000350491,3.39,2
9606.ENSP00000327431,3.39,5
9606.ENSP00000338082,3.39,5
9606.ENSP00000356737,3.38,2
9606.ENSP00000360718,3.37,5
9606.ENSP00000363390,3.36,1
9606.ENSP00000384744,3.35,1
9606.ENSP00000222574,3.34,1
9606.ENSP00000250454,3.34,1
9606.ENSP00000471077,3.34,4
9606.ENSP00000231790,3.34,3
9606.ENSP00000282388,3.32,1
9606.ENSP00000386096,3.32,29
9606.ENSP00000263960,3.32,1
9606.ENSP00000312599,3.32,1
9606.ENSP00000349087,3.32,1
9606.ENSP00000270708,3.32,1
9606.ENSP00000454646,3.32,1
9606.ENSP00000342012,3.32,1
9606.ENSP00000263620,3.32,2
9606.ENSP00000412363,3.32,3
9606.ENSP00000380911,3.32,4
9606.ENSP00000256637,3.31,2
9606.ENSP00000261211,3.31,14
9606.ENSP00000336740,3.31,2
9606.ENSP00000479850,3.31,1
9606.ENSP00000410561,3.31,14
9606.ENSP00000321856,3.31,1
9606.ENSP00000336790,3.3,1
9606.ENSP00000460971,3.3,1
9606.ENSP00000501150,3.29,6
9606.ENSP00000295087,3.29,1
9606.ENSP00000352288,3.29,8
9606.ENSP00000394049,3.29,1
9606.ENSP00000363412,3.28,1
9606.ENSP00000374183,3.28,4
9606.ENSP00000376132,3.27,3
9606.ENSP00000382805,3.27,3
9606.ENSP00000359160,3.27,1
9606.ENSP00000266014,3.26,1
9606.ENSP00000324527,3.26,8
9606.ENSP00000457715,3.25,3
9606.ENSP00000346577,3.25,7
9606.ENSP00000438483,3.25,1
9606.ENSP00000396527,3.25,3
9606.ENSP00000271234,3.25,1
9606.ENSP00000362540,3.25,2
9606.ENSP00000363377,3.24,3
9606.ENSP00000013125,3.24,2
9606.ENSP00000389252,3.23,1
9606.ENSP00000311778,3.23,2
9606.ENSP00000372445,3.23,2
9606.ENSP00000355751,3.22,9
9606.ENSP00000465776,3.22,2
9606.ENSP00000450856,3.2,2
9606.ENSP00000351100,3.2,1
9606.ENSP00000322343,3.2,1
9606.ENSP00000247219,3.2,2
9606.ENSP00000350369,3.2,2
9606.ENSP00000347224,3.2,1
9606.ENSP00000223127,3.2,2
9606.ENSP00000470248,3.19,1
9606.ENSP00000378324,3.18,1
9606.ENSP00000361475,3.18,2
9606.ENSP00000334952,3.18,3
9606.ENSP00000379773,3.18,2
9606.ENSP00000263650,3.18,6
9606.ENSP00000361499,3.17,1
9606.ENSP00000300176,3.17,3
9606.ENSP00000323068,3.17,1
9606.ENSP00000299697,3.17,1
9606.ENSP00000322276,3.17,1
9606.ENSP00000357643,3.16,12
9606.ENSP00000356433,3.16,1
9606.ENSP00000415203,3.16,3
9606.ENSP00000335595,3.16,1
9606.ENSP00000296839,3.16,1
9606.ENSP00000428540,3.15,1
9606.ENSP00000385990,3.15,2
9606.ENSP00000266263,3.15,1
9606.ENSP00000261839,3.15,19
9606.ENSP00000351214,3.14,1
9606.ENSP00000429633,3.14,6
9606.ENSP00000374205,3.14,2
9606.ENSP00000320634,3.13,2
9606.ENSP00000436836,3.13,2
9606.ENSP00000477341,3.12,1
9606.ENSP00000474253,3.12,3
9606.ENSP00000263707,3.12,3
9606.ENSP00000264538,3.12,2
9606.ENSP00000379842,3.12,3
9606.ENSP00000262127,3.11,2
9606.ENSP00000378260,3.11,2
9606.ENSP00000362727,3.11,3
9606.ENSP00000357811,3.1,3
9606.ENSP00000389948,3.1,1
9606.ENSP00000341874,3.09,1
9606.ENSP00000326200,3.09,4
9606.ENSP00000465992,3.09,5
9606.ENSP00000282003,3.09,2
9606.ENSP00000359837,3.09,2
9606.ENSP00000369677,3.08,3
9606.ENSP00000453854,3.08,2
9606.ENSP00000478887,3.08,1
9606.ENSP00000358865,3.08,13
9606.ENSP00000355249,3.07,2
9606.ENSP00000252100,3.07,1
9606.ENSP00000495795,3.07,5
9606.ENSP00000360244,3.07,3
9606.ENSP00000295872,3.06,4
9606.ENSP00000379612,3.06,8
9606.ENSP00000411256,3.06,1
9606.ENSP00000445001,3.06,2
9606.ENSP00000264198,3.05,2
9606.ENSP00000402060,3.05,4
9606.ENSP00000362340,3.04,3
9606.ENSP00000327786,3.04,3
9606.ENSP00000263062,3.03,2
9606.ENSP00000496470,3.02,5
9606.ENSP00000385610,3.02,6
9606.ENSP00000361418,3.01,3
9606.ENSP00000471536,3.01,1
9606.ENSP00000282226,3,6
9606.ENSP00000203664,3,1
9606.ENSP00000284116,3,1
9606.ENSP00000242067,3,3
9606.ENSP00000354218,2.99,1
9606.ENSP00000009105,2.99,7
9606.ENSP00000424798,2.99,1
9606.ENSP00000418767,2.99,1
9606.ENSP00000261402,2.99,1
9606.ENSP00000245564,2.97,1
9606.ENSP00000365049,2.97,1
9606.ENSP00000370624,2.97,1
9606.ENSP00000396068,2.97,4
9606.ENSP00000265094,2.96,2
9606.ENSP00000303758,2.96,3
9606.ENSP00000440190,2.96,2
9606.ENSP00000283441,2.96,3
9606.ENSP00000363597,2.96,4
9606.ENSP00000387122,2.96,2
9606.ENSP00000268676,2.95,1
9606.ENSP00000294008,2.95,3
9606.ENSP00000428982,2.94,1
9606.ENSP00000357199,2.93,6
9606.ENSP00000263285,2.93,1
9606.ENSP00000440915,2.93,2
9606.ENSP00000379310,2.92,5
9606.ENSP00000321271,2.92,2
9606.ENSP00000281543,2.91,1
9606.ENSP00000440850,2.91,5
9606.ENSP00000315136,2.9,1
9606.ENSP00000493820,2.9,3
9606.ENSP00000369071,2.89,2
9606.ENSP00000287078,2.89,1
9606.ENSP00000451369,2.88,1
9606.ENSP00000262971,2.88,1
9606.ENSP00000366509,2.88,1
9606.ENSP00000266269,2.88,3
9606.ENSP00000380888,2.88,4
9606.ENSP00000250699,2.88,6
9606.ENSP00000322582,2.87,1
9606.ENSP00000499593,2.87,2
9606.ENSP00000383558,2.87,1
9606.ENSP00000479355,2.86,1
9606.ENSP00000500333,2.86,2
9606.ENSP00000345270,2.85,2
9606.ENSP00000351905,2.85,1
9606.ENSP00000255108,2.85,1
9606.ENSP00000325634,2.85,1
9606.ENSP00000261369,2.84,2
9606.ENSP00000404658,2.84,2
9606.ENSP00000343081,2.84,1
9606.ENSP00000482218,2.84,1
9606.ENSP00000484105,2.83,1
9606.ENSP00000264428,2.83,1
9606.ENSP00000263370,2.83,1
9606.ENSP00000353874,2.83,5
9606.ENSP00000332750,2.83,4
9606.ENSP00000263408,2.83,3
9606.ENSP00000385110,2.82,1
9606.ENSP00000229238,2.8,1
9606.ENSP00000344937,2.8,1
9606.ENSP00000286070,2.79,1
9606.ENSP00000482169,2.79,13
9606.ENSP00000376227,2.79,6
9606.ENSP00000261520,2.79,2
9606.ENSP00000349929,2.78,1
9606.ENSP00000373854,2.77,8
9606.ENSP00000263095,2.77,2
9606.ENSP00000355809,2.77,1
9606.ENSP00000391311,2.77,3
9606.ENSP00000244289,2.76,3
9606.ENSP00000174618,2.75,3
9606.ENSP00000386503,2.75,1
9606.ENSP00000273814,2.75,2
9606.ENSP00000497069,2.74,3
9606.ENSP00000357440,2.73,2
9606.ENSP00000156084,2.73,1
9606.ENSP00000263431,2.73,6
9606.ENSP00000320147,2.73,1
9606.ENSP00000310015,2.73,1
9606.ENSP00000301459,2.72,6
9606.ENSP00000497720,2.72,2
9606.ENSP00000417214,2.72,1
9606.ENSP00000301945,2.71,2
9606.ENSP00000393762,2.71,2
9606.ENSP00000262715,2.71,6
9606.ENSP00000263991,2.7,3
9606.ENSP00000325421,2.7,2
9606.ENSP00000287878,2.7,3
9606.ENSP00000359172,2.69,1
9606.ENSP00000358363,2.69,5
9606.ENSP00000219022,2.69,1
9606.ENSP00000369618,2.69,2
9606.ENSP00000494896,2.68,3
9606.ENSP00000299687,2.68,4
9606.ENSP00000366307,2.67,3
9606.ENSP00000434412,2.67,1
9606.ENSP00000367229,2.67,2
9606.ENSP00000244051,2.66,1
9606.ENSP00000352821,2.66,1
9606.ENSP00000281923,2.66,1
9606.ENSP00000316948,2.66,2
9606.ENSP00000339208,2.65,3
9606.ENSP00000365725,2.65,1
9606.ENSP00000336923,2.65,3
9606.ENSP00000433205,2.65,5
9606.ENSP00000410216,2.64,1
9606.ENSP00000262644,2.64,1
9606.ENSP00000261475,2.63,1
9606.ENSP00000337854,2.63,1
9606.ENSP00000384477,2.63,1
9606.ENSP00000321345,2.63,4
9606.ENSP00000370981,2.63,2
9606.ENSP00000380184,2.63,1
9606.ENSP00000266712,2.63,5
9606.ENSP00000204549,2.61,3
9606.ENSP00000256722,2.61,1
9606.ENSP00000455229,2.61,1
9606.ENSP00000433361,2.61,1
9606.ENSP00000487174,2.61,3
9606.ENSP00000370938,2.61,2
9606.ENSP00000409542,2.61,3
9606.ENSP00000379904,2.61,1
9606.ENSP00000395983,2.6,6
9606.ENSP00000498656,2.6,1
9606.ENSP00000367203,2.59,2
9606.ENSP00000462879,2.59,2
9606.ENSP00000347507,2.59,22
9606.ENSP00000361959,2.59,2
9606.ENSP00000251496,2.59,2
9606.ENSP00000261778,2.58,2
9606.ENSP00000376453,2.58,1
9606.ENSP00000351280,2.58,1
9606.ENSP00000225737,2.58,1
9606.ENSP00000334148,2.58,1
9606.ENSP00000437271,2.57,3
9606.ENSP00000399511,2.57,10
9606.ENSP00000477716,2.57,3
9606.ENSP00000262319,2.56,2
9606.ENSP00000414909,2.56,5
9606.ENSP00000284268,2.55,2
9606.ENSP00000365720,2.55,6
9606.ENSP00000365643,2.55,12
9606.ENSP00000395538,2.54,24
9606.ENSP00000313811,2.53,2
9606.ENSP00000303028,2.53,2
9606.ENSP00000386834,2.52,3
9606.ENSP00000381795,2.52,1
9606.ENSP00000406472,2.52,14
9606.ENSP00000258526,2.52,6
9606.ENSP00000395587,2.52,10
9606.ENSP00000232978,2.52,3
9606.ENSP00000446335,2.51,2
9606.ENSP00000473233,2.51,1
9606.ENSP00000358888,2.5,1
9606.ENSP00000365745,2.5,1
9606.ENSP00000498700,2.49,5
9606.ENSP00000497880,2.49,1
9606.ENSP00000367644,2.49,6
9606.ENSP00000437468,2.48,11
9606.ENSP00000328340,2.48,1
9606.ENSP00000356426,2.48,1
9606.ENSP00000426848,2.48,2
9606.ENSP00000359370,2.48,6
9606.ENSP00000215659,2.48,1
9606.ENSP00000356920,2.47,1
9606.ENSP00000342322,2.47,1
9606.ENSP00000454437,2.46,1
9606.ENSP00000359579,2.46,1
9606.ENSP00000234488,2.45,3
9606.ENSP00000368952,2.45,2
9606.ENSP00000335655,2.45,12
9606.ENSP00000303575,2.45,1
9606.ENSP00000363255,2.45,3
9606.ENSP00000400113,2.45,1
9606.ENSP00000343479,2.45,1
9606.ENSP00000338885,2.45,1
9606.ENSP00000305725,2.45,1
9606.ENSP00000399797,2.45,3
9606.ENSP00000480186,2.44,2
9606.ENSP00000483814,2.44,1
9606.ENSP00000371110,2.44,6
9606.ENSP00000363970,2.44,1
9606.ENSP00000238714,2.44,6
9606.ENSP00000290536,2.43,1
9606.ENSP00000363929,2.43,2
9606.ENSP00000367817,2.43,1
9606.ENSP00000358033,2.43,1
9606.ENSP00000296564,2.43,11
9606.ENSP00000360797,2.43,1
9606.ENSP00000274695,2.42,3
9606.ENSP00000428756,2.42,1
9606.ENSP00000489748,2.42,1
9606.ENSP00000013807,2.41,3
9606.ENSP00000341382,2.41,3
9606.ENSP00000298139,2.4,9
9606.ENSP00000497527,2.4,2
9606.ENSP00000495202,2.4,3
9606.ENSP00000324127,2.4,2
9606.ENSP00000264606,2.4,6
9606.ENSP00000453273,2.4,4
9606.ENSP00000358894,2.39,6
9606.ENSP00000446242,2.39,2
9606.ENSP00000381970,2.39,3
9606.ENSP00000396225,2.39,3
9606.ENSP00000306772,2.39,4
9606.ENSP00000371711,2.38,4
9606.ENSP00000401566,2.38,1
9606.ENSP00000342510,2.38,2
9606.ENSP00000449960,2.38,1
9606.ENSP00000377123,2.38,1
9606.ENSP00000283632,2.38,1
9606.ENSP00000322706,2.37,3
9606.ENSP00000427550,2.37,4
9606.ENSP00000366275,2.36,2
9606.ENSP00000436773,2.36,4
9606.ENSP00000318799,2.36,1
9606.ENSP00000333982,2.36,2
9606.ENSP00000300571,2.35,2
9606.ENSP00000317327,2.35,9
9606.ENSP00000309606,2.35,3
9606.ENSP00000353032,2.35,1
9606.ENSP00000358784,2.35,1
9606.ENSP00000300584,2.35,2
9606.ENSP00000376849,2.34,3
9606.ENSP00000268919,2.34,3
9606.ENSP00000321711,2.34,2
9606.ENSP00000271469,2.33,1
9606.ENSP00000253063,2.33,4
9606.ENSP00000485541,2.32,1
9606.ENSP00000333487,2.32,1
9606.ENSP00000297792,2.32,4
9606.ENSP00000392028,2.32,8
9606.ENSP00000230124,2.31,4
9606.ENSP00000294671,2.31,3
9606.ENSP00000317636,2.31,2
9606.ENSP00000492384,2.31,3
9606.ENSP00000287706,2.31,1
9606.ENSP00000310998,2.31,1
9606.ENSP00000375810,2.3,4
9606.ENSP00000439170,2.3,3
9606.ENSP00000379267,2.3,1
9606.ENSP00000360266,2.29,2
9606.ENSP00000370621,2.29,1
9606.ENSP00000393963,2.29,6
9606.ENSP00000424838,2.28,7
9606.ENSP00000362674,2.28,1
9606.ENSP00000243045,2.28,1
9606.ENSP00000381577,2.28,8
9606.ENSP00000319305,2.28,5
9606.ENSP00000197268,2.28,1
9606.ENSP00000472160,2.28,4
9606.ENSP00000422354,2.28,1
9606.ENSP00000417401,2.28,6
9606.ENSP00000264690,2.27,1
9606.ENSP00000359552,2.27,5
9606.ENSP00000220058,2.26,1
9606.ENSP00000408002,2.26,1
9606.ENSP00000491227,2.26,2
9606.ENSP00000164133,2.26,4
9606.ENSP00000363161,2.26,3
9606.ENSP00000305151,2.26,1
9606.ENSP00000323527,2.26,2
9606.ENSP00000386043,2.26,4
9606.ENSP00000264658,2.25,1
9606.ENSP00000312158,2.25,1
9606.ENSP00000262894,2.25,6
9606.ENSP00000260526,2.25,10
9606.ENSP00000495949,2.25,1
9606.ENSP00000386895,2.24,1
9606.ENSP00000401946,2.24,3
9606.ENSP00000415662,2.24,1
9606.ENSP00000354039,2.23,1
9606.ENSP00000384610,2.23,3
9606.ENSP00000335614,2.23,5
9606.ENSP00000400459,2.23,2
9606.ENSP00000403768,2.22,2
9606.ENSP00000496496,2.22,1
9606.ENSP00000324587,2.22,3
9606.ENSP00000296486,2.22,10
9606.ENSP00000322775,2.22,2
9606.ENSP00000401878,2.22,2
9606.ENSP00000367069,2.21,2
9606.ENSP00000299157,2.21,2
9606.ENSP00000427130,2.21,3
9606.ENSP00000381531,2.21,3
9606.ENSP00000309132,2.21,6
9606.ENSP00000338728,2.21,8
9606.ENSP00000442688,2.2,1
9606.ENSP00000276925,2.2,3
9606.ENSP00000349723,2.2,2
9606.ENSP00000497977,2.2,1
9606.ENSP00000292524,2.2,1
9606.ENSP00000284031,2.2,2
9606.ENSP00000273784,2.2,1
9606.ENSP00000334314,2.19,1
9606.ENSP00000353942,2.19,2
9606.ENSP00000452521,2.19,1
9606.ENSP00000446278,2.19,2
9606.ENSP00000288228,2.19,1
9606.ENSP00000346874,2.19,1
9606.ENSP00000351520,2.18,1
9606.ENSP00000354158,2.18,3
9606.ENSP00000265978,2.18,2
9606.ENSP00000497669,2.17,1
9606.ENSP00000463254,2.17,6
9606.ENSP00000466174,2.17,3
9606.ENSP00000333813,2.17,1
9606.ENSP00000252011,2.17,1
9606.ENSP00000414597,2.16,8
9606.ENSP00000220478,2.16,2
9606.ENSP00000306285,2.16,2
9606.ENSP00000432511,2.15,2
9606.ENSP00000365230,2.15,1
9606.ENSP00000274498,2.15,1
9606.ENSP00000376615,2.15,1
9606.ENSP00000419395,2.15,1
9606.ENSP00000344208,2.15,1
9606.ENSP00000263390,2.15,1
9606.ENSP00000458977,2.14,1
9606.ENSP00000280800,2.14,1
9606.ENSP00000493023,2.14,1
9606.ENSP00000479664,2.13,1
9606.ENSP00000297954,2.13,10
9606.ENSP00000377176,2.13,3
9606.ENSP00000406157,2.13,2
9606.ENSP00000398789,2.13,2
9606.ENSP00000376500,2.13,2
9606.ENSP00000286639,2.13,2
9606.ENSP00000357838,2.13,5
9606.ENSP00000363852,2.12,1
9606.ENSP00000321826,2.12,2
9606.ENSP00000376822,2.12,1
9606.ENSP00000360046,2.12,4
9606.ENSP00000277903,2.11,1
9606.ENSP00000263125,2.11,3
9606.ENSP00000335677,2.11,3
9606.ENSP00000435565,2.11,3
9606.ENSP00000442973,2.1,2
9606.ENSP00000262376,2.1,1
9606.ENSP00000401596,2.1,1
9606.ENSP00000268679,2.1,1
9606.ENSP00000444889,2.1,2
9606.ENSP00000436604,2.1,7
9606.ENSP00000380594,2.09,3
9606.ENSP00000322361,2.09,8
9606.ENSP00000268053,2.09,1
9606.ENSP00000262096,2.08,4
9606.ENSP00000358999,2.08,1
9606.ENSP00000356436,2.08,2
9606.ENSP00000490940,2.07,1
9606.ENSP00000427793,2.07,3
9606.ENSP00000306888,2.06,7
9606.ENSP00000495726,2.06,6
9606.ENSP00000356301,2.06,1
9606.ENSP00000293255,2.05,3
9606.ENSP00000302578,2.05,1
9606.ENSP00000480492,2.05,1
9606.ENSP00000346335,2.05,3
9606.ENSP00000296575,2.04,9
9606.ENSP00000356925,2.04,3
9606.ENSP00000366519,2.04,1
9606.ENSP00000363891,2.03,2
9606.ENSP00000352071,2.03,2
9606.ENSP00000400921,2.02,4
9606.ENSP00000362187,2.02,1
9606.ENSP00000326649,2.02,1
9606.ENSP00000360316,2.01,1
9606.ENSP00000316527,2.01,1
9606.ENSP00000442460,2.01,4
9606.ENSP00000252744,2.01,6
9606.ENSP00000447241,2.01,1
9606.ENSP00000298854,2,1
9606.ENSP00000367797,2,1
9606.ENSP00000225296,2,1
9606.ENSP00000316054,2,1
9606.ENSP00000386764,2,1
9606.ENSP00000367173,2,3
9606.ENSP00000379621,2,3
9606.ENSP00000277517,1.99,1
9606.ENSP00000295878,1.99,3
9606.ENSP00000299045,1.99,2
9606.ENSP00000328269,1.99,4
9606.ENSP00000348757,1.98,9
9606.ENSP00000430242,1.98,1
9606.ENSP00000352833,1.97,4
9606.ENSP00000426387,1.97,2
9606.ENSP00000331879,1.97,1
9606.ENSP00000362399,1.97,1
9606.ENSP00000280551,1.97,1
9606.ENSP00000377086,1.97,1
9606.ENSP00000447852,1.96,7
9606.ENSP00000408697,1.96,7
9606.ENSP00000420237,1.96,4
9606.ENSP00000324560,1.96,3
9606.ENSP00000351155,1.96,5
9606.ENSP00000309899,1.96,2
9606.ENSP00000362588,1.96,1
9606.ENSP00000361411,1.95,3
9606.ENSP00000293217,1.95,1
9606.ENSP00000300850,1.95,2
9606.ENSP00000039989,1.95,3
9606.ENSP00000279024,1.95,3
9606.ENSP00000358815,1.95,6
9606.ENSP00000425130,1.95,1
9606.ENSP00000245812,1.94,2
9606.ENSP00000375821,1.94,4
9606.ENSP00000347198,1.94,4
9606.ENSP00000216271,1.94,3
9606.ENSP00000338964,1.94,1
9606.ENSP00000301305,1.94,2
9606.ENSP00000246801,1.93,7
9606.ENSP00000242315,1.93,11
9606.ENSP00000370522,1.92,3
9606.ENSP00000355499,1.92,1
9606.ENSP00000225550,1.92,17
9606.ENSP00000404911,1.92,3
9606.ENSP00000498662,1.92,4
9606.ENSP00000332504,1.91,3
9606.ENSP00000501277,1.91,4
9606.ENSP00000394794,1.9,14
9606.ENSP00000417706,1.9,1
9606.ENSP00000405963,1.9,3
9606.ENSP00000383067,1.9,3
9606.ENSP00000380044,1.9,3
9606.ENSP00000263257,1.9,1
9606.ENSP00000351686,1.9,1
9606.ENSP00000371067,1.9,2
9606.ENSP00000351318,1.9,2
9606.ENSP00000347834,1.89,2
9606.ENSP00000441214,1.89,2
9606.ENSP00000262210,1.89,8
9606.ENSP00000263593,1.89,1
9606.ENSP00000344648,1.89,1
9606.ENSP00000167588,1.89,6
9606.ENSP00000352138,1.89,1
9606.ENSP00000351473,1.89,1
9606.ENSP00000469759,1.89,1
9606.ENSP00000264434,1.89,1
9606.ENSP00000484390,1.89,2
9606.ENSP00000493901,1.88,1
9606.ENSP00000219905,1.88,10
9606.ENSP00000365318,1.88,7
9606.ENSP00000345192,1.88,1
9606.ENSP00000252809,1.88,1
9606.ENSP00000493015,1.87,1
9606.ENSP00000366404,1.87,1
9606.ENSP00000261537,1.87,1
9606.ENSP00000357625,1.87,1
9606.ENSP00000263576,1.87,4
9606.ENSP00000401513,1.86,9
9606.ENSP00000343171,1.85,1
9606.ENSP00000349396,1.85,1
9606.ENSP00000278935,1.85,2
9606.ENSP00000315006,1.85,3
9606.ENSP00000355900,1.85,2
9606.ENSP00000362238,1.85,2
9606.ENSP00000395723,1.85,2
9606.ENSP00000337146,1.84,2
9606.ENSP00000375616,1.84,1
9606.ENSP00000501254,1.84,6
9606.ENSP00000265734,1.83,13
9606.ENSP00000478026,1.83,4
9606.ENSP00000417418,1.83,1
9606.ENSP00000298125,1.83,1
9606.ENSP00000299821,1.83,1
9606.ENSP00000355583,1.83,1
9606.ENSP00000301019,1.83,3
9606.ENSP00000296091,1.83,2
9606.ENSP00000363492,1.83,4
9606.ENSP00000061240,1.83,1
9606.ENSP00000360645,1.82,1
9606.ENSP00000263083,1.82,1
9606.ENSP00000419235,1.82,2
9606.ENSP00000379684,1.82,13
9606.ENSP00000335055,1.82,1
9606.ENSP00000383938,1.81,1
9606.ENSP00000382767,1.81,1
9606.ENSP00000343200,1.81,4
9606.ENSP00000239231,1.81,1
9606.ENSP00000338629,1.8,1
9606.ENSP00000348349,1.8,9
9606.ENSP00000372042,1.8,2
9606.ENSP00000436713,1.8,1
9606.ENSP00000269740,1.8,1
9606.ENSP00000344299,1.8,1
9606.ENSP00000376110,1.79,1
9606.ENSP00000305769,1.79,3
9606.ENSP00000399465,1.79,3
9606.ENSP00000351937,1.78,1
9606.ENSP00000317971,1.78,1
9606.ENSP00000290776,1.78,9
9606.ENSP00000228936,1.77,1
9606.ENSP00000369419,1.77,2
9606.ENSP00000269844,1.77,1
9606.ENSP00000467123,1.77,8
9606.ENSP00000440402,1.76,4
9606.ENSP00000280772,1.76,7
9606.ENSP00000482437,1.76,1
9606.ENSP00000360423,1.76,2
9606.ENSP00000266037,1.75,9
9606.ENSP00000296099,1.75,1
9606.ENSP00000248846,1.75,1
9606.ENSP00000216341,1.75,1
9606.ENSP00000331907,1.75,3
9606.ENSP00000356780,1.75,1
9606.ENSP00000341171,1.74,3
9606.ENSP00000277540,1.74,2
9606.ENSP00000273179,1.74,1
9606.ENSP00000411821,1.74,6
9606.ENSP00000402152,1.73,5
9606.ENSP00000379946,1.73,1
9606.ENSP00000398124,1.73,1
9606.ENSP00000479580,1.72,1
9606.ENSP00000401089,1.72,2
9606.ENSP00000321370,1.72,4
9606.ENSP00000363339,1.71,5
9606.ENSP00000255641,1.71,3
9606.ENSP00000449381,1.71,1
9606.ENSP00000329033,1.71,1
9606.ENSP00000381698,1.71,2
9606.ENSP00000001146,1.7,1
9606.ENSP00000362634,1.7,3
9606.ENSP00000483424,1.7,5
9606.ENSP00000307183,1.7,1
9606.ENSP00000348564,1.7,1
9606.ENSP00000481694,1.69,1
9606.ENSP00000496158,1.69,1
9606.ENSP00000386660,1.69,2
9606.ENSP00000246166,1.69,3
9606.ENSP00000378699,1.69,13
9606.ENSP00000490029,1.69,1
9606.ENSP00000337889,1.69,2
9606.ENSP00000370021,1.69,6
9606.ENSP00000379011,1.68,3
9606.ENSP00000246646,1.68,17
9606.ENSP00000473091,1.68,12
9606.ENSP00000260723,1.68,4
9606.ENSP00000310149,1.68,3
9606.ENSP00000367691,1.67,2
9606.ENSP00000417901,1.67,1
9606.ENSP00000369689,1.67,1
9606.ENSP00000376421,1.67,3
9606.ENSP00000480221,1.67,4
9606.ENSP00000418379,1.66,4
9606.ENSP00000264230,1.66,4
9606.ENSP00000364609,1.66,2
9606.ENSP00000411096,1.66,24
9606.ENSP00000360817,1.66,3
9606.ENSP00000484810,1.65,1
9606.ENSP00000412361,1.65,2
9606.ENSP00000358932,1.65,11
9606.ENSP00000376611,1.64,1
9606.ENSP00000378400,1.64,4
9606.ENSP00000259365,1.64,3
9606.ENSP00000309285,1.63,4
9606.ENSP00000262577,1.63,1
9606.ENSP00000301454,1.63,2
9606.ENSP00000352182,1.63,1
9606.ENSP00000314724,1.62,8
9606.ENSP00000312081,1.62,2
9606.ENSP00000280020,1.62,2
9606.ENSP00000411831,1.62,4
9606.ENSP00000323074,1.62,2
9606.ENSP00000497072,1.61,1
9606.ENSP00000440826,1.61,3
9606.ENSP00000295900,1.61,2
9606.ENSP00000383301,1.61,4
9606.ENSP00000262525,1.61,2
9606.ENSP00000310721,1.61,1
9606.ENSP00000384081,1.6,4
9606.ENSP00000442600,1.6,1
9606.ENSP00000492745,1.6,1
9606.ENSP00000284061,1.6,4
9606.ENSP00000464512,1.59,3
9606.ENSP00000500409,1.59,2
9606.ENSP00000312652,1.59,1
9606.ENSP00000369270,1.58,1
9606.ENSP00000373489,1.58,16
9606.ENSP00000466542,1.58,5
9606.ENSP00000448387,1.58,1
9606.ENSP00000365255,1.58,3
9606.ENSP00000364591,1.58,1
9606.ENSP00000440982,1.58,5
9606.ENSP00000198767,1.58,1
9606.ENSP00000229330,1.57,4
9606.ENSP00000345988,1.57,3
9606.ENSP00000356984,1.57,8
9606.ENSP00000329748,1.57,9
9606.ENSP00000252891,1.57,2
9606.ENSP00000420727,1.57,3
9606.ENSP00000284981,1.57,1
9606.ENSP00000309595,1.57,1
9606.ENSP00000316543,1.56,4
9606.ENSP00000498499,1.56,3
9606.ENSP00000360472,1.56,3
9606.ENSP00000358582,1.56,1
9606.ENSP00000419692,1.55,1
9606.ENSP00000315351,1.55,1
9606.ENSP00000290943,1.55,4
9606.ENSP00000357904,1.55,1
9606.ENSP00000379602,1.54,1
9606.ENSP00000478892,1.54,3
9606.ENSP00000262290,1.54,4
9606.ENSP00000450607,1.54,1
9606.ENSP00000337512,1.53,1
9606.ENSP00000365962,1.53,1
9606.ENSP00000485216,1.53,1
9606.ENSP00000327213,1.53,6
9606.ENSP00000442788,1.53,15
9606.ENSP00000347444,1.52,4
9606.ENSP00000419184,1.52,3
9606.ENSP00000387334,1.52,3
9606.ENSP00000354497,1.52,2
9606.ENSP00000403925,1.52,1
9606.ENSP00000482245,1.51,5
9606.ENSP00000385886,1.51,1
9606.ENSP00000373343,1.51,8
9606.ENSP00000276570,1.51,1
9606.ENSP00000379738,1.51,2
9606.ENSP00000344724,1.5,1
9606.ENSP00000303887,1.5,1
9606.ENSP00000262940,1.5,5
9606.ENSP00000297273,1.5,1
9606.ENSP00000373420,1.49,3
9606.ENSP00000499803,1.49,1
9606.ENSP00000276440,1.49,5
9606.ENSP00000369210,1.49,1
9606.ENSP00000354487,1.49,2
9606.ENSP00000293777,1.49,1
9606.ENSP00000301015,1.48,3
9606.ENSP00000371940,1.48,3
9606.ENSP00000376367,1.48,2
9606.ENSP00000352039,1.48,1
9606.ENSP00000287239,1.48,3
9606.ENSP00000364847,1.48,3
9606.ENSP00000415243,1.48,1
9606.ENSP00000439585,1.48,2
9606.ENSP00000281282,1.48,9
9606.ENSP00000302657,1.48,1
9606.ENSP00000414150,1.47,2
9606.ENSP00000266041,1.47,5
9606.ENSP00000465630,1.47,7
9606.ENSP00000266579,1.47,3
9606.ENSP00000378230,1.47,6
9606.ENSP00000489320,1.46,3
9606.ENSP00000397673,1.46,2
9606.ENSP00000348416,1.46,8
9606.ENSP00000362217,1.46,5
9606.ENSP00000330460,1.46,1
9606.ENSP00000362160,1.46,2
9606.ENSP00000304290,1.46,2
9606.ENSP00000476820,1.45,5
9606.ENSP00000341351,1.45,1
9606.ENSP00000269586,1.45,1
9606.ENSP00000219596,1.45,1
9606.ENSP00000494788,1.45,2
9606.ENSP00000365938,1.45,7
9606.ENSP00000329165,1.44,17
9606.ENSP00000415178,1.44,1
9606.ENSP00000337133,1.43,2
9606.ENSP00000160373,1.43,25
9606.ENSP00000285737,1.43,4
9606.ENSP00000253697,1.43,7
9606.ENSP00000426255,1.43,1
9606.ENSP00000380602,1.43,6
9606.ENSP00000260116,1.43,2
9606.ENSP00000347730,1.42,7
9606.ENSP00000431010,1.42,2
9606.ENSP00000287647,1.42,2
9606.ENSP00000268184,1.42,3
9606.ENSP00000263054,1.42,4
9606.ENSP00000306678,1.41,8
9606.ENSP00000490280,1.41,2
9606.ENSP00000221459,1.41,1
9606.ENSP00000196489,1.41,2
9606.ENSP00000477613,1.41,2
9606.ENSP00000282538,1.41,1
9606.ENSP00000495266,1.41,3
9606.ENSP00000345436,1.4,9
9606.ENSP00000282020,1.4,1
9606.ENSP00000380467,1.4,1
9606.ENSP00000347792,1.4,2
9606.ENSP00000333300,1.4,2
9606.ENSP00000362047,1.4,2
9606.ENSP00000418983,1.39,6
9606.ENSP00000159060,1.39,2
9606.ENSP00000494609,1.39,3
9606.ENSP00000356468,1.39,1
9606.ENSP00000462337,1.38,2
9606.ENSP00000421868,1.38,1
9606.ENSP00000458663,1.38,1
9606.ENSP00000383909,1.38,4
9606.ENSP00000358742,1.38,1
9606.ENSP00000299320,1.38,11
9606.ENSP00000383295,1.37,7
9606.ENSP00000304250,1.37,2
9606.ENSP00000371805,1.37,1
9606.ENSP00000310338,1.37,2
9606.ENSP00000300961,1.37,1
9606.ENSP00000478878,1.37,8
9606.ENSP00000244751,1.36,8
9606.ENSP00000206474,1.36,2
9606.ENSP00000190165,1.36,4
9606.ENSP00000381654,1.36,1
9606.ENSP00000227065,1.36,4
9606.ENSP00000261592,1.36,4
9606.ENSP00000367065,1.35,1
9606.ENSP00000447121,1.35,3
9606.ENSP00000481850,1.35,1
9606.ENSP00000363241,1.35,1
9606.ENSP00000345716,1.35,1
9606.ENSP00000441831,1.35,2
9606.ENSP00000368109,1.35,2
9606.ENSP00000498490,1.35,1
9606.ENSP00000261208,1.35,3
9606.ENSP00000368273,1.35,1
9606.ENSP00000035307,1.35,1
9606.ENSP00000332256,1.34,6
9606.ENSP00000356669,1.34,1
9606.ENSP00000308926,1.34,1
9606.ENSP00000360464,1.34,1
9606.ENSP00000333097,1.34,2
9606.ENSP00000368314,1.33,6
9606.ENSP00000490139,1.33,1
9606.ENSP00000442047,1.33,1
9606.ENSP00000353646,1.33,9
9606.ENSP00000312741,1.33,1
9606.ENSP00000242208,1.33,3
9606.ENSP00000453089,1.32,1
9606.ENSP00000496315,1.32,1
9606.ENSP00000264159,1.32,2
9606.ENSP00000264192,1.32,1
9606.ENSP00000371686,1.32,4
9606.ENSP00000361952,1.31,2
9606.ENSP00000358739,1.31,2
9606.ENSP00000348033,1.31,1
9606.ENSP00000484403,1.31,1
9606.ENSP00000263056,1.31,4
9606.ENSP00000390158,1.31,8
9606.ENSP00000483640,1.31,33
9606.ENSP00000364731,1.31,2
9606.ENSP00000358596,1.31,3
9606.ENSP00000284142,1.31,3
9606.ENSP00000243077,1.3,5
9606.ENSP00000490842,1.3,3
9606.ENSP00000322937,1.3,2
9606.ENSP00000355720,1.3,11
9606.ENSP00000369349,1.3,19
9606.ENSP00000495112,1.3,2
9606.ENSP00000243776,1.3,12
9606.ENSP00000319651,1.29,4
9606.ENSP00000361177,1.29,6
9606.ENSP00000347710,1.28,1
9606.ENSP00000408005,1.28,2
9606.ENSP00000251645,1.28,17
9606.ENSP00000216373,1.28,3
9606.ENSP00000295992,1.28,3
9606.ENSP00000322218,1.28,1
9606.ENSP00000270061,1.28,1
9606.ENSP00000442954,1.27,8
9606.ENSP00000379689,1.27,13
9606.ENSP00000267938,1.27,1
9606.ENSP00000265723,1.27,3
9606.ENSP00000440167,1.27,2
9606.ENSP00000338512,1.27,3
9606.ENSP00000264245,1.27,3
9606.ENSP00000227451,1.27,4
9606.ENSP00000423665,1.27,13
9606.ENSP00000314807,1.26,1
9606.ENSP00000416037,1.26,4
9606.ENSP00000371785,1.26,3
9606.ENSP00000405841,1.26,1
9606.ENSP00000336655,1.26,1
9606.ENSP00000384330,1.26,21
9606.ENSP00000280614,1.26,2
9606.ENSP00000360371,1.25,1
9606.ENSP00000056217,1.25,3
9606.ENSP00000331044,1.25,1
9606.ENSP00000368358,1.25,1
9606.ENSP00000453940,1.25,2
9606.ENSP00000440077,1.25,8
9606.ENSP00000237163,1.25,3
9606.ENSP00000237536,1.24,5
9606.ENSP00000319914,1.24,1
9606.ENSP00000347498,1.24,2
9606.ENSP00000365899,1.24,2
9606.ENSP00000299088,1.24,2
9606.ENSP00000425133,1.24,1
9606.ENSP00000419923,1.23,4
9606.ENSP00000225899,1.23,16
9606.ENSP00000232766,1.23,2
9606.ENSP00000255087,1.23,5
9606.ENSP00000466775,1.23,1
9606.ENSP00000219611,1.22,1
9606.ENSP00000251646,1.22,17
9606.ENSP00000369599,1.22,3
9606.ENSP00000307854,1.22,1
9606.ENSP00000365295,1.22,1
9606.ENSP00000483038,1.21,3
9606.ENSP00000405514,1.21,5
9606.ENSP00000419539,1.21,6
9606.ENSP00000342931,1.21,1
9606.ENSP00000287202,1.21,1
9606.ENSP00000265148,1.21,7
9606.ENSP00000366070,1.21,2
9606.ENSP00000210187,1.21,3
9606.ENSP00000483523,1.21,3
9606.ENSP00000257901,1.2,19
9606.ENSP00000373215,1.2,1
9606.ENSP00000442736,1.2,1
9606.ENSP00000384183,1.2,1
9606.ENSP00000263088,1.2,2
9606.ENSP00000268720,1.2,8
9606.ENSP00000275358,1.2,5
9606.ENSP00000283303,1.2,6
9606.ENSP00000359485,1.2,2
9606.ENSP00000444339,1.2,12
9606.ENSP00000444533,1.2,19
9606.ENSP00000257552,1.2,1
9606.ENSP00000365016,1.2,5
9606.ENSP00000465676,1.2,1
9606.ENSP00000357909,1.19,5
9606.ENSP00000321386,1.19,3
9606.ENSP00000417289,1.19,6
9606.ENSP00000228027,1.18,3
9606.ENSP00000304292,1.18,1
9606.ENSP00000386711,1.18,5
9606.ENSP00000353904,1.17,2
9606.ENSP00000280904,1.17,1
9606.ENSP00000340347,1.17,1
9606.ENSP00000377558,1.17,16
9606.ENSP00000412178,1.17,1
9606.ENSP00000356265,1.16,2
9606.ENSP00000257861,1.16,1
9606.ENSP00000252804,1.16,1
9606.ENSP00000438574,1.16,1
9606.ENSP00000301336,1.16,3
9606.ENSP00000349856,1.15,9
9606.ENSP00000300303,1.15,2
9606.ENSP00000368511,1.15,2
9606.ENSP00000371923,1.15,7
9606.ENSP00000347712,1.15,3
9606.ENSP00000393922,1.14,1
9606.ENSP00000340088,1.14,2
9606.ENSP00000360793,1.14,9
9606.ENSP00000313243,1.14,2
9606.ENSP00000398560,1.14,1
9606.ENSP00000363068,1.13,12
9606.ENSP00000293670,1.13,19
9606.ENSP00000363089,1.13,6
9606.ENSP00000277554,1.13,1
9606.ENSP00000482396,1.13,1
9606.ENSP00000351209,1.13,5
9606.ENSP00000307508,1.13,4
9606.ENSP00000260505,1.13,1
9606.ENSP00000403042,1.12,5
9606.ENSP00000295148,1.12,1
9606.ENSP00000482502,1.12,1
9606.ENSP00000330381,1.12,1
9606.ENSP00000377549,1.12,2
9606.ENSP00000378857,1.12,1
9606.ENSP00000206262,1.12,1
9606.ENSP00000314444,1.12,7
9606.ENSP00000273283,1.12,1
9606.ENSP00000334851,1.12,1
9606.ENSP00000377793,1.12,2
9606.ENSP00000279873,1.11,1
9606.ENSP00000194155,1.11,1
9606.ENSP00000355261,1.11,3
9606.ENSP00000290341,1.11,1
9606.ENSP00000385285,1.11,1
9606.ENSP00000358460,1.09,4
9606.ENSP00000274457,1.09,1
9606.ENSP00000350195,1.09,4
9606.ENSP00000295201,1.09,2
9606.ENSP00000283025,1.09,2
9606.ENSP00000346733,1.09,2
9606.ENSP00000452120,1.08,1
9606.ENSP00000482816,1.08,1
9606.ENSP00000291554,1.08,1
9606.ENSP00000221498,1.08,1
9606.ENSP00000454919,1.08,4
9606.ENSP00000361628,1.08,2
9606.ENSP00000371341,1.08,1
9606.ENSP00000490116,1.07,1
9606.ENSP00000369728,1.07,1
9606.ENSP00000340409,1.07,2
9606.ENSP00000294618,1.07,6
9606.ENSP00000354733,1.07,2
9606.ENSP00000440896,1.07,2
9606.ENSP00000330278,1.07,4
9606.ENSP00000499092,1.07,1
9606.ENSP00000364567,1.07,1
9606.ENSP00000373347,1.06,1
9606.ENSP00000263805,1.06,5
9606.ENSP00000285928,1.06,3
9606.ENSP00000417898,1.06,1
9606.ENSP00000386041,1.06,25
9606.ENSP00000309767,1.05,7
9606.ENSP00000363943,1.05,1
9606.ENSP00000281419,1.05,2
9606.ENSP00000355747,1.05,1
9606.ENSP00000385357,1.05,4
9606.ENSP00000470239,1.05,3
9606.ENSP00000324856,1.05,4
9606.ENSP00000490587,1.05,1
9606.ENSP00000369335,1.05,1
9606.ENSP00000460475,1.05,1
9606.ENSP00000370849,1.05,1
9606.ENSP00000451712,1.05,2
9606.ENSP00000352645,1.05,1
9606.ENSP00000417696,1.05,11
9606.ENSP00000323945,1.04,2
9606.ENSP00000301030,1.04,2
9606.ENSP00000367705,1.04,3
9606.ENSP00000498260,1.04,2
9606.ENSP00000490424,1.04,1
9606.ENSP00000471613,1.04,1
9606.ENSP00000258399,1.04,4
9606.ENSP00000434241,1.04,3
9606.ENSP00000257981,1.04,1
9606.ENSP00000355319,1.04,1
9606.ENSP00000233535,1.03,1
9606.ENSP00000382895,1.03,1
9606.ENSP00000387739,1.03,2
9606.ENSP00000264157,1.03,1
9606.ENSP00000297063,1.03,2
9606.ENSP00000496779,1.03,1
9606.ENSP00000262186,1.02,2
9606.ENSP00000360493,1.02,1
9606.ENSP00000476510,1.02,1
9606.ENSP00000463653,1.02,1
9606.ENSP00000488251,1.02,4
9606.ENSP00000333926,1.02,6
9606.ENSP00000343129,1.02,3
9606.ENSP00000238647,1.01,1
9606.ENSP00000243440,1.01,2
9606.ENSP00000365210,1.01,2
9606.ENSP00000398502,1.01,1
9606.ENSP00000334928,1.01,6
9606.ENSP00000362746,1.01,1
9606.ENSP00000297814,1.01,1
9606.ENSP00000234389,1.01,6
9606.ENSP00000360829,1.01,2
9606.ENSP00000173898,1.01,3
9606.ENSP00000350075,1,1
9606.ENSP00000482063,1,1
9606.ENSP00000496150,1,1
9606.ENSP00000354376,0.999,1
9606.ENSP00000481316,0.998,1
9606.ENSP00000263791,0.998,1
9606.ENSP00000305465,0.99,2
9606.ENSP00000349490,0.988,4
9606.ENSP00000003084,0.988,2
9606.ENSP00000364430,0.987,2
9606.ENSP00000425497,0.987,2
9606.ENSP00000493323,0.98,1
9606.ENSP00000299314,0.978,1
9606.ENSP00000484060,0.975,1
9606.ENSP00000488117,0.974,4
9606.ENSP00000420686,0.973,2
9606.ENSP00000445772,0.973,2
9606.ENSP00000381949,0.971,1
9606.ENSP00000355237,0.97,2
9606.ENSP00000324020,0.97,5
9606.ENSP00000359070,0.967,1
9606.ENSP00000305924,0.964,4
9606.ENSP00000312273,0.962,1
9606.ENSP00000252951,0.961,1
9606.ENSP00000362330,0.96,5
9606.ENSP00000404190,0.96,2
9606.ENSP00000264712,0.959,2
9606.ENSP00000279907,0.958,1
9606.ENSP00000309189,0.955,5
9606.ENSP00000470381,0.953,12
9606.ENSP00000406665,0.952,3
9606.ENSP00000407067,0.95,1
9606.ENSP00000265732,0.95,1
9606.ENSP00000170168,0.95,1
9606.ENSP00000293851,0.945,1
9606.ENSP00000349143,0.943,1
9606.ENSP00000309245,0.942,5
9606.ENSP00000354251,0.941,2
9606.ENSP00000462980,0.94,2
9606.ENSP00000305529,0.939,1
9606.ENSP00000368253,0.938,5
9606.ENSP00000359206,0.937,1
9606.ENSP00000262510,0.935,2
9606.ENSP00000385695,0.934,2
9606.ENSP00000327323,0.931,2
9606.ENSP00000359469,0.931,1
9606.ENSP00000309572,0.929,6
9606.ENSP00000265437,0.929,4
9606.ENSP00000255858,0.928,2
9606.ENSP00000285039,0.927,8
9606.ENSP00000370635,0.925,1
9606.ENSP00000437616,0.925,1
9606.ENSP00000365007,0.924,1
9606.ENSP00000435954,0.92,2
9606.ENSP00000421021,0.918,4
9606.ENSP00000251363,0.914,2
9606.ENSP00000465759,0.913,4
9606.ENSP00000491655,0.912,4
9606.ENSP00000498010,0.91,1
9606.ENSP00000356658,0.909,1
9606.ENSP00000377823,0.909,2
9606.ENSP00000371201,0.907,1
9606.ENSP00000271139,0.907,1
9606.ENSP00000367815,0.906,1
9606.ENSP00000287748,0.903,1
9606.ENSP00000304669,0.902,1
9606.ENSP00000378015,0.901,1
9606.ENSP00000353922,0.9,2
9606.ENSP00000339916,0.898,1
9606.ENSP00000361857,0.897,2
9606.ENSP00000388910,0.897,5
9606.ENSP00000345984,0.896,1
9606.ENSP00000285879,0.895,1
9606.ENSP00000265970,0.894,3
9606.ENSP00000261596,0.893,1
9606.ENSP00000240618,0.891,1
9606.ENSP00000490174,0.891,1
9606.ENSP00000363431,0.891,1
9606.ENSP00000306756,0.891,1
9606.ENSP00000192788,0.891,1
9606.ENSP00000272238,0.889,2
9606.ENSP00000361298,0.889,3
9606.ENSP00000457788,0.888,1
9606.ENSP00000355840,0.887,3
9606.ENSP00000365243,0.886,1
9606.ENSP00000284322,0.885,3
9606.ENSP00000307853,0.885,3
9606.ENSP00000332528,0.885,1
9606.ENSP00000480914,0.884,1
9606.ENSP00000385684,0.883,4
9606.ENSP00000265316,0.883,2
9606.ENSP00000393776,0.882,1
9606.ENSP00000385443,0.88,1
9606.ENSP00000384766,0.88,1
9606.ENSP00000353538,0.877,3
9606.ENSP00000485033,0.876,8
9606.ENSP00000311695,0.875,1
9606.ENSP00000255198,0.874,3
9606.ENSP00000468354,0.874,1
9606.ENSP00000287380,0.874,1
9606.ENSP00000287474,0.873,3
9606.ENSP00000216071,0.873,1
9606.ENSP00000262189,0.873,5
9606.ENSP00000260682,0.872,3
9606.ENSP00000292450,0.872,10
9606.ENSP00000483631,0.872,1
9606.ENSP00000343746,0.87,1
9606.ENSP00000005284,0.869,1
9606.ENSP00000382871,0.869,2
9606.ENSP00000482870,0.868,4
9606.ENSP00000380942,0.868,5
9606.ENSP00000395835,0.866,3
9606.ENSP00000441913,0.863,4
9606.ENSP00000456548,0.862,1
9606.ENSP00000363103,0.862,2
9606.ENSP00000378635,0.859,1
9606.ENSP00000261789,0.859,1
9606.ENSP00000407822,0.859,5
9606.ENSP00000265165,0.857,1
9606.ENSP00000392066,0.856,6
9606.ENSP00000300179,0.856,1
9606.ENSP00000492019,0.856,1
9606.ENSP00000366783,0.855,4
9606.ENSP00000340608,0.855,2
9606.ENSP00000350718,0.854,1
9606.ENSP00000358590,0.853,3
9606.ENSP00000391269,0.852,1
9606.ENSP00000489407,0.848,3
9606.ENSP00000431840,0.847,1
9606.ENSP00000377265,0.846,1
9606.ENSP00000396593,0.845,2
9606.ENSP00000361278,0.844,1
9606.ENSP00000320130,0.843,1
9606.ENSP00000264431,0.843,4
9606.ENSP00000459216,0.841,10
9606.ENSP00000481893,0.841,1
9606.ENSP00000390394,0.84,2
9606.ENSP00000421280,0.84,5
9606.ENSP00000316012,0.839,1
9606.ENSP00000252826,0.839,3
9606.ENSP00000284509,0.838,2
9606.ENSP00000376443,0.837,5
9606.ENSP00000260386,0.836,1
9606.ENSP00000264036,0.833,2
9606.ENSP00000326003,0.833,3
9606.ENSP00000410689,0.833,2
9606.ENSP00000358532,0.833,4
9606.ENSP00000289547,0.831,1
9606.ENSP00000297625,0.831,2
9606.ENSP00000384638,0.827,1
9606.ENSP00000345102,0.827,1
9606.ENSP00000262891,0.826,3
9606.ENSP00000419313,0.825,2
9606.ENSP00000491567,0.824,12
9606.ENSP00000317272,0.824,2
9606.ENSP00000255006,0.823,1
9606.ENSP00000478104,0.821,3
9606.ENSP00000257248,0.82,1
9606.ENSP00000438468,0.814,1
9606.ENSP00000288368,0.813,2
9606.ENSP00000295408,0.812,2
9606.ENSP00000297477,0.809,1
9606.ENSP00000359782,0.809,1
9606.ENSP00000353854,0.808,4
9606.ENSP00000489149,0.802,1
9606.ENSP00000364277,0.802,6
9606.ENSP00000366942,0.801,1
9606.ENSP00000410269,0.8,1
9606.ENSP00000389841,0.798,10
9606.ENSP00000461947,0.797,1
9606.ENSP00000334675,0.797,1
9606.ENSP00000379396,0.796,1
9606.ENSP00000302913,0.794,2
9606.ENSP00000385523,0.793,1
9606.ENSP00000350874,0.793,3
9606.ENSP00000381981,0.79,4
9606.ENSP00000301332,0.789,3
9606.ENSP00000331369,0.786,1
9606.ENSP00000488929,0.785,4
9606.ENSP00000170150,0.784,2
9606.ENSP00000397693,0.783,12
9606.ENSP00000338673,0.783,1
9606.ENSP00000344155,0.783,11
9606.ENSP00000264664,0.78,1
9606.ENSP00000379387,0.776,4
9606.ENSP00000340510,0.774,2
9606.ENSP00000448062,0.774,6
9606.ENSP00000482819,0.774,1
9606.ENSP00000349547,0.773,2
9606.ENSP00000391692,0.773,3
9606.ENSP00000413035,0.773,1
9606.ENSP00000357842,0.773,1
9606.ENSP00000350295,0.772,11
9606.ENSP00000262365,0.772,1
9606.ENSP00000365433,0.771,1
9606.ENSP00000380349,0.77,3
9606.ENSP00000483721,0.77,1
9606.ENSP00000386498,0.77,1
9606.ENSP00000450853,0.767,6
9606.ENSP00000457689,0.766,6
9606.ENSP00000456953,0.766,6
9606.ENSP00000237172,0.765,3
9606.ENSP00000341947,0.763,5
9606.ENSP00000256646,0.758,1
9606.ENSP00000223095,0.758,1
9606.ENSP00000282111,0.756,1
9606.ENSP00000377862,0.756,14
9606.ENSP00000361982,0.756,2
9606.ENSP00000402460,0.753,3
9606.ENSP00000430031,0.75,1
9606.ENSP00000345972,0.749,3
9606.ENSP00000432481,0.747,2
9606.ENSP00000303508,0.745,1
9606.ENSP00000338785,0.744,1
9606.ENSP00000411032,0.742,2
9606.ENSP00000321636,0.741,1
9606.ENSP00000360372,0.739,3
9606.ENSP00000302625,0.739,3
9606.ENSP00000261488,0.739,1
9606.ENSP00000352035,0.738,2
9606.ENSP00000454973,0.735,1
9606.ENSP00000327197,0.735,2
9606.ENSP00000313158,0.735,4
9606.ENSP00000297293,0.734,3
9606.ENSP00000354645,0.734,1
9606.ENSP00000362018,0.733,3
9606.ENSP00000320648,0.732,5
9606.ENSP00000333802,0.731,10
9606.ENSP00000263934,0.73,3
9606.ENSP00000268624,0.729,2
9606.ENSP00000351327,0.729,6
9606.ENSP00000437872,0.728,4
9606.ENSP00000304586,0.726,3
9606.ENSP00000368066,0.726,1
9606.ENSP00000404570,0.725,21
9606.ENSP00000255324,0.725,4
9606.ENSP00000255409,0.723,1
9606.ENSP00000392410,0.722,4
9606.ENSP00000377577,0.722,1
9606.ENSP00000310928,0.721,1
9606.ENSP00000342604,0.721,5
9606.ENSP00000270458,0.72,1
9606.ENSP00000357980,0.72,1
9606.ENSP00000261726,0.718,2
9606.ENSP00000483103,0.716,6
9606.ENSP00000414516,0.715,1
9606.ENSP00000317027,0.714,4
9606.ENSP00000373274,0.713,10
9606.ENSP00000449629,0.711,2
9606.ENSP00000290894,0.71,2
9606.ENSP00000410186,0.71,4
9606.ENSP00000255078,0.708,1
9606.ENSP00000391488,0.704,2
9606.ENSP00000345133,0.702,9
9606.ENSP00000343741,0.7,3
9606.ENSP00000351856,0.7,6
9606.ENSP00000380367,0.7,22
9606.ENSP00000385098,0.699,1
9606.ENSP00000363590,0.697,1
9606.ENSP00000306157,0.696,2
9606.ENSP00000349781,0.695,3
9606.ENSP00000428876,0.695,1
9606.ENSP00000481271,0.691,1
9606.ENSP00000261195,0.691,1
9606.ENSP00000307156,0.691,4
9606.ENSP00000334474,0.69,1
9606.ENSP00000375582,0.69,4
9606.ENSP00000376035,0.69,1
9606.ENSP00000377616,0.69,2
9606.ENSP00000264661,0.689,1
9606.ENSP00000226207,0.689,22
9606.ENSP00000454380,0.688,1
9606.ENSP00000392257,0.688,1
9606.ENSP00000311319,0.687,4
9606.ENSP00000498934,0.686,4
9606.ENSP00000262903,0.686,1
9606.ENSP00000384376,0.685,8
9606.ENSP00000380690,0.685,2
9606.ENSP00000478796,0.685,6
9606.ENSP00000341684,0.684,2
9606.ENSP00000475224,0.683,1
9606.ENSP00000272732,0.682,1
9606.ENSP00000344791,0.682,10
9606.ENSP00000349824,0.681,1
9606.ENSP00000340610,0.681,6
9606.ENSP00000272647,0.68,3
9606.ENSP00000259470,0.679,1
9606.ENSP00000482749,0.678,2
9606.ENSP00000359240,0.676,2
9606.ENSP00000292174,0.672,1
9606.ENSP00000248244,0.672,1
9606.ENSP00000394248,0.671,2
9606.ENSP00000268699,0.669,2
9606.ENSP00000348842,0.668,2
9606.ENSP00000388311,0.665,11
9606.ENSP00000325017,0.665,1
9606.ENSP00000409667,0.662,3
9606.ENSP00000333725,0.661,1
9606.ENSP00000259486,0.661,4
9606.ENSP00000262305,0.66,2
9606.ENSP00000429367,0.659,1
9606.ENSP00000365807,0.659,2
9606.ENSP00000345492,0.658,2
9606.ENSP00000394484,0.658,1
9606.ENSP00000332530,0.657,1
9606.ENSP00000370022,0.657,1
9606.ENSP00000278198,0.657,1
9606.ENSP00000379826,0.656,1
9606.ENSP00000291906,0.656,2
9606.ENSP00000320006,0.654,1
9606.ENSP00000370826,0.653,5
9606.ENSP00000388940,0.653,1
9606.ENSP00000367476,0.653,1
9606.ENSP00000417182,0.652,3
9606.ENSP00000411816,0.651,1
9606.ENSP00000266058,0.648,1
9606.ENSP00000378534,0.647,2
9606.ENSP00000289672,0.647,1
9606.ENSP00000361027,0.646,4
9606.ENSP00000346667,0.645,3
9606.ENSP00000381008,0.645,22
9606.ENSP00000340514,0.645,4
9606.ENSP00000384625,0.645,1
9606.ENSP00000259963,0.644,1
9606.ENSP00000381480,0.643,1
9606.ENSP00000343617,0.642,5
9606.ENSP00000417955,0.642,1
9606.ENSP00000255381,0.64,20
9606.ENSP00000421915,0.64,4
9606.ENSP00000005178,0.64,1
9606.ENSP00000370719,0.639,2
9606.ENSP00000305138,0.638,1
9606.ENSP00000449137,0.637,2
9606.ENSP00000162044,0.632,2
9606.ENSP00000321812,0.632,4
9606.ENSP00000345479,0.632,4
9606.ENSP00000376945,0.632,1
9606.ENSP00000351015,0.631,2
9606.ENSP00000336693,0.629,1
9606.ENSP00000464317,0.629,20
9606.ENSP00000356771,0.628,2
9606.ENSP00000391381,0.628,1
9606.ENSP00000373399,0.621,2
9606.ENSP00000417138,0.621,4
9606.ENSP00000490579,0.621,1
9606.ENSP00000363275,0.62,1
9606.ENSP00000380781,0.619,1
9606.ENSP00000328169,0.619,2
9606.ENSP00000470323,0.618,5
9606.ENSP00000376955,0.617,3
9606.ENSP00000330904,0.616,1
9606.ENSP00000396345,0.616,5
9606.ENSP00000219406,0.614,4
9606.ENSP00000320821,0.613,1
9606.ENSP00000359532,0.611,1
9606.ENSP00000078429,0.611,2
9606.ENSP00000352846,0.61,10
9606.ENSP00000450895,0.607,1
9606.ENSP00000384670,0.606,1
9606.ENSP00000316130,0.606,1
9606.ENSP00000378295,0.605,3
9606.ENSP00000360824,0.605,1
9606.ENSP00000357474,0.604,2
9606.ENSP00000367064,0.603,1
9606.ENSP00000371018,0.601,1
9606.ENSP00000446680,0.601,1
9606.ENSP00000304782,0.599,1
9606.ENSP00000310688,0.599,1
9606.ENSP00000200457,0.597,1
9606.ENSP00000394770,0.596,3
9606.ENSP00000370129,0.596,1
9606.ENSP00000403441,0.595,1
9606.ENSP00000045083,0.594,3
9606.ENSP00000497613,0.593,3
9606.ENSP00000301399,0.589,4
9606.ENSP00000398211,0.588,6
9606.ENSP00000286758,0.587,1
9606.ENSP00000323302,0.587,2
9606.ENSP00000369753,0.586,1
9606.ENSP00000427679,0.586,2
9606.ENSP00000304408,0.585,1
9606.ENSP00000292246,0.584,2
9606.ENSP00000447378,0.584,5
9606.ENSP00000358896,0.584,3
9606.ENSP00000292140,0.583,1
9606.ENSP00000366203,0.583,2
9606.ENSP00000306138,0.583,2
9606.ENSP00000486891,0.582,1
9606.ENSP00000217289,0.582,2
9606.ENSP00000308895,0.581,1
9606.ENSP00000392812,0.58,3
9606.ENSP00000469686,0.58,1
9606.ENSP00000357206,0.579,4
9606.ENSP00000290583,0.579,1
9606.ENSP00000379201,0.579,1
9606.ENSP00000347821,0.578,3
9606.ENSP00000435299,0.577,1
9606.ENSP00000390661,0.577,2
9606.ENSP00000278060,0.576,2
9606.ENSP00000415464,0.576,2
9606.ENSP00000382610,0.576,2
9606.ENSP00000498627,0.575,6
9606.ENSP00000423820,0.574,10
9606.ENSP00000267116,0.573,1
9606.ENSP00000376608,0.573,1
9606.ENSP00000417235,0.573,3
9606.ENSP00000267843,0.571,1
9606.ENSP00000385019,0.57,7
9606.ENSP00000293405,0.57,1
9606.ENSP00000481149,0.57,2
9606.ENSP00000356832,0.569,2
9606.ENSP00000263094,0.569,1
9606.ENSP00000342858,0.568,2
9606.ENSP00000273320,0.568,10
9606.ENSP00000257894,0.567,1
9606.ENSP00000489675,0.566,5
9606.ENSP00000225964,0.566,1
9606.ENSP00000366314,0.565,3
9606.ENSP00000275233,0.564,1
9606.ENSP00000283357,0.563,1
9606.ENSP00000272839,0.563,1
9606.ENSP00000273063,0.563,1
9606.ENSP00000263379,0.562,2
9606.ENSP00000383737,0.562,2
9606.ENSP00000360231,0.561,1
9606.ENSP00000445595,0.56,2
9606.ENSP00000381377,0.559,1
9606.ENSP00000479884,0.559,11
9606.ENSP00000370254,0.558,1
9606.ENSP00000368127,0.558,1
9606.ENSP00000423333,0.558,1
9606.ENSP00000280734,0.558,1
9606.ENSP00000252050,0.556,2
9606.ENSP00000357927,0.556,1
9606.ENSP00000301149,0.556,1
9606.ENSP00000429190,0.555,2
9606.ENSP00000306335,0.555,1
9606.ENSP00000432586,0.554,4
9606.ENSP00000273962,0.553,3
9606.ENSP00000369291,0.553,1
9606.ENSP00000278070,0.551,2
9606.ENSP00000325296,0.55,4
9606.ENSP00000352069,0.55,2
9606.ENSP00000303928,0.549,1
9606.ENSP00000444747,0.549,2
9606.ENSP00000239374,0.546,4
9606.ENSP00000483356,0.546,1
9606.ENSP00000402092,0.545,1
9606.ENSP00000354481,0.544,1
9606.ENSP00000407118,0.542,1
9606.ENSP00000312946,0.539,3
9606.ENSP00000362446,0.539,4
9606.ENSP00000320209,0.538,1
9606.ENSP00000276816,0.537,2
9606.ENSP00000320318,0.536,3
9606.ENSP00000358022,0.535,1
9606.ENSP00000370673,0.534,1
9606.ENSP00000496151,0.534,1
9606.ENSP00000052754,0.533,1
9606.ENSP00000370340,0.532,1
9606.ENSP00000459439,0.532,1
9606.ENSP00000355927,0.531,4
9606.ENSP00000233242,0.529,8
9606.ENSP00000350358,0.529,2
9606.ENSP00000360293,0.528,2
9606.ENSP00000435466,0.528,1
9606.ENSP00000262304,0.528,5
9606.ENSP00000331062,0.527,1
9606.ENSP00000333519,0.527,1
9606.ENSP00000387694,0.527,2
9606.ENSP00000334714,0.525,1
9606.ENSP00000369927,0.523,1
9606.ENSP00000274361,0.523,6
9606.ENSP00000304987,0.523,1
9606.ENSP00000497351,0.522,2
9606.ENSP00000377934,0.522,3
9606.ENSP00000364397,0.522,2
9606.ENSP00000371070,0.522,1
9606.ENSP00000367913,0.521,4
9606.ENSP00000239587,0.52,1
9606.ENSP00000278590,0.52,1
9606.ENSP00000355133,0.52,2
9606.ENSP00000159087,0.52,2
9606.ENSP00000392936,0.519,1
9606.ENSP00000345151,0.519,1
9606.ENSP00000243786,0.519,2
9606.ENSP00000221315,0.518,5
9606.ENSP00000252338,0.518,2
9606.ENSP00000346065,0.517,7
9606.ENSP00000342952,0.516,5
9606.ENSP00000377492,0.516,1
9606.ENSP00000450444,0.515,1
9606.ENSP00000300619,0.514,10
9606.ENSP00000404843,0.513,1
9606.ENSP00000369814,0.513,1
9606.ENSP00000397351,0.513,2
9606.ENSP00000445043,0.513,4
9606.ENSP00000428182,0.511,3
9606.ENSP00000366936,0.509,2
9606.ENSP00000322408,0.507,3
9606.ENSP00000265007,0.507,1
9606.ENSP00000301037,0.505,1
9606.ENSP00000383023,0.504,1
9606.ENSP00000334122,0.504,1
9606.ENSP00000419901,0.504,2
9606.ENSP00000402510,0.503,1
9606.ENSP00000496593,0.503,2
9606.ENSP00000256190,0.502,3
9606.ENSP00000372351,0.501,2
9606.ENSP00000348314,0.501,1
9606.ENSP00000285013,0.501,1
9606.ENSP00000283228,0.501,1
9606.ENSP00000364035,0.5,1
9606.ENSP00000004982,0.5,1
9606.ENSP00000325917,0.499,2
9606.ENSP00000228841,0.499,1
9606.ENSP00000371886,0.497,1
9606.ENSP00000314505,0.497,2
9606.ENSP00000329170,0.496,1
9606.ENSP00000262713,0.496,1
9606.ENSP00000265379,0.495,7
9606.ENSP00000419654,0.495,2
9606.ENSP00000273153,0.495,1
9606.ENSP00000426964,0.493,1
9606.ENSP00000377115,0.492,1
9606.ENSP00000262765,0.492,4
9606.ENSP00000297767,0.492,1
9606.ENSP00000365908,0.491,1
9606.ENSP00000480763,0.491,6
9606.ENSP00000355837,0.49,2
9606.ENSP00000293441,0.489,3
9606.ENSP00000361608,0.488,4
9606.ENSP00000493327,0.487,1
9606.ENSP00000245680,0.486,1
9606.ENSP00000355925,0.484,2
9606.ENSP00000342637,0.484,5
9606.ENSP00000250024,0.483,3
9606.ENSP00000265239,0.483,1
9606.ENSP00000465121,0.483,3
9606.ENSP00000297313,0.482,1
9606.ENSP00000204604,0.48,2
9606.ENSP00000320688,0.479,1
9606.ENSP00000315070,0.479,1
9606.ENSP00000308576,0.478,1
9606.ENSP00000363921,0.478,3
9606.ENSP00000395244,0.476,1
9606.ENSP00000257215,0.476,4
9606.ENSP00000219069,0.476,1
9606.ENSP00000312706,0.475,2
9606.ENSP00000262442,0.475,4
9606.ENSP00000414670,0.474,2
9606.ENSP00000466953,0.474,1
9606.ENSP00000314879,0.473,1
9606.ENSP00000338013,0.472,2
9606.ENSP00000388731,0.472,1
9606.ENSP00000375248,0.472,1
9606.ENSP00000378881,0.471,2
9606.ENSP00000421191,0.471,2
9606.ENSP00000232375,0.471,1
9606.ENSP00000372720,0.471,1
9606.ENSP00000373700,0.471,4
9606.ENSP00000469696,0.47,3
9606.ENSP00000347689,0.47,3
9606.ENSP00000351575,0.469,1
9606.ENSP00000282397,0.469,1
9606.ENSP00000298097,0.466,1
9606.ENSP00000357494,0.465,3
9606.ENSP00000266718,0.465,1
9606.ENSP00000280758,0.465,4
9606.ENSP00000354622,0.463,2
9606.ENSP00000296513,0.462,1
9606.ENSP00000366288,0.462,1
9606.ENSP00000261721,0.46,1
9606.ENSP00000364476,0.46,1
9606.ENSP00000358001,0.459,4
9606.ENSP00000492971,0.459,1
9606.ENSP00000431759,0.459,3
9606.ENSP00000384004,0.458,2
9606.ENSP00000436975,0.458,1
9606.ENSP00000493555,0.458,4
9606.ENSP00000358207,0.457,2
9606.ENSP00000485527,0.456,1
9606.ENSP00000392423,0.456,6
9606.ENSP00000301532,0.456,1
9606.ENSP00000355419,0.455,1
9606.ENSP00000318373,0.454,5
9606.ENSP00000389009,0.454,1
9606.ENSP00000427018,0.453,2
9606.ENSP00000406201,0.453,6
9606.ENSP00000467931,0.451,1
9606.ENSP00000321132,0.451,4
9606.ENSP00000354476,0.451,2
9606.ENSP00000390423,0.45,1
9606.ENSP00000306340,0.45,2
9606.ENSP00000356975,0.45,3
9606.ENSP00000420132,0.447,1
9606.ENSP00000397968,0.446,4
9606.ENSP00000410545,0.445,5
9606.ENSP00000293190,0.445,2
9606.ENSP00000352358,0.444,2
9606.ENSP00000419619,0.444,1
9606.ENSP00000423099,0.444,2
9606.ENSP00000359434,0.444,2
9606.ENSP00000350267,0.443,1
9606.ENSP00000343930,0.443,2
9606.ENSP00000460380,0.442,3
9606.ENSP00000347358,0.441,1
9606.ENSP00000381231,0.44,1
9606.ENSP00000496564,0.439,4
9606.ENSP00000257336,0.434,2
9606.ENSP00000484715,0.432,1
9606.ENSP00000373691,0.432,1
9606.ENSP00000428280,0.43,3
9606.ENSP00000223167,0.429,1
9606.ENSP00000252999,0.427,7
9606.ENSP00000356233,0.427,3
9606.ENSP00000345629,0.426,1
9606.ENSP00000483549,0.426,1
9606.ENSP00000302968,0.425,2
9606.ENSP00000303178,0.425,2
9606.ENSP00000363985,0.424,4
9606.ENSP00000474071,0.424,1
9606.ENSP00000479134,0.423,2
9606.ENSP00000493386,0.423,1
9606.ENSP00000332592,0.422,1
9606.ENSP00000498424,0.422,1
9606.ENSP00000446917,0.422,1
9606.ENSP00000335575,0.422,1
9606.ENSP00000296181,0.422,2
9606.ENSP00000494147,0.421,3
9606.ENSP00000221891,0.42,5
9606.ENSP00000421917,0.419,4
9606.ENSP00000333938,0.418,1
9606.ENSP00000410746,0.418,5
9606.ENSP00000364166,0.417,1
9606.ENSP00000402280,0.416,2
9606.ENSP00000441273,0.416,2
9606.ENSP00000361405,0.415,2
9606.ENSP00000424126,0.415,6
9606.ENSP00000355589,0.414,3
9606.ENSP00000374135,0.414,2
9606.ENSP00000468304,0.413,1
9606.ENSP00000331385,0.412,1
9606.ENSP00000290039,0.411,3
9606.ENSP00000258991,0.411,2
9606.ENSP00000296484,0.411,1
9606.ENSP00000357565,0.41,2
9606.ENSP00000361413,0.409,1
9606.ENSP00000264741,0.409,1
9606.ENSP00000276449,0.409,1
9606.ENSP00000265381,0.408,1
9606.ENSP00000474725,0.406,3
9606.ENSP00000351206,0.405,1
9606.ENSP00000075503,0.405,2
9606.ENSP00000498611,0.404,2
9606.ENSP00000272342,0.402,2
9606.ENSP00000348912,0.402,1
9606.ENSP00000385158,0.402,2
9606.ENSP00000431165,0.402,1
9606.ENSP00000330338,0.4,1
9606.ENSP00000357362,0.4,2
9606.ENSP00000272322,0.399,4
9606.ENSP00000381553,0.399,1
9606.ENSP00000469391,0.398,1
9606.ENSP00000351346,0.398,3
9606.ENSP00000259711,0.397,2
9606.ENSP00000258411,0.397,1
9606.ENSP00000460236,0.397,1
9606.ENSP00000329318,0.397,1
9606.ENSP00000424765,0.396,2
9606.ENSP00000362186,0.396,1
9606.ENSP00000354859,0.395,1
9606.ENSP00000489898,0.395,1
9606.ENSP00000386200,0.395,2
9606.ENSP00000423354,0.394,2
9606.ENSP00000317674,0.394,1
9606.ENSP00000318086,0.393,1
9606.ENSP00000358718,0.393,1
9606.ENSP00000313681,0.393,2
9606.ENSP00000390590,0.392,1
9606.ENSP00000263635,0.391,1
9606.ENSP00000264926,0.39,1
9606.ENSP00000340954,0.389,1
9606.ENSP00000364831,0.388,1
9606.ENSP00000328174,0.387,1
9606.ENSP00000478478,0.384,2
9606.ENSP00000480376,0.383,2
9606.ENSP00000338127,0.383,1
9606.ENSP00000336524,0.382,3
9606.ENSP00000318423,0.382,1
9606.ENSP00000227756,0.382,1
9606.ENSP00000258229,0.382,8
9606.ENSP00000386869,0.381,4
9606.ENSP00000433666,0.378,4
9606.ENSP00000276297,0.377,2
9606.ENSP00000326253,0.377,1
9606.ENSP00000248668,0.376,1
9606.ENSP00000222271,0.375,2
9606.ENSP00000258729,0.375,1
9606.ENSP00000498994,0.373,4
9606.ENSP00000164227,0.37,1
9606.ENSP00000317790,0.37,7
9606.ENSP00000407442,0.37,2
9606.ENSP00000381340,0.369,1
9606.ENSP00000285238,0.368,1
9606.ENSP00000448012,0.364,2
9606.ENSP00000474720,0.363,1
9606.ENSP00000383053,0.362,5
9606.ENSP00000406012,0.362,2
9606.ENSP00000300896,0.362,3
9606.ENSP00000295746,0.36,2
9606.ENSP00000312368,0.36,1
9606.ENSP00000241436,0.359,1
9606.ENSP00000484634,0.358,1
9606.ENSP00000367300,0.358,1
9606.ENSP00000259371,0.356,3
9606.ENSP00000480484,0.356,4
9606.ENSP00000451998,0.356,1
9606.ENSP00000261590,0.355,3
9606.ENSP00000320794,0.355,2
9606.ENSP00000329357,0.354,1
9606.ENSP00000229769,0.353,1
9606.ENSP00000365080,0.351,1
9606.ENSP00000362863,0.351,1
9606.ENSP00000361473,0.349,2
9606.ENSP00000332806,0.349,1
9606.ENSP00000352111,0.348,3
9606.ENSP00000343064,0.348,3
9606.ENSP00000348043,0.348,1
9606.ENSP00000480318,0.347,1
9606.ENSP00000349588,0.346,5
9606.ENSP00000322956,0.346,1
9606.ENSP00000351342,0.345,1
9606.ENSP00000309714,0.345,1
9606.ENSP00000450114,0.344,1
9606.ENSP00000262198,0.344,1
9606.ENSP00000253719,0.344,1
9606.ENSP00000297848,0.344,2
9606.ENSP00000384537,0.344,4
9606.ENSP00000310244,0.341,2
9606.ENSP00000483673,0.341,2
9606.ENSP00000263265,0.341,2
9606.ENSP00000363308,0.341,2
9606.ENSP00000335008,0.339,1
9606.ENSP00000364043,0.339,1
9606.ENSP00000442515,0.339,1
9606.ENSP00000345751,0.339,2
9606.ENSP00000485238,0.339,5
9606.ENSP00000380061,0.338,4
9606.ENSP00000492795,0.338,1
9606.ENSP00000345193,0.337,2
9606.ENSP00000302629,0.336,1
9606.ENSP00000300255,0.335,2
9606.ENSP00000472109,0.335,1
9606.ENSP00000401678,0.335,2
9606.ENSP00000474529,0.333,1
9606.ENSP00000240874,0.333,3
9606.ENSP00000341914,0.333,1
9606.ENSP00000357905,0.333,2
9606.ENSP00000451172,0.332,3
9606.ENSP00000360054,0.332,2
9606.ENSP00000284601,0.332,2
9606.ENSP00000477567,0.332,3
9606.ENSP00000345295,0.332,1
9606.ENSP00000361868,0.33,1
9606.ENSP00000254190,0.329,1
9606.ENSP00000257934,0.329,11
9606.ENSP00000260323,0.328,3
9606.ENSP00000482968,0.328,3
9606.ENSP00000310561,0.327,2
9606.ENSP00000311816,0.326,1
9606.ENSP00000299162,0.326,1
9606.ENSP00000302548,0.326,1
9606.ENSP00000290438,0.325,2
9606.ENSP00000308122,0.325,1
9606.ENSP00000394051,0.323,1
9606.ENSP00000327513,0.323,2
9606.ENSP00000307911,0.322,1
9606.ENSP00000376306,0.322,1
9606.ENSP00000271277,0.321,1
9606.ENSP00000374490,0.319,2
9606.ENSP00000497174,0.319,3
9606.ENSP00000376703,0.318,1
9606.ENSP00000295802,0.317,1
9606.ENSP00000252597,0.317,1
9606.ENSP00000411084,0.316,1
9606.ENSP00000329584,0.316,1
9606.ENSP00000482810,0.315,1
9606.ENSP00000328426,0.315,2
9606.ENSP00000496007,0.315,4
9606.ENSP00000328397,0.314,3
9606.ENSP00000305702,0.313,1
9606.ENSP00000311273,0.313,3
9606.ENSP00000380165,0.313,2
9606.ENSP00000402758,0.313,1
9606.ENSP00000491285,0.312,1
9606.ENSP00000389998,0.312,1
9606.ENSP00000356518,0.311,1
9606.ENSP00000336127,0.31,2
9606.ENSP00000228495,0.309,1
9606.ENSP00000353332,0.309,2
9606.ENSP00000377699,0.309,1
9606.ENSP00000323880,0.308,1
9606.ENSP00000289989,0.308,1
9606.ENSP00000334910,0.308,1
9606.ENSP00000350786,0.307,2
9606.ENSP00000327538,0.306,3
9606.ENSP00000383212,0.306,1
9606.ENSP00000307831,0.306,1
9606.ENSP00000221327,0.306,4
9606.ENSP00000364498,0.305,2
9606.ENSP00000472959,0.304,1
9606.ENSP00000339730,0.304,2
9606.ENSP00000333539,0.303,1
9606.ENSP00000356621,0.303,3
9606.ENSP00000341280,0.302,2
9606.ENSP00000306627,0.302,1
9606.ENSP00000361467,0.302,3
9606.ENSP00000358765,0.302,1
9606.ENSP00000383920,0.302,1
9606.ENSP00000454407,0.301,3
9606.ENSP00000468678,0.301,3
9606.ENSP00000407521,0.301,1
9606.ENSP00000281171,0.301,1
9606.ENSP00000385675,0.3,1
9606.ENSP00000485378,0.3,1
9606.ENSP00000282466,0.3,3
9606.ENSP00000317310,0.299,2
9606.ENSP00000312126,0.298,2
9606.ENSP00000364000,0.298,2
9606.ENSP00000300576,0.298,2
9606.ENSP00000470788,0.297,1
9606.ENSP00000381034,0.296,2
9606.ENSP00000452277,0.296,2
9606.ENSP00000359643,0.295,1
9606.ENSP00000375921,0.295,1
9606.ENSP00000339004,0.295,1
9606.ENSP00000364524,0.294,1
9606.ENSP00000365844,0.294,1
9606.ENSP00000378492,0.294,1
9606.ENSP00000360576,0.294,1
9606.ENSP00000253458,0.293,4
9606.ENSP00000345502,0.293,3
9606.ENSP00000394623,0.293,1
9606.ENSP00000358535,0.292,3
9606.ENSP00000355245,0.292,1
9606.ENSP00000265018,0.292,4
9606.ENSP00000267328,0.291,1
9606.ENSP00000438388,0.29,1
9606.ENSP00000369976,0.289,1
9606.ENSP00000319756,0.288,1
9606.ENSP00000265104,0.287,3
9606.ENSP00000322730,0.287,1
9606.ENSP00000221496,0.287,4
9606.ENSP00000391085,0.287,2
9606.ENSP00000465578,0.287,1
9606.ENSP00000264399,0.286,3
9606.ENSP00000367950,0.286,2
9606.ENSP00000479773,0.285,2
9606.ENSP00000370078,0.285,3
9606.ENSP00000387310,0.285,1
9606.ENSP00000371532,0.284,2
9606.ENSP00000289013,0.282,1
9606.ENSP00000424226,0.282,3
9606.ENSP00000280527,0.281,1
9606.ENSP00000332413,0.281,1
9606.ENSP00000455826,0.28,2
9606.ENSP00000155858,0.28,1
9606.ENSP00000362314,0.28,1
9606.ENSP00000261383,0.279,2
9606.ENSP00000462745,0.278,1
9606.ENSP00000337816,0.278,1
9606.ENSP00000362272,0.278,1
9606.ENSP00000404151,0.278,1
9606.ENSP00000350896,0.278,4
9606.ENSP00000338769,0.277,1
9606.ENSP00000490517,0.276,1
9606.ENSP00000405012,0.276,2
9606.ENSP00000423309,0.275,1
9606.ENSP00000343818,0.274,3
9606.ENSP00000479811,0.274,3
9606.ENSP00000247226,0.274,2
9606.ENSP00000356191,0.274,1
9606.ENSP00000378167,0.273,2
9606.ENSP00000367315,0.273,2
9606.ENSP00000294728,0.273,1
9606.ENSP00000464006,0.272,1
9606.ENSP00000363822,0.272,2
9606.ENSP00000004531,0.272,1
9606.ENSP00000374036,0.272,1
9606.ENSP00000340519,0.272,2
9606.ENSP00000337451,0.272,4
9606.ENSP00000344635,0.271,1
9606.ENSP00000265074,0.271,1
9606.ENSP00000381589,0.271,2
9606.ENSP00000331242,0.271,2
9606.ENSP00000303540,0.269,2
9606.ENSP00000369755,0.269,1
9606.ENSP00000252085,0.269,2
9606.ENSP00000280098,0.269,2
9606.ENSP00000330633,0.267,1
9606.ENSP00000295124,0.266,1
9606.ENSP00000362139,0.266,2
9606.ENSP00000489770,0.266,1
9606.ENSP00000366863,0.266,1
9606.ENSP00000166244,0.264,4
9606.ENSP00000483467,0.264,1
9606.ENSP00000399808,0.263,1
9606.ENSP00000358309,0.263,4
9606.ENSP00000291582,0.262,1
9606.ENSP00000376465,0.261,1
9606.ENSP00000343838,0.261,1
9606.ENSP00000381007,0.26,3
9606.ENSP00000261707,0.26,1
9606.ENSP00000457904,0.26,2
9606.ENSP00000405222,0.259,1
9606.ENSP00000342793,0.259,1
9606.ENSP00000362372,0.258,1
9606.ENSP00000252729,0.258,1
9606.ENSP00000495860,0.258,3
9606.ENSP00000290607,0.258,5
9606.ENSP00000064780,0.257,1
9606.ENSP00000382241,0.257,1
9606.ENSP00000430024,0.256,2
9606.ENSP00000337998,0.256,2
9606.ENSP00000357881,0.255,1
9606.ENSP00000329918,0.254,1
9606.ENSP00000329880,0.253,1
9606.ENSP00000353717,0.253,1
9606.ENSP00000398454,0.252,2
9606.ENSP00000391299,0.252,1
9606.ENSP00000356470,0.252,2
9606.ENSP00000055682,0.252,1
9606.ENSP00000264229,0.251,2
9606.ENSP00000428746,0.251,3
9606.ENSP00000499676,0.25,1
9606.ENSP00000393333,0.25,1
9606.ENSP00000355316,0.249,1
9606.ENSP00000328928,0.249,1
9606.ENSP00000307959,0.249,9
9606.ENSP00000332118,0.248,4
9606.ENSP00000450040,0.248,2
9606.ENSP00000350425,0.248,1
9606.ENSP00000374323,0.247,4
9606.ENSP00000261205,0.246,3
9606.ENSP00000478671,0.246,3
9606.ENSP00000327763,0.245,2
9606.ENSP00000320935,0.245,2
9606.ENSP00000497784,0.245,1
9606.ENSP00000354432,0.245,1
9606.ENSP00000398481,0.245,3
9606.ENSP00000471851,0.245,2
9606.ENSP00000408792,0.244,1
9606.ENSP00000381097,0.244,4
9606.ENSP00000370443,0.243,2
9606.ENSP00000327009,0.243,1
9606.ENSP00000393392,0.243,1
9606.ENSP00000438209,0.242,1
9606.ENSP00000423159,0.241,2
9606.ENSP00000356237,0.241,3
9606.ENSP00000498374,0.24,1
9606.ENSP00000482950,0.24,3
9606.ENSP00000346768,0.239,1
9606.ENSP00000354923,0.239,6
9606.ENSP00000354671,0.238,1
9606.ENSP00000171887,0.237,1
9606.ENSP00000354583,0.237,1
9606.ENSP00000352639,0.235,1
9606.ENSP00000381588,0.235,1
9606.ENSP00000265807,0.235,2
9606.ENSP00000491504,0.235,2
9606.ENSP00000370962,0.234,1
9606.ENSP00000322323,0.234,1
9606.ENSP00000490412,0.234,1
9606.ENSP00000479166,0.234,1
9606.ENSP00000264360,0.233,1
9606.ENSP00000383376,0.233,3
9606.ENSP00000379176,0.232,1
9606.ENSP00000332353,0.231,1
9606.ENSP00000297668,0.231,3
9606.ENSP00000376457,0.231,2
9606.ENSP00000362549,0.231,1
9606.ENSP00000362525,0.23,1
9606.ENSP00000367848,0.229,1
9606.ENSP00000305926,0.229,1
9606.ENSP00000310057,0.228,1
9606.ENSP00000346265,0.228,3
9606.ENSP00000353249,0.228,2
9606.ENSP00000220616,0.228,3
9606.ENSP00000434830,0.227,3
9606.ENSP00000331845,0.227,1
9606.ENSP00000386190,0.226,3
9606.ENSP00000239462,0.226,1
9606.ENSP00000490806,0.225,3
9606.ENSP00000476091,0.225,1
9606.ENSP00000435389,0.224,1
9606.ENSP00000219689,0.224,1
9606.ENSP00000371347,0.223,1
9606.ENSP00000352608,0.223,6
9606.ENSP00000501265,0.222,1
9606.ENSP00000381758,0.222,2
9606.ENSP00000349768,0.222,3
9606.ENSP00000351338,0.221,2
9606.ENSP00000366984,0.221,1
9606.ENSP00000383851,0.221,1
9606.ENSP00000477344,0.22,3
9606.ENSP00000325836,0.22,1
9606.ENSP00000260810,0.22,1
9606.ENSP00000464231,0.219,1
9606.ENSP00000365884,0.219,1
9606.ENSP00000369399,0.217,1
9606.ENSP00000296266,0.217,1
9606.ENSP00000412461,0.216,2
9606.ENSP00000406577,0.215,1
9606.ENSP00000300283,0.215,1
9606.ENSP00000343633,0.215,1
9606.ENSP00000410768,0.215,1
9606.ENSP00000493946,0.215,4
9606.ENSP00000364220,0.213,3
9606.ENSP00000325120,0.212,2
9606.ENSP00000381499,0.21,1
9606.ENSP00000359292,0.21,2
9606.ENSP00000264501,0.21,5
9606.ENSP00000369346,0.209,1
9606.ENSP00000372169,0.209,1
9606.ENSP00000451162,0.209,2
9606.ENSP00000364464,0.209,2
9606.ENSP00000417003,0.208,1
9606.ENSP00000386862,0.208,1
9606.ENSP00000341342,0.208,1
9606.ENSP00000293879,0.207,1
9606.ENSP00000266376,0.205,1
9606.ENSP00000360583,0.204,2
9606.ENSP00000320232,0.204,3
9606.ENSP00000402584,0.204,2
9606.ENSP00000298694,0.202,1
9606.ENSP00000281722,0.202,1
9606.ENSP00000467141,0.201,25
9606.ENSP00000337500,0.199,1
9606.ENSP00000264930,0.199,1
9606.ENSP00000269499,0.198,1
9606.ENSP00000381213,0.198,1
9606.ENSP00000370698,0.198,1
9606.ENSP00000362759,0.197,1
9606.ENSP00000324419,0.197,3
9606.ENSP00000482119,0.197,2
9606.ENSP00000354683,0.197,1
9606.ENSP00000497110,0.196,1
9606.ENSP00000366923,0.196,1
9606.ENSP00000326581,0.196,1
9606.ENSP00000358478,0.195,4
9606.ENSP00000317128,0.194,2
9606.ENSP00000315713,0.194,1
9606.ENSP00000332886,0.194,2
9606.ENSP00000297029,0.194,1
9606.ENSP00000345809,0.193,1
9606.ENSP00000384830,0.192,2
9606.ENSP00000495214,0.191,6
9606.ENSP00000373433,0.191,1
9606.ENSP00000260502,0.19,1
9606.ENSP00000341489,0.19,3
9606.ENSP00000260126,0.19,1
9606.ENSP00000378418,0.189,1
9606.ENSP00000351957,0.189,2
9606.ENSP00000017003,0.188,1
9606.ENSP00000226247,0.187,1
9606.ENSP00000256707,0.186,2
9606.ENSP00000221980,0.186,1
9606.ENSP00000265459,0.186,1
9606.ENSP00000404203,0.186,1
9606.ENSP00000366876,0.186,1
9606.ENSP00000413632,0.186,1
9606.ENSP00000268130,0.186,2
9606.ENSP00000270645,0.186,3
9606.ENSP00000345229,0.185,1
9606.ENSP00000314407,0.185,1
9606.ENSP00000489796,0.184,1
9606.ENSP00000272223,0.184,1
9606.ENSP00000248643,0.184,1
9606.ENSP00000483764,0.183,1
9606.ENSP00000439625,0.183,1
9606.ENSP00000307746,0.182,1
9606.ENSP00000380559,0.182,1
9606.ENSP00000386213,0.181,1
9606.ENSP00000355924,0.181,1
9606.ENSP00000384582,0.181,6
9606.ENSP00000263269,0.181,1
9606.ENSP00000253812,0.181,2
9606.ENSP00000331376,0.18,1
9606.ENSP00000294244,0.18,1
9606.ENSP00000287590,0.18,1
9606.ENSP00000485010,0.179,1
9606.ENSP00000260363,0.179,1
9606.ENSP00000342974,0.178,2
9606.ENSP00000313443,0.178,1
9606.ENSP00000469591,0.178,1
9606.ENSP00000482335,0.177,1
9606.ENSP00000332454,0.177,1
9606.ENSP00000360320,0.176,1
9606.ENSP00000351484,0.176,1
9606.ENSP00000356574,0.175,1
9606.ENSP00000409652,0.175,1
9606.ENSP00000418875,0.175,3
9606.ENSP00000326598,0.175,3
9606.ENSP00000260191,0.174,1
9606.ENSP00000410466,0.174,2
9606.ENSP00000298282,0.174,1
9606.ENSP00000387128,0.173,3
9606.ENSP00000380421,0.173,3
9606.ENSP00000379228,0.173,2
9606.ENSP00000286355,0.173,1
9606.ENSP00000412763,0.172,2
9606.ENSP00000332969,0.172,1
9606.ENSP00000358513,0.172,1
9606.ENSP00000228567,0.172,3
9606.ENSP00000340914,0.172,3
9606.ENSP00000435373,0.172,1
9606.ENSP00000418647,0.171,1
9606.ENSP00000164305,0.17,1
9606.ENSP00000222139,0.17,2
9606.ENSP00000349439,0.17,2
9606.ENSP00000484342,0.169,2
9606.ENSP00000457748,0.169,1
9606.ENSP00000356674,0.169,1
9606.ENSP00000497532,0.169,2
9606.ENSP00000237353,0.166,1
9606.ENSP00000327738,0.166,1
9606.ENSP00000383840,0.165,1
9606.ENSP00000261837,0.165,1
9606.ENSP00000262961,0.165,1
9606.ENSP00000322570,0.165,2
9606.ENSP00000444201,0.165,3
9606.ENSP00000497308,0.165,1
9606.ENSP00000404991,0.165,1
9606.ENSP00000352882,0.164,2
9606.ENSP00000352642,0.164,1
9606.ENSP00000355922,0.164,4
9606.ENSP00000330148,0.164,1
9606.ENSP00000265334,0.163,1
9606.ENSP00000467271,0.163,1
9606.ENSP00000373827,0.163,2
9606.ENSP00000367564,0.162,1
9606.ENSP00000410157,0.162,1
9606.ENSP00000405405,0.162,1
9606.ENSP00000335325,0.161,1
9606.ENSP00000340776,0.16,1
9606.ENSP00000265080,0.16,1
9606.ENSP00000356825,0.16,2
9606.ENSP00000353491,0.159,1
9606.ENSP00000003100,0.159,1
9606.ENSP00000381876,0.157,2
9606.ENSP00000220514,0.157,1
9606.ENSP00000280612,0.157,1
9606.ENSP00000491507,0.156,2
9606.ENSP00000259750,0.156,1
9606.ENSP00000327214,0.156,1
9606.ENSP00000219368,0.155,2
9606.ENSP00000304956,0.155,1
9606.ENSP00000368164,0.154,1
9606.ENSP00000460602,0.154,1
9606.ENSP00000387593,0.154,1
9606.ENSP00000350224,0.154,1
9606.ENSP00000353652,0.153,2
9606.ENSP00000267430,0.153,2
9606.ENSP00000370215,0.153,1
9606.ENSP00000244333,0.153,3
9606.ENSP00000345395,0.153,3
9606.ENSP00000365782,0.152,1
9606.ENSP00000252321,0.152,1
9606.ENSP00000423660,0.152,1
9606.ENSP00000402723,0.151,2
9606.ENSP00000328187,0.151,1
9606.ENSP00000264674,0.151,2
9606.ENSP00000302530,0.151,2
9606.ENSP00000438526,0.151,1
9606.ENSP00000440498,0.15,1
9606.ENSP00000349568,0.149,2
9606.ENSP00000317177,0.149,1
9606.ENSP00000489829,0.148,2
9606.ENSP00000471000,0.148,2
9606.ENSP00000266505,0.148,1
9606.ENSP00000267853,0.147,1
9606.ENSP00000325285,0.147,1
9606.ENSP00000370057,0.146,2
9606.ENSP00000433681,0.146,1
9606.ENSP00000468153,0.145,1
9606.ENSP00000298050,0.145,1
9606.ENSP00000371994,0.144,1
9606.ENSP00000495965,0.144,1
9606.ENSP00000498784,0.144,1
9606.ENSP00000301732,0.144,3
9606.ENSP00000249330,0.143,2
9606.ENSP00000383922,0.143,1
9606.ENSP00000358310,0.142,1
9606.ENSP00000415528,0.141,1
9606.ENSP00000366030,0.141,1
9606.ENSP00000368727,0.141,1
9606.ENSP00000247815,0.14,2
9606.ENSP00000369400,0.14,1
9606.ENSP00000350815,0.14,1
9606.ENSP00000317175,0.14,1
9606.ENSP00000455265,0.14,1
9606.ENSP00000333310,0.138,1
9606.ENSP00000480316,0.138,1
9606.ENSP00000478305,0.138,1
9606.ENSP00000333376,0.138,2
9606.ENSP00000445002,0.137,1
9606.ENSP00000384169,0.137,1
9606.ENSP00000480428,0.137,1
9606.ENSP00000365266,0.136,1
9606.ENSP00000342169,0.136,1
9606.ENSP00000200557,0.135,1
9606.ENSP00000481684,0.134,1
9606.ENSP00000475939,0.134,4
9606.ENSP00000369816,0.134,3
9606.ENSP00000253968,0.134,1
9606.ENSP00000295888,0.134,3
9606.ENSP00000366827,0.133,3
9606.ENSP00000496870,0.133,1
9606.ENSP00000458355,0.133,2
9606.ENSP00000384040,0.133,2
9606.ENSP00000375593,0.132,1
9606.ENSP00000262460,0.131,1
9606.ENSP00000368666,0.131,1
9606.ENSP00000266503,0.131,1
9606.ENSP00000261797,0.131,1
9606.ENSP00000288207,0.13,1
9606.ENSP00000365413,0.13,2
9606.ENSP00000267622,0.129,2
9606.ENSP00000281321,0.129,1
9606.ENSP00000420449,0.129,2
9606.ENSP00000256858,0.129,2
9606.ENSP00000289272,0.129,1
9606.ENSP00000453793,0.128,1
9606.ENSP00000301956,0.128,1
9606.ENSP00000384667,0.127,1
9606.ENSP00000364550,0.127,1
9606.ENSP00000425631,0.127,1
9606.ENSP00000440864,0.127,1
9606.ENSP00000401306,0.127,4
9606.ENSP00000370299,0.127,2
9606.ENSP00000196061,0.126,1
9606.ENSP00000296499,0.125,1
9606.ENSP00000354377,0.125,1
9606.ENSP00000342002,0.124,2
9606.ENSP00000450244,0.124,1
9606.ENSP00000381958,0.124,1
9606.ENSP00000265362,0.124,1
9606.ENSP00000319622,0.124,1
9606.ENSP00000356156,0.124,1
9606.ENSP00000337103,0.124,1
9606.ENSP00000261292,0.124,1
9606.ENSP00000381430,0.122,1
9606.ENSP00000330442,0.122,1
9606.ENSP00000376767,0.121,1
9606.ENSP00000379030,0.121,1
9606.ENSP00000324763,0.121,3
9606.ENSP00000350078,0.121,1
9606.ENSP00000486502,0.118,1
9606.ENSP00000264956,0.118,2
9606.ENSP00000457044,0.118,1
9606.ENSP00000369375,0.118,1
9606.ENSP00000256649,0.118,1
9606.ENSP00000498215,0.117,1
9606.ENSP00000359940,0.116,1
9606.ENSP00000348453,0.116,1
9606.ENSP00000369774,0.116,1
9606.ENSP00000386380,0.116,1
9606.ENSP00000489706,0.115,1
9606.ENSP00000272371,0.115,2
9606.ENSP00000303490,0.114,1
9606.ENSP00000481554,0.113,1
9606.ENSP00000384264,0.113,1
9606.ENSP00000445135,0.113,1
9606.ENSP00000481358,0.113,1
9606.ENSP00000359787,0.112,1
9606.ENSP00000430620,0.111,1
9606.ENSP00000361554,0.111,1
9606.ENSP00000363001,0.111,1
9606.ENSP00000500237,0.111,3
9606.ENSP00000216223,0.11,1
9606.ENSP00000258888,0.11,2
9606.ENSP00000370519,0.11,1
9606.ENSP00000347649,0.11,1
9606.ENSP00000261609,0.11,3
9606.ENSP00000466072,0.11,1
9606.ENSP00000264363,0.11,1
9606.ENSP00000317382,0.109,1
9606.ENSP00000445381,0.109,1
9606.ENSP00000469998,0.109,1
9606.ENSP00000467286,0.108,1
9606.ENSP00000268459,0.108,1
9606.ENSP00000442982,0.108,1
9606.ENSP00000443133,0.108,1
9606.ENSP00000314556,0.108,2
9606.ENSP00000342818,0.107,1
9606.ENSP00000225719,0.107,1
9606.ENSP00000383931,0.106,1
9606.ENSP00000272369,0.106,1
9606.ENSP00000374409,0.106,1
9606.ENSP00000328478,0.105,1
9606.ENSP00000355028,0.105,2
9606.ENSP00000469582,0.105,2
9606.ENSP00000419371,0.104,1
9606.ENSP00000382492,0.104,1
9606.ENSP00000367794,0.104,3
9606.ENSP00000450480,0.103,1
9606.ENSP00000273859,0.103,1
9606.ENSP00000481127,0.102,1
9606.ENSP00000495242,0.102,3
9606.ENSP00000354910,0.102,2
9606.ENSP00000366522,0.102,1
9606.ENSP00000424571,0.102,1
9606.ENSP00000379169,0.102,1
9606.ENSP00000337991,0.102,2
9606.ENSP00000341165,0.101,1
9606.ENSP00000477999,0.101,1
9606.ENSP00000367655,0.1,5
9606.ENSP00000337122,0.1,1
9606.ENSP00000478721,0.1,1
9606.ENSP00000296795,0.1,1
9606.ENSP00000473036,0.1,1
9606.ENSP00000312506,0.1,2
9606.ENSP00000332164,0.099,1
9606.ENSP00000363524,0.099,1
9606.ENSP00000466907,0.098,1
9606.ENSP00000269973,0.098,2
9606.ENSP00000355082,0.098,1
9606.ENSP00000414856,0.098,1
9606.ENSP00000305077,0.097,1
9606.ENSP00000349577,0.097,1
9606.ENSP00000428994,0.097,1
9606.ENSP00000316786,0.097,1
9606.ENSP00000234739,0.097,1
9606.ENSP00000426103,0.097,1
9606.ENSP00000489225,0.096,2
9606.ENSP00000256194,0.096,1
9606.ENSP00000422591,0.095,1
9606.ENSP00000383199,0.095,3
9606.ENSP00000378063,0.095,1
9606.ENSP00000258415,0.094,1
9606.ENSP00000273353,0.094,2
9606.ENSP00000328236,0.094,1
9606.ENSP00000379032,0.094,1
9606.ENSP00000377708,0.094,1
9606.ENSP00000348234,0.094,1
9606.ENSP00000373566,0.094,2
9606.ENSP00000318716,0.093,1
9606.ENSP00000325527,0.093,1
9606.ENSP00000296043,0.092,1
9606.ENSP00000287169,0.092,1
9606.ENSP00000382140,0.092,1
9606.ENSP00000379464,0.092,1
9606.ENSP00000373783,0.092,1
9606.ENSP00000384716,0.092,1
9606.ENSP00000363232,0.092,1
9606.ENSP00000355384,0.091,1
9606.ENSP00000495481,0.091,2
9606.ENSP00000413418,0.091,2
9606.ENSP00000282096,0.09,1
9606.ENSP00000335437,0.09,1
9606.ENSP00000453307,0.09,1
9606.ENSP00000400365,0.09,1
9606.ENSP00000341565,0.09,1
9606.ENSP00000490802,0.09,1
9606.ENSP00000230588,0.089,1
9606.ENSP00000382390,0.089,2
9606.ENSP00000297203,0.089,1
9606.ENSP00000305976,0.089,2
9606.ENSP00000452948,0.089,2
9606.ENSP00000378536,0.089,1
9606.ENSP00000296257,0.089,2
9606.ENSP00000414657,0.089,1
9606.ENSP00000228705,0.088,1
9606.ENSP00000439250,0.088,1
9606.ENSP00000404079,0.088,1
9606.ENSP00000480538,0.088,2
9606.ENSP00000407193,0.087,1
9606.ENSP00000306522,0.087,1
9606.ENSP00000374273,0.087,1
9606.ENSP00000296585,0.087,1
9606.ENSP00000389600,0.087,1
9606.ENSP00000318803,0.087,3
9606.ENSP00000334853,0.087,1
9606.ENSP00000272602,0.086,1
9606.ENSP00000481994,0.086,1
9606.ENSP00000295709,0.086,1
9606.ENSP00000444076,0.085,1
9606.ENSP00000360690,0.085,1
9606.ENSP00000251582,0.085,1
9606.ENSP00000374309,0.084,2
9606.ENSP00000350856,0.084,1
9606.ENSP00000261381,0.084,1
9606.ENSP00000369592,0.084,1
9606.ENSP00000266674,0.083,2
9606.ENSP00000497185,0.083,1
9606.ENSP00000362656,0.082,2
9606.ENSP00000349147,0.082,1
9606.ENSP00000356319,0.082,1
9606.ENSP00000345824,0.082,1
9606.ENSP00000316881,0.081,1
9606.ENSP00000243644,0.081,1
9606.ENSP00000252575,0.081,1
9606.ENSP00000326759,0.08,1
9606.ENSP00000320038,0.08,1
9606.ENSP00000441405,0.08,1
9606.ENSP00000386807,0.08,1
9606.ENSP00000376522,0.08,1
9606.ENSP00000220676,0.08,1
9606.ENSP00000369325,0.08,1
9606.ENSP00000415682,0.08,1
9606.ENSP00000358200,0.08,1
9606.ENSP00000367398,0.079,1
9606.ENSP00000498410,0.079,2
9606.ENSP00000403954,0.079,2
9606.ENSP00000334685,0.079,1
9606.ENSP00000282499,0.079,1
9606.ENSP00000293471,0.079,1
9606.ENSP00000379208,0.078,1
9606.ENSP00000488696,0.078,1
9606.ENSP00000371180,0.078,1
9606.ENSP00000367922,0.077,1
9606.ENSP00000369497,0.077,1
9606.ENSP00000272895,0.077,2
9606.ENSP00000377428,0.077,1
9606.ENSP00000415207,0.077,1
9606.ENSP00000356247,0.077,2
9606.ENSP00000281092,0.077,1
9606.ENSP00000411140,0.077,1
9606.ENSP00000373952,0.077,1
9606.ENSP00000391200,0.076,1
9606.ENSP00000392024,0.076,2
9606.ENSP00000395012,0.076,1
9606.ENSP00000381250,0.076,1
9606.ENSP00000333363,0.075,2
9606.ENSP00000301365,0.075,1
9606.ENSP00000354932,0.075,1
9606.ENSP00000300870,0.075,2
9606.ENSP00000406229,0.075,1
9606.ENSP00000262659,0.075,1
9606.ENSP00000431871,0.074,1
9606.ENSP00000438788,0.074,1
9606.ENSP00000305373,0.074,1
9606.ENSP00000421377,0.074,1
9606.ENSP00000462600,0.074,1
9606.ENSP00000404705,0.073,1
9606.ENSP00000260702,0.073,1
9606.ENSP00000325018,0.073,1
9606.ENSP00000325355,0.073,1
9606.ENSP00000446902,0.073,1
9606.ENSP00000331746,0.072,1
9606.ENSP00000479449,0.072,1
9606.ENSP00000399392,0.072,1
9606.ENSP00000270649,0.072,1
9606.ENSP00000382101,0.072,1
9606.ENSP00000434399,0.072,1
9606.ENSP00000271588,0.071,4
9606.ENSP00000340594,0.071,1
9606.ENSP00000373450,0.071,1
9606.ENSP00000441838,0.071,1
9606.ENSP00000276055,0.07,1
9606.ENSP00000350162,0.069,1
9606.ENSP00000288135,0.069,3
9606.ENSP00000299440,0.069,1
9606.ENSP00000335463,0.069,2
9606.ENSP00000355533,0.068,2
9606.ENSP00000239316,0.068,1
9606.ENSP00000297837,0.068,2
9606.ENSP00000288221,0.068,1
9606.ENSP00000442008,0.067,2
9606.ENSP00000234701,0.067,1
9606.ENSP00000443410,0.067,1
9606.ENSP00000265431,0.067,1
9606.ENSP00000324605,0.066,1
9606.ENSP00000267845,0.066,1
9606.ENSP00000336775,0.066,2
9606.ENSP00000290122,0.066,1
9606.ENSP00000354498,0.066,1
9606.ENSP00000358719,0.066,1
9606.ENSP00000280886,0.065,1
9606.ENSP00000351422,0.065,1
9606.ENSP00000443113,0.065,1
9606.ENSP00000382237,0.065,1
9606.ENSP00000287097,0.065,2
9606.ENSP00000379911,0.064,1
9606.ENSP00000416508,0.064,1
9606.ENSP00000376204,0.064,2
9606.ENSP00000361664,0.063,1
9606.ENSP00000412886,0.063,1
9606.ENSP00000480818,0.063,1
9606.ENSP00000384164,0.062,1
9606.ENSP00000384792,0.062,1
9606.ENSP00000367130,0.062,1
9606.ENSP00000379368,0.062,1
9606.ENSP00000311300,0.062,1
9606.ENSP00000240189,0.061,1
9606.ENSP00000251102,0.061,1
9606.ENSP00000296452,0.061,2
9606.ENSP00000290974,0.061,1
9606.ENSP00000339182,0.061,1
9606.ENSP00000377508,0.061,1
9606.ENSP00000477509,0.061,1
9606.ENSP00000483469,0.06,1
9606.ENSP00000356959,0.06,1
9606.ENSP00000236925,0.06,1
9606.ENSP00000471252,0.06,2
9606.ENSP00000393099,0.06,1
9606.ENSP00000353128,0.059,1
9606.ENSP00000395086,0.059,1
9606.ENSP00000265162,0.058,1
9606.ENSP00000310565,0.057,2
9606.ENSP00000269703,0.057,1
9606.ENSP00000450962,0.057,1
9606.ENSP00000254691,0.057,1
9606.ENSP00000334410,0.057,1
9606.ENSP00000278550,0.057,1
9606.ENSP00000320017,0.057,1
9606.ENSP00000272203,0.057,1
9606.ENSP00000300131,0.056,1
9606.ENSP00000337439,0.055,1
9606.ENSP00000334181,0.055,1
9606.ENSP00000427123,0.055,1
9606.ENSP00000353114,0.055,1
9606.ENSP00000352444,0.055,1
9606.ENSP00000367880,0.054,1
9606.ENSP00000269829,0.054,1
9606.ENSP00000360167,0.054,1
9606.ENSP00000332134,0.054,1
9606.ENSP00000491259,0.054,1
9606.ENSP00000498408,0.053,1
9606.ENSP00000357669,0.053,3
9606.ENSP00000261349,0.053,1
9606.ENSP00000286719,0.053,1
9606.ENSP00000301547,0.053,1
9606.ENSP00000419975,0.052,1
9606.ENSP00000343891,0.052,1
9606.ENSP00000305302,0.052,1
9606.ENSP00000336894,0.052,1
9606.ENSP00000489551,0.052,1
9606.ENSP00000254958,0.052,1
9606.ENSP00000384363,0.052,1
9606.ENSP00000402644,0.052,1
9606.ENSP00000334379,0.051,1
9606.ENSP00000238561,0.051,1
9606.ENSP00000413001,0.051,1
9606.ENSP00000240361,0.051,1
9606.ENSP00000217372,0.051,1
9606.ENSP00000260184,0.051,1
9606.ENSP00000382815,0.05,1
9606.ENSP00000304268,0.05,1
9606.ENSP00000401642,0.049,1
9606.ENSP00000377355,0.049,2
9606.ENSP00000381003,0.048,3
9606.ENSP00000351732,0.048,1
9606.ENSP00000338967,0.048,1
9606.ENSP00000258106,0.048,1
9606.ENSP00000447597,0.047,1
9606.ENSP00000400852,0.047,1
9606.ENSP00000369921,0.047,1
9606.ENSP00000384588,0.047,1
9606.ENSP00000365437,0.047,2
9606.ENSP00000371729,0.046,3
9606.ENSP00000386331,0.046,1
9606.ENSP00000257895,0.046,1
9606.ENSP00000442563,0.045,1
9606.ENSP00000482607,0.045,1
9606.ENSP00000362479,0.045,1
9606.ENSP00000275493,0.045,1
9606.ENSP00000261883,0.044,1
9606.ENSP00000477979,0.044,1
9606.ENSP00000349401,0.044,1
9606.ENSP00000364349,0.044,1
9606.ENSP00000474456,0.043,1
9606.ENSP00000444412,0.043,1
9606.ENSP00000496114,0.043,1
9606.ENSP00000291691,0.042,1
9606.ENSP00000262113,0.042,1
9606.ENSP00000381026,0.042,1
9606.ENSP00000498584,0.041,1
9606.ENSP00000254579,0.041,2
9606.ENSP00000251864,0.041,1
9606.ENSP00000370867,0.041,1
9606.ENSP00000432770,0.04,1
9606.ENSP00000479139,0.04,1
9606.ENSP00000299443,0.04,1
9606.ENSP00000326018,0.04,1
9606.ENSP00000485357,0.04,1
9606.ENSP00000401947,0.039,1
9606.ENSP00000389588,0.039,1
9606.ENSP00000468720,0.038,1
9606.ENSP00000496255,0.038,1
9606.ENSP00000375822,0.038,1
9606.ENSP00000406482,0.038,3
9606.ENSP00000364620,0.038,1
9606.ENSP00000322568,0.037,1
9606.ENSP00000357575,0.037,1
9606.ENSP00000439435,0.036,1
9606.ENSP00000303434,0.036,1
9606.ENSP00000278314,0.035,1
9606.ENSP00000348132,0.035,1
9606.ENSP00000243878,0.035,1
9606.ENSP00000491066,0.035,1
9606.ENSP00000397181,0.034,1
9606.ENSP00000481542,0.034,1
9606.ENSP00000376123,0.034,1
9606.ENSP00000367104,0.034,1
9606.ENSP00000315664,0.033,1
9606.ENSP00000481078,0.033,1
9606.ENSP00000356379,0.033,1
9606.ENSP00000389014,0.032,1
9606.ENSP00000307774,0.032,1
9606.ENSP00000345491,0.032,1
9606.ENSP00000323929,0.032,1
9606.ENSP00000418719,0.032,1
9606.ENSP00000464788,0.032,1
9606.ENSP00000417498,0.032,1
9606.ENSP00000367629,0.032,1
9606.ENSP00000478609,0.031,1
9606.ENSP00000369440,0.031,1
9606.ENSP00000335320,0.031,1
9606.ENSP00000350359,0.031,1
9606.ENSP00000222399,0.031,1
9606.ENSP00000245105,0.031,1
9606.ENSP00000363405,0.03,1
9606.ENSP00000280605,0.03,1
9606.ENSP00000440464,0.03,1
9606.ENSP00000354721,0.03,1
9606.ENSP00000337368,0.029,1
9606.ENSP00000333374,0.029,1
9606.ENSP00000479362,0.029,1
9606.ENSP00000363827,0.029,1
9606.ENSP00000007735,0.028,1
9606.ENSP00000421586,0.027,1
9606.ENSP00000306015,0.027,1
9606.ENSP00000280481,0.027,1
9606.ENSP00000267889,0.027,1
9606.ENSP00000487136,0.026,1
9606.ENSP00000194530,0.026,1
9606.ENSP00000354777,0.026,1
9606.ENSP00000386840,0.026,2
9606.ENSP00000412999,0.026,1
9606.ENSP00000374045,0.026,2
9606.ENSP00000309790,0.026,1
9606.ENSP00000334382,0.026,1
9606.ENSP00000442129,0.025,1
9606.ENSP00000365550,0.025,1
9606.ENSP00000401514,0.025,1
9606.ENSP00000379702,0.025,1
9606.ENSP00000193391,0.025,1
9606.ENSP00000264382,0.025,1
9606.ENSP00000346990,0.024,1
9606.ENSP00000485526,0.023,1
9606.ENSP00000355026,0.023,1
9606.ENSP00000378356,0.023,1
9606.ENSP00000420267,0.023,1
9606.ENSP00000350576,0.023,1
9606.ENSP00000404439,0.023,1
9606.ENSP00000291182,0.023,1
9606.ENSP00000254166,0.023,1
9606.ENSP00000440703,0.023,1
9606.ENSP00000429734,0.022,1
9606.ENSP00000400878,0.022,1
9606.ENSP00000265026,0.022,1
9606.ENSP00000070846,0.022,1
9606.ENSP00000339823,0.022,1
9606.ENSP00000493691,0.022,1
9606.ENSP00000333212,0.022,1
9606.ENSP00000375820,0.022,1
9606.ENSP00000361120,0.021,1
9606.ENSP00000378792,0.021,1
9606.ENSP00000430853,0.021,1
9606.ENSP00000420525,0.021,1
9606.ENSP00000304437,0.021,1
9606.ENSP00000358820,0.021,1
9606.ENSP00000350928,0.02,1
9606.ENSP00000286760,0.02,1
9606.ENSP00000455507,0.02,1
9606.ENSP00000360530,0.02,1
9606.ENSP00000477817,0.02,1
9606.ENSP00000432456,0.02,1
9606.ENSP00000325146,0.02,1
9606.ENSP00000384999,0.02,1
9606.ENSP00000301318,0.019,1
9606.ENSP00000329995,0.019,1
9606.ENSP00000311318,0.019,1
9606.ENSP00000337081,0.019,1
9606.ENSP00000430276,0.019,1
9606.ENSP00000303252,0.019,1
9606.ENSP00000456543,0.018,1
9606.ENSP00000470746,0.018,1
9606.ENSP00000422834,0.018,1
9606.ENSP00000377725,0.017,1
9606.ENSP00000346839,0.017,1
9606.ENSP00000435550,0.017,1
9606.ENSP00000429896,0.017,1
9606.ENSP00000297532,0.016,1
9606.ENSP00000304360,0.015,1
9606.ENSP00000355053,0.015,1
9606.ENSP00000265634,0.015,1
9606.ENSP00000479693,0.015,1
9606.ENSP00000298532,0.014,1
9606.ENSP00000243344,0.014,1
9606.ENSP00000254816,0.014,1
9606.ENSP00000323300,0.014,1
9606.ENSP00000362734,0.014,1
9606.ENSP00000261597,0.014,1
9606.ENSP00000337732,0.014,1
9606.ENSP00000381098,0.014,1
9606.ENSP00000005226,0.014,1
9606.ENSP00000295633,0.014,1
9606.ENSP00000436812,0.014,1
9606.ENSP00000226760,0.014,1
9606.ENSP00000480851,0.013,1
9606.ENSP00000299308,0.013,1
9606.ENSP00000376307,0.012,1
9606.ENSP00000426354,0.012,1
9606.ENSP00000226319,0.012,1
9606.ENSP00000463957,0.011,1
9606.ENSP00000478752,0.011,1
9606.ENSP00000498781,0.011,1
9606.ENSP00000331678,0.011,1
9606.ENSP00000495332,0.011,1
9606.ENSP00000349244,0.011,1
9606.ENSP00000360882,0.011,1
9606.ENSP00000368876,0.011,1
9606.ENSP00000363840,0.011,1
9606.ENSP00000351790,0.01,1
9606.ENSP00000359114,0.01,1
9606.ENSP00000356590,0.01,1
9606.ENSP00000260731,0.01,1
9606.ENSP00000263207,0.01,1
9606.ENSP00000377197,0.009,1
9606.ENSP00000490318,0.009,1
9606.ENSP00000386856,0.009,1
9606.ENSP00000271636,0.009,1
9606.ENSP00000490726,0.009,1
9606.ENSP00000405289,0.009,1
9606.ENSP00000301480,0.008,1
9606.ENSP00000300403,0.008,1
9606.ENSP00000496731,0.008,1
9606.ENSP00000358994,0.008,1
9606.ENSP00000477725,0.008,1
9606.ENSP00000354109,0.007,1
9606.ENSP00000415027,0.007,1
9606.ENSP00000363593,0.007,1
9606.ENSP00000496394,0.006,1
9606.ENSP00000351310,0.006,1
9606.ENSP00000347802,0.005,1
9606.ENSP00000251127,0.005,1
9606.ENSP00000386239,0.005,1
9606.ENSP00000354536,0.005,1
9606.ENSP00000328524,0.005,1
9606.ENSP00000364526,0.004,1
9606.ENSP00000498587,0.003,1
9606.ENSP00000299441,0.002,1
