string_external_id,abundance,raw_spectral_count
9606.ENSP00000380070,8223,1213
9606.ENSP00000494750,6982,3933
9606.ENSP00000458162,6982,3933
9606.ENSP00000355780,6007,844
9606.ENSP00000254810,6007,844
9606.ENSP00000228945,5644,445
9606.ENSP00000225655,5476,625
9606.ENSP00000419425,5024,523
9606.ENSP00000446007,4871,1513
9606.ENSP00000432660,4434,547
9606.ENSP00000346694,4273,734
9606.ENSP00000270792,4242,122
9606.ENSP00000345347,4229,306
9606.ENSP00000273258,4014,144
9606.ENSP00000219150,3946,628
9606.ENSP00000495530,3911,1105
9606.ENSP00000381581,3192,1447
9606.ENSP00000262428,3138,252
9606.ENSP00000216181,3111,3650
9606.ENSP00000362413,3050,751
9606.ENSP00000346550,2951,1187
9606.ENSP00000379287,2873,608
9606.ENSP00000270142,2841,123
9606.ENSP00000366109,2803,509
9606.ENSP00000296930,2721,270
9606.ENSP00000339063,2614,577
9606.ENSP00000229270,2571,521
9606.ENSP00000366974,2517,1799
9606.ENSP00000479794,2517,1799
9606.ENSP00000480960,2517,1799
9606.ENSP00000443017,2517,1799
9606.ENSP00000489236,2517,1799
9606.ENSP00000479106,2517,1799
9606.ENSP00000244537,2517,1799
9606.ENSP00000347168,2517,1799
9606.ENSP00000367034,2517,1799
9606.ENSP00000479461,2517,1799
9606.ENSP00000462667,2517,1799
9606.ENSP00000484789,2517,1799
9606.ENSP00000481486,2517,1799
9606.ENSP00000462355,2517,1799
9606.ENSP00000385479,2360,793
9606.ENSP00000333277,2360,793
9606.ENSP00000358154,2360,793
9606.ENSP00000262746,2328,311
9606.ENSP00000301522,2282,247
9606.ENSP00000320171,2220,681
9606.ENSP00000261313,2177,207
9606.ENSP00000484095,2174,845
9606.ENSP00000484658,2174,845
9606.ENSP00000366999,2174,845
9606.ENSP00000484638,2174,845
9606.ENSP00000484841,2174,845
9606.ENSP00000358160,2174,845
9606.ENSP00000489282,2174,845
9606.ENSP00000483283,2174,845
9606.ENSP00000352252,2174,845
9606.ENSP00000480826,2174,845
9606.ENSP00000265073,2025,156
9606.ENSP00000296503,1929,173
9606.ENSP00000249071,1904,255
9606.ENSP00000362820,1870,130
9606.ENSP00000346032,1823,412
9606.ENSP00000433760,1819,77
9606.ENSP00000271638,1807,84
9606.ENSP00000216802,1766,218
9606.ENSP00000353408,1729,712
9606.ENSP00000261366,1687,547
9606.ENSP00000357704,1678,88
9606.ENSP00000357076,1675,280
9606.ENSP00000352257,1652,501
9606.ENSP00000365458,1646,364
9606.ENSP00000451291,1602,339
9606.ENSP00000361930,1596,426
9606.ENSP00000262030,1570,487
9606.ENSP00000305556,1550,275
9606.ENSP00000263238,1547,375
9606.ENSP00000244534,1536,344
9606.ENSP00000307705,1523,350
9606.ENSP00000327070,1512,311
9606.ENSP00000340278,1510,141
9606.ENSP00000258962,1508,191
9606.ENSP00000361883,1500,412
9606.ENSP00000295685,1478,253
9606.ENSP00000381736,1469,429
9606.ENSP00000391481,1466,338
9606.ENSP00000321259,1459,287
9606.ENSP00000437125,1450,621
9606.ENSP00000446955,1440,178
9606.ENSP00000318195,1433,331
9606.ENSP00000463559,1429,306
9606.ENSP00000372155,1427,265
9606.ENSP00000358866,1424,1955
9606.ENSP00000369314,1404,54
9606.ENSP00000445175,1397,454
9606.ENSP00000349428,1392,244
9606.ENSP00000375978,1390,509
9606.ENSP00000307940,1370,598
9606.ENSP00000325905,1361,105
9606.ENSP00000367615,1353,167
9606.ENSP00000367220,1351,211
9606.ENSP00000493536,1332,535
9606.ENSP00000464359,1322,306
9606.ENSP00000330074,1322,158
9606.ENSP00000449328,1318,181
9606.ENSP00000339001,1311,786
9606.ENSP00000320176,1294,203
9606.ENSP00000388107,1292,316
9606.ENSP00000313199,1284,183
9606.ENSP00000497733,1277,131
9606.ENSP00000419545,1276,228
9606.ENSP00000291568,1274,70
9606.ENSP00000399888,1262,47
9606.ENSP00000336702,1257,137
9606.ENSP00000340019,1251,359
9606.ENSP00000296417,1250,553
9606.ENSP00000308405,1250,553
9606.ENSP00000427687,1224,305
9606.ENSP00000263168,1212,198
9606.ENSP00000355657,1202,762
9606.ENSP00000376309,1200,192
9606.ENSP00000400433,1195,230
9606.ENSP00000496166,1187,433
9606.ENSP00000431240,1187,65
9606.ENSP00000342026,1183,185
9606.ENSP00000300026,1163,136
9606.ENSP00000230050,1163,93
9606.ENSP00000338413,1163,611
9606.ENSP00000385958,1157,48
9606.ENSP00000426909,1141,212
9606.ENSP00000485952,1141,416
9606.ENSP00000348056,1136,65
9606.ENSP00000215909,1135,97
9606.ENSP00000466818,1126,53
9606.ENSP00000360609,1123,613
9606.ENSP00000423563,1122,214
9606.ENSP00000486361,1114,59
9606.ENSP00000272317,1108,330
9606.ENSP00000389351,1105,128
9606.ENSP00000413436,1104,64
9606.ENSP00000364935,1089,157
9606.ENSP00000381607,1072,119
9606.ENSP00000228825,1066,107
9606.ENSP00000379888,1065,114
9606.ENSP00000401010,1054,194
9606.ENSP00000304229,1052,44
9606.ENSP00000316176,1040,103
9606.ENSP00000371267,1039,340
9606.ENSP00000464849,1034,105
9606.ENSP00000359991,1032,215
9606.ENSP00000463939,1027,100
9606.ENSP00000344547,1026,38
9606.ENSP00000369757,1020,87
9606.ENSP00000497910,999,64
9606.ENSP00000354876,996,80
9606.ENSP00000491215,995,347
9606.ENSP00000294742,987,68
9606.ENSP00000388169,978,181
9606.ENSP00000411355,973,639
9606.ENSP00000290378,973,1805
9606.ENSP00000320866,972,129
9606.ENSP00000312999,969,239
9606.ENSP00000325376,967,365
9606.ENSP00000355645,966,1802
9606.ENSP00000375632,965,88
9606.ENSP00000358151,964,962
9606.ENSP00000477527,964,962
9606.ENSP00000482674,964,962
9606.ENSP00000476136,964,962
9606.ENSP00000479284,956,933
9606.ENSP00000335153,954,625
9606.ENSP00000398610,953,225
9606.ENSP00000215829,944,58
9606.ENSP00000366618,939,995
9606.ENSP00000359345,938,108
9606.ENSP00000479488,938,158
9606.ENSP00000420065,935,105
9606.ENSP00000301329,931,148
9606.ENSP00000400175,924,149
9606.ENSP00000309830,917,26
9606.ENSP00000349168,912,249
9606.ENSP00000331897,911,219
9606.ENSP00000224784,911,1662
9606.ENSP00000316029,905,1104
9606.ENSP00000386857,904,1659
9606.ENSP00000489317,896,1004
9606.ENSP00000445633,896,1004
9606.ENSP00000289316,896,1004
9606.ENSP00000349430,896,1004
9606.ENSP00000479169,896,1004
9606.ENSP00000348924,896,1004
9606.ENSP00000321744,896,1004
9606.ENSP00000366962,896,1004
9606.ENSP00000483903,896,1004
9606.ENSP00000477907,896,1003
9606.ENSP00000354532,891,186
9606.ENSP00000248437,886,643
9606.ENSP00000357801,885,34
9606.ENSP00000481622,877,971
9606.ENSP00000491341,877,971
9606.ENSP00000385616,875,267
9606.ENSP00000356632,874,44
9606.ENSP00000300289,872,264
9606.ENSP00000339566,870,291
9606.ENSP00000472469,866,32
9606.ENSP00000216714,864,164
9606.ENSP00000351777,864,374
9606.ENSP00000233893,863,85
9606.ENSP00000296511,860,186
9606.ENSP00000348849,860,32
9606.ENSP00000446215,857,102
9606.ENSP00000371194,855,139
9606.ENSP00000376652,846,193
9606.ENSP00000252699,844,682
9606.ENSP00000298159,841,179
9606.ENSP00000495273,839,57
9606.ENSP00000299300,839,266
9606.ENSP00000370125,837,28
9606.ENSP00000483688,835,86
9606.ENSP00000276079,832,173
9606.ENSP00000168216,830,121
9606.ENSP00000464813,830,31
9606.ENSP00000445831,829,1004
9606.ENSP00000389103,824,47
9606.ENSP00000349748,822,242
9606.ENSP00000463154,821,71
9606.ENSP00000362308,819,64
9606.ENSP00000222247,819,65
9606.ENSP00000338934,814,469
9606.ENSP00000439189,814,1764
9606.ENSP00000364813,812,44
9606.ENSP00000340466,810,358
9606.ENSP00000290541,809,81
9606.ENSP00000221801,808,158
9606.ENSP00000270625,803,65
9606.ENSP00000437402,800,361
9606.ENSP00000420195,797,64
9606.ENSP00000355011,785,161
9606.ENSP00000346050,785,125
9606.ENSP00000264335,784,309
9606.ENSP00000416269,777,261
9606.ENSP00000370010,774,18
9606.ENSP00000342374,762,43
9606.ENSP00000261479,753,129
9606.ENSP00000341524,743,145
9606.ENSP00000393241,742,60
9606.ENSP00000325589,740,46
9606.ENSP00000324173,729,273
9606.ENSP00000346037,725,27
9606.ENSP00000417864,724,78
9606.ENSP00000331901,722,179
9606.ENSP00000376800,720,41
9606.ENSP00000428085,718,50
9606.ENSP00000379506,711,56
9606.ENSP00000311430,711,116
9606.ENSP00000271308,710,98
9606.ENSP00000225430,707,29
9606.ENSP00000297185,705,291
9606.ENSP00000435096,704,36
9606.ENSP00000386636,703,156
9606.ENSP00000342056,703,150
9606.ENSP00000219169,701,42
9606.ENSP00000341826,699,257
9606.ENSP00000216254,699,280
9606.ENSP00000369538,696,264
9606.ENSP00000253024,695,176
9606.ENSP00000345957,692,39
9606.ENSP00000499797,692,150
9606.ENSP00000291295,692,150
9606.ENSP00000493701,690,245
9606.ENSP00000431049,690,113
9606.ENSP00000499717,687,150
9606.ENSP00000318646,687,63
9606.ENSP00000250559,685,131
9606.ENSP00000487444,685,1096
9606.ENSP00000361635,681,108
9606.ENSP00000346088,678,31
9606.ENSP00000356864,678,44
9606.ENSP00000307786,676,45
9606.ENSP00000341289,673,688
9606.ENSP00000279227,673,275
9606.ENSP00000441875,671,133
9606.ENSP00000430706,671,99
9606.ENSP00000265866,670,106
9606.ENSP00000377958,668,198
9606.ENSP00000322439,667,218
9606.ENSP00000444357,664,101
9606.ENSP00000339467,663,91
9606.ENSP00000327054,662,230
9606.ENSP00000044462,660,76
9606.ENSP00000267113,658,354
9606.ENSP00000416429,658,34
9606.ENSP00000301785,658,228
9606.ENSP00000356520,658,445
9606.ENSP00000336799,656,715
9606.ENSP00000227524,655,91
9606.ENSP00000479606,654,671
9606.ENSP00000262193,653,99
9606.ENSP00000278572,653,130
9606.ENSP00000358723,649,127
9606.ENSP00000495672,649,24
9606.ENSP00000266735,648,24
9606.ENSP00000419665,646,53
9606.ENSP00000252244,645,265
9606.ENSP00000357283,645,273
9606.ENSP00000221419,645,159
9606.ENSP00000339795,642,75
9606.ENSP00000499935,642,100
9606.ENSP00000483254,641,151
9606.ENSP00000263697,640,47
9606.ENSP00000359804,637,175
9606.ENSP00000359910,637,115
9606.ENSP00000332887,637,25
9606.ENSP00000349259,633,982
9606.ENSP00000316042,631,65
9606.ENSP00000413507,631,141
9606.ENSP00000376276,630,50
9606.ENSP00000323856,629,1897
9606.ENSP00000332790,629,424
9606.ENSP00000322421,628,90
9606.ENSP00000251595,628,90
9606.ENSP00000447001,628,48
9606.ENSP00000389631,626,197
9606.ENSP00000354394,625,295
9606.ENSP00000378731,622,147
9606.ENSP00000370115,622,139
9606.ENSP00000325240,620,82
9606.ENSP00000498019,619,49
9606.ENSP00000301587,617,57
9606.ENSP00000362334,617,87
9606.ENSP00000358727,616,90
9606.ENSP00000414359,611,96
9606.ENSP00000370074,610,176
9606.ENSP00000357189,608,92
9606.ENSP00000363993,608,66
9606.ENSP00000377941,606,580
9606.ENSP00000452123,606,61
9606.ENSP00000263867,604,90
9606.ENSP00000280326,603,161
9606.ENSP00000358155,599,599
9606.ENSP00000475814,599,599
9606.ENSP00000380033,597,284
9606.ENSP00000363018,596,78
9606.ENSP00000362744,596,106
9606.ENSP00000247461,596,169
9606.ENSP00000275603,594,157
9606.ENSP00000309334,593,51
9606.ENSP00000332194,592,592
9606.ENSP00000252603,591,77
9606.ENSP00000302833,590,132
9606.ENSP00000362010,589,111
9606.ENSP00000265062,588,94
9606.ENSP00000477781,587,57
9606.ENSP00000405573,586,185
9606.ENSP00000285093,585,103
9606.ENSP00000429150,585,126
9606.ENSP00000332449,578,22
9606.ENSP00000472985,577,63
9606.ENSP00000225665,576,106
9606.ENSP00000417142,576,32
9606.ENSP00000354739,576,58
9606.ENSP00000268182,576,474
9606.ENSP00000242285,575,16
9606.ENSP00000303908,574,124
9606.ENSP00000269848,574,206
9606.ENSP00000217182,574,287
9606.ENSP00000223321,573,77
9606.ENSP00000297012,573,591
9606.ENSP00000494697,572,55
9606.ENSP00000451080,572,32
9606.ENSP00000357906,571,32
9606.ENSP00000354566,570,45
9606.ENSP00000498577,569,148
9606.ENSP00000295897,566,208
9606.ENSP00000365147,566,79
9606.ENSP00000367022,563,598
9606.ENSP00000350937,562,145
9606.ENSP00000324105,562,284
9606.ENSP00000355759,562,257
9606.ENSP00000295688,560,184
9606.ENSP00000359675,560,10
9606.ENSP00000265462,558,94
9606.ENSP00000358140,557,293
9606.ENSP00000228136,557,26
9606.ENSP00000244573,557,214
9606.ENSP00000203407,556,114
9606.ENSP00000404121,556,241
9606.ENSP00000351589,554,596
9606.ENSP00000352627,554,596
9606.ENSP00000366679,554,596
9606.ENSP00000482431,554,596
9606.ENSP00000328484,554,596
9606.ENSP00000482538,554,596
9606.ENSP00000352119,554,596
9606.ENSP00000429374,553,32
9606.ENSP00000381216,553,171
9606.ENSP00000355656,553,585
9606.ENSP00000339883,553,121
9606.ENSP00000237014,553,28
9606.ENSP00000391592,552,220
9606.ENSP00000223129,552,43
9606.ENSP00000346015,552,44
9606.ENSP00000339835,550,558
9606.ENSP00000415151,550,46
9606.ENSP00000438553,550,590
9606.ENSP00000383949,549,41
9606.ENSP00000483842,549,584
9606.ENSP00000303373,549,584
9606.ENSP00000295006,549,160
9606.ENSP00000336687,548,58
9606.ENSP00000463058,547,39
9606.ENSP00000435777,547,47
9606.ENSP00000298316,546,45
9606.ENSP00000416959,546,64
9606.ENSP00000477310,546,38
9606.ENSP00000259469,545,13
9606.ENSP00000341094,543,583
9606.ENSP00000250495,543,24
9606.ENSP00000306330,542,262
9606.ENSP00000360671,541,165
9606.ENSP00000361777,540,67
9606.ENSP00000357721,540,38
9606.ENSP00000293831,539,206
9606.ENSP00000242776,539,210
9606.ENSP00000439020,538,634
9606.ENSP00000265729,536,62
9606.ENSP00000264993,534,44
9606.ENSP00000367872,530,109
9606.ENSP00000358635,529,209
9606.ENSP00000258787,529,309
9606.ENSP00000362329,528,102
9606.ENSP00000383003,528,26
9606.ENSP00000352438,527,150
9606.ENSP00000433999,527,135
9606.ENSP00000296412,525,85
9606.ENSP00000221130,524,120
9606.ENSP00000350090,522,203
9606.ENSP00000376886,521,105
9606.ENSP00000290349,519,118
9606.ENSP00000310226,518,98
9606.ENSP00000442318,515,344
9606.ENSP00000298510,515,80
9606.ENSP00000262584,514,37
9606.ENSP00000230431,514,34
9606.ENSP00000225698,511,52
9606.ENSP00000217426,510,119
9606.ENSP00000472249,509,64
9606.ENSP00000470972,507,42
9606.ENSP00000494125,507,135
9606.ENSP00000388293,505,23
9606.ENSP00000363017,505,45
9606.ENSP00000357709,505,32
9606.ENSP00000245932,504,98
9606.ENSP00000307863,502,70
9606.ENSP00000456436,500,86
9606.ENSP00000308430,500,26
9606.ENSP00000263579,499,94
9606.ENSP00000307889,499,50
9606.ENSP00000331019,498,31
9606.ENSP00000378487,497,104
9606.ENSP00000351314,497,57
9606.ENSP00000376055,497,53
9606.ENSP00000367263,496,1720
9606.ENSP00000264071,494,542
9606.ENSP00000325548,494,135
9606.ENSP00000370589,494,171
9606.ENSP00000264932,492,138
9606.ENSP00000362463,490,48
9606.ENSP00000290158,490,208
9606.ENSP00000370808,489,161
9606.ENSP00000425031,489,64
9606.ENSP00000422176,487,121
9606.ENSP00000378163,486,20
9606.ENSP00000339720,486,24
9606.ENSP00000354947,484,103
9606.ENSP00000236959,484,181
9606.ENSP00000245206,483,126
9606.ENSP00000434024,481,578
9606.ENSP00000363745,479,216
9606.ENSP00000377446,479,68
9606.ENSP00000313829,479,60
9606.ENSP00000478771,479,311
9606.ENSP00000403172,478,61
9606.ENSP00000411825,477,209
9606.ENSP00000482075,475,48
9606.ENSP00000222005,474,65
9606.ENSP00000332706,474,33
9606.ENSP00000326031,471,205
9606.ENSP00000354632,471,14
9606.ENSP00000403039,469,118
9606.ENSP00000296581,469,19
9606.ENSP00000309565,468,14
9606.ENSP00000377703,468,190
9606.ENSP00000279022,467,140
9606.ENSP00000317334,467,163
9606.ENSP00000313420,467,1071
9606.ENSP00000357858,466,69
9606.ENSP00000261700,466,74
9606.ENSP00000392094,465,244
9606.ENSP00000299767,465,200
9606.ENSP00000228318,462,111
9606.ENSP00000324422,462,107
9606.ENSP00000449270,462,29
9606.ENSP00000311747,458,105
9606.ENSP00000279146,458,77
9606.ENSP00000363638,457,43
9606.ENSP00000359098,457,22
9606.ENSP00000300688,456,37
9606.ENSP00000376345,456,68
9606.ENSP00000262613,456,95
9606.ENSP00000354468,455,71
9606.ENSP00000440005,455,181
9606.ENSP00000256682,455,181
9606.ENSP00000335321,454,277
9606.ENSP00000377298,454,506
9606.ENSP00000358099,453,52
9606.ENSP00000463393,453,59
9606.ENSP00000361076,453,53
9606.ENSP00000370023,452,172
9606.ENSP00000345848,451,59
9606.ENSP00000285930,450,93
9606.ENSP00000474560,450,59
9606.ENSP00000431984,450,177
9606.ENSP00000316905,449,99
9606.ENSP00000303145,448,61
9606.ENSP00000346300,448,74
9606.ENSP00000362688,448,94
9606.ENSP00000249299,446,32
9606.ENSP00000361927,445,129
9606.ENSP00000261735,444,56
9606.ENSP00000254719,443,138
9606.ENSP00000337261,443,214
9606.ENSP00000231487,442,51
9606.ENSP00000367992,441,75
9606.ENSP00000229268,441,170
9606.ENSP00000348461,441,142
9606.ENSP00000443475,439,652
9606.ENSP00000326381,439,173
9606.ENSP00000325136,439,93
9606.ENSP00000285735,438,103
9606.ENSP00000391249,436,163
9606.ENSP00000220764,435,82
9606.ENSP00000497225,435,54
9606.ENSP00000357727,435,37
9606.ENSP00000263774,435,74
9606.ENSP00000361512,434,135
9606.ENSP00000341885,434,75
9606.ENSP00000340836,433,51
9606.ENSP00000431800,433,67
9606.ENSP00000479861,432,97
9606.ENSP00000317780,430,52
9606.ENSP00000341214,429,208
9606.ENSP00000297258,428,31
9606.ENSP00000351646,427,122
9606.ENSP00000359988,426,52
9606.ENSP00000303222,426,59
9606.ENSP00000302160,424,22
9606.ENSP00000494664,424,243
9606.ENSP00000477538,424,59
9606.ENSP00000367196,423,30
9606.ENSP00000274764,422,571
9606.ENSP00000400591,421,13
9606.ENSP00000387262,419,169
9606.ENSP00000356015,418,48
9606.ENSP00000481646,418,65
9606.ENSP00000216455,418,74
9606.ENSP00000378812,418,12
9606.ENSP00000385385,417,79
9606.ENSP00000391211,413,123
9606.ENSP00000294189,413,14
9606.ENSP00000388183,411,225
9606.ENSP00000324511,410,135
9606.ENSP00000302935,410,256
9606.ENSP00000286788,410,159
9606.ENSP00000306565,409,49
9606.ENSP00000452762,409,87
9606.ENSP00000225792,409,183
9606.ENSP00000277865,409,206
9606.ENSP00000365950,409,23
9606.ENSP00000305230,407,25
9606.ENSP00000248975,407,238
9606.ENSP00000400142,406,48
9606.ENSP00000300413,406,24
9606.ENSP00000268379,405,89
9606.ENSP00000364721,405,60
9606.ENSP00000301764,404,225
9606.ENSP00000259818,401,531
9606.ENSP00000416706,401,643
9606.ENSP00000389649,400,22
9606.ENSP00000371393,400,151
9606.ENSP00000337060,399,91
9606.ENSP00000235835,398,60
9606.ENSP00000378769,398,165
9606.ENSP00000394071,398,162
9606.ENSP00000358939,396,108
9606.ENSP00000336741,395,181
9606.ENSP00000310129,395,194
9606.ENSP00000280154,395,99
9606.ENSP00000216218,393,50
9606.ENSP00000417653,393,89
9606.ENSP00000302886,392,125
9606.ENSP00000356982,392,25
9606.ENSP00000265753,391,31
9606.ENSP00000338703,391,114
9606.ENSP00000466134,389,100
9606.ENSP00000489311,387,583
9606.ENSP00000258424,386,35
9606.ENSP00000296674,386,17
9606.ENSP00000362592,385,72
9606.ENSP00000481886,385,36
9606.ENSP00000220003,383,127
9606.ENSP00000216121,383,58
9606.ENSP00000357535,383,69
9606.ENSP00000295756,383,21
9606.ENSP00000395535,383,90
9606.ENSP00000377060,382,38
9606.ENSP00000343885,382,94
9606.ENSP00000375863,382,121
9606.ENSP00000365963,382,9
9606.ENSP00000046794,381,82
9606.ENSP00000264279,381,122
9606.ENSP00000369703,380,525
9606.ENSP00000299977,379,171
9606.ENSP00000361626,378,47
9606.ENSP00000329662,378,39
9606.ENSP00000429707,378,17
9606.ENSP00000290299,377,66
9606.ENSP00000369915,376,70
9606.ENSP00000305790,374,218
9606.ENSP00000428845,374,63
9606.ENSP00000228740,373,144
9606.ENSP00000376297,372,29
9606.ENSP00000392709,371,147
9606.ENSP00000385757,371,63
9606.ENSP00000357113,371,157
9606.ENSP00000252102,370,15
9606.ENSP00000300291,370,52
9606.ENSP00000305260,369,91
9606.ENSP00000442920,367,59
9606.ENSP00000416739,367,135
9606.ENSP00000376506,366,40
9606.ENSP00000493805,366,122
9606.ENSP00000310670,366,165
9606.ENSP00000333547,364,82
9606.ENSP00000000233,364,140
9606.ENSP00000256383,363,76
9606.ENSP00000354782,363,33
9606.ENSP00000439601,362,169
9606.ENSP00000369965,362,24
9606.ENSP00000247470,362,50
9606.ENSP00000264933,361,40
9606.ENSP00000306003,361,17
9606.ENSP00000454746,359,50
9606.ENSP00000479153,359,138
9606.ENSP00000233143,359,18
9606.ENSP00000233078,358,41
9606.ENSP00000258091,358,127
9606.ENSP00000480270,357,73
9606.ENSP00000380921,357,133
9606.ENSP00000463784,357,36
9606.ENSP00000329219,356,222
9606.ENSP00000346827,355,103
9606.ENSP00000431391,355,101
9606.ENSP00000364016,355,81
9606.ENSP00000270225,353,76
9606.ENSP00000258418,353,87
9606.ENSP00000456019,351,146
9606.ENSP00000341779,351,175
9606.ENSP00000466090,351,34
9606.ENSP00000315474,350,50
9606.ENSP00000370114,349,88
9606.ENSP00000319255,349,49
9606.ENSP00000327801,348,121
9606.ENSP00000376889,348,123
9606.ENSP00000400906,348,48
9606.ENSP00000499501,348,553
9606.ENSP00000385269,347,66
9606.ENSP00000377192,347,137
9606.ENSP00000325448,346,105
9606.ENSP00000261712,346,101
9606.ENSP00000339186,345,62
9606.ENSP00000377833,344,125
9606.ENSP00000404854,343,47
9606.ENSP00000363641,343,26
9606.ENSP00000216038,343,96
9606.ENSP00000477713,342,108
9606.ENSP00000399805,342,70
9606.ENSP00000429283,342,321
9606.ENSP00000410059,341,106
9606.ENSP00000230085,341,30
9606.ENSP00000246548,341,86
9606.ENSP00000457513,340,37
9606.ENSP00000387286,340,79
9606.ENSP00000269576,340,114
9606.ENSP00000304102,340,43
9606.ENSP00000497641,340,103
9606.ENSP00000211998,340,199
9606.ENSP00000307241,339,83
9606.ENSP00000246895,338,3
9606.ENSP00000263672,338,35
9606.ENSP00000254193,337,44
9606.ENSP00000384863,337,197
9606.ENSP00000240185,336,45
9606.ENSP00000388806,335,65
9606.ENSP00000496414,335,341
9606.ENSP00000408910,334,65
9606.ENSP00000349252,332,153
9606.ENSP00000370745,331,138
9606.ENSP00000266732,331,125
9606.ENSP00000334448,331,15
9606.ENSP00000237530,331,79
9606.ENSP00000335304,330,83
9606.ENSP00000427424,330,33
9606.ENSP00000364649,330,67
9606.ENSP00000399457,330,78
9606.ENSP00000157812,329,75
9606.ENSP00000443654,329,69
9606.ENSP00000431445,329,28
9606.ENSP00000303992,328,71
9606.ENSP00000356652,328,40
9606.ENSP00000246151,328,46
9606.ENSP00000477639,328,80
9606.ENSP00000264758,328,106
9606.ENSP00000346173,328,68
9606.ENSP00000491073,327,183
9606.ENSP00000357048,327,250
9606.ENSP00000346001,327,63
9606.ENSP00000410769,327,37
9606.ENSP00000434511,326,28
9606.ENSP00000480853,326,38
9606.ENSP00000233025,326,6
9606.ENSP00000296456,326,84
9606.ENSP00000364585,326,102
9606.ENSP00000359645,325,91
9606.ENSP00000374332,325,43
9606.ENSP00000308753,324,61
9606.ENSP00000356275,324,31
9606.ENSP00000298299,324,34
9606.ENSP00000345361,322,24
9606.ENSP00000293288,322,51
9606.ENSP00000273359,322,60
9606.ENSP00000387699,322,12
9606.ENSP00000221418,322,78
9606.ENSP00000375857,321,115
9606.ENSP00000382982,321,473
9606.ENSP00000326042,321,473
9606.ENSP00000445306,321,215
9606.ENSP00000380948,320,169
9606.ENSP00000272252,320,60
9606.ENSP00000242784,319,15
9606.ENSP00000470059,319,110
9606.ENSP00000216252,318,19
9606.ENSP00000467423,318,115
9606.ENSP00000313432,318,56
9606.ENSP00000377696,318,57
9606.ENSP00000362900,317,74
9606.ENSP00000363559,317,26
9606.ENSP00000290921,317,63
9606.ENSP00000346634,317,109
9606.ENSP00000299518,316,58
9606.ENSP00000347495,316,70
9606.ENSP00000358867,316,112
9606.ENSP00000306320,316,13
9606.ENSP00000323280,316,68
9606.ENSP00000498807,315,85
9606.ENSP00000298556,315,52
9606.ENSP00000312734,314,60
9606.ENSP00000431284,314,47
9606.ENSP00000414321,314,36
9606.ENSP00000317257,314,55
9606.ENSP00000220849,314,104
9606.ENSP00000410452,313,20
9606.ENSP00000419628,312,36
9606.ENSP00000375649,312,20
9606.ENSP00000360525,312,53
9606.ENSP00000300605,311,33
9606.ENSP00000373706,311,205
9606.ENSP00000349142,310,55
9606.ENSP00000381504,310,107
9606.ENSP00000378760,310,144
9606.ENSP00000499044,310,23
9606.ENSP00000477572,310,58
9606.ENSP00000386911,309,112
9606.ENSP00000346103,308,44
9606.ENSP00000264161,308,107
9606.ENSP00000296255,308,101
9606.ENSP00000392330,307,53
9606.ENSP00000417580,307,34
9606.ENSP00000276689,307,28
9606.ENSP00000350199,306,181
9606.ENSP00000320324,306,169
9606.ENSP00000428223,306,33
9606.ENSP00000295822,305,64
9606.ENSP00000358921,305,70
9606.ENSP00000246662,305,82
9606.ENSP00000312027,304,16
9606.ENSP00000291565,304,44
9606.ENSP00000377640,304,21
9606.ENSP00000494373,303,55
9606.ENSP00000210313,303,101
9606.ENSP00000278412,302,100
9606.ENSP00000361057,302,35
9606.ENSP00000421592,301,38
9606.ENSP00000309474,301,142
9606.ENSP00000318297,301,88
9606.ENSP00000464342,300,10
9606.ENSP00000264972,300,117
9606.ENSP00000312185,300,115
9606.ENSP00000440502,300,102
9606.ENSP00000361892,299,108
9606.ENSP00000318197,299,433
9606.ENSP00000341268,298,50
9606.ENSP00000362273,298,49
9606.ENSP00000358857,297,36
9606.ENSP00000446252,297,59
9606.ENSP00000355518,297,55
9606.ENSP00000436049,297,64
9606.ENSP00000319240,296,53
9606.ENSP00000296754,296,165
9606.ENSP00000375730,296,33
9606.ENSP00000487693,295,45
9606.ENSP00000305995,295,145
9606.ENSP00000233468,294,23
9606.ENSP00000423673,294,44
9606.ENSP00000272067,294,23
9606.ENSP00000478249,294,47
9606.ENSP00000458770,293,28
9606.ENSP00000294360,293,23
9606.ENSP00000249923,293,171
9606.ENSP00000365891,293,56
9606.ENSP00000362058,293,18
9606.ENSP00000300692,292,26
9606.ENSP00000215793,291,127
9606.ENSP00000456206,291,267
9606.ENSP00000413625,291,93
9606.ENSP00000217456,291,70
9606.ENSP00000265838,291,70
9606.ENSP00000297071,290,37
9606.ENSP00000360034,290,66
9606.ENSP00000364183,290,20
9606.ENSP00000364119,290,53
9606.ENSP00000355991,289,86
9606.ENSP00000318861,288,110
9606.ENSP00000356541,288,16
9606.ENSP00000251166,287,162
9606.ENSP00000362532,287,47
9606.ENSP00000388909,287,23
9606.ENSP00000481029,286,82
9606.ENSP00000246194,286,54
9606.ENSP00000215754,286,25
9606.ENSP00000304854,286,17
9606.ENSP00000261601,285,79
9606.ENSP00000362803,285,21
9606.ENSP00000362946,285,41
9606.ENSP00000176763,285,132
9606.ENSP00000360181,284,21
9606.ENSP00000452697,284,36
9606.ENSP00000367323,284,61
9606.ENSP00000359295,283,16
9606.ENSP00000463842,282,54
9606.ENSP00000310491,282,71
9606.ENSP00000396937,282,78
9606.ENSP00000253108,282,39
9606.ENSP00000408526,282,55
9606.ENSP00000497587,281,60
9606.ENSP00000217121,281,41
9606.ENSP00000311121,280,63
9606.ENSP00000497104,280,161
9606.ENSP00000377036,280,41
9606.ENSP00000379042,280,76
9606.ENSP00000366798,279,4
9606.ENSP00000354511,279,32
9606.ENSP00000368688,279,15
9606.ENSP00000299166,279,24
9606.ENSP00000498596,278,47
9606.ENSP00000351022,278,96
9606.ENSP00000378284,278,195
9606.ENSP00000354346,278,195
9606.ENSP00000483185,278,180
9606.ENSP00000355599,278,46
9606.ENSP00000348163,277,292
9606.ENSP00000324804,277,114
9606.ENSP00000346762,277,134
9606.ENSP00000264710,277,47
9606.ENSP00000496250,277,32
9606.ENSP00000263368,277,26
9606.ENSP00000356448,276,267
9606.ENSP00000367893,276,41
9606.ENSP00000373905,275,147
9606.ENSP00000405965,275,17
9606.ENSP00000227525,275,30
9606.ENSP00000358616,275,15
9606.ENSP00000386786,274,1254
9606.ENSP00000262982,274,165
9606.ENSP00000454341,274,15
9606.ENSP00000382595,273,62
9606.ENSP00000379873,273,69
9606.ENSP00000259667,272,28
9606.ENSP00000317331,272,25
9606.ENSP00000317123,272,375
9606.ENSP00000478121,272,19
9606.ENSP00000431076,272,59
9606.ENSP00000320043,272,32
9606.ENSP00000270776,272,73
9606.ENSP00000260447,272,11
9606.ENSP00000303366,271,48
9606.ENSP00000360682,271,45
9606.ENSP00000325002,271,171
9606.ENSP00000472998,271,49
9606.ENSP00000435289,270,20
9606.ENSP00000215832,270,72
9606.ENSP00000262027,270,108
9606.ENSP00000221957,270,56
9606.ENSP00000346206,270,84
9606.ENSP00000286648,268,38
9606.ENSP00000226574,268,136
9606.ENSP00000341657,268,42
9606.ENSP00000367806,268,26
9606.ENSP00000499422,268,14
9606.ENSP00000436585,267,53
9606.ENSP00000215567,266,43
9606.ENSP00000366430,266,20
9606.ENSP00000292475,265,34
9606.ENSP00000315774,265,35
9606.ENSP00000254108,265,44
9606.ENSP00000460348,265,349
9606.ENSP00000380378,264,72
9606.ENSP00000483313,264,38
9606.ENSP00000348965,264,759
9606.ENSP00000484998,264,59
9606.ENSP00000303356,264,46
9606.ENSP00000386541,263,34
9606.ENSP00000370517,262,100
9606.ENSP00000314067,261,71
9606.ENSP00000350708,261,39
9606.ENSP00000359504,261,100
9606.ENSP00000287156,260,15
9606.ENSP00000412189,260,79
9606.ENSP00000324122,260,44
9606.ENSP00000444810,260,69
9606.ENSP00000264663,260,138
9606.ENSP00000299427,260,65
9606.ENSP00000466214,260,24
9606.ENSP00000250498,259,16
9606.ENSP00000354125,259,108
9606.ENSP00000215570,258,19
9606.ENSP00000378199,258,240
9606.ENSP00000362041,258,35
9606.ENSP00000356218,257,45
9606.ENSP00000316779,257,66
9606.ENSP00000320309,257,56
9606.ENSP00000261623,256,14
9606.ENSP00000274364,256,218
9606.ENSP00000433138,255,54
9606.ENSP00000329419,255,133
9606.ENSP00000359507,255,34
9606.ENSP00000362339,254,30
9606.ENSP00000499067,254,90
9606.ENSP00000464087,254,805
9606.ENSP00000304283,254,109
9606.ENSP00000495750,254,64
9606.ENSP00000356602,253,22
9606.ENSP00000373312,253,32
9606.ENSP00000333326,253,379
9606.ENSP00000273920,253,31
9606.ENSP00000430598,252,11
9606.ENSP00000343535,252,164
9606.ENSP00000292147,252,33
9606.ENSP00000385714,252,43
9606.ENSP00000307850,251,19
9606.ENSP00000358737,251,51
9606.ENSP00000354499,251,8
9606.ENSP00000318318,250,54
9606.ENSP00000340989,250,212
9606.ENSP00000378733,250,15
9606.ENSP00000261303,249,66
9606.ENSP00000355228,248,4
9606.ENSP00000418529,248,50
9606.ENSP00000321584,248,57
9606.ENSP00000354720,248,156
9606.ENSP00000473172,247,82
9606.ENSP00000306362,247,19
9606.ENSP00000365757,247,59
9606.ENSP00000370376,246,42
9606.ENSP00000259253,246,188
9606.ENSP00000368458,246,38
9606.ENSP00000346954,245,14
9606.ENSP00000263354,244,59
9606.ENSP00000299138,244,122
9606.ENSP00000261890,244,67
9606.ENSP00000253023,243,30
9606.ENSP00000271628,243,32
9606.ENSP00000306397,243,27
9606.ENSP00000268099,243,22
9606.ENSP00000310668,243,117
9606.ENSP00000297991,243,9
9606.ENSP00000262710,242,120
9606.ENSP00000488422,242,42
9606.ENSP00000378563,242,16
9606.ENSP00000318804,242,44
9606.ENSP00000361140,242,50
9606.ENSP00000360939,242,40
9606.ENSP00000434359,242,58
9606.ENSP00000296702,242,95
9606.ENSP00000226299,241,82
9606.ENSP00000252711,241,45
9606.ENSP00000294119,241,20
9606.ENSP00000394888,241,277
9606.ENSP00000264657,240,100
9606.ENSP00000469035,240,41
9606.ENSP00000497402,240,44
9606.ENSP00000350757,240,33
9606.ENSP00000418438,240,4
9606.ENSP00000392718,240,1078
9606.ENSP00000414202,239,64
9606.ENSP00000376475,238,50
9606.ENSP00000426906,238,47
9606.ENSP00000364801,238,235
9606.ENSP00000364802,238,235
9606.ENSP00000301838,238,19
9606.ENSP00000368959,237,19
9606.ENSP00000274606,237,16
9606.ENSP00000369424,237,60
9606.ENSP00000314030,237,39
9606.ENSP00000379838,236,11
9606.ENSP00000207549,236,120
9606.ENSP00000393316,236,29
9606.ENSP00000405338,235,168
9606.ENSP00000263694,235,37
9606.ENSP00000351490,235,20
9606.ENSP00000268058,235,122
9606.ENSP00000376330,235,59
9606.ENSP00000158762,234,94
9606.ENSP00000349359,234,34
9606.ENSP00000253363,234,64
9606.ENSP00000261973,234,68
9606.ENSP00000419325,234,66
9606.ENSP00000286371,233,33
9606.ENSP00000499582,233,23
9606.ENSP00000246069,232,44
9606.ENSP00000357679,232,14
9606.ENSP00000223136,232,21
9606.ENSP00000460885,232,159
9606.ENSP00000282272,231,140
9606.ENSP00000259254,231,2
9606.ENSP00000345837,231,10
9606.ENSP00000342681,230,68
9606.ENSP00000432279,230,10
9606.ENSP00000433209,230,34
9606.ENSP00000453801,230,31
9606.ENSP00000276420,230,46
9606.ENSP00000410339,230,25
9606.ENSP00000438507,230,150
9606.ENSP00000268835,229,60
9606.ENSP00000252071,229,75
9606.ENSP00000263864,229,16
9606.ENSP00000493623,229,71
9606.ENSP00000362456,229,26
9606.ENSP00000480421,229,93
9606.ENSP00000422473,229,29
9606.ENSP00000216190,228,58
9606.ENSP00000410992,228,100
9606.ENSP00000354791,228,153
9606.ENSP00000338039,228,25
9606.ENSP00000426455,228,67
9606.ENSP00000369456,228,21
9606.ENSP00000217515,227,36
9606.ENSP00000216330,227,26
9606.ENSP00000362649,227,70
9606.ENSP00000278671,227,21
9606.ENSP00000438349,227,21
9606.ENSP00000264954,227,28
9606.ENSP00000357633,226,47
9606.ENSP00000346027,226,13
9606.ENSP00000347005,226,84
9606.ENSP00000256854,226,59
9606.ENSP00000365402,226,60
9606.ENSP00000354340,226,51
9606.ENSP00000320295,226,349
9606.ENSP00000247665,225,17
9606.ENSP00000296786,225,39
9606.ENSP00000428426,225,46
9606.ENSP00000479719,225,213
9606.ENSP00000499129,225,92
9606.ENSP00000349078,223,45
9606.ENSP00000274137,223,15
9606.ENSP00000256441,223,12
9606.ENSP00000365411,223,43
9606.ENSP00000330945,223,41
9606.ENSP00000347872,223,39
9606.ENSP00000293328,223,145
9606.ENSP00000381386,222,43
9606.ENSP00000306010,222,64
9606.ENSP00000321070,221,62
9606.ENSP00000364032,221,105
9606.ENSP00000368022,221,81
9606.ENSP00000353072,221,137
9606.ENSP00000359045,221,96
9606.ENSP00000361711,221,16
9606.ENSP00000346483,221,26
9606.ENSP00000234038,220,58
9606.ENSP00000378588,220,14
9606.ENSP00000219789,220,21
9606.ENSP00000357835,220,20
9606.ENSP00000364794,219,157
9606.ENSP00000496129,219,107
9606.ENSP00000484431,219,37
9606.ENSP00000300935,219,45
9606.ENSP00000497280,219,43
9606.ENSP00000216129,219,72
9606.ENSP00000302961,219,130
9606.ENSP00000482486,218,55
9606.ENSP00000216034,218,18
9606.ENSP00000399168,218,61
9606.ENSP00000264028,218,61
9606.ENSP00000254508,218,176
9606.ENSP00000393388,218,4
9606.ENSP00000219313,218,34
9606.ENSP00000300134,218,59
9606.ENSP00000316809,218,38
9606.ENSP00000438399,217,35
9606.ENSP00000217958,217,24
9606.ENSP00000291458,217,18
9606.ENSP00000356972,216,56
9606.ENSP00000371230,216,36
9606.ENSP00000320663,216,115
9606.ENSP00000221855,216,38
9606.ENSP00000357055,216,14
9606.ENSP00000471191,216,22
9606.ENSP00000373918,215,87
9606.ENSP00000216479,215,35
9606.ENSP00000469468,214,15
9606.ENSP00000284320,214,50
9606.ENSP00000348381,213,80
9606.ENSP00000343966,213,47
9606.ENSP00000359497,213,79
9606.ENSP00000348442,213,63
9606.ENSP00000362807,213,21
9606.ENSP00000360664,212,13
9606.ENSP00000449396,212,122
9606.ENSP00000481314,212,24
9606.ENSP00000317159,211,27
9606.ENSP00000367239,211,38
9606.ENSP00000196371,211,50
9606.ENSP00000490225,211,25
9606.ENSP00000466379,211,35
9606.ENSP00000354357,211,41
9606.ENSP00000425634,211,73
9606.ENSP00000379038,211,51
9606.ENSP00000498653,211,45
9606.ENSP00000356110,210,22
9606.ENSP00000223029,210,32
9606.ENSP00000305480,209,33
9606.ENSP00000496494,209,101
9606.ENSP00000499089,209,108
9606.ENSP00000392147,209,38
9606.ENSP00000450085,208,27
9606.ENSP00000254301,208,20
9606.ENSP00000498362,208,13
9606.ENSP00000267884,208,16
9606.ENSP00000418447,208,78
9606.ENSP00000248342,207,28
9606.ENSP00000475615,207,13
9606.ENSP00000259953,207,31
9606.ENSP00000463057,207,112
9606.ENSP00000229329,207,46
9606.ENSP00000184266,206,12
9606.ENSP00000281828,206,77
9606.ENSP00000340305,206,59
9606.ENSP00000323421,205,141
9606.ENSP00000448598,205,27
9606.ENSP00000297283,204,83
9606.ENSP00000355493,204,45
9606.ENSP00000338607,204,21
9606.ENSP00000359398,204,9
9606.ENSP00000229340,204,33
9606.ENSP00000388713,204,40
9606.ENSP00000336712,203,99
9606.ENSP00000404833,203,45
9606.ENSP00000313454,203,132
9606.ENSP00000310572,203,55
9606.ENSP00000472929,203,92
9606.ENSP00000337632,203,29
9606.ENSP00000311677,202,29
9606.ENSP00000498872,202,56
9606.ENSP00000364289,201,88
9606.ENSP00000362576,201,80
9606.ENSP00000290354,201,53
9606.ENSP00000264639,201,68
9606.ENSP00000449770,201,36
9606.ENSP00000216962,200,112
9606.ENSP00000243253,200,27
9606.ENSP00000333551,200,31
9606.ENSP00000389168,200,88
9606.ENSP00000429931,200,44
9606.ENSP00000238497,200,51
9606.ENSP00000389297,200,25
9606.ENSP00000378368,199,57
9606.ENSP00000369176,199,9
9606.ENSP00000435210,199,82
9606.ENSP00000309415,199,17
9606.ENSP00000226796,198,19
9606.ENSP00000444935,198,30
9606.ENSP00000438689,198,85
9606.ENSP00000484580,198,21
9606.ENSP00000363041,198,14
9606.ENSP00000308193,198,19
9606.ENSP00000427463,198,18
9606.ENSP00000358490,197,21
9606.ENSP00000366604,197,46
9606.ENSP00000345195,197,47
9606.ENSP00000277010,197,12
9606.ENSP00000209875,197,31
9606.ENSP00000215882,197,38
9606.ENSP00000494360,197,44
9606.ENSP00000477590,196,62
9606.ENSP00000333298,196,35
9606.ENSP00000353731,196,81
9606.ENSP00000306614,195,35
9606.ENSP00000011653,195,34
9606.ENSP00000358554,195,26
9606.ENSP00000241052,195,63
9606.ENSP00000379392,195,55
9606.ENSP00000387710,195,90
9606.ENSP00000485638,195,108
9606.ENSP00000463419,195,108
9606.ENSP00000439444,195,108
9606.ENSP00000377814,195,15
9606.ENSP00000246024,194,34
9606.ENSP00000298248,194,36
9606.ENSP00000279387,194,46
9606.ENSP00000326305,194,34
9606.ENSP00000342262,194,20
9606.ENSP00000260746,194,19
9606.ENSP00000482543,193,15
9606.ENSP00000369134,193,51
9606.ENSP00000309591,193,66
9606.ENSP00000408695,193,95
9606.ENSP00000401076,192,133
9606.ENSP00000359042,192,36
9606.ENSP00000341905,192,101
9606.ENSP00000378191,192,35
9606.ENSP00000482773,192,38
9606.ENSP00000475750,192,24
9606.ENSP00000328359,192,30
9606.ENSP00000357873,191,40
9606.ENSP00000252542,191,88
9606.ENSP00000494175,191,42
9606.ENSP00000230048,191,13
9606.ENSP00000341208,191,140
9606.ENSP00000446099,191,65
9606.ENSP00000384273,191,38
9606.ENSP00000224073,190,15
9606.ENSP00000477920,190,102
9606.ENSP00000348886,190,33
9606.ENSP00000420588,190,26
9606.ENSP00000401564,190,21
9606.ENSP00000362873,190,20
9606.ENSP00000322716,190,46
9606.ENSP00000355361,190,31
9606.ENSP00000463379,190,54
9606.ENSP00000262306,190,21
9606.ENSP00000494550,190,107
9606.ENSP00000412566,189,96
9606.ENSP00000494831,189,96
9606.ENSP00000260665,189,181
9606.ENSP00000381220,189,22
9606.ENSP00000450385,189,47
9606.ENSP00000449386,189,96
9606.ENSP00000483786,189,44
9606.ENSP00000428209,189,49
9606.ENSP00000440485,188,22
9606.ENSP00000485525,188,42
9606.ENSP00000310596,187,15
9606.ENSP00000273398,187,66
9606.ENSP00000221138,187,70
9606.ENSP00000362110,187,45
9606.ENSP00000414921,186,63
9606.ENSP00000398803,186,37
9606.ENSP00000358563,186,54
9606.ENSP00000368970,186,5
9606.ENSP00000498684,186,32
9606.ENSP00000297338,186,54
9606.ENSP00000205402,186,39
9606.ENSP00000480332,185,16
9606.ENSP00000475168,185,15
9606.ENSP00000303147,185,34
9606.ENSP00000464619,185,108
9606.ENSP00000485206,185,108
9606.ENSP00000362314,185,5
9606.ENSP00000229390,185,30
9606.ENSP00000325425,185,39
9606.ENSP00000242592,185,42
9606.ENSP00000425759,185,8
9606.ENSP00000269373,184,28
9606.ENSP00000356828,184,34
9606.ENSP00000264670,184,78
9606.ENSP00000381185,184,15
9606.ENSP00000336914,183,53
9606.ENSP00000359719,183,70
9606.ENSP00000397552,183,35
9606.ENSP00000350512,183,35
9606.ENSP00000366525,183,15
9606.ENSP00000406162,183,49
9606.ENSP00000423014,182,17
9606.ENSP00000476252,182,66
9606.ENSP00000265872,182,85
9606.ENSP00000234347,181,21
9606.ENSP00000231009,181,20
9606.ENSP00000387176,181,657
9606.ENSP00000353375,181,92
9606.ENSP00000418401,181,34
9606.ENSP00000327694,181,112
9606.ENSP00000287295,181,62
9606.ENSP00000480946,181,47
9606.ENSP00000452763,180,24
9606.ENSP00000236671,180,77
9606.ENSP00000309689,180,55
9606.ENSP00000265395,180,30
9606.ENSP00000355889,180,97
9606.ENSP00000301729,180,26
9606.ENSP00000429986,179,7
9606.ENSP00000281456,179,94
9606.ENSP00000228872,179,20
9606.ENSP00000400717,179,59
9606.ENSP00000295640,179,77
9606.ENSP00000380734,179,40
9606.ENSP00000357218,179,25
9606.ENSP00000386023,178,17
9606.ENSP00000253413,178,25
9606.ENSP00000253039,178,50
9606.ENSP00000372136,178,29
9606.ENSP00000372139,178,29
9606.ENSP00000303423,177,32
9606.ENSP00000327589,177,139
9606.ENSP00000357804,176,26
9606.ENSP00000368710,176,41
9606.ENSP00000302640,176,56
9606.ENSP00000361803,175,24
9606.ENSP00000345656,175,22
9606.ENSP00000460871,175,41
9606.ENSP00000321691,175,15
9606.ENSP00000292782,175,22
9606.ENSP00000216500,175,29
9606.ENSP00000481842,175,20
9606.ENSP00000244020,175,64
9606.ENSP00000435365,174,58
9606.ENSP00000356421,174,39
9606.ENSP00000312634,174,55
9606.ENSP00000231498,174,105
9606.ENSP00000307275,174,15
9606.ENSP00000343497,174,26
9606.ENSP00000286733,174,35
9606.ENSP00000495192,173,278
9606.ENSP00000498852,173,32
9606.ENSP00000392270,173,42
9606.ENSP00000383168,173,76
9606.ENSP00000302393,173,104
9606.ENSP00000334373,173,26
9606.ENSP00000359871,173,36
9606.ENSP00000450436,173,47
9606.ENSP00000313007,172,118
9606.ENSP00000355890,172,147
9606.ENSP00000359539,172,42
9606.ENSP00000380427,172,137
9606.ENSP00000381601,172,72
9606.ENSP00000401470,172,54
9606.ENSP00000367154,172,21
9606.ENSP00000353590,172,489
9606.ENSP00000354982,171,7
9606.ENSP00000421566,171,62
9606.ENSP00000418082,171,9
9606.ENSP00000273130,171,50
9606.ENSP00000282486,171,23
9606.ENSP00000261772,171,91
9606.ENSP00000341743,171,14
9606.ENSP00000396301,171,34
9606.ENSP00000376077,171,10
9606.ENSP00000478877,171,19
9606.ENSP00000451560,170,349
9606.ENSP00000351446,170,27
9606.ENSP00000244137,170,44
9606.ENSP00000379181,169,28
9606.ENSP00000216832,169,45
9606.ENSP00000386156,169,16
9606.ENSP00000379339,169,9
9606.ENSP00000281243,169,26
9606.ENSP00000424595,168,84
9606.ENSP00000252512,168,109
9606.ENSP00000360365,168,31
9606.ENSP00000479870,168,19
9606.ENSP00000240851,167,18
9606.ENSP00000289228,167,36
9606.ENSP00000391942,167,20
9606.ENSP00000326550,167,46
9606.ENSP00000469240,167,9
9606.ENSP00000313050,167,29
9606.ENSP00000377681,166,37
9606.ENSP00000363228,166,53
9606.ENSP00000319831,166,64
9606.ENSP00000381293,166,105
9606.ENSP00000429824,165,38
9606.ENSP00000251607,165,41
9606.ENSP00000333667,165,55
9606.ENSP00000369192,165,33
9606.ENSP00000398632,165,60
9606.ENSP00000265260,165,18
9606.ENSP00000261574,165,110
9606.ENSP00000440222,165,78
9606.ENSP00000216336,164,28
9606.ENSP00000468424,164,45
9606.ENSP00000264904,164,76
9606.ENSP00000368884,164,104
9606.ENSP00000310117,164,5
9606.ENSP00000356992,164,76
9606.ENSP00000484343,164,47
9606.ENSP00000368831,163,55
9606.ENSP00000300249,163,25
9606.ENSP00000221233,163,15
9606.ENSP00000474534,163,59
9606.ENSP00000356989,163,17
9606.ENSP00000419449,163,16
9606.ENSP00000296490,162,31
9606.ENSP00000499199,162,46
9606.ENSP00000261758,162,18
9606.ENSP00000357123,162,30
9606.ENSP00000351473,162,54
9606.ENSP00000424183,162,11
9606.ENSP00000261267,162,13
9606.ENSP00000261263,161,30
9606.ENSP00000366156,161,29
9606.ENSP00000303427,161,130
9606.ENSP00000300648,161,274
9606.ENSP00000430269,161,53
9606.ENSP00000447053,161,40
9606.ENSP00000299259,160,41
9606.ENSP00000416534,160,96
9606.ENSP00000420641,160,8
9606.ENSP00000366819,160,24
9606.ENSP00000425107,160,5
9606.ENSP00000331127,160,36
9606.ENSP00000306752,160,36
9606.ENSP00000358983,160,63
9606.ENSP00000250101,160,18
9606.ENSP00000354681,159,97
9606.ENSP00000356481,159,64
9606.ENSP00000478754,159,65
9606.ENSP00000342778,159,32
9606.ENSP00000318177,159,62
9606.ENSP00000349575,159,13
9606.ENSP00000278353,159,22
9606.ENSP00000231368,159,106
9606.ENSP00000306670,159,25
9606.ENSP00000378725,158,118
9606.ENSP00000311713,158,49
9606.ENSP00000419851,158,71
9606.ENSP00000455047,158,62
9606.ENSP00000313603,158,65
9606.ENSP00000365220,158,100
9606.ENSP00000054666,158,15
9606.ENSP00000424655,157,43
9606.ENSP00000346012,157,11
9606.ENSP00000390265,157,41
9606.ENSP00000216554,157,37
9606.ENSP00000388996,157,49
9606.ENSP00000379503,157,46
9606.ENSP00000338235,157,41
9606.ENSP00000217971,156,15
9606.ENSP00000441543,156,311
9606.ENSP00000431822,156,7
9606.ENSP00000381429,156,21
9606.ENSP00000330737,156,14
9606.ENSP00000262646,156,39
9606.ENSP00000310861,156,113
9606.ENSP00000247970,155,13
9606.ENSP00000351926,155,115
9606.ENSP00000266544,155,66
9606.ENSP00000216297,155,93
9606.ENSP00000446828,155,33
9606.ENSP00000478303,155,14
9606.ENSP00000345259,154,71
9606.ENSP00000367939,154,10
9606.ENSP00000205061,154,97
9606.ENSP00000225275,153,94
9606.ENSP00000386456,153,63
9606.ENSP00000364815,153,110
9606.ENSP00000263202,153,21
9606.ENSP00000494040,152,100
9606.ENSP00000324573,152,105
9606.ENSP00000371155,152,16
9606.ENSP00000447942,152,16
9606.ENSP00000005257,152,16
9606.ENSP00000326603,152,161
9606.ENSP00000338171,152,32
9606.ENSP00000245552,152,15
9606.ENSP00000357452,152,21
9606.ENSP00000225614,152,26
9606.ENSP00000228251,152,33
9606.ENSP00000343405,151,75
9606.ENSP00000325312,151,40
9606.ENSP00000386458,151,48
9606.ENSP00000321260,151,11
9606.ENSP00000325398,151,18
9606.ENSP00000310219,151,166
9606.ENSP00000388552,151,35
9606.ENSP00000427985,151,67
9606.ENSP00000400376,151,78
9606.ENSP00000466259,151,97
9606.ENSP00000302486,150,37
9606.ENSP00000423674,150,37
9606.ENSP00000001008,150,49
9606.ENSP00000499020,150,78
9606.ENSP00000316454,150,64
9606.ENSP00000009530,150,22
9606.ENSP00000439856,150,46
9606.ENSP00000448035,150,42
9606.ENSP00000478017,150,138
9606.ENSP00000485450,150,138
9606.ENSP00000388658,149,68
9606.ENSP00000387654,149,42
9606.ENSP00000391806,149,89
9606.ENSP00000365370,148,139
9606.ENSP00000236850,148,27
9606.ENSP00000401508,148,35
9606.ENSP00000368646,148,47
9606.ENSP00000351811,148,92
9606.ENSP00000394316,148,47
9606.ENSP00000386717,148,12
9606.ENSP00000360532,148,61
9606.ENSP00000293362,147,27
9606.ENSP00000267935,147,15
9606.ENSP00000341625,147,9
9606.ENSP00000263246,147,35
9606.ENSP00000492441,147,58
9606.ENSP00000380308,147,30
9606.ENSP00000261427,147,39
9606.ENSP00000379975,147,30
9606.ENSP00000221859,146,11
9606.ENSP00000246868,146,17
9606.ENSP00000345445,146,43
9606.ENSP00000467024,146,19
9606.ENSP00000322991,146,27
9606.ENSP00000221804,146,17
9606.ENSP00000370750,146,24
9606.ENSP00000238616,146,67
9606.ENSP00000254322,146,26
9606.ENSP00000424417,146,29
9606.ENSP00000474096,146,32
9606.ENSP00000278823,145,75
9606.ENSP00000319664,145,32
9606.ENSP00000219302,145,14
9606.ENSP00000479203,145,138
9606.ENSP00000434516,145,50
9606.ENSP00000251047,145,24
9606.ENSP00000341483,145,43
9606.ENSP00000367498,145,45
9606.ENSP00000371253,145,68
9606.ENSP00000261875,144,24
9606.ENSP00000418695,144,46
9606.ENSP00000234313,144,15
9606.ENSP00000269143,144,53
9606.ENSP00000365730,144,54
9606.ENSP00000323967,144,27
9606.ENSP00000245816,144,20
9606.ENSP00000241337,143,30
9606.ENSP00000280557,143,15
9606.ENSP00000382779,143,34
9606.ENSP00000380794,143,32
9606.ENSP00000273986,143,14
9606.ENSP00000261416,143,39
9606.ENSP00000417748,143,24
9606.ENSP00000234310,142,16
9606.ENSP00000326806,142,10
9606.ENSP00000364805,142,164
9606.ENSP00000296577,142,52
9606.ENSP00000264705,142,161
9606.ENSP00000365576,142,34
9606.ENSP00000496014,142,199
9606.ENSP00000215375,142,9
9606.ENSP00000360498,142,8
9606.ENSP00000457733,141,44
9606.ENSP00000369127,141,21
9606.ENSP00000354522,141,55
9606.ENSP00000272217,141,23
9606.ENSP00000407336,140,11
9606.ENSP00000366396,140,67
9606.ENSP00000359958,140,23
9606.ENSP00000421965,140,19
9606.ENSP00000301457,140,9
9606.ENSP00000493153,140,17
9606.ENSP00000361634,140,28
9606.ENSP00000318822,139,21
9606.ENSP00000346340,139,13
9606.ENSP00000347464,139,55
9606.ENSP00000433488,139,31
9606.ENSP00000449751,139,16
9606.ENSP00000425561,139,24
9606.ENSP00000376919,139,26
9606.ENSP00000378360,139,40
9606.ENSP00000280706,139,109
9606.ENSP00000263025,139,38
9606.ENSP00000390625,139,44
9606.ENSP00000231572,139,56
9606.ENSP00000381844,139,41
9606.ENSP00000215071,139,24
9606.ENSP00000301740,138,144
9606.ENSP00000479202,138,22
9606.ENSP00000378394,138,52
9606.ENSP00000361965,138,36
9606.ENSP00000319096,138,25
9606.ENSP00000451962,138,11
9606.ENSP00000286428,137,19
9606.ENSP00000351492,137,7
9606.ENSP00000259608,137,12
9606.ENSP00000443965,137,33
9606.ENSP00000283131,137,88
9606.ENSP00000360635,137,44
9606.ENSP00000327268,137,24
9606.ENSP00000332604,137,127
9606.ENSP00000349658,136,68
9606.ENSP00000465432,136,5
9606.ENSP00000353444,136,29
9606.ENSP00000242351,136,78
9606.ENSP00000380286,136,12
9606.ENSP00000386284,136,23
9606.ENSP00000340347,135,14
9606.ENSP00000304802,135,24
9606.ENSP00000246071,135,20
9606.ENSP00000250784,135,44
9606.ENSP00000265641,135,59
9606.ENSP00000250617,135,66
9606.ENSP00000250124,134,10
9606.ENSP00000416255,134,98
9606.ENSP00000219252,134,19
9606.ENSP00000428056,134,62
9606.ENSP00000280346,134,50
9606.ENSP00000221486,134,23
9606.ENSP00000489597,134,48
9606.ENSP00000345895,134,38
9606.ENSP00000342278,134,49
9606.ENSP00000317379,134,49
9606.ENSP00000330389,134,9
9606.ENSP00000268668,134,14
9606.ENSP00000379330,134,58
9606.ENSP00000333657,134,69
9606.ENSP00000487719,133,109
9606.ENSP00000331487,133,35
9606.ENSP00000263645,133,9
9606.ENSP00000309555,133,104
9606.ENSP00000403362,133,35
9606.ENSP00000221566,133,20
9606.ENSP00000356807,133,22
9606.ENSP00000370258,133,126
9606.ENSP00000312262,133,76
9606.ENSP00000223369,132,17
9606.ENSP00000259951,132,30
9606.ENSP00000268717,132,31
9606.ENSP00000360613,132,5
9606.ENSP00000414398,132,23
9606.ENSP00000386229,132,38
9606.ENSP00000417273,132,21
9606.ENSP00000363071,132,116
9606.ENSP00000480150,132,65
9606.ENSP00000160262,132,44
9606.ENSP00000254436,132,33
9606.ENSP00000380998,132,7
9606.ENSP00000272645,132,11
9606.ENSP00000260563,132,30
9606.ENSP00000239882,131,28
9606.ENSP00000353826,131,56
9606.ENSP00000312066,131,48
9606.ENSP00000479919,131,23
9606.ENSP00000231238,131,19
9606.ENSP00000267257,131,37
9606.ENSP00000434103,130,22
9606.ENSP00000244040,130,19
9606.ENSP00000496832,130,17
9606.ENSP00000349723,130,55
9606.ENSP00000461433,130,9
9606.ENSP00000309116,130,26
9606.ENSP00000487365,130,72
9606.ENSP00000358840,130,8
9606.ENSP00000262948,130,40
9606.ENSP00000498879,130,13
9606.ENSP00000312250,130,19
9606.ENSP00000296411,130,28
9606.ENSP00000265563,130,40
9606.ENSP00000470142,130,86
9606.ENSP00000267205,130,19
9606.ENSP00000374354,129,13
9606.ENSP00000365131,129,46
9606.ENSP00000360798,129,73
9606.ENSP00000432472,129,8
9606.ENSP00000340454,129,54
9606.ENSP00000360638,129,23
9606.ENSP00000499058,129,35
9606.ENSP00000398495,129,35
9606.ENSP00000298283,129,30
9606.ENSP00000394107,129,39
9606.ENSP00000369461,128,20
9606.ENSP00000418563,128,49
9606.ENSP00000238379,128,17
9606.ENSP00000306881,128,59
9606.ENSP00000398131,128,56
9606.ENSP00000300086,128,30
9606.ENSP00000301939,128,2
9606.ENSP00000252622,127,6
9606.ENSP00000308770,127,26
9606.ENSP00000450873,127,13
9606.ENSP00000391583,127,27
9606.ENSP00000377148,127,50
9606.ENSP00000379364,127,31
9606.ENSP00000328773,127,7
9606.ENSP00000312311,127,19
9606.ENSP00000354525,126,17
9606.ENSP00000354201,126,20
9606.ENSP00000440542,126,141
9606.ENSP00000380336,126,35
9606.ENSP00000244763,126,18
9606.ENSP00000233997,126,19
9606.ENSP00000327255,126,33
9606.ENSP00000283027,126,14
9606.ENSP00000259037,126,9
9606.ENSP00000330032,126,26
9606.ENSP00000264254,126,21
9606.ENSP00000430774,125,10
9606.ENSP00000312134,125,26
9606.ENSP00000261667,125,22
9606.ENSP00000377914,125,25
9606.ENSP00000261739,125,41
9606.ENSP00000369500,125,11
9606.ENSP00000370395,125,15
9606.ENSP00000329715,125,31
9606.ENSP00000466025,125,17
9606.ENSP00000327821,125,65
9606.ENSP00000440045,125,77
9606.ENSP00000452401,125,8
9606.ENSP00000263918,124,55
9606.ENSP00000319060,124,41
9606.ENSP00000362638,124,6
9606.ENSP00000418572,124,15
9606.ENSP00000357459,124,90
9606.ENSP00000222553,124,36
9606.ENSP00000427407,124,5
9606.ENSP00000274712,124,6
9606.ENSP00000340329,123,25
9606.ENSP00000450909,123,9
9606.ENSP00000424707,123,7
9606.ENSP00000380638,123,92
9606.ENSP00000227266,123,31
9606.ENSP00000371152,123,36
9606.ENSP00000466010,122,9
9606.ENSP00000498336,122,72
9606.ENSP00000397927,122,31
9606.ENSP00000358072,122,18
9606.ENSP00000311449,122,30
9606.ENSP00000296424,122,15
9606.ENSP00000359693,122,6
9606.ENSP00000265564,122,20
9606.ENSP00000290291,121,35
9606.ENSP00000261636,121,16
9606.ENSP00000222968,121,9
9606.ENSP00000223641,121,8
9606.ENSP00000486901,121,57
9606.ENSP00000422896,121,58
9606.ENSP00000367208,121,29
9606.ENSP00000352264,121,37
9606.ENSP00000284719,121,29
9606.ENSP00000369038,121,14
9606.ENSP00000362824,121,63
9606.ENSP00000266679,120,27
9606.ENSP00000356231,120,9
9606.ENSP00000350266,120,29
9606.ENSP00000325941,120,44
9606.ENSP00000346120,120,51
9606.ENSP00000365227,120,7
9606.ENSP00000429309,120,12
9606.ENSP00000203556,120,54
9606.ENSP00000263239,119,47
9606.ENSP00000331201,119,28
9606.ENSP00000349679,119,9
9606.ENSP00000378721,119,62
9606.ENSP00000369081,119,27
9606.ENSP00000258105,119,9
9606.ENSP00000263559,119,31
9606.ENSP00000360124,119,55
9606.ENSP00000478059,119,46
9606.ENSP00000370748,119,14
9606.ENSP00000326261,119,36
9606.ENSP00000336866,119,13
9606.ENSP00000413697,119,20
9606.ENSP00000264033,118,58
9606.ENSP00000497382,118,7
9606.ENSP00000357876,118,18
9606.ENSP00000309521,118,15
9606.ENSP00000442699,118,41
9606.ENSP00000470176,118,9
9606.ENSP00000454786,118,49
9606.ENSP00000325594,117,44
9606.ENSP00000380958,117,6
9606.ENSP00000360688,117,13
9606.ENSP00000345292,117,21
9606.ENSP00000257860,117,103
9606.ENSP00000419879,117,17
9606.ENSP00000355340,117,17
9606.ENSP00000223864,117,10
9606.ENSP00000361918,117,29
9606.ENSP00000271373,117,12
9606.ENSP00000228506,117,23
9606.ENSP00000421076,117,14
9606.ENSP00000301396,117,54
9606.ENSP00000471455,117,10
9606.ENSP00000356953,117,11
9606.ENSP00000230640,117,64
9606.ENSP00000367938,116,7
9606.ENSP00000262225,116,10
9606.ENSP00000261813,116,8
9606.ENSP00000217901,116,18
9606.ENSP00000367721,116,83
9606.ENSP00000430128,116,15
9606.ENSP00000359305,116,14
9606.ENSP00000261396,116,65
9606.ENSP00000354850,116,50
9606.ENSP00000338862,116,21
9606.ENSP00000379366,116,31
9606.ENSP00000437073,116,124
9606.ENSP00000173527,115,24
9606.ENSP00000380702,115,14
9606.ENSP00000313490,115,63
9606.ENSP00000245934,115,71
9606.ENSP00000278483,115,6
9606.ENSP00000370882,115,15
9606.ENSP00000296543,114,58
9606.ENSP00000235090,114,16
9606.ENSP00000369299,114,26
9606.ENSP00000464383,114,15
9606.ENSP00000263401,114,14
9606.ENSP00000276062,114,7
9606.ENSP00000468312,114,47
9606.ENSP00000262932,114,12
9606.ENSP00000489910,113,66
9606.ENSP00000325369,113,13
9606.ENSP00000262947,113,10
9606.ENSP00000337358,113,23
9606.ENSP00000340736,113,18
9606.ENSP00000256433,113,6
9606.ENSP00000282412,113,34
9606.ENSP00000408025,113,24
9606.ENSP00000181796,113,20
9606.ENSP00000480313,113,37
9606.ENSP00000291577,113,37
9606.ENSP00000471700,113,20
9606.ENSP00000379616,112,369
9606.ENSP00000449785,112,10
9606.ENSP00000414095,112,63
9606.ENSP00000362268,112,18
9606.ENSP00000368605,112,38
9606.ENSP00000259698,112,67
9606.ENSP00000354837,112,60
9606.ENSP00000467262,112,3
9606.ENSP00000430432,112,46
9606.ENSP00000217109,112,20
9606.ENSP00000499465,112,54
9606.ENSP00000480514,112,11
9606.ENSP00000328570,111,11
9606.ENSP00000464050,111,48
9606.ENSP00000266079,111,61
9606.ENSP00000359531,111,21
9606.ENSP00000345917,111,17
9606.ENSP00000229395,110,17
9606.ENSP00000493560,110,225
9606.ENSP00000306788,110,8
9606.ENSP00000366563,110,75
9606.ENSP00000438993,110,25
9606.ENSP00000352706,110,31
9606.ENSP00000307567,110,64
9606.ENSP00000380159,110,7
9606.ENSP00000313851,110,99
9606.ENSP00000365569,109,36
9606.ENSP00000348984,109,69
9606.ENSP00000478479,109,19
9606.ENSP00000318128,109,11
9606.ENSP00000377867,109,52
9606.ENSP00000366237,109,24
9606.ENSP00000177742,109,13
9606.ENSP00000382697,109,97
9606.ENSP00000497260,109,79
9606.ENSP00000430684,109,53
9606.ENSP00000379350,109,46
9606.ENSP00000350848,109,9
9606.ENSP00000365401,109,40
9606.ENSP00000283646,109,25
9606.ENSP00000283290,108,12
9606.ENSP00000381785,108,28
9606.ENSP00000365042,108,15
9606.ENSP00000293350,108,28
9606.ENSP00000246957,108,46
9606.ENSP00000278616,108,215
9606.ENSP00000452549,108,28
9606.ENSP00000356416,108,33
9606.ENSP00000334308,107,76
9606.ENSP00000215770,107,29
9606.ENSP00000331368,107,50
9606.ENSP00000276390,107,37
9606.ENSP00000388638,107,27
9606.ENSP00000383059,107,8
9606.ENSP00000343325,107,44
9606.ENSP00000378399,107,19
9606.ENSP00000262455,107,20
9606.ENSP00000302324,107,9
9606.ENSP00000364320,107,15
9606.ENSP00000348380,106,32
9606.ENSP00000262498,106,15
9606.ENSP00000358548,106,36
9606.ENSP00000369042,106,48
9606.ENSP00000263955,106,15
9606.ENSP00000449089,106,47
9606.ENSP00000350698,106,27
9606.ENSP00000430494,106,13
9606.ENSP00000240922,106,16
9606.ENSP00000011473,106,13
9606.ENSP00000493664,106,140
9606.ENSP00000221114,106,8
9606.ENSP00000256001,106,83
9606.ENSP00000475845,106,1
9606.ENSP00000369213,106,57
9606.ENSP00000348316,105,7
9606.ENSP00000348565,105,14
9606.ENSP00000470262,105,11
9606.ENSP00000288050,105,48
9606.ENSP00000249269,105,26
9606.ENSP00000262302,105,15
9606.ENSP00000479064,104,14
9606.ENSP00000264414,104,51
9606.ENSP00000304903,104,15
9606.ENSP00000264595,104,15
9606.ENSP00000244227,104,4
9606.ENSP00000256078,104,29
9606.ENSP00000393978,104,35
9606.ENSP00000341597,104,30
9606.ENSP00000310723,104,41
9606.ENSP00000368927,104,10
9606.ENSP00000470252,104,54
9606.ENSP00000075120,104,31
9606.ENSP00000307078,104,82
9606.ENSP00000371193,104,18
9606.ENSP00000264059,104,27
9606.ENSP00000420213,104,243
9606.ENSP00000357122,104,34
9606.ENSP00000309142,104,29
9606.ENSP00000398597,103,11
9606.ENSP00000414302,103,20
9606.ENSP00000459943,103,62
9606.ENSP00000249442,103,11
9606.ENSP00000385410,103,35
9606.ENSP00000414624,103,32
9606.ENSP00000420357,103,7
9606.ENSP00000498853,103,19
9606.ENSP00000357644,103,29
9606.ENSP00000476140,103,5
9606.ENSP00000248098,103,11
9606.ENSP00000217244,103,53
9606.ENSP00000419243,103,15
9606.ENSP00000363794,103,17
9606.ENSP00000210444,103,16
9606.ENSP00000363614,103,19
9606.ENSP00000326706,102,22
9606.ENSP00000309092,102,21
9606.ENSP00000370968,102,85
9606.ENSP00000434776,102,48
9606.ENSP00000356918,102,13
9606.ENSP00000340883,102,17
9606.ENSP00000483888,102,5
9606.ENSP00000390783,102,39
9606.ENSP00000274496,102,4
9606.ENSP00000358474,102,22
9606.ENSP00000223500,102,6
9606.ENSP00000286713,102,18
9606.ENSP00000305653,102,37
9606.ENSP00000244520,102,6
9606.ENSP00000485630,101,43
9606.ENSP00000379563,101,11
9606.ENSP00000194214,101,5
9606.ENSP00000355050,101,29
9606.ENSP00000349860,101,57
9606.ENSP00000300151,101,9
9606.ENSP00000377954,101,71
9606.ENSP00000339992,101,35
9606.ENSP00000389095,101,34
9606.ENSP00000358283,101,58
9606.ENSP00000364949,101,16
9606.ENSP00000261308,101,34
9606.ENSP00000427108,101,35
9606.ENSP00000295448,101,22
9606.ENSP00000494708,101,30
9606.ENSP00000284154,101,20
9606.ENSP00000326219,100,16
9606.ENSP00000299424,100,5
9606.ENSP00000229379,99.8,3
9606.ENSP00000352738,99.6,20
9606.ENSP00000351990,99.5,29
9606.ENSP00000349313,99.5,12
9606.ENSP00000361845,99.4,21
9606.ENSP00000457723,99.3,12
9606.ENSP00000385746,99.3,19
9606.ENSP00000386894,99.3,36
9606.ENSP00000358312,99.2,18
9606.ENSP00000262506,99.1,41
9606.ENSP00000360803,99,5
9606.ENSP00000485022,98.9,23
9606.ENSP00000291552,98.9,23
9606.ENSP00000225972,98.9,15
9606.ENSP00000324124,98.8,4
9606.ENSP00000338864,98.7,40
9606.ENSP00000344166,98.7,59
9606.ENSP00000413606,98.6,32
9606.ENSP00000292314,98.5,6
9606.ENSP00000335029,98.4,49
9606.ENSP00000381717,98.3,11
9606.ENSP00000346886,98.3,21
9606.ENSP00000261714,98.2,29
9606.ENSP00000281187,98.1,26
9606.ENSP00000380869,98.1,32
9606.ENSP00000405574,98,32
9606.ENSP00000257829,97.8,56
9606.ENSP00000319992,97.7,8
9606.ENSP00000311469,97.7,30
9606.ENSP00000289968,97.6,29
9606.ENSP00000420311,97.6,13
9606.ENSP00000317955,97.5,73
9606.ENSP00000387996,97.5,35
9606.ENSP00000293373,97.5,75
9606.ENSP00000206542,97.4,22
9606.ENSP00000494538,97.3,28
9606.ENSP00000466845,97.2,23
9606.ENSP00000376167,97.1,21
9606.ENSP00000344504,97.1,7
9606.ENSP00000290246,96.9,52
9606.ENSP00000347655,96.6,30
9606.ENSP00000353284,96.5,80
9606.ENSP00000326531,96.5,18
9606.ENSP00000257181,96.4,17
9606.ENSP00000437783,96.3,66
9606.ENSP00000381461,96.2,18
9606.ENSP00000438886,96.2,29
9606.ENSP00000480140,96,23
9606.ENSP00000460070,95.9,46
9606.ENSP00000269886,95.8,15
9606.ENSP00000272233,95.8,41
9606.ENSP00000486252,95.8,44
9606.ENSP00000229179,95.8,47
9606.ENSP00000229812,95.7,24
9606.ENSP00000315476,95.6,11
9606.ENSP00000451818,95.6,28
9606.ENSP00000298875,95.5,45
9606.ENSP00000401371,95.5,16
9606.ENSP00000368119,95.5,21
9606.ENSP00000377374,95.4,13
9606.ENSP00000481495,95.4,47
9606.ENSP00000416583,95.3,20
9606.ENSP00000376472,95.2,56
9606.ENSP00000252934,95.2,35
9606.ENSP00000498864,95.2,25
9606.ENSP00000325313,95.2,31
9606.ENSP00000360860,95,27
9606.ENSP00000292363,95,6
9606.ENSP00000302111,95,12
9606.ENSP00000493302,95,14
9606.ENSP00000416250,94.8,20
9606.ENSP00000434442,94.7,25
9606.ENSP00000295770,94.7,56
9606.ENSP00000354687,94.6,5
9606.ENSP00000360473,94.6,4
9606.ENSP00000224807,94.6,23
9606.ENSP00000369383,94.6,4
9606.ENSP00000340648,94.5,191
9606.ENSP00000359488,94.5,35
9606.ENSP00000313877,94.5,14
9606.ENSP00000486540,94.4,18
9606.ENSP00000380460,94.3,44
9606.ENSP00000354111,94.2,5
9606.ENSP00000318176,94.1,15
9606.ENSP00000457539,94,46
9606.ENSP00000378830,94,19
9606.ENSP00000496713,93.9,229
9606.ENSP00000360727,93.8,28
9606.ENSP00000445806,93.7,20
9606.ENSP00000398350,93.6,18
9606.ENSP00000261889,93.6,33
9606.ENSP00000263150,93.6,26
9606.ENSP00000355895,93.5,16
9606.ENSP00000299608,93.5,22
9606.ENSP00000438204,93.3,7
9606.ENSP00000288266,93.2,35
9606.ENSP00000311032,93.1,17
9606.ENSP00000382382,93,76
9606.ENSP00000334538,93,20
9606.ENSP00000289371,92.9,46
9606.ENSP00000378338,92.7,50
9606.ENSP00000324287,92.6,42
9606.ENSP00000378306,92.5,40
9606.ENSP00000334153,92.5,16
9606.ENSP00000317714,92.5,15
9606.ENSP00000389445,92.4,28
9606.ENSP00000436679,92.4,31
9606.ENSP00000399518,92.3,39
9606.ENSP00000466111,92.2,20
9606.ENSP00000385927,91.8,17
9606.ENSP00000357005,91.7,11
9606.ENSP00000264515,91.7,25
9606.ENSP00000368984,91.6,17
9606.ENSP00000273375,91.5,8
9606.ENSP00000310448,91.5,38
9606.ENSP00000300181,91.5,21
9606.ENSP00000264331,91.4,101
9606.ENSP00000425824,91.4,35
9606.ENSP00000303276,91.3,5
9606.ENSP00000295899,91.3,14
9606.ENSP00000259006,91.2,11
9606.ENSP00000278618,91,14
9606.ENSP00000355094,90.9,19
9606.ENSP00000330188,90.5,8
9606.ENSP00000424870,90.5,6
9606.ENSP00000286175,90.4,12
9606.ENSP00000232607,90.4,23
9606.ENSP00000357292,90.3,20
9606.ENSP00000272638,90.2,12
9606.ENSP00000452746,90.2,19
9606.ENSP00000265594,90.1,28
9606.ENSP00000361186,90.1,11
9606.ENSP00000256429,90,13
9606.ENSP00000264883,89.7,28
9606.ENSP00000379601,89.7,18
9606.ENSP00000229595,89.7,6
9606.ENSP00000294724,89.6,99
9606.ENSP00000291386,89.6,10
9606.ENSP00000351035,89.6,16
9606.ENSP00000360683,89.5,25
9606.ENSP00000276202,89.5,128
9606.ENSP00000454836,89.5,45
9606.ENSP00000360184,89.5,20
9606.ENSP00000326858,89.5,25
9606.ENSP00000249647,89.4,10
9606.ENSP00000345083,89.4,30
9606.ENSP00000455106,89.2,25
9606.ENSP00000219204,89.2,11
9606.ENSP00000356263,89,18
9606.ENSP00000364699,89,7
9606.ENSP00000417763,89,17
9606.ENSP00000349923,88.9,4
9606.ENSP00000287600,88.8,4
9606.ENSP00000382800,88.8,17
9606.ENSP00000352401,88.8,12
9606.ENSP00000344577,88.7,14
9606.ENSP00000491596,88.6,106
9606.ENSP00000261776,88.5,39
9606.ENSP00000482568,88.5,6
9606.ENSP00000357981,88.5,16
9606.ENSP00000402338,88.4,12
9606.ENSP00000384109,88.4,72
9606.ENSP00000497053,88.4,199
9606.ENSP00000319281,88.2,10
9606.ENSP00000254998,88.2,5
9606.ENSP00000351137,88.2,45
9606.ENSP00000366746,88,20
9606.ENSP00000499074,87.9,21
9606.ENSP00000407323,87.8,12
9606.ENSP00000370718,87.8,23
9606.ENSP00000498358,87.7,19
9606.ENSP00000379802,87.7,35
9606.ENSP00000382707,87.6,8
9606.ENSP00000257245,87.5,6
9606.ENSP00000258383,87.5,12
9606.ENSP00000369897,87.5,52
9606.ENSP00000299633,87.5,10
9606.ENSP00000363286,87.4,6
9606.ENSP00000156471,87.4,67
9606.ENSP00000380514,87.3,18
9606.ENSP00000325863,87.3,32
9606.ENSP00000365426,87.2,7
9606.ENSP00000306887,87,8
9606.ENSP00000263847,86.9,36
9606.ENSP00000281589,86.5,72
9606.ENSP00000355574,86.5,7
9606.ENSP00000217195,86.4,11
9606.ENSP00000349722,86.3,10
9606.ENSP00000337746,86.2,18
9606.ENSP00000216442,86.1,9
9606.ENSP00000376792,86.1,6
9606.ENSP00000464814,86,18
9606.ENSP00000308897,86,9
9606.ENSP00000253237,85.9,22
9606.ENSP00000450731,85.9,10
9606.ENSP00000343657,85.7,28
9606.ENSP00000349629,85.6,141
9606.ENSP00000322396,85.5,15
9606.ENSP00000448182,85.4,37
9606.ENSP00000298492,85.3,16
9606.ENSP00000495128,85.3,29
9606.ENSP00000473553,85.3,50
9606.ENSP00000333664,85.2,16
9606.ENSP00000433664,85.2,43
9606.ENSP00000267103,85.1,21
9606.ENSP00000243563,85.1,15
9606.ENSP00000261183,84.9,48
9606.ENSP00000288828,84.8,14
9606.ENSP00000345412,84.7,21
9606.ENSP00000368452,84.7,10
9606.ENSP00000446743,84.7,35
9606.ENSP00000310301,84.7,5
9606.ENSP00000497326,84.6,27
9606.ENSP00000304467,84.6,27
9606.ENSP00000498803,84.6,21
9606.ENSP00000365533,84.2,18
9606.ENSP00000273308,84.2,23
9606.ENSP00000362105,84.2,9
9606.ENSP00000357288,84.2,8
9606.ENSP00000312617,84.1,12
9606.ENSP00000378877,84.1,10
9606.ENSP00000368100,84.1,111
9606.ENSP00000319169,84,28
9606.ENSP00000085068,83.9,7
9606.ENSP00000199814,83.7,15
9606.ENSP00000254654,83.5,17
9606.ENSP00000451129,83.5,19
9606.ENSP00000378917,83.5,23
9606.ENSP00000406598,83.5,18
9606.ENSP00000403701,83.5,20
9606.ENSP00000282356,83.4,26
9606.ENSP00000365817,83.1,29
9606.ENSP00000378483,83.1,12
9606.ENSP00000332062,83.1,14
9606.ENSP00000303525,83,10
9606.ENSP00000470560,83,15
9606.ENSP00000403645,83,14
9606.ENSP00000243346,82.9,16
9606.ENSP00000345672,82.9,17
9606.ENSP00000361926,82.9,15
9606.ENSP00000370625,82.7,45
9606.ENSP00000300305,82.7,18
9606.ENSP00000480535,82.6,13
9606.ENSP00000434513,82.6,37
9606.ENSP00000370984,82.5,7
9606.ENSP00000325074,82.5,35
9606.ENSP00000406463,82.3,22
9606.ENSP00000395590,82.3,16
9606.ENSP00000216780,81.9,34
9606.ENSP00000342889,81.9,3
9606.ENSP00000261868,81.8,12
9606.ENSP00000215730,81.8,14
9606.ENSP00000254029,81.8,51
9606.ENSP00000483825,81.7,21
9606.ENSP00000254480,81.7,61
9606.ENSP00000365806,81.7,29
9606.ENSP00000012443,81.7,23
9606.ENSP00000350310,81.6,68
9606.ENSP00000497569,81.6,32
9606.ENSP00000274849,81.6,8
9606.ENSP00000229795,81.6,15
9606.ENSP00000156109,81.6,18
9606.ENSP00000314606,81.4,24
9606.ENSP00000446039,81.4,10
9606.ENSP00000234160,81.4,11
9606.ENSP00000369217,81.4,26
9606.ENSP00000220597,81.3,16
9606.ENSP00000318635,81.2,12
9606.ENSP00000367028,81.1,55
9606.ENSP00000378402,81.1,48
9606.ENSP00000442050,81.1,21
9606.ENSP00000290231,81,19
9606.ENSP00000216639,81,14
9606.ENSP00000343412,80.9,18
9606.ENSP00000270502,80.8,8
9606.ENSP00000357384,80.7,4
9606.ENSP00000499466,80.6,9
9606.ENSP00000285968,80.6,104
9606.ENSP00000358089,80.5,17
9606.ENSP00000498321,80.4,12
9606.ENSP00000397394,80.3,4
9606.ENSP00000255120,80.3,34
9606.ENSP00000385432,80.3,15
9606.ENSP00000495274,80.3,40
9606.ENSP00000367123,80.3,28
9606.ENSP00000355587,80,13
9606.ENSP00000394496,79.9,18
9606.ENSP00000374529,79.9,14
9606.ENSP00000417038,79.9,16
9606.ENSP00000259075,79.9,14
9606.ENSP00000158771,79.8,3
9606.ENSP00000468690,79.8,11
9606.ENSP00000367086,79.7,19
9606.ENSP00000353741,79.7,29
9606.ENSP00000446271,79.6,13
9606.ENSP00000394842,79.6,10
9606.ENSP00000323889,79.6,32
9606.ENSP00000363313,79.5,29
9606.ENSP00000418823,79.5,28
9606.ENSP00000451206,79.5,11
9606.ENSP00000363031,79.3,25
9606.ENSP00000382341,79.3,26
9606.ENSP00000481762,79.2,39
9606.ENSP00000365505,79.2,9
9606.ENSP00000248958,79.1,8
9606.ENSP00000342434,79.1,58
9606.ENSP00000346196,79,18
9606.ENSP00000433071,78.9,31
9606.ENSP00000000412,78.9,11
9606.ENSP00000273550,78.8,12
9606.ENSP00000244007,78.8,57
9606.ENSP00000417052,78.8,11
9606.ENSP00000365522,78.6,19
9606.ENSP00000351832,78.6,59
9606.ENSP00000347648,78.6,24
9606.ENSP00000311399,78.5,16
9606.ENSP00000345341,78.5,17
9606.ENSP00000497305,78.4,54
9606.ENSP00000445757,78.3,18
9606.ENSP00000367407,78.2,26
9606.ENSP00000458954,78,24
9606.ENSP00000366694,78,15
9606.ENSP00000377494,77.9,20
9606.ENSP00000379133,77.8,17
9606.ENSP00000360569,77.7,26
9606.ENSP00000365606,77.5,36
9606.ENSP00000386655,77.4,10
9606.ENSP00000253110,77.4,12
9606.ENSP00000259632,77.3,8
9606.ENSP00000215565,77.1,4
9606.ENSP00000354649,76.8,14
9606.ENSP00000320485,76.8,71
9606.ENSP00000276569,76.8,8
9606.ENSP00000320949,76.6,114
9606.ENSP00000309477,76.6,28
9606.ENSP00000497948,76.6,63
9606.ENSP00000361949,76.6,45
9606.ENSP00000351141,76.5,19
9606.ENSP00000222584,76.5,7
9606.ENSP00000308720,76.5,20
9606.ENSP00000290216,76.4,9
9606.ENSP00000416515,76.4,24
9606.ENSP00000312981,76.4,26
9606.ENSP00000417963,76.3,34
9606.ENSP00000254950,76.3,35
9606.ENSP00000346466,76.3,30
9606.ENSP00000418287,76.1,13
9606.ENSP00000315263,76.1,9
9606.ENSP00000365837,76,24
9606.ENSP00000373669,75.9,13
9606.ENSP00000322524,75.7,9
9606.ENSP00000370503,75.7,18
9606.ENSP00000274813,75.7,30
9606.ENSP00000337354,75.7,10
9606.ENSP00000359300,75.7,9
9606.ENSP00000445929,75.5,29
9606.ENSP00000244061,75.5,13
9606.ENSP00000487358,75.5,26
9606.ENSP00000321971,75.4,24
9606.ENSP00000351255,75.4,43
9606.ENSP00000356591,75.3,14
9606.ENSP00000359211,75.3,45
9606.ENSP00000359939,75.2,7
9606.ENSP00000358770,75.1,48
9606.ENSP00000353165,75,6
9606.ENSP00000366998,75,21
9606.ENSP00000352400,74.9,62
9606.ENSP00000454038,74.8,19
9606.ENSP00000232905,74.8,9
9606.ENSP00000222286,74.8,62
9606.ENSP00000407182,74.7,48
9606.ENSP00000295095,74.6,25
9606.ENSP00000294383,74.6,116
9606.ENSP00000367038,74.6,37
9606.ENSP00000359025,74.5,26
9606.ENSP00000385000,74.5,36
9606.ENSP00000407586,74.3,29
9606.ENSP00000326411,74.3,24
9606.ENSP00000308332,74.2,8
9606.ENSP00000305193,74.2,10
9606.ENSP00000318641,74,37
9606.ENSP00000265388,73.8,37
9606.ENSP00000339145,73.8,21
9606.ENSP00000361486,73.8,24
9606.ENSP00000358272,73.7,9
9606.ENSP00000482647,73.7,63
9606.ENSP00000361642,73.5,18
9606.ENSP00000349238,73.5,56
9606.ENSP00000357360,73.4,18
9606.ENSP00000364589,73.3,51
9606.ENSP00000310623,73.3,5
9606.ENSP00000352678,73.2,30
9606.ENSP00000395772,73.1,20
9606.ENSP00000499232,73,34
9606.ENSP00000465039,73,35
9606.ENSP00000259808,73,23
9606.ENSP00000392985,73,9
9606.ENSP00000333266,73,32
9606.ENSP00000228928,73,40
9606.ENSP00000389381,72.9,12
9606.ENSP00000312618,72.8,24
9606.ENSP00000479669,72.8,26
9606.ENSP00000221543,72.7,17
9606.ENSP00000221494,72.6,11
9606.ENSP00000316032,72.6,62
9606.ENSP00000330825,72.6,7
9606.ENSP00000340823,72.5,9
9606.ENSP00000441158,72.5,175
9606.ENSP00000245615,72.5,15
9606.ENSP00000262187,72.4,6
9606.ENSP00000427421,72.4,2
9606.ENSP00000296597,72.3,8
9606.ENSP00000351380,72.3,5
9606.ENSP00000283195,72.2,194
9606.ENSP00000480836,72.2,16
9606.ENSP00000428263,72,17
9606.ENSP00000217402,71.9,11
9606.ENSP00000248114,71.9,4
9606.ENSP00000336752,71.8,23
9606.ENSP00000343701,71.8,24
9606.ENSP00000409666,71.8,12
9606.ENSP00000496921,71.8,16
9606.ENSP00000382091,71.7,11
9606.ENSP00000387282,71.7,10
9606.ENSP00000317904,71.7,30
9606.ENSP00000261600,71.7,31
9606.ENSP00000385814,71.6,3
9606.ENSP00000300811,71.5,4
9606.ENSP00000342351,71.4,9
9606.ENSP00000387471,71.3,5
9606.ENSP00000281182,71.3,16
9606.ENSP00000343742,71.3,13
9606.ENSP00000248553,71.3,9
9606.ENSP00000343023,71.3,40
9606.ENSP00000238892,71.3,2
9606.ENSP00000478767,71.2,23
9606.ENSP00000242786,71.1,22
9606.ENSP00000368030,71,41
9606.ENSP00000346725,71,15
9606.ENSP00000014930,70.9,7
9606.ENSP00000377015,70.8,19
9606.ENSP00000377055,70.8,15
9606.ENSP00000417175,70.8,10
9606.ENSP00000461388,70.8,7
9606.ENSP00000341551,70.8,11
9606.ENSP00000252268,70.7,14
9606.ENSP00000377225,70.7,14
9606.ENSP00000301788,70.6,11
9606.ENSP00000358464,70.6,9
9606.ENSP00000313422,70.6,12
9606.ENSP00000315299,70.6,31
9606.ENSP00000451583,70.6,10
9606.ENSP00000473383,70.5,32
9606.ENSP00000377390,70.4,39
9606.ENSP00000262238,70.4,13
9606.ENSP00000274242,70.4,2
9606.ENSP00000225371,70.3,37
9606.ENSP00000380557,70.3,15
9606.ENSP00000294409,70.3,15
9606.ENSP00000396467,70.2,14
9606.ENSP00000419970,70.2,27
9606.ENSP00000362888,70.2,9
9606.ENSP00000356355,70.2,16
9606.ENSP00000371858,70.1,29
9606.ENSP00000260803,70.1,20
9606.ENSP00000327116,70.1,55
9606.ENSP00000308717,70.1,6
9606.ENSP00000269967,70,9
9606.ENSP00000256367,70,6
9606.ENSP00000292180,69.9,23
9606.ENSP00000392896,69.8,3
9606.ENSP00000276590,69.7,11
9606.ENSP00000357622,69.6,8
9606.ENSP00000359818,69.6,38
9606.ENSP00000318868,69.6,19
9606.ENSP00000409581,69.5,16
9606.ENSP00000378624,69.5,36
9606.ENSP00000448054,69.5,12
9606.ENSP00000358674,69.5,7
9606.ENSP00000404042,69.4,17
9606.ENSP00000305107,69.3,30
9606.ENSP00000281031,69.2,9
9606.ENSP00000361967,69.2,11
9606.ENSP00000323063,69.1,31
9606.ENSP00000305699,69.1,25
9606.ENSP00000363162,69.1,6
9606.ENSP00000364037,69,31
9606.ENSP00000274306,69,14
9606.ENSP00000258975,69,9
9606.ENSP00000308275,68.9,13
9606.ENSP00000363899,68.9,14
9606.ENSP00000479494,68.9,23
9606.ENSP00000315768,68.9,31
9606.ENSP00000370194,68.8,15
9606.ENSP00000357674,68.8,7
9606.ENSP00000444561,68.5,2
9606.ENSP00000383866,68.5,5
9606.ENSP00000408411,68.5,18
9606.ENSP00000466639,68.5,13
9606.ENSP00000262942,68.5,24
9606.ENSP00000361658,68.4,59
9606.ENSP00000266126,68.3,13
9606.ENSP00000323076,68.3,7
9606.ENSP00000335203,68.2,5
9606.ENSP00000346240,68.1,8
9606.ENSP00000350719,68.1,287
9606.ENSP00000352248,68.1,52
9606.ENSP00000296684,67.9,7
9606.ENSP00000496695,67.9,8
9606.ENSP00000428564,67.8,29
9606.ENSP00000260970,67.8,17
9606.ENSP00000295119,67.8,9
9606.ENSP00000447000,67.8,29
9606.ENSP00000277165,67.7,46
9606.ENSP00000254940,67.7,7
9606.ENSP00000280377,67.7,40
9606.ENSP00000378786,67.7,13
9606.ENSP00000359911,67.7,15
9606.ENSP00000366135,67.6,38
9606.ENSP00000378275,67.6,3
9606.ENSP00000253794,67.6,10
9606.ENSP00000349687,67.3,6
9606.ENSP00000366997,67.3,32
9606.ENSP00000351159,67.2,12
9606.ENSP00000269701,67.2,14
9606.ENSP00000298717,67.1,20
9606.ENSP00000265165,67.1,13
9606.ENSP00000314099,67.1,11
9606.ENSP00000350170,67.1,20
9606.ENSP00000285021,67.1,28
9606.ENSP00000352522,67,22
9606.ENSP00000324792,67,9
9606.ENSP00000295767,67,5
9606.ENSP00000355777,67,15
9606.ENSP00000358071,66.9,25
9606.ENSP00000406209,66.9,12
9606.ENSP00000330730,66.9,2
9606.ENSP00000312356,66.9,20
9606.ENSP00000338844,66.8,35
9606.ENSP00000318697,66.8,168
9606.ENSP00000284073,66.8,10
9606.ENSP00000365312,66.8,16
9606.ENSP00000364578,66.7,15
9606.ENSP00000263377,66.7,35
9606.ENSP00000366927,66.6,15
9606.ENSP00000298198,66.6,28
9606.ENSP00000481038,66.5,94
9606.ENSP00000305255,66.5,10
9606.ENSP00000358799,66.3,31
9606.ENSP00000363322,66.2,3
9606.ENSP00000361603,66.2,7
9606.ENSP00000497594,66.1,31
9606.ENSP00000377665,65.9,40
9606.ENSP00000318351,65.9,11
9606.ENSP00000434724,65.8,8
9606.ENSP00000296135,65.8,11
9606.ENSP00000322316,65.8,7
9606.ENSP00000357442,65.8,8
9606.ENSP00000405926,65.7,18
9606.ENSP00000261461,65.7,20
9606.ENSP00000417378,65.7,6
9606.ENSP00000292823,65.6,20
9606.ENSP00000401980,65.6,15
9606.ENSP00000377969,65.6,14
9606.ENSP00000264108,65.5,15
9606.ENSP00000217131,65.5,11
9606.ENSP00000279281,65.5,25
9606.ENSP00000396452,65.4,12
9606.ENSP00000315791,65.4,26
9606.ENSP00000455114,65.3,22
9606.ENSP00000471896,65.3,15
9606.ENSP00000381104,65.3,15
9606.ENSP00000271526,65.3,10
9606.ENSP00000389160,65.3,13
9606.ENSP00000438248,65.2,11
9606.ENSP00000225519,65.2,16
9606.ENSP00000369674,65.2,6
9606.ENSP00000483489,65.1,8
9606.ENSP00000348278,65,22
9606.ENSP00000479130,65,19
9606.ENSP00000366032,64.9,11
9606.ENSP00000332444,64.8,29
9606.ENSP00000327191,64.7,41
9606.ENSP00000444029,64.7,44
9606.ENSP00000227155,64.7,9
9606.ENSP00000397843,64.6,1
9606.ENSP00000216727,64.6,15
9606.ENSP00000321347,64.6,34
9606.ENSP00000370588,64.5,4
9606.ENSP00000357000,64.5,4
9606.ENSP00000304592,64.5,77
9606.ENSP00000428184,64.5,7
9606.ENSP00000379051,64.4,11
9606.ENSP00000232564,64.4,36
9606.ENSP00000387187,64.4,2
9606.ENSP00000253048,64.3,22
9606.ENSP00000329967,64.3,30
9606.ENSP00000270538,64.2,19
9606.ENSP00000253329,64.2,16
9606.ENSP00000265734,64.1,22
9606.ENSP00000219431,64,9
9606.ENSP00000323645,64,23
9606.ENSP00000360141,63.9,37
9606.ENSP00000476412,63.9,12
9606.ENSP00000472847,63.9,26
9606.ENSP00000429744,63.9,45
9606.ENSP00000399982,63.9,30
9606.ENSP00000074304,63.8,32
9606.ENSP00000364543,63.8,44
9606.ENSP00000219400,63.7,3
9606.ENSP00000362728,63.7,25
9606.ENSP00000376142,63.7,10
9606.ENSP00000206020,63.7,8
9606.ENSP00000225726,63.6,13
9606.ENSP00000218089,63.5,61
9606.ENSP00000265421,63.5,12
9606.ENSP00000296328,63.5,15
9606.ENSP00000496044,63.5,13
9606.ENSP00000040663,63.4,10
9606.ENSP00000260408,63.3,29
9606.ENSP00000363591,63.3,9
9606.ENSP00000357448,63.2,21
9606.ENSP00000361524,63.2,11
9606.ENSP00000362924,63.2,15
9606.ENSP00000230340,63.1,17
9606.ENSP00000370889,63.1,24
9606.ENSP00000259512,63.1,8
9606.ENSP00000393313,63,35
9606.ENSP00000220509,62.9,31
9606.ENSP00000354722,62.9,7
9606.ENSP00000308179,62.9,34
9606.ENSP00000384400,62.9,14
9606.ENSP00000314615,62.9,12
9606.ENSP00000273968,62.9,2
9606.ENSP00000350949,62.7,13
9606.ENSP00000263212,62.7,13
9606.ENSP00000292211,62.6,9
9606.ENSP00000262375,62.6,15
9606.ENSP00000262494,62.6,37
9606.ENSP00000380019,62.6,10
9606.ENSP00000319713,62.6,3
9606.ENSP00000354040,62.5,20
9606.ENSP00000494965,62.5,37
9606.ENSP00000449428,62.5,17
9606.ENSP00000433919,62.5,4
9606.ENSP00000267202,62.3,8
9606.ENSP00000355689,62.3,11
9606.ENSP00000456851,62.3,3
9606.ENSP00000498888,62.3,33
9606.ENSP00000246792,62.2,13
9606.ENSP00000482548,62.2,25
9606.ENSP00000373627,62.2,43
9606.ENSP00000221922,62.2,12
9606.ENSP00000277895,62.2,27
9606.ENSP00000378046,62.1,11
9606.ENSP00000498991,62.1,11
9606.ENSP00000354718,62.1,77
9606.ENSP00000312304,62.1,13
9606.ENSP00000263780,62.1,4
9606.ENSP00000308472,62.1,2
9606.ENSP00000363661,62.1,10
9606.ENSP00000199320,62,11
9606.ENSP00000419599,61.9,2
9606.ENSP00000402346,61.9,51
9606.ENSP00000253861,61.8,35
9606.ENSP00000337838,61.8,22
9606.ENSP00000339495,61.8,21
9606.ENSP00000268261,61.7,12
9606.ENSP00000419088,61.7,6
9606.ENSP00000312442,61.6,27
9606.ENSP00000358814,61.5,26
9606.ENSP00000262053,61.5,5
9606.ENSP00000372112,61.4,9
9606.ENSP00000346148,61.4,21
9606.ENSP00000251968,61.4,10
9606.ENSP00000267814,61.4,12
9606.ENSP00000323046,61.4,10
9606.ENSP00000462333,61.2,30
9606.ENSP00000431482,61.1,15
9606.ENSP00000495631,61.1,38
9606.ENSP00000499655,61.1,57
9606.ENSP00000246337,61,12
9606.ENSP00000354518,61,9
9606.ENSP00000221561,61,6
9606.ENSP00000383820,60.9,21
9606.ENSP00000377771,60.9,32
9606.ENSP00000245544,60.8,22
9606.ENSP00000273047,60.8,19
9606.ENSP00000384474,60.8,4
9606.ENSP00000353575,60.7,17
9606.ENSP00000356107,60.7,9
9606.ENSP00000364403,60.6,163
9606.ENSP00000371219,60.6,6
9606.ENSP00000376024,60.5,14
9606.ENSP00000468367,60.4,29
9606.ENSP00000266604,60.3,3
9606.ENSP00000477507,60.3,15
9606.ENSP00000473290,60.3,19
9606.ENSP00000261015,60.2,13
9606.ENSP00000313752,60.1,4
9606.ENSP00000222547,60,4
9606.ENSP00000484669,60,49
9606.ENSP00000480987,60,33
9606.ENSP00000325677,59.9,36
9606.ENSP00000373808,59.9,20
9606.ENSP00000238738,59.8,33
9606.ENSP00000328023,59.8,23
9606.ENSP00000400646,59.7,27
9606.ENSP00000410833,59.7,22
9606.ENSP00000299736,59.7,7
9606.ENSP00000358251,59.6,21
9606.ENSP00000291700,59.6,2
9606.ENSP00000336831,59.6,97
9606.ENSP00000265056,59.5,31
9606.ENSP00000402935,59.5,22
9606.ENSP00000347719,59.4,40
9606.ENSP00000397269,59.4,7
9606.ENSP00000297990,59.3,25
9606.ENSP00000362300,59.3,44
9606.ENSP00000264156,59.1,28
9606.ENSP00000292616,59.1,18
9606.ENSP00000380027,59.1,11
9606.ENSP00000370196,58.9,52
9606.ENSP00000325655,58.9,5
9606.ENSP00000476117,58.9,15
9606.ENSP00000315112,58.8,34
9606.ENSP00000244230,58.6,14
9606.ENSP00000225504,58.6,3
9606.ENSP00000340896,58.6,16
9606.ENSP00000436864,58.5,12
9606.ENSP00000254803,58.5,8
9606.ENSP00000411471,58.5,20
9606.ENSP00000258198,58.4,18
9606.ENSP00000216487,58.4,23
9606.ENSP00000293872,58.4,28
9606.ENSP00000383365,58.4,18
9606.ENSP00000498104,58.3,9
9606.ENSP00000454264,58.2,18
9606.ENSP00000363944,58.2,23
9606.ENSP00000445408,58.1,29
9606.ENSP00000365861,58.1,15
9606.ENSP00000227520,58,6
9606.ENSP00000216124,57.9,10
9606.ENSP00000226004,57.9,7
9606.ENSP00000434056,57.8,5
9606.ENSP00000375873,57.7,12
9606.ENSP00000476603,57.7,18
9606.ENSP00000262633,57.7,9
9606.ENSP00000436455,57.7,14
9606.ENSP00000288937,57.6,6
9606.ENSP00000314649,57.6,17
9606.ENSP00000316924,57.6,19
9606.ENSP00000260508,57.6,14
9606.ENSP00000348933,57.5,9
9606.ENSP00000445920,57.4,8
9606.ENSP00000311344,57.4,33
9606.ENSP00000436005,57.4,11
9606.ENSP00000318016,57.4,45
9606.ENSP00000229214,57.3,8
9606.ENSP00000337598,57.3,16
9606.ENSP00000380178,57.3,6
9606.ENSP00000226798,57.2,9
9606.ENSP00000446184,57.1,35
9606.ENSP00000267838,57.1,9
9606.ENSP00000362361,57.1,19
9606.ENSP00000416951,57,17
9606.ENSP00000374152,56.8,10
9606.ENSP00000411418,56.8,30
9606.ENSP00000265857,56.7,11
9606.ENSP00000377470,56.6,14
9606.ENSP00000302478,56.5,4
9606.ENSP00000331614,56.5,22
9606.ENSP00000245796,56.4,18
9606.ENSP00000396673,56.4,19
9606.ENSP00000417602,56.4,9
9606.ENSP00000367841,56.3,3
9606.ENSP00000319104,56.3,49
9606.ENSP00000353099,56.2,8
9606.ENSP00000343629,56.2,45
9606.ENSP00000288607,56.2,3
9606.ENSP00000380073,56.2,11
9606.ENSP00000267199,56.1,22
9606.ENSP00000457788,56.1,28
9606.ENSP00000323687,56,29
9606.ENSP00000315931,55.9,25
9606.ENSP00000470246,55.9,10
9606.ENSP00000380150,55.8,38
9606.ENSP00000224652,55.8,11
9606.ENSP00000324628,55.8,9
9606.ENSP00000308610,55.8,24
9606.ENSP00000416158,55.7,32
9606.ENSP00000299163,55.7,7
9606.ENSP00000216225,55.7,3
9606.ENSP00000351273,55.7,20
9606.ENSP00000361433,55.7,9
9606.ENSP00000216185,55.7,5
9606.ENSP00000338814,55.6,17
9606.ENSP00000420484,55.5,6
9606.ENSP00000271620,55.5,13
9606.ENSP00000371638,55.5,55
9606.ENSP00000320184,55.4,5
9606.ENSP00000261893,55.4,18
9606.ENSP00000179259,55.4,7
9606.ENSP00000331310,55.3,10
9606.ENSP00000215904,55.3,9
9606.ENSP00000481022,55.2,7
9606.ENSP00000256996,55.2,20
9606.ENSP00000497160,55.2,17
9606.ENSP00000368447,55.1,7
9606.ENSP00000348107,55.1,2
9606.ENSP00000376272,55,12
9606.ENSP00000265164,54.9,11
9606.ENSP00000286186,54.9,16
9606.ENSP00000436318,54.9,7
9606.ENSP00000341680,54.9,7
9606.ENSP00000279242,54.8,6
9606.ENSP00000284274,54.8,11
9606.ENSP00000328848,54.7,25
9606.ENSP00000347032,54.7,13
9606.ENSP00000417229,54.7,19
9606.ENSP00000315379,54.7,16
9606.ENSP00000321546,54.6,9
9606.ENSP00000233575,54.6,14
9606.ENSP00000320236,54.5,4
9606.ENSP00000418008,54.5,13
9606.ENSP00000468785,54.4,13
9606.ENSP00000500695,54.4,10
9606.ENSP00000362244,54.4,17
9606.ENSP00000261942,54.2,11
9606.ENSP00000371362,54.2,15
9606.ENSP00000354580,54.2,6
9606.ENSP00000289382,54.2,10
9606.ENSP00000479889,54.2,13
9606.ENSP00000216277,54.2,32
9606.ENSP00000260643,54.2,10
9606.ENSP00000347408,54.1,14
9606.ENSP00000262507,54.1,9
9606.ENSP00000363999,54,6
9606.ENSP00000489189,54,10
9606.ENSP00000295588,54,12
9606.ENSP00000418669,54,9
9606.ENSP00000265350,53.9,3
9606.ENSP00000262213,53.9,12
9606.ENSP00000366410,53.8,10
9606.ENSP00000342331,53.8,4
9606.ENSP00000314499,53.8,40
9606.ENSP00000359518,53.8,5
9606.ENSP00000463982,53.7,16
9606.ENSP00000314776,53.7,10
9606.ENSP00000360782,53.7,16
9606.ENSP00000429323,53.7,15
9606.ENSP00000288078,53.7,24
9606.ENSP00000364858,53.6,9
9606.ENSP00000468723,53.6,7
9606.ENSP00000321703,53.5,20
9606.ENSP00000203001,53.5,15
9606.ENSP00000356988,53.5,13
9606.ENSP00000352516,53.5,40
9606.ENSP00000355568,53.5,14
9606.ENSP00000378165,53.5,10
9606.ENSP00000392617,53.5,24
9606.ENSP00000355486,53.5,5
9606.ENSP00000370648,53.4,11
9606.ENSP00000378323,53.4,34
9606.ENSP00000356480,53.2,12
9606.ENSP00000370377,53.2,33
9606.ENSP00000331087,53.2,5
9606.ENSP00000264220,53.1,16
9606.ENSP00000408295,53,14
9606.ENSP00000349124,53,13
9606.ENSP00000361245,53,23
9606.ENSP00000329127,53,26
9606.ENSP00000484689,52.9,7
9606.ENSP00000204726,52.9,53
9606.ENSP00000261191,52.8,24
9606.ENSP00000370697,52.7,5
9606.ENSP00000370460,52.7,10
9606.ENSP00000355672,52.6,7
9606.ENSP00000331209,52.6,16
9606.ENSP00000265351,52.6,37
9606.ENSP00000341292,52.6,38
9606.ENSP00000355537,52.6,115
9606.ENSP00000450864,52.5,27
9606.ENSP00000363787,52.5,11
9606.ENSP00000384899,52.4,23
9606.ENSP00000364613,52.4,7
9606.ENSP00000286835,52.3,15
9606.ENSP00000466718,52.3,5
9606.ENSP00000462099,52.3,13
9606.ENSP00000303754,52.3,21
9606.ENSP00000367049,52.2,3
9606.ENSP00000263384,52.2,3
9606.ENSP00000387219,52.1,8
9606.ENSP00000483781,52,3
9606.ENSP00000265097,52,13
9606.ENSP00000490297,52,12
9606.ENSP00000281154,51.9,41
9606.ENSP00000055077,51.9,14
9606.ENSP00000263433,51.9,18
9606.ENSP00000366565,51.8,9
9606.ENSP00000259021,51.8,16
9606.ENSP00000261070,51.8,2
9606.ENSP00000410402,51.8,12
9606.ENSP00000435412,51.8,49
9606.ENSP00000376317,51.7,23
9606.ENSP00000342015,51.6,3
9606.ENSP00000264255,51.6,6
9606.ENSP00000359393,51.6,8
9606.ENSP00000350278,51.5,7
9606.ENSP00000483276,51.5,4
9606.ENSP00000301281,51.5,8
9606.ENSP00000462337,51.5,10
9606.ENSP00000432768,51.5,57
9606.ENSP00000302768,51.5,12
9606.ENSP00000359727,51.5,9
9606.ENSP00000483345,51.4,19
9606.ENSP00000315702,51.4,13
9606.ENSP00000306920,51.4,16
9606.ENSP00000360268,51.4,28
9606.ENSP00000417677,51.3,4
9606.ENSP00000392025,51.2,32
9606.ENSP00000373474,51.2,8
9606.ENSP00000479667,51.1,27
9606.ENSP00000317468,51,4
9606.ENSP00000272139,51,8
9606.ENSP00000328325,50.9,2
9606.ENSP00000339161,50.9,8
9606.ENSP00000325827,50.9,43
9606.ENSP00000363019,50.8,5
9606.ENSP00000264167,50.8,17
9606.ENSP00000391121,50.8,9
9606.ENSP00000366024,50.8,22
9606.ENSP00000278193,50.8,8
9606.ENSP00000423276,50.7,3
9606.ENSP00000225941,50.7,10
9606.ENSP00000353098,50.7,19
9606.ENSP00000216044,50.6,17
9606.ENSP00000268482,50.6,32
9606.ENSP00000232888,50.6,12
9606.ENSP00000282541,50.6,14
9606.ENSP00000355541,50.5,75
9606.ENSP00000331369,50.5,4
9606.ENSP00000290949,50.5,8
9606.ENSP00000414178,50.5,18
9606.ENSP00000255194,50.4,27
9606.ENSP00000320658,50.4,11
9606.ENSP00000497574,50.3,17
9606.ENSP00000011619,50.3,15
9606.ENSP00000311360,50.3,7
9606.ENSP00000233146,50.2,26
9606.ENSP00000268184,50.2,8
9606.ENSP00000316357,50.2,113
9606.ENSP00000266069,50.1,6
9606.ENSP00000255631,50,11
9606.ENSP00000305682,50,13
9606.ENSP00000294179,50,10
9606.ENSP00000479860,49.9,8
9606.ENSP00000486725,49.9,13
9606.ENSP00000269601,49.9,6
9606.ENSP00000338788,49.8,10
9606.ENSP00000310042,49.7,11
9606.ENSP00000225298,49.7,15
9606.ENSP00000211287,49.7,15
9606.ENSP00000285298,49.7,5
9606.ENSP00000285518,49.7,14
9606.ENSP00000386593,49.6,34
9606.ENSP00000352925,49.6,120
9606.ENSP00000301585,49.6,6
9606.ENSP00000479322,49.6,41
9606.ENSP00000241502,49.5,7
9606.ENSP00000225729,49.5,11
9606.ENSP00000403104,49.5,13
9606.ENSP00000333837,49.4,10
9606.ENSP00000259396,49.3,7
9606.ENSP00000222330,49.3,12
9606.ENSP00000358081,49.3,14
9606.ENSP00000361731,49.3,11
9606.ENSP00000254286,49.2,12
9606.ENSP00000256644,49.2,4
9606.ENSP00000303709,49.2,21
9606.ENSP00000254942,49.2,13
9606.ENSP00000377633,49.2,12
9606.ENSP00000499211,49.1,13
9606.ENSP00000457870,49.1,11
9606.ENSP00000394560,49.1,16
9606.ENSP00000398568,49.1,13
9606.ENSP00000371594,49.1,2
9606.ENSP00000364639,49.1,8
9606.ENSP00000315017,49.1,9
9606.ENSP00000478417,49,28
9606.ENSP00000328729,49,5
9606.ENSP00000373772,49,31
9606.ENSP00000497997,49,22
9606.ENSP00000256593,48.9,20
9606.ENSP00000347457,48.9,48
9606.ENSP00000344942,48.9,7
9606.ENSP00000438465,48.8,11
9606.ENSP00000358812,48.8,49
9606.ENSP00000461930,48.7,2
9606.ENSP00000326804,48.7,28
9606.ENSP00000341247,48.6,31
9606.ENSP00000260818,48.5,59
9606.ENSP00000345774,48.5,12
9606.ENSP00000359490,48.5,16
9606.ENSP00000347717,48.5,6
9606.ENSP00000417464,48.4,10
9606.ENSP00000354573,48.4,162
9606.ENSP00000357051,48.3,10
9606.ENSP00000264263,48.3,18
9606.ENSP00000362352,48.3,19
9606.ENSP00000254605,48.2,11
9606.ENSP00000444688,48.2,82
9606.ENSP00000266087,48.2,9
9606.ENSP00000236273,48.2,5
9606.ENSP00000347626,48.1,10
9606.ENSP00000496942,48.1,4
9606.ENSP00000461295,48.1,29
9606.ENSP00000317992,48.1,18
9606.ENSP00000359258,48,8
9606.ENSP00000361705,48,9
9606.ENSP00000447537,48,6
9606.ENSP00000216410,48,6
9606.ENSP00000251588,48,9
9606.ENSP00000254730,47.9,17
9606.ENSP00000380251,47.9,7
9606.ENSP00000455813,47.9,36
9606.ENSP00000357928,47.9,19
9606.ENSP00000358810,47.8,22
9606.ENSP00000440167,47.7,10
9606.ENSP00000294952,47.7,23
9606.ENSP00000497004,47.6,5
9606.ENSP00000461879,47.6,18
9606.ENSP00000321320,47.6,10
9606.ENSP00000369292,47.6,48
9606.ENSP00000356630,47.5,9
9606.ENSP00000311984,47.5,8
9606.ENSP00000341082,47.5,3
9606.ENSP00000260327,47.5,13
9606.ENSP00000423067,47.5,26
9606.ENSP00000381652,47.4,9
9606.ENSP00000325690,47.4,12
9606.ENSP00000402756,47.4,4
9606.ENSP00000458075,47.4,16
9606.ENSP00000272519,47.3,7
9606.ENSP00000358064,47.2,31
9606.ENSP00000354762,47.2,3
9606.ENSP00000476386,47.2,13
9606.ENSP00000412178,47.2,24
9606.ENSP00000421380,47.2,5
9606.ENSP00000483495,47.2,19
9606.ENSP00000261167,47.1,20
9606.ENSP00000479964,47.1,15
9606.ENSP00000366800,47,13
9606.ENSP00000373696,46.9,48
9606.ENSP00000367787,46.9,31
9606.ENSP00000481834,46.8,4
9606.ENSP00000407487,46.8,29
9606.ENSP00000426941,46.7,11
9606.ENSP00000323867,46.7,15
9606.ENSP00000385923,46.7,14
9606.ENSP00000481126,46.6,23
9606.ENSP00000233057,46.6,13
9606.ENSP00000482639,46.6,2
9606.ENSP00000355800,46.5,17
9606.ENSP00000267812,46.3,8
9606.ENSP00000333666,46.3,5
9606.ENSP00000269221,46.2,14
9606.ENSP00000361207,46.2,9
9606.ENSP00000264265,46.2,3
9606.ENSP00000344220,46.2,13
9606.ENSP00000437409,46.1,8
9606.ENSP00000263125,46.1,20
9606.ENSP00000262960,46.1,21
9606.ENSP00000221265,46.1,14
9606.ENSP00000329097,46,9
9606.ENSP00000362092,46,16
9606.ENSP00000254325,46,15
9606.ENSP00000263102,46,11
9606.ENSP00000412302,46,7
9606.ENSP00000389787,45.9,9
9606.ENSP00000365462,45.8,23
9606.ENSP00000493688,45.8,5
9606.ENSP00000291574,45.8,31
9606.ENSP00000369391,45.8,8
9606.ENSP00000220913,45.8,4
9606.ENSP00000261441,45.8,19
9606.ENSP00000417517,45.8,55
9606.ENSP00000361900,45.8,6
9606.ENSP00000358851,45.7,20
9606.ENSP00000244217,45.7,6
9606.ENSP00000362144,45.7,7
9606.ENSP00000265174,45.6,14
9606.ENSP00000337194,45.6,17
9606.ENSP00000385334,45.5,19
9606.ENSP00000251413,45.5,19
9606.ENSP00000306902,45.5,7
9606.ENSP00000473348,45.5,19
9606.ENSP00000350012,45.4,19
9606.ENSP00000430282,45.4,13
9606.ENSP00000380982,45.4,14
9606.ENSP00000330694,45.4,9
9606.ENSP00000220325,45.3,26
9606.ENSP00000344666,45.3,86
9606.ENSP00000491830,45.3,24
9606.ENSP00000457411,45.2,13
9606.ENSP00000415536,45.2,4
9606.ENSP00000205636,45.2,3
9606.ENSP00000369075,45.2,9
9606.ENSP00000333633,45.2,33
9606.ENSP00000377344,45.1,47
9606.ENSP00000333769,45.1,8
9606.ENSP00000461947,45.1,7
9606.ENSP00000393845,45.1,34
9606.ENSP00000364193,45,11
9606.ENSP00000282892,45,3
9606.ENSP00000361363,45,15
9606.ENSP00000318352,44.9,1
9606.ENSP00000429993,44.9,2
9606.ENSP00000274217,44.8,11
9606.ENSP00000325266,44.6,2
9606.ENSP00000256196,44.6,8
9606.ENSP00000298767,44.6,30
9606.ENSP00000373404,44.6,4
9606.ENSP00000497744,44.6,16
9606.ENSP00000254630,44.5,16
9606.ENSP00000329915,44.5,7
9606.ENSP00000309031,44.5,33
9606.ENSP00000380837,44.5,21
9606.ENSP00000401303,44.4,12
9606.ENSP00000262105,44.4,20
9606.ENSP00000369899,44.4,11
9606.ENSP00000265827,44.4,10
9606.ENSP00000421926,44.4,15
9606.ENSP00000393541,44.3,4
9606.ENSP00000441369,44.2,8
9606.ENSP00000363779,44.2,33
9606.ENSP00000317327,44.1,20
9606.ENSP00000483001,44.1,5
9606.ENSP00000369887,44,18
9606.ENSP00000325919,44,5
9606.ENSP00000222305,44,4
9606.ENSP00000332013,44,14
9606.ENSP00000023939,44,8
9606.ENSP00000265069,43.9,22
9606.ENSP00000494352,43.9,7
9606.ENSP00000244519,43.9,15
9606.ENSP00000255390,43.8,6
9606.ENSP00000216122,43.8,17
9606.ENSP00000352408,43.8,8
9606.ENSP00000372689,43.7,44
9606.ENSP00000337445,43.7,22
9606.ENSP00000357998,43.7,18
9606.ENSP00000310978,43.7,11
9606.ENSP00000361231,43.7,5
9606.ENSP00000422626,43.6,15
9606.ENSP00000461784,43.6,8
9606.ENSP00000348429,43.6,17
9606.ENSP00000366934,43.6,12
9606.ENSP00000317891,43.6,11
9606.ENSP00000266557,43.5,7
9606.ENSP00000264553,43.5,7
9606.ENSP00000296161,43.4,20
9606.ENSP00000245838,43.4,39
9606.ENSP00000387911,43.4,15
9606.ENSP00000498782,43.3,1
9606.ENSP00000276692,43.3,11
9606.ENSP00000360541,43.3,14
9606.ENSP00000443204,43.2,21
9606.ENSP00000319412,43.2,9
9606.ENSP00000305810,43.2,7
9606.ENSP00000345096,43.1,14
9606.ENSP00000455145,43.1,4
9606.ENSP00000218340,43,7
9606.ENSP00000470615,43,7
9606.ENSP00000331915,43,3
9606.ENSP00000251038,43,17
9606.ENSP00000411010,43,16
9606.ENSP00000386880,42.9,6
9606.ENSP00000361331,42.9,9
9606.ENSP00000265986,42.8,22
9606.ENSP00000334958,42.8,34
9606.ENSP00000369810,42.8,19
9606.ENSP00000267425,42.8,11
9606.ENSP00000367623,42.6,14
9606.ENSP00000306548,42.6,6
9606.ENSP00000419413,42.6,17
9606.ENSP00000307288,42.5,18
9606.ENSP00000244051,42.5,11
9606.ENSP00000269980,42.5,23
9606.ENSP00000379680,42.5,11
9606.ENSP00000401770,42.4,3
9606.ENSP00000328251,42.4,10
9606.ENSP00000319781,42.4,8
9606.ENSP00000380877,42.4,11
9606.ENSP00000482228,42.4,11
9606.ENSP00000498227,42.4,4
9606.ENSP00000358062,42.4,37
9606.ENSP00000251143,42.4,26
9606.ENSP00000262662,42.3,5
9606.ENSP00000362187,42.3,9
9606.ENSP00000443216,42.3,1
9606.ENSP00000262013,42.3,25
9606.ENSP00000229314,42.3,3
9606.ENSP00000349595,42.2,36
9606.ENSP00000371133,42.2,5
9606.ENSP00000443795,42.2,3
9606.ENSP00000230354,42.1,3
9606.ENSP00000440905,42.1,7
9606.ENSP00000490163,42.1,23
9606.ENSP00000251412,42.1,15
9606.ENSP00000404375,42,10
9606.ENSP00000256319,42,5
9606.ENSP00000244571,42,23
9606.ENSP00000493594,42,180
9606.ENSP00000239690,42,14
9606.ENSP00000419782,41.9,19
9606.ENSP00000449795,41.9,2
9606.ENSP00000483408,41.8,17
9606.ENSP00000386738,41.8,6
9606.ENSP00000337088,41.8,14
9606.ENSP00000372210,41.7,2
9606.ENSP00000362566,41.6,21
9606.ENSP00000227868,41.6,11
9606.ENSP00000216160,41.6,11
9606.ENSP00000397249,41.5,18
9606.ENSP00000330289,41.5,5
9606.ENSP00000385751,41.5,24
9606.ENSP00000306157,41.5,9
9606.ENSP00000405068,41.5,19
9606.ENSP00000488437,41.4,10
9606.ENSP00000363360,41.4,3
9606.ENSP00000363216,41.4,57
9606.ENSP00000424381,41.4,13
9606.ENSP00000361993,41.4,3
9606.ENSP00000296792,41.4,12
9606.ENSP00000220592,41.4,32
9606.ENSP00000399970,41.4,21
9606.ENSP00000362166,41.3,6
9606.ENSP00000262215,41.2,53
9606.ENSP00000452454,41.2,3
9606.ENSP00000354742,41.1,16
9606.ENSP00000467600,41.1,7
9606.ENSP00000501135,41.1,4
9606.ENSP00000328854,41,14
9606.ENSP00000364986,41,3
9606.ENSP00000468633,41,4
9606.ENSP00000364076,41,7
9606.ENSP00000337688,41,9
9606.ENSP00000456743,40.9,17
9606.ENSP00000498402,40.9,10
9606.ENSP00000348395,40.9,10
9606.ENSP00000365773,40.9,11
9606.ENSP00000246117,40.9,12
9606.ENSP00000294066,40.8,13
9606.ENSP00000355299,40.8,2
9606.ENSP00000420443,40.8,1
9606.ENSP00000005386,40.8,15
9606.ENSP00000265651,40.7,8
9606.ENSP00000495845,40.7,4
9606.ENSP00000377944,40.7,18
9606.ENSP00000226279,40.7,11
9606.ENSP00000336721,40.7,22
9606.ENSP00000233627,40.7,6
9606.ENSP00000464036,40.6,34
9606.ENSP00000362931,40.6,13
9606.ENSP00000356070,40.6,14
9606.ENSP00000366557,40.6,24
9606.ENSP00000378181,40.5,10
9606.ENSP00000386531,40.4,21
9606.ENSP00000363516,40.4,4
9606.ENSP00000413218,40.4,8
9606.ENSP00000376753,40.4,5
9606.ENSP00000440765,40.4,5
9606.ENSP00000434887,40.3,15
9606.ENSP00000452007,40.3,6
9606.ENSP00000354665,40.2,2
9606.ENSP00000484472,40.2,139
9606.ENSP00000288532,40.2,10
9606.ENSP00000275364,40.2,19
9606.ENSP00000315397,40.1,8
9606.ENSP00000335261,40.1,10
9606.ENSP00000246747,40,5
9606.ENSP00000361625,40,5
9606.ENSP00000472474,40,13
9606.ENSP00000348054,40,3
9606.ENSP00000292476,40,6
9606.ENSP00000498603,40,13
9606.ENSP00000275428,39.9,9
9606.ENSP00000405674,39.9,4
9606.ENSP00000369716,39.8,65
9606.ENSP00000377262,39.7,14
9606.ENSP00000478874,39.7,11
9606.ENSP00000475924,39.7,9
9606.ENSP00000286364,39.6,24
9606.ENSP00000361032,39.6,3
9606.ENSP00000374280,39.5,15
9606.ENSP00000359512,39.5,27
9606.ENSP00000496699,39.4,25
9606.ENSP00000305918,39.4,18
9606.ENSP00000266070,39.4,36
9606.ENSP00000222224,39.4,4
9606.ENSP00000379457,39.3,10
9606.ENSP00000380878,39.3,24
9606.ENSP00000451976,39.3,3
9606.ENSP00000400882,39.3,19
9606.ENSP00000362751,39.2,21
9606.ENSP00000420306,39.2,17
9606.ENSP00000344544,39.2,12
9606.ENSP00000412324,39.1,23
9606.ENSP00000280701,39.1,6
9606.ENSP00000333401,39.1,4
9606.ENSP00000240079,39.1,4
9606.ENSP00000262291,39,4
9606.ENSP00000399751,39,15
9606.ENSP00000356969,39,2
9606.ENSP00000359000,39,56
9606.ENSP00000253686,39,5
9606.ENSP00000381102,38.9,3
9606.ENSP00000371051,38.9,64
9606.ENSP00000387006,38.9,17
9606.ENSP00000356405,38.9,14
9606.ENSP00000383333,38.9,24
9606.ENSP00000342710,38.9,61
9606.ENSP00000375809,38.8,15
9606.ENSP00000305692,38.8,16
9606.ENSP00000362730,38.8,8
9606.ENSP00000493382,38.8,12
9606.ENSP00000385749,38.8,10
9606.ENSP00000265070,38.8,8
9606.ENSP00000331602,38.8,17
9606.ENSP00000376808,38.8,22
9606.ENSP00000378856,38.7,14
9606.ENSP00000354961,38.7,5
9606.ENSP00000219548,38.7,10
9606.ENSP00000293777,38.7,2
9606.ENSP00000393324,38.7,4
9606.ENSP00000276585,38.6,5
9606.ENSP00000358374,38.6,20
9606.ENSP00000306117,38.6,35
9606.ENSP00000249066,38.5,7
9606.ENSP00000351052,38.4,12
9606.ENSP00000322020,38.4,6
9606.ENSP00000472836,38.3,2
9606.ENSP00000399208,38.3,34
9606.ENSP00000254770,38.3,10
9606.ENSP00000259239,38.3,6
9606.ENSP00000377233,38.2,27
9606.ENSP00000361562,38.2,9
9606.ENSP00000287437,38.1,5
9606.ENSP00000417556,38.1,7
9606.ENSP00000371101,38,10
9606.ENSP00000354554,38,4
9606.ENSP00000419740,38,4
9606.ENSP00000290650,38,34
9606.ENSP00000359364,37.9,9
9606.ENSP00000382327,37.9,4
9606.ENSP00000381823,37.9,19
9606.ENSP00000339017,37.8,7
9606.ENSP00000313921,37.8,6
9606.ENSP00000417078,37.8,23
9606.ENSP00000348632,37.8,13
9606.ENSP00000230461,37.8,7
9606.ENSP00000282516,37.7,56
9606.ENSP00000334100,37.7,15
9606.ENSP00000362409,37.7,14
9606.ENSP00000443246,37.7,23
9606.ENSP00000313875,37.7,7
9606.ENSP00000385057,37.7,13
9606.ENSP00000400101,37.7,22
9606.ENSP00000379294,37.7,7
9606.ENSP00000307181,37.6,6
9606.ENSP00000222402,37.6,4
9606.ENSP00000380227,37.6,19
9606.ENSP00000326981,37.6,4
9606.ENSP00000345001,37.6,4
9606.ENSP00000369682,37.6,4
9606.ENSP00000379847,37.6,5
9606.ENSP00000324463,37.6,28
9606.ENSP00000426638,37.5,13
9606.ENSP00000262265,37.5,8
9606.ENSP00000250237,37.5,8
9606.ENSP00000368528,37.5,5
9606.ENSP00000496597,37.5,34
9606.ENSP00000420608,37.5,22
9606.ENSP00000272418,37.4,11
9606.ENSP00000328694,37.4,7
9606.ENSP00000320567,37.4,2
9606.ENSP00000381698,37.4,6
9606.ENSP00000464030,37.3,16
9606.ENSP00000261965,37.3,17
9606.ENSP00000238112,37.3,21
9606.ENSP00000347345,37.3,2
9606.ENSP00000363640,37.2,15
9606.ENSP00000379256,37.2,17
9606.ENSP00000426119,37.2,5
9606.ENSP00000408410,37.1,5
9606.ENSP00000300176,37.1,5
9606.ENSP00000378702,37,14
9606.ENSP00000451792,37,11
9606.ENSP00000467579,37,4
9606.ENSP00000444433,36.9,6
9606.ENSP00000357087,36.9,7
9606.ENSP00000360642,36.8,13
9606.ENSP00000302728,36.8,13
9606.ENSP00000360412,36.8,14
9606.ENSP00000351113,36.7,65
9606.ENSP00000356476,36.7,14
9606.ENSP00000250113,36.7,16
9606.ENSP00000305647,36.7,2
9606.ENSP00000479580,36.6,10
9606.ENSP00000252252,36.6,58
9606.ENSP00000314733,36.6,5
9606.ENSP00000259335,36.5,41
9606.ENSP00000298746,36.5,11
9606.ENSP00000392065,36.5,15
9606.ENSP00000258774,36.4,6
9606.ENSP00000370055,36.4,4
9606.ENSP00000266000,36.4,7
9606.ENSP00000253247,36.4,14
9606.ENSP00000387170,36.4,20
9606.ENSP00000491657,36.4,10
9606.ENSP00000387111,36.4,6
9606.ENSP00000318629,36.3,6
9606.ENSP00000261798,36.3,9
9606.ENSP00000380466,36.3,3
9606.ENSP00000053468,36.3,5
9606.ENSP00000356842,36.2,6
9606.ENSP00000338173,36.2,15
9606.ENSP00000359484,36.2,5
9606.ENSP00000355279,36.2,7
9606.ENSP00000465765,36.1,1
9606.ENSP00000323858,36,14
9606.ENSP00000294785,36,14
9606.ENSP00000404923,36,17
9606.ENSP00000393566,35.9,6
9606.ENSP00000305892,35.9,1
9606.ENSP00000383042,35.8,16
9606.ENSP00000358019,35.8,7
9606.ENSP00000370966,35.8,7
9606.ENSP00000336994,35.8,8
9606.ENSP00000327889,35.8,17
9606.ENSP00000306625,35.7,10
9606.ENSP00000358327,35.7,7
9606.ENSP00000223293,35.7,8
9606.ENSP00000268206,35.6,18
9606.ENSP00000337641,35.6,16
9606.ENSP00000397911,35.6,26
9606.ENSP00000414851,35.6,18
9606.ENSP00000362994,35.5,9
9606.ENSP00000320508,35.5,2
9606.ENSP00000449241,35.5,24
9606.ENSP00000257915,35.5,9
9606.ENSP00000332198,35.5,1
9606.ENSP00000326693,35.5,6
9606.ENSP00000459019,35.4,3
9606.ENSP00000266022,35.4,16
9606.ENSP00000367265,35.4,10
9606.ENSP00000376184,35.4,9
9606.ENSP00000327506,35.4,4
9606.ENSP00000340211,35.3,7
9606.ENSP00000346453,35.3,21
9606.ENSP00000354490,35.3,66
9606.ENSP00000400168,35.3,34
9606.ENSP00000357986,35.1,9
9606.ENSP00000220496,35,5
9606.ENSP00000348708,35,24
9606.ENSP00000297591,35,36
9606.ENSP00000265433,35,16
9606.ENSP00000222800,35,8
9606.ENSP00000265562,35,30
9606.ENSP00000419475,35,5
9606.ENSP00000416338,34.9,18
9606.ENSP00000384421,34.9,17
9606.ENSP00000357914,34.9,5
9606.ENSP00000262043,34.9,27
9606.ENSP00000363411,34.8,3
9606.ENSP00000411960,34.8,14
9606.ENSP00000418221,34.8,4
9606.ENSP00000438040,34.7,7
9606.ENSP00000429243,34.7,6
9606.ENSP00000389810,34.6,9
9606.ENSP00000357320,34.5,11
9606.ENSP00000325748,34.5,21
9606.ENSP00000311513,34.5,23
9606.ENSP00000320885,34.5,12
9606.ENSP00000360493,34.4,9
9606.ENSP00000475957,34.4,12
9606.ENSP00000378845,34.3,3
9606.ENSP00000220966,34.3,5
9606.ENSP00000386772,34.3,3
9606.ENSP00000492425,34.3,4
9606.ENSP00000338352,34.3,4
9606.ENSP00000371475,34.3,27
9606.ENSP00000430548,34.2,9
9606.ENSP00000380747,34.2,7
9606.ENSP00000343398,34.2,4
9606.ENSP00000384259,34.2,9
9606.ENSP00000498060,34.2,6
9606.ENSP00000297540,34.1,7
9606.ENSP00000285848,34.1,6
9606.ENSP00000356811,34.1,14
9606.ENSP00000308351,34.1,8
9606.ENSP00000455561,34.1,3
9606.ENSP00000379643,34,11
9606.ENSP00000363642,34,16
9606.ENSP00000359297,33.9,7
9606.ENSP00000452479,33.9,15
9606.ENSP00000269383,33.9,7
9606.ENSP00000459533,33.8,1
9606.ENSP00000347184,33.8,61
9606.ENSP00000359664,33.8,8
9606.ENSP00000376352,33.8,12
9606.ENSP00000410446,33.8,9
9606.ENSP00000355470,33.7,8
9606.ENSP00000409463,33.7,4
9606.ENSP00000316114,33.7,6
9606.ENSP00000375622,33.7,3
9606.ENSP00000339881,33.7,28
9606.ENSP00000253083,33.7,20
9606.ENSP00000361092,33.6,6
9606.ENSP00000239891,33.6,7
9606.ENSP00000382015,33.6,4
9606.ENSP00000265560,33.6,23
9606.ENSP00000484855,33.6,15
9606.ENSP00000254695,33.6,14
9606.ENSP00000309430,33.6,9
9606.ENSP00000462116,33.5,5
9606.ENSP00000395249,33.5,4
9606.ENSP00000327179,33.5,14
9606.ENSP00000393840,33.5,6
9606.ENSP00000338034,33.5,5
9606.ENSP00000354223,33.5,1
9606.ENSP00000257789,33.5,16
9606.ENSP00000317376,33.4,3
9606.ENSP00000185206,33.4,19
9606.ENSP00000247977,33.4,5
9606.ENSP00000367900,33.4,32
9606.ENSP00000362550,33.4,16
9606.ENSP00000302783,33.3,4
9606.ENSP00000386616,33.3,11
9606.ENSP00000255305,33.3,21
9606.ENSP00000350071,33.2,14
9606.ENSP00000317579,33.2,4
9606.ENSP00000363603,33.2,10
9606.ENSP00000388942,33.2,7
9606.ENSP00000362711,33.1,8
9606.ENSP00000387180,33.1,2
9606.ENSP00000327145,33.1,154
9606.ENSP00000360497,33,7
9606.ENSP00000380241,32.9,4
9606.ENSP00000348216,32.8,10
9606.ENSP00000499900,32.8,26
9606.ENSP00000355955,32.8,3
9606.ENSP00000345206,32.7,9
9606.ENSP00000288014,32.7,5
9606.ENSP00000431040,32.7,5
9606.ENSP00000340427,32.7,17
9606.ENSP00000344572,32.7,6
9606.ENSP00000295079,32.6,7
9606.ENSP00000263205,32.6,7
9606.ENSP00000363714,32.6,8
9606.ENSP00000500094,32.6,25
9606.ENSP00000264995,32.6,8
9606.ENSP00000200135,32.5,12
9606.ENSP00000284273,32.5,9
9606.ENSP00000282605,32.5,12
9606.ENSP00000401831,32.4,10
9606.ENSP00000285814,32.4,6
9606.ENSP00000278568,32.4,16
9606.ENSP00000338348,32.3,1
9606.ENSP00000425587,32.3,11
9606.ENSP00000365477,32.3,12
9606.ENSP00000485615,32.3,6
9606.ENSP00000432119,32.3,9
9606.ENSP00000225969,32.3,3
9606.ENSP00000473980,32.3,10
9606.ENSP00000218004,32.3,4
9606.ENSP00000261708,32.3,12
9606.ENSP00000396052,32.2,5
9606.ENSP00000478490,32.2,9
9606.ENSP00000394751,32.1,12
9606.ENSP00000369681,32.1,12
9606.ENSP00000328992,32.1,19
9606.ENSP00000483453,32.1,19
9606.ENSP00000311224,32.1,17
9606.ENSP00000258648,32.1,4
9606.ENSP00000299299,32.1,3
9606.ENSP00000262039,32.1,16
9606.ENSP00000484713,32,25
9606.ENSP00000442770,32,4
9606.ENSP00000349596,32,9
9606.ENSP00000081029,32,6
9606.ENSP00000317473,32,8
9606.ENSP00000415034,32,35
9606.ENSP00000346671,32,20
9606.ENSP00000483059,32,11
9606.ENSP00000330918,31.9,6
9606.ENSP00000309126,31.9,9
9606.ENSP00000472465,31.8,18
9606.ENSP00000426632,31.8,31
9606.ENSP00000442224,31.7,5
9606.ENSP00000357787,31.7,5
9606.ENSP00000220853,31.7,5
9606.ENSP00000376410,31.7,19
9606.ENSP00000295266,31.7,14
9606.ENSP00000358854,31.6,12
9606.ENSP00000312367,31.6,5
9606.ENSP00000386609,31.6,27
9606.ENSP00000361264,31.6,16
9606.ENSP00000258200,31.6,7
9606.ENSP00000476480,31.4,7
9606.ENSP00000230449,31.4,17
9606.ENSP00000350934,31.4,12
9606.ENSP00000258416,31.4,3
9606.ENSP00000315386,31.4,10
9606.ENSP00000469194,31.4,5
9606.ENSP00000367284,31.3,2
9606.ENSP00000272091,31.3,7
9606.ENSP00000414906,31.3,7
9606.ENSP00000279068,31.3,5
9606.ENSP00000444660,31.3,8
9606.ENSP00000263773,31.3,11
9606.ENSP00000416523,31.3,11
9606.ENSP00000355944,31.3,6
9606.ENSP00000289902,31.3,1
9606.ENSP00000231668,31.2,7
9606.ENSP00000237822,31.2,7
9606.ENSP00000358423,31.2,13
9606.ENSP00000382250,31.2,2
9606.ENSP00000406286,31.2,4
9606.ENSP00000299198,31.2,6
9606.ENSP00000317985,31.1,32
9606.ENSP00000293760,31.1,10
9606.ENSP00000349576,31.1,4
9606.ENSP00000292431,31,9
9606.ENSP00000482107,31,31
9606.ENSP00000291576,31,31
9606.ENSP00000435460,31,8
9606.ENSP00000399511,31,25
9606.ENSP00000363458,31,6
9606.ENSP00000248901,31,13
9606.ENSP00000362298,31,9
9606.ENSP00000309198,30.9,15
9606.ENSP00000229195,30.9,8
9606.ENSP00000375836,30.9,22
9606.ENSP00000281156,30.9,16
9606.ENSP00000295065,30.9,6
9606.ENSP00000326424,30.9,9
9606.ENSP00000343896,30.9,39
9606.ENSP00000260118,30.9,6
9606.ENSP00000483989,30.9,9
9606.ENSP00000282382,30.8,18
9606.ENSP00000457718,30.8,2
9606.ENSP00000363205,30.8,9
9606.ENSP00000422007,30.7,88
9606.ENSP00000369145,30.6,3
9606.ENSP00000481697,30.6,4
9606.ENSP00000216797,30.6,3
9606.ENSP00000479071,30.6,1
9606.ENSP00000258080,30.5,10
9606.ENSP00000216274,30.5,7
9606.ENSP00000254878,30.5,2
9606.ENSP00000229238,30.5,2
9606.ENSP00000357823,30.5,5
9606.ENSP00000359990,30.5,13
9606.ENSP00000214869,30.5,2
9606.ENSP00000256398,30.4,10
9606.ENSP00000419494,30.4,2
9606.ENSP00000421491,30.4,6
9606.ENSP00000335632,30.4,4
9606.ENSP00000464893,30.4,9
9606.ENSP00000384564,30.3,3
9606.ENSP00000451712,30.3,5
9606.ENSP00000418194,30.3,32
9606.ENSP00000358510,30.3,4
9606.ENSP00000449884,30.3,3
9606.ENSP00000365625,30.2,15
9606.ENSP00000234420,30.2,22
9606.ENSP00000290155,30.2,5
9606.ENSP00000302790,30.2,22
9606.ENSP00000264192,30.1,3
9606.ENSP00000358159,30,39
9606.ENSP00000328720,30,11
9606.ENSP00000380322,30,1
9606.ENSP00000249396,29.9,6
9606.ENSP00000468280,29.9,1
9606.ENSP00000363419,29.9,4
9606.ENSP00000499734,29.9,63
9606.ENSP00000335193,29.9,18
9606.ENSP00000258381,29.9,15
9606.ENSP00000478766,29.9,5
9606.ENSP00000263274,29.9,15
9606.ENSP00000369756,29.9,14
9606.ENSP00000254667,29.9,15
9606.ENSP00000414982,29.9,25
9606.ENSP00000361511,29.8,5
9606.ENSP00000351644,29.8,7
9606.ENSP00000355046,29.8,3
9606.ENSP00000227322,29.8,9
9606.ENSP00000386134,29.8,5
9606.ENSP00000319739,29.8,5
9606.ENSP00000357748,29.7,6
9606.ENSP00000304139,29.7,15
9606.ENSP00000348108,29.7,14
9606.ENSP00000377218,29.7,3
9606.ENSP00000434412,29.7,6
9606.ENSP00000209873,29.6,10
9606.ENSP00000349437,29.6,40
9606.ENSP00000255764,29.6,2
9606.ENSP00000485627,29.6,5
9606.ENSP00000319531,29.6,2
9606.ENSP00000476119,29.5,5
9606.ENSP00000448785,29.5,4
9606.ENSP00000484903,29.5,7
9606.ENSP00000358466,29.5,6
9606.ENSP00000363809,29.4,2
9606.ENSP00000354813,29.4,5
9606.ENSP00000333946,29.4,6
9606.ENSP00000315357,29.3,3
9606.ENSP00000363976,29.3,1
9606.ENSP00000419027,29.2,10
9606.ENSP00000260102,29.2,5
9606.ENSP00000263092,29.2,9
9606.ENSP00000270176,29.2,11
9606.ENSP00000360850,29.2,6
9606.ENSP00000398722,29.1,9
9606.ENSP00000385080,29.1,9
9606.ENSP00000265271,29,19
9606.ENSP00000493107,29,7
9606.ENSP00000457703,29,4
9606.ENSP00000349291,29,18
9606.ENSP00000040738,29,34
9606.ENSP00000376097,29,8
9606.ENSP00000362687,28.9,13
9606.ENSP00000278980,28.9,5
9606.ENSP00000337623,28.9,5
9606.ENSP00000263702,28.9,4
9606.ENSP00000344831,28.9,5
9606.ENSP00000405620,28.8,19
9606.ENSP00000258455,28.8,8
9606.ENSP00000263383,28.8,8
9606.ENSP00000401435,28.8,12
9606.ENSP00000220429,28.8,3
9606.ENSP00000311977,28.7,9
9606.ENSP00000335636,28.7,3
9606.ENSP00000265322,28.7,6
9606.ENSP00000361219,28.7,14
9606.ENSP00000306220,28.7,2
9606.ENSP00000238651,28.6,17
9606.ENSP00000297579,28.6,11
9606.ENSP00000375892,28.6,14
9606.ENSP00000462998,28.6,2
9606.ENSP00000355899,28.6,4
9606.ENSP00000259457,28.5,4
9606.ENSP00000220166,28.5,5
9606.ENSP00000312988,28.5,4
9606.ENSP00000325958,28.5,5
9606.ENSP00000273541,28.5,6
9606.ENSP00000367029,28.4,5
9606.ENSP00000389277,28.4,3
9606.ENSP00000347427,28.4,24
9606.ENSP00000257287,28.4,18
9606.ENSP00000233379,28.4,8
9606.ENSP00000321108,28.4,7
9606.ENSP00000264313,28.4,8
9606.ENSP00000431376,28.4,5
9606.ENSP00000290401,28.4,5
9606.ENSP00000453129,28.4,6
9606.ENSP00000356224,28.3,187
9606.ENSP00000283415,28.3,6
9606.ENSP00000257347,28.3,8
9606.ENSP00000433126,28.3,2
9606.ENSP00000416097,28.2,13
9606.ENSP00000264183,28.2,17
9606.ENSP00000290277,28.2,13
9606.ENSP00000290524,28.2,10
9606.ENSP00000425864,28.1,2
9606.ENSP00000384302,28.1,13
9606.ENSP00000471457,28.1,26
9606.ENSP00000480364,28,5
9606.ENSP00000312318,28,2
9606.ENSP00000355231,28,8
9606.ENSP00000359506,28,15
9606.ENSP00000318604,27.9,2
9606.ENSP00000368664,27.9,1
9606.ENSP00000267082,27.8,20
9606.ENSP00000216468,27.8,4
9606.ENSP00000267436,27.8,9
9606.ENSP00000317578,27.8,30
9606.ENSP00000401277,27.8,10
9606.ENSP00000265686,27.8,11
9606.ENSP00000252996,27.7,16
9606.ENSP00000256545,27.7,2
9606.ENSP00000260385,27.7,6
9606.ENSP00000481575,27.7,8
9606.ENSP00000362085,27.7,1
9606.ENSP00000483375,27.7,4
9606.ENSP00000258145,27.6,8
9606.ENSP00000363873,27.6,2
9606.ENSP00000355013,27.6,18
9606.ENSP00000285873,27.6,24
9606.ENSP00000263228,27.6,3
9606.ENSP00000304376,27.6,4
9606.ENSP00000468348,27.6,14
9606.ENSP00000346560,27.6,10
9606.ENSP00000477760,27.5,2
9606.ENSP00000457016,27.5,4
9606.ENSP00000332646,27.5,6
9606.ENSP00000440704,27.5,8
9606.ENSP00000485513,27.4,23
9606.ENSP00000473631,27.4,6
9606.ENSP00000264718,27.4,4
9606.ENSP00000359423,27.4,15
9606.ENSP00000287844,27.4,20
9606.ENSP00000339398,27.3,4
9606.ENSP00000266068,27.3,6
9606.ENSP00000262430,27.3,10
9606.ENSP00000262160,27.2,11
9606.ENSP00000355605,27.2,12
9606.ENSP00000493515,27.2,7
9606.ENSP00000316476,27.1,3
9606.ENSP00000381984,27.1,6
9606.ENSP00000261733,27.1,10
9606.ENSP00000363054,27.1,3
9606.ENSP00000261884,27,6
9606.ENSP00000263904,27,11
9606.ENSP00000355377,27,11
9606.ENSP00000295704,27,4
9606.ENSP00000355566,27,1
9606.ENSP00000245539,27,4
9606.ENSP00000422793,27,15
9606.ENSP00000409952,26.9,11
9606.ENSP00000255476,26.9,2
9606.ENSP00000348772,26.9,16
9606.ENSP00000413572,26.9,7
9606.ENSP00000362208,26.9,4
9606.ENSP00000278071,26.8,8
9606.ENSP00000392043,26.8,36
9606.ENSP00000375914,26.7,3
9606.ENSP00000297347,26.7,3
9606.ENSP00000330488,26.7,5
9606.ENSP00000403323,26.7,9
9606.ENSP00000339090,26.7,4
9606.ENSP00000252530,26.7,4
9606.ENSP00000263897,26.7,4
9606.ENSP00000251507,26.7,13
9606.ENSP00000336868,26.6,2
9606.ENSP00000361009,26.6,23
9606.ENSP00000338057,26.5,6
9606.ENSP00000296435,26.5,2
9606.ENSP00000301364,26.5,9
9606.ENSP00000263657,26.4,4
9606.ENSP00000377311,26.3,2
9606.ENSP00000296557,26.3,7
9606.ENSP00000364114,26.2,6
9606.ENSP00000297044,26.2,19
9606.ENSP00000381064,26.2,13
9606.ENSP00000368835,26.2,2
9606.ENSP00000349358,26.2,3
9606.ENSP00000225174,26.1,16
9606.ENSP00000365931,26.1,3
9606.ENSP00000360329,26.1,4
9606.ENSP00000363746,26,6
9606.ENSP00000378414,26,16
9606.ENSP00000300087,26,2
9606.ENSP00000386538,26,7
9606.ENSP00000222388,26,20
9606.ENSP00000263956,25.9,15
9606.ENSP00000274008,25.9,17
9606.ENSP00000411822,25.9,6
9606.ENSP00000338093,25.9,13
9606.ENSP00000485698,25.9,3
9606.ENSP00000443988,25.9,4
9606.ENSP00000497008,25.8,5
9606.ENSP00000281038,25.8,7
9606.ENSP00000452181,25.8,6
9606.ENSP00000296121,25.8,3
9606.ENSP00000414147,25.7,6
9606.ENSP00000308369,25.7,11
9606.ENSP00000357564,25.7,10
9606.ENSP00000368716,25.7,27
9606.ENSP00000330349,25.7,11
9606.ENSP00000423325,25.7,18
9606.ENSP00000349877,25.6,18
9606.ENSP00000453508,25.6,83
9606.ENSP00000359151,25.6,8
9606.ENSP00000303909,25.6,15
9606.ENSP00000013070,25.6,6
9606.ENSP00000458762,25.5,5
9606.ENSP00000444596,25.5,56
9606.ENSP00000355741,25.5,8
9606.ENSP00000368887,25.4,6
9606.ENSP00000343658,25.4,21
9606.ENSP00000382239,25.4,12
9606.ENSP00000356584,25.4,11
9606.ENSP00000414237,25.4,13
9606.ENSP00000268712,25.3,31
9606.ENSP00000308546,25.3,7
9606.ENSP00000360522,25.3,2
9606.ENSP00000229264,25.3,21
9606.ENSP00000429900,25.2,14
9606.ENSP00000262815,25.2,8
9606.ENSP00000258169,25.2,3
9606.ENSP00000318066,25.2,9
9606.ENSP00000217133,25.2,98
9606.ENSP00000393183,25.2,25
9606.ENSP00000339787,25.2,13
9606.ENSP00000422435,25.2,41
9606.ENSP00000331682,25.2,8
9606.ENSP00000357552,25.2,15
9606.ENSP00000337353,25.1,10
9606.ENSP00000357065,25.1,7
9606.ENSP00000368165,25.1,1
9606.ENSP00000418910,25.1,3
9606.ENSP00000389182,25.1,5
9606.ENSP00000490038,25,9
9606.ENSP00000334801,25,7
9606.ENSP00000324890,25,4
9606.ENSP00000483236,25,5
9606.ENSP00000007699,24.9,14
9606.ENSP00000353259,24.9,3
9606.ENSP00000354669,24.8,3
9606.ENSP00000252137,24.8,5
9606.ENSP00000371175,24.8,8
9606.ENSP00000261745,24.8,16
9606.ENSP00000377486,24.8,6
9606.ENSP00000336666,24.7,5
9606.ENSP00000445829,24.7,2
9606.ENSP00000326342,24.7,5
9606.ENSP00000362639,24.7,6
9606.ENSP00000365643,24.7,36
9606.ENSP00000255681,24.6,3
9606.ENSP00000339933,24.6,26
9606.ENSP00000490573,24.6,14
9606.ENSP00000419270,24.6,2
9606.ENSP00000360162,24.6,30
9606.ENSP00000401197,24.5,12
9606.ENSP00000267859,24.5,6
9606.ENSP00000451828,24.5,13
9606.ENSP00000370724,24.5,12
9606.ENSP00000302037,24.5,4
9606.ENSP00000238146,24.5,9
9606.ENSP00000377807,24.5,3
9606.ENSP00000283882,24.5,3
9606.ENSP00000404265,24.5,16
9606.ENSP00000390475,24.5,6
9606.ENSP00000396628,24.5,4
9606.ENSP00000229281,24.4,2
9606.ENSP00000262776,24.4,8
9606.ENSP00000377027,24.4,12
9606.ENSP00000349016,24.4,3
9606.ENSP00000342222,24.4,10
9606.ENSP00000478061,24.4,3
9606.ENSP00000361042,24.4,4
9606.ENSP00000342699,24.3,3
9606.ENSP00000280571,24.3,5
9606.ENSP00000493357,24.3,18
9606.ENSP00000307684,24.3,5
9606.ENSP00000378958,24.2,6
9606.ENSP00000387229,24.2,6
9606.ENSP00000357036,24.2,4
9606.ENSP00000223208,24.2,4
9606.ENSP00000387261,24.2,5
9606.ENSP00000310726,24.2,1
9606.ENSP00000394331,24.1,2
9606.ENSP00000259895,24.1,8
9606.ENSP00000369411,24.1,6
9606.ENSP00000364902,24.1,6
9606.ENSP00000290913,24.1,3
9606.ENSP00000271715,24.1,14
9606.ENSP00000234296,24.1,8
9606.ENSP00000343054,24,10
9606.ENSP00000363023,24,15
9606.ENSP00000261439,24,14
9606.ENSP00000253408,24,56
9606.ENSP00000242848,24,14
9606.ENSP00000473665,24,13
9606.ENSP00000302967,24,7
9606.ENSP00000343435,23.9,2
9606.ENSP00000354280,23.9,9
9606.ENSP00000404676,23.9,5
9606.ENSP00000360371,23.8,5
9606.ENSP00000365261,23.7,1
9606.ENSP00000252818,23.7,3
9606.ENSP00000345719,23.7,5
9606.ENSP00000323065,23.7,4
9606.ENSP00000478557,23.7,3
9606.ENSP00000305161,23.7,10
9606.ENSP00000250916,23.7,1
9606.ENSP00000359890,23.7,6
9606.ENSP00000262450,23.7,57
9606.ENSP00000371419,23.6,22
9606.ENSP00000296029,23.6,2
9606.ENSP00000372955,23.6,5
9606.ENSP00000399862,23.6,13
9606.ENSP00000348596,23.6,9
9606.ENSP00000203630,23.6,3
9606.ENSP00000266556,23.6,4
9606.ENSP00000325377,23.5,16
9606.ENSP00000217446,23.5,4
9606.ENSP00000216338,23.5,4
9606.ENSP00000265471,23.5,4
9606.ENSP00000437041,23.5,9
9606.ENSP00000373979,23.5,15
9606.ENSP00000361923,23.4,1
9606.ENSP00000384700,23.4,18
9606.ENSP00000430236,23.4,3
9606.ENSP00000006777,23.4,2
9606.ENSP00000439065,23.4,25
9606.ENSP00000360876,23.4,6
9606.ENSP00000323511,23.3,9
9606.ENSP00000285208,23.3,11
9606.ENSP00000473391,23.2,11
9606.ENSP00000369139,23.2,4
9606.ENSP00000366937,23.1,10
9606.ENSP00000440125,23.1,14
9606.ENSP00000253669,23.1,3
9606.ENSP00000486676,23.1,4
9606.ENSP00000367991,23.1,23
9606.ENSP00000431512,23.1,5
9606.ENSP00000346890,23,16
9606.ENSP00000420294,23,9
9606.ENSP00000338019,23,5
9606.ENSP00000261245,23,3
9606.ENSP00000391723,23,9
9606.ENSP00000271732,23,5
9606.ENSP00000175756,23,4
9606.ENSP00000275015,23,3
9606.ENSP00000263285,22.9,7
9606.ENSP00000377995,22.9,4
9606.ENSP00000245185,22.9,4
9606.ENSP00000386896,22.9,18
9606.ENSP00000501088,22.8,5
9606.ENSP00000262962,22.8,5
9606.ENSP00000229922,22.8,20
9606.ENSP00000430000,22.8,1
9606.ENSP00000371321,22.8,13
9606.ENSP00000457421,22.7,10
9606.ENSP00000419417,22.7,2
9606.ENSP00000413098,22.7,12
9606.ENSP00000329360,22.7,4
9606.ENSP00000362962,22.7,29
9606.ENSP00000498524,22.7,8
9606.ENSP00000371061,22.7,4
9606.ENSP00000361708,22.7,1
9606.ENSP00000377700,22.7,6
9606.ENSP00000310551,22.7,4
9606.ENSP00000419765,22.6,5
9606.ENSP00000355077,22.6,4
9606.ENSP00000295926,22.6,5
9606.ENSP00000314193,22.6,9
9606.ENSP00000366488,22.6,10
9606.ENSP00000312671,22.6,17
9606.ENSP00000387535,22.6,6
9606.ENSP00000384832,22.5,1
9606.ENSP00000493768,22.5,5
9606.ENSP00000292778,22.5,3
9606.ENSP00000360985,22.5,36
9606.ENSP00000353246,22.5,4
9606.ENSP00000289528,22.5,2
9606.ENSP00000484525,22.4,13
9606.ENSP00000368062,22.4,14
9606.ENSP00000247843,22.4,3
9606.ENSP00000380598,22.4,3
9606.ENSP00000498715,22.4,4
9606.ENSP00000233055,22.3,7
9606.ENSP00000226105,22.3,2
9606.ENSP00000455791,22.3,4
9606.ENSP00000365201,22.3,22
9606.ENSP00000469880,22.1,7
9606.ENSP00000262887,22.1,7
9606.ENSP00000361765,22.1,7
9606.ENSP00000482438,22.1,2
9606.ENSP00000427130,22.1,12
9606.ENSP00000355465,22.1,26
9606.ENSP00000262554,22.1,5
9606.ENSP00000253577,22.1,8
9606.ENSP00000400333,22.1,7
9606.ENSP00000368565,22.1,7
9606.ENSP00000282633,22.1,22
9606.ENSP00000300107,22.1,9
9606.ENSP00000338727,22,11
9606.ENSP00000271764,22,6
9606.ENSP00000311857,22,6
9606.ENSP00000263245,22,7
9606.ENSP00000456218,22,5
9606.ENSP00000466664,21.9,10
9606.ENSP00000264474,21.9,1
9606.ENSP00000307265,21.9,5
9606.ENSP00000260402,21.9,13
9606.ENSP00000223073,21.9,9
9606.ENSP00000303507,21.9,15
9606.ENSP00000475384,21.9,16
9606.ENSP00000238647,21.8,9
9606.ENSP00000384886,21.8,3
9606.ENSP00000361725,21.8,4
9606.ENSP00000327760,21.8,8
9606.ENSP00000371221,21.8,9
9606.ENSP00000480986,21.8,3
9606.ENSP00000231948,21.8,5
9606.ENSP00000383996,21.8,9
9606.ENSP00000434995,21.8,5
9606.ENSP00000282841,21.7,5
9606.ENSP00000256722,21.7,5
9606.ENSP00000231198,21.7,3
9606.ENSP00000411152,21.7,13
9606.ENSP00000420682,21.7,4
9606.ENSP00000367299,21.6,6
9606.ENSP00000365536,21.6,4
9606.ENSP00000233668,21.6,4
9606.ENSP00000264951,21.6,19
9606.ENSP00000360252,21.5,7
9606.ENSP00000387365,21.5,6
9606.ENSP00000360327,21.5,4
9606.ENSP00000202816,21.5,9
9606.ENSP00000234396,21.5,12
9606.ENSP00000497669,21.5,5
9606.ENSP00000369627,21.5,5
9606.ENSP00000335808,21.4,2
9606.ENSP00000278422,21.4,4
9606.ENSP00000451211,21.4,7
9606.ENSP00000280665,21.4,7
9606.ENSP00000410396,21.4,3
9606.ENSP00000219782,21.4,5
9606.ENSP00000371169,21.3,6
9606.ENSP00000376123,21.3,4
9606.ENSP00000337040,21.3,4
9606.ENSP00000370372,21.3,8
9606.ENSP00000263856,21.3,2
9606.ENSP00000404092,21.3,10
9606.ENSP00000240055,21.3,1
9606.ENSP00000342812,21.3,73
9606.ENSP00000296370,21.3,1
9606.ENSP00000461324,21.2,11
9606.ENSP00000452793,21.2,3
9606.ENSP00000369822,21.2,4
9606.ENSP00000359233,21.2,9
9606.ENSP00000242576,21.2,2
9606.ENSP00000304689,21.2,3
9606.ENSP00000344562,21.2,12
9606.ENSP00000306425,21.2,1
9606.ENSP00000264110,21.1,3
9606.ENSP00000403343,21,4
9606.ENSP00000274569,21,5
9606.ENSP00000238855,21,8
9606.ENSP00000353512,21,11
9606.ENSP00000362936,21,2
9606.ENSP00000307491,21,7
9606.ENSP00000379098,21,20
9606.ENSP00000329243,20.9,51
9606.ENSP00000331849,20.9,2
9606.ENSP00000451300,20.9,7
9606.ENSP00000234170,20.9,10
9606.ENSP00000354558,20.9,32
9606.ENSP00000253693,20.9,12
9606.ENSP00000448536,20.9,1
9606.ENSP00000221930,20.9,5
9606.ENSP00000362340,20.9,10
9606.ENSP00000219240,20.9,5
9606.ENSP00000380661,20.8,26
9606.ENSP00000409231,20.8,4
9606.ENSP00000291572,20.8,4
9606.ENSP00000292432,20.8,18
9606.ENSP00000379156,20.8,11
9606.ENSP00000369409,20.8,12
9606.ENSP00000463574,20.8,4
9606.ENSP00000355388,20.8,7
9606.ENSP00000403453,20.8,10
9606.ENSP00000309262,20.8,15
9606.ENSP00000262629,20.7,1
9606.ENSP00000286548,20.7,7
9606.ENSP00000438406,20.7,6
9606.ENSP00000025301,20.6,15
9606.ENSP00000399415,20.6,8
9606.ENSP00000400010,20.6,17
9606.ENSP00000231509,20.6,8
9606.ENSP00000373657,20.6,6
9606.ENSP00000315693,20.6,2
9606.ENSP00000346577,20.6,10
9606.ENSP00000261880,20.6,2
9606.ENSP00000360305,20.5,4
9606.ENSP00000337691,20.5,12
9606.ENSP00000480722,20.5,4
9606.ENSP00000391596,20.4,6
9606.ENSP00000366007,20.4,4
9606.ENSP00000370208,20.4,8
9606.ENSP00000498386,20.4,8
9606.ENSP00000370150,20.4,7
9606.ENSP00000297109,20.4,2
9606.ENSP00000420176,20.4,2
9606.ENSP00000039007,20.3,6
9606.ENSP00000469888,20.3,4
9606.ENSP00000385828,20.3,3
9606.ENSP00000379267,20.3,5
9606.ENSP00000356840,20.3,3
9606.ENSP00000312709,20.3,5
9606.ENSP00000328004,20.3,1
9606.ENSP00000354920,20.2,9
9606.ENSP00000327436,20.2,8
9606.ENSP00000379999,20.2,2
9606.ENSP00000279392,20.2,6
9606.ENSP00000460437,20.2,1
9606.ENSP00000315013,20.2,8
9606.ENSP00000417764,20.1,4
9606.ENSP00000307272,20.1,13
9606.ENSP00000348168,20.1,2
9606.ENSP00000382021,20.1,4
9606.ENSP00000410470,20.1,6
9606.ENSP00000441980,20,3
9606.ENSP00000361180,20,6
9606.ENSP00000413908,20,6
9606.ENSP00000312664,20,5
9606.ENSP00000257604,19.9,7
9606.ENSP00000351250,19.9,12
9606.ENSP00000495556,19.9,14
9606.ENSP00000339479,19.9,7
9606.ENSP00000399403,19.9,15
9606.ENSP00000447650,19.8,2
9606.ENSP00000316729,19.8,20
9606.ENSP00000428585,19.8,1
9606.ENSP00000371451,19.8,6
9606.ENSP00000390331,19.8,5
9606.ENSP00000233154,19.8,6
9606.ENSP00000472445,19.8,15
9606.ENSP00000308413,19.8,6
9606.ENSP00000358060,19.7,10
9606.ENSP00000318966,19.7,3
9606.ENSP00000490767,19.7,4
9606.ENSP00000465099,19.7,3
9606.ENSP00000256538,19.7,3
9606.ENSP00000355601,19.7,4
9606.ENSP00000361860,19.7,7
9606.ENSP00000318374,19.6,6
9606.ENSP00000378426,19.6,2
9606.ENSP00000359848,19.6,4
9606.ENSP00000368881,19.6,6
9606.ENSP00000305069,19.6,2
9606.ENSP00000354812,19.6,4
9606.ENSP00000351132,19.5,9
9606.ENSP00000383402,19.5,11
9606.ENSP00000430823,19.5,1
9606.ENSP00000353864,19.5,16
9606.ENSP00000204517,19.4,3
9606.ENSP00000379472,19.4,1
9606.ENSP00000347586,19.4,3
9606.ENSP00000358149,19.3,2
9606.ENSP00000295121,19.3,4
9606.ENSP00000394394,19.3,6
9606.ENSP00000450353,19.3,4
9606.ENSP00000385780,19.3,12
9606.ENSP00000338186,19.3,6
9606.ENSP00000362441,19.2,26
9606.ENSP00000228865,19.2,1
9606.ENSP00000302456,19.2,2
9606.ENSP00000374455,19.2,4
9606.ENSP00000333779,19.2,4
9606.ENSP00000325708,19.2,3
9606.ENSP00000348043,19.1,2
9606.ENSP00000309432,19.1,4
9606.ENSP00000346643,19.1,37
9606.ENSP00000253107,19.1,7
9606.ENSP00000331313,19.1,5
9606.ENSP00000445001,19.1,8
9606.ENSP00000357052,19.1,6
9606.ENSP00000498771,19,1
9606.ENSP00000485484,19,1
9606.ENSP00000370695,19,9
9606.ENSP00000498786,19,3
9606.ENSP00000357047,19,18
9606.ENSP00000363435,19,37
9606.ENSP00000473469,19,21
9606.ENSP00000466907,19,2
9606.ENSP00000359424,19,11
9606.ENSP00000482169,18.9,33
9606.ENSP00000307666,18.9,10
9606.ENSP00000365725,18.9,5
9606.ENSP00000476228,18.9,3
9606.ENSP00000222219,18.9,4
9606.ENSP00000381237,18.9,5
9606.ENSP00000480359,18.8,8
9606.ENSP00000357812,18.8,5
9606.ENSP00000347244,18.8,15
9606.ENSP00000290573,18.8,45
9606.ENSP00000358909,18.8,3
9606.ENSP00000364883,18.8,3
9606.ENSP00000251810,18.8,5
9606.ENSP00000432786,18.7,10
9606.ENSP00000379931,18.7,19
9606.ENSP00000497585,18.7,11
9606.ENSP00000339030,18.6,2
9606.ENSP00000479910,18.6,4
9606.ENSP00000489123,18.6,8
9606.ENSP00000167586,18.6,24
9606.ENSP00000355629,18.6,7
9606.ENSP00000377747,18.5,26
9606.ENSP00000354597,18.5,8
9606.ENSP00000374399,18.4,2
9606.ENSP00000364235,18.4,1
9606.ENSP00000374113,18.4,1
9606.ENSP00000287675,18.4,4
9606.ENSP00000308622,18.4,5
9606.ENSP00000262384,18.4,9
9606.ENSP00000348010,18.4,7
9606.ENSP00000398560,18.4,11
9606.ENSP00000349823,18.4,9
9606.ENSP00000384160,18.3,8
9606.ENSP00000218348,18.3,13
9606.ENSP00000349486,18.3,14
9606.ENSP00000364486,18.3,5
9606.ENSP00000350676,18.3,10
9606.ENSP00000399259,18.3,5
9606.ENSP00000261643,18.3,3
9606.ENSP00000355961,18.2,9
9606.ENSP00000362107,18.2,2
9606.ENSP00000352928,18.2,2
9606.ENSP00000316007,18.2,1
9606.ENSP00000452773,18.2,2
9606.ENSP00000360662,18.1,13
9606.ENSP00000295321,18.1,9
9606.ENSP00000354957,18.1,10
9606.ENSP00000417559,18.1,5
9606.ENSP00000308022,18.1,3
9606.ENSP00000285670,18.1,6
9606.ENSP00000433967,18.1,10
9606.ENSP00000305494,18,7
9606.ENSP00000379721,18,9
9606.ENSP00000355964,18,4
9606.ENSP00000389377,18,13
9606.ENSP00000350378,17.9,1
9606.ENSP00000260585,17.9,1
9606.ENSP00000499241,17.8,8
9606.ENSP00000484803,17.8,11
9606.ENSP00000379173,17.8,4
9606.ENSP00000379696,17.8,1
9606.ENSP00000359483,17.8,8
9606.ENSP00000274311,17.8,4
9606.ENSP00000268711,17.8,1
9606.ENSP00000225577,17.7,7
9606.ENSP00000360676,17.7,2
9606.ENSP00000358223,17.7,5
9606.ENSP00000318480,17.7,8
9606.ENSP00000368439,17.7,8
9606.ENSP00000252245,17.7,36
9606.ENSP00000371472,17.7,20
9606.ENSP00000358716,17.7,10
9606.ENSP00000273853,17.7,10
9606.ENSP00000356030,17.7,5
9606.ENSP00000287706,17.7,3
9606.ENSP00000263857,17.7,18
9606.ENSP00000297135,17.7,9
9606.ENSP00000387185,17.6,5
9606.ENSP00000356001,17.6,2
9606.ENSP00000355812,17.6,3
9606.ENSP00000473185,17.6,1
9606.ENSP00000369784,17.6,43
9606.ENSP00000478458,17.6,10
9606.ENSP00000436422,17.6,5
9606.ENSP00000343001,17.6,11
9606.ENSP00000252242,17.6,40
9606.ENSP00000295491,17.6,1
9606.ENSP00000500386,17.5,15
9606.ENSP00000326563,17.5,14
9606.ENSP00000452521,17.5,3
9606.ENSP00000366945,17.5,4
9606.ENSP00000432511,17.5,11
9606.ENSP00000317902,17.5,5
9606.ENSP00000365230,17.4,2
9606.ENSP00000363512,17.4,6
9606.ENSP00000364929,17.4,2
9606.ENSP00000411073,17.4,1
9606.ENSP00000297151,17.4,5
9606.ENSP00000390941,17.4,4
9606.ENSP00000368880,17.3,3
9606.ENSP00000360922,17.3,7
9606.ENSP00000295682,17.3,1
9606.ENSP00000350333,17.3,7
9606.ENSP00000053867,17.3,4
9606.ENSP00000394510,17.3,8
9606.ENSP00000349205,17.3,15
9606.ENSP00000313601,17.3,8
9606.ENSP00000287322,17.2,4
9606.ENSP00000476672,17.2,7
9606.ENSP00000380024,17.2,3
9606.ENSP00000222511,17.2,5
9606.ENSP00000321449,17.2,3
9606.ENSP00000408146,17.2,3
9606.ENSP00000372191,17.2,3
9606.ENSP00000298569,17.1,3
9606.ENSP00000080059,17.1,9
9606.ENSP00000221086,17.1,5
9606.ENSP00000321239,17.1,3
9606.ENSP00000374447,17.1,7
9606.ENSP00000419005,17.1,9
9606.ENSP00000348775,17.1,8
9606.ENSP00000271688,17.1,3
9606.ENSP00000430237,17.1,7
9606.ENSP00000346442,17.1,4
9606.ENSP00000481733,17.1,2
9606.ENSP00000348211,17.1,4
9606.ENSP00000400870,17,7
9606.ENSP00000254521,17,4
9606.ENSP00000159111,17,8
9606.ENSP00000321617,17,4
9606.ENSP00000221455,17,2
9606.ENSP00000412733,17,7
9606.ENSP00000382274,16.9,31
9606.ENSP00000339801,16.9,2
9606.ENSP00000351905,16.9,6
9606.ENSP00000473623,16.9,19
9606.ENSP00000311962,16.9,6
9606.ENSP00000369045,16.8,3
9606.ENSP00000364568,16.8,2
9606.ENSP00000265107,16.8,6
9606.ENSP00000369317,16.8,45
9606.ENSP00000252250,16.8,45
9606.ENSP00000407726,16.8,6
9606.ENSP00000305442,16.8,10
9606.ENSP00000418813,16.7,1
9606.ENSP00000312770,16.7,5
9606.ENSP00000363506,16.7,4
9606.ENSP00000270066,16.7,4
9606.ENSP00000307188,16.7,6
9606.ENSP00000377250,16.7,16
9606.ENSP00000263346,16.7,5
9606.ENSP00000386433,16.7,16
9606.ENSP00000370139,16.7,3
9606.ENSP00000351379,16.6,2
9606.ENSP00000264832,16.6,4
9606.ENSP00000361162,16.6,4
9606.ENSP00000411532,16.6,35
9606.ENSP00000281623,16.5,4
9606.ENSP00000385722,16.5,22
9606.ENSP00000378324,16.5,3
9606.ENSP00000377936,16.5,11
9606.ENSP00000255784,16.5,2
9606.ENSP00000358307,16.5,5
9606.ENSP00000245304,16.5,8
9606.ENSP00000301671,16.5,4
9606.ENSP00000306253,16.5,44
9606.ENSP00000445725,16.4,2
9606.ENSP00000430344,16.4,6
9606.ENSP00000216214,16.4,2
9606.ENSP00000394085,16.3,2
9606.ENSP00000477352,16.3,1
9606.ENSP00000352536,16.3,4
9606.ENSP00000324810,16.3,2
9606.ENSP00000310260,16.3,9
9606.ENSP00000378400,16.3,10
9606.ENSP00000491067,16.3,2
9606.ENSP00000477502,16.3,31
9606.ENSP00000308452,16.3,20
9606.ENSP00000303920,16.3,1
9606.ENSP00000467556,16.3,11
9606.ENSP00000375777,16.3,8
9606.ENSP00000393379,16.2,28
9606.ENSP00000163416,16.2,9
9606.ENSP00000364691,16.2,20
9606.ENSP00000486574,16.2,5
9606.ENSP00000420127,16.2,4
9606.ENSP00000480824,16.2,3
9606.ENSP00000228811,16.2,1
9606.ENSP00000384182,16.1,5
9606.ENSP00000482732,16.1,11
9606.ENSP00000357110,16.1,10
9606.ENSP00000348128,16.1,17
9606.ENSP00000262415,16,15
9606.ENSP00000377275,16,30
9606.ENSP00000281513,16,23
9606.ENSP00000417980,16,8
9606.ENSP00000359128,16,2
9606.ENSP00000376197,16,8
9606.ENSP00000309749,16,6
9606.ENSP00000306906,15.9,2
9606.ENSP00000300650,15.9,6
9606.ENSP00000417901,15.9,7
9606.ENSP00000258742,15.9,3
9606.ENSP00000273317,15.9,5
9606.ENSP00000258874,15.9,6
9606.ENSP00000379372,15.9,1
9606.ENSP00000258243,15.9,12
9606.ENSP00000274376,15.9,7
9606.ENSP00000306490,15.8,8
9606.ENSP00000360483,15.8,4
9606.ENSP00000497737,15.8,5
9606.ENSP00000497767,15.8,23
9606.ENSP00000262879,15.8,10
9606.ENSP00000266970,15.8,14
9606.ENSP00000333896,15.8,13
9606.ENSP00000386226,15.8,4
9606.ENSP00000387122,15.8,7
9606.ENSP00000441786,15.8,2
9606.ENSP00000287143,15.8,2
9606.ENSP00000359385,15.8,5
9606.ENSP00000262850,15.8,7
9606.ENSP00000375899,15.8,12
9606.ENSP00000382269,15.8,23
9606.ENSP00000307939,15.7,21
9606.ENSP00000496959,15.7,12
9606.ENSP00000306496,15.7,4
9606.ENSP00000487164,15.7,17
9606.ENSP00000455643,15.7,6
9606.ENSP00000392353,15.7,1
9606.ENSP00000297632,15.7,2
9606.ENSP00000392495,15.7,4
9606.ENSP00000360992,15.6,4
9606.ENSP00000221452,15.6,4
9606.ENSP00000358497,15.6,7
9606.ENSP00000420714,15.6,1
9606.ENSP00000316512,15.6,23
9606.ENSP00000337675,15.6,1
9606.ENSP00000377303,15.6,4
9606.ENSP00000478253,15.6,12
9606.ENSP00000259708,15.5,8
9606.ENSP00000238823,15.5,5
9606.ENSP00000347845,15.5,12
9606.ENSP00000340900,15.5,16
9606.ENSP00000323670,15.5,3
9606.ENSP00000369146,15.5,3
9606.ENSP00000494480,15.5,22
9606.ENSP00000327650,15.5,7
9606.ENSP00000466967,15.5,5
9606.ENSP00000370201,15.4,2
9606.ENSP00000497444,15.4,4
9606.ENSP00000296220,15.4,5
9606.ENSP00000382731,15.4,7
9606.ENSP00000498466,15.4,3
9606.ENSP00000247026,15.4,3
9606.ENSP00000399376,15.4,2
9606.ENSP00000233121,15.3,6
9606.ENSP00000264065,15.3,9
9606.ENSP00000366452,15.3,3
9606.ENSP00000369857,15.3,3
9606.ENSP00000248633,15.3,16
9606.ENSP00000304891,15.3,6
9606.ENSP00000339404,15.3,3
9606.ENSP00000353769,15.3,6
9606.ENSP00000353850,15.3,2
9606.ENSP00000316649,15.3,4
9606.ENSP00000436423,15.2,2
9606.ENSP00000409738,15.2,1
9606.ENSP00000347602,15.2,9
9606.ENSP00000449404,15.2,53
9606.ENSP00000385787,15.2,7
9606.ENSP00000357863,15.2,1
9606.ENSP00000438071,15.2,3
9606.ENSP00000317872,15.1,8
9606.ENSP00000279036,15.1,6
9606.ENSP00000351100,15.1,2
9606.ENSP00000443194,15,3
9606.ENSP00000246802,15,2
9606.ENSP00000332973,15,8
9606.ENSP00000358016,15,3
9606.ENSP00000360242,15,5
9606.ENSP00000306123,15,12
9606.ENSP00000244496,14.9,2
9606.ENSP00000477792,14.9,3
9606.ENSP00000386414,14.9,8
9606.ENSP00000321706,14.9,12
9606.ENSP00000452280,14.9,3
9606.ENSP00000386443,14.9,3
9606.ENSP00000335371,14.9,8
9606.ENSP00000288087,14.8,4
9606.ENSP00000246657,14.8,3
9606.ENSP00000301463,14.8,3
9606.ENSP00000358865,14.8,30
9606.ENSP00000255136,14.8,20
9606.ENSP00000362381,14.8,4
9606.ENSP00000490491,14.7,14
9606.ENSP00000434466,14.7,9
9606.ENSP00000409126,14.7,6
9606.ENSP00000361232,14.7,7
9606.ENSP00000229633,14.7,2
9606.ENSP00000256497,14.7,28
9606.ENSP00000482826,14.6,8
9606.ENSP00000371577,14.6,6
9606.ENSP00000276893,14.6,6
9606.ENSP00000397942,14.6,5
9606.ENSP00000254900,14.6,5
9606.ENSP00000495563,14.6,6
9606.ENSP00000328835,14.5,13
9606.ENSP00000376943,14.5,1
9606.ENSP00000281950,14.5,1
9606.ENSP00000300584,14.5,8
9606.ENSP00000337513,14.5,3
9606.ENSP00000348769,14.5,5
9606.ENSP00000239940,14.5,1
9606.ENSP00000378485,14.5,10
9606.ENSP00000362014,14.5,20
9606.ENSP00000258772,14.5,5
9606.ENSP00000421544,14.5,2
9606.ENSP00000358022,14.5,2
9606.ENSP00000342502,14.5,3
9606.ENSP00000323678,14.5,3
9606.ENSP00000384952,14.4,1
9606.ENSP00000413937,14.4,4
9606.ENSP00000370736,14.4,2
9606.ENSP00000435565,14.4,13
9606.ENSP00000054950,14.4,5
9606.ENSP00000237380,14.4,1
9606.ENSP00000265245,14.4,7
9606.ENSP00000413929,14.4,5
9606.ENSP00000353920,14.3,6
9606.ENSP00000424896,14.3,6
9606.ENSP00000353785,14.3,1
9606.ENSP00000379836,14.2,2
9606.ENSP00000310933,14.2,9
9606.ENSP00000260197,14.2,20
9606.ENSP00000263710,14.2,13
9606.ENSP00000294129,14.2,4
9606.ENSP00000269919,14.2,1
9606.ENSP00000317817,14.2,5
9606.ENSP00000225728,14.2,1
9606.ENSP00000414516,14.2,1
9606.ENSP00000164139,14.2,22
9606.ENSP00000399696,14.1,5
9606.ENSP00000373684,14.1,6
9606.ENSP00000356920,14.1,4
9606.ENSP00000227667,14.1,1
9606.ENSP00000324806,14.1,6
9606.ENSP00000353959,14,16
9606.ENSP00000390513,14,2
9606.ENSP00000270586,14,2
9606.ENSP00000376436,14,5
9606.ENSP00000364293,13.9,1
9606.ENSP00000340220,13.9,2
9606.ENSP00000339532,13.9,4
9606.ENSP00000264896,13.9,5
9606.ENSP00000447121,13.9,5
9606.ENSP00000341361,13.9,1
9606.ENSP00000303987,13.9,2
9606.ENSP00000378854,13.9,2
9606.ENSP00000466514,13.9,1
9606.ENSP00000287667,13.9,28
9606.ENSP00000378687,13.9,6
9606.ENSP00000315775,13.9,7
9606.ENSP00000403614,13.8,1
9606.ENSP00000365944,13.8,3
9606.ENSP00000349305,13.8,18
9606.ENSP00000298310,13.8,9
9606.ENSP00000263681,13.8,3
9606.ENSP00000376103,13.8,1
9606.ENSP00000379691,13.8,6
9606.ENSP00000300738,13.8,6
9606.ENSP00000332073,13.8,4
9606.ENSP00000224950,13.8,2
9606.ENSP00000464006,13.8,3
9606.ENSP00000448387,13.8,5
9606.ENSP00000432568,13.7,53
9606.ENSP00000335044,13.7,7
9606.ENSP00000247003,13.7,11
9606.ENSP00000398880,13.7,17
9606.ENSP00000326888,13.7,7
9606.ENSP00000362153,13.7,5
9606.ENSP00000362376,13.7,1
9606.ENSP00000371811,13.7,3
9606.ENSP00000335320,13.7,9
9606.ENSP00000451188,13.7,1
9606.ENSP00000386302,13.6,1
9606.ENSP00000476369,13.6,4
9606.ENSP00000419503,13.6,2
9606.ENSP00000316598,13.6,4
9606.ENSP00000387050,13.6,4
9606.ENSP00000401888,13.6,8
9606.ENSP00000446093,13.6,9
9606.ENSP00000262367,13.6,33
9606.ENSP00000376445,13.6,1
9606.ENSP00000418232,13.6,9
9606.ENSP00000321330,13.6,3
9606.ENSP00000302289,13.5,3
9606.ENSP00000302621,13.5,2
9606.ENSP00000256079,13.5,11
9606.ENSP00000348838,13.5,18
9606.ENSP00000262519,13.5,11
9606.ENSP00000258770,13.5,5
9606.ENSP00000481750,13.5,2
9606.ENSP00000356056,13.5,1
9606.ENSP00000301012,13.5,3
9606.ENSP00000339917,13.5,6
9606.ENSP00000307833,13.5,4
9606.ENSP00000378974,13.5,5
9606.ENSP00000301656,13.5,13
9606.ENSP00000300651,13.4,10
9606.ENSP00000366006,13.4,1
9606.ENSP00000320566,13.4,2
9606.ENSP00000370083,13.4,2
9606.ENSP00000370119,13.4,2
9606.ENSP00000264645,13.4,2
9606.ENSP00000334051,13.4,14
9606.ENSP00000286523,13.3,8
9606.ENSP00000361636,13.3,8
9606.ENSP00000255977,13.3,2
9606.ENSP00000386597,13.3,2
9606.ENSP00000293217,13.3,3
9606.ENSP00000401112,13.2,14
9606.ENSP00000398778,13.2,1
9606.ENSP00000477848,13.2,4
9606.ENSP00000296088,13.2,4
9606.ENSP00000346080,13.2,2
9606.ENSP00000436621,13.2,2
9606.ENSP00000262241,13.2,4
9606.ENSP00000378350,13.2,6
9606.ENSP00000393596,13.2,28
9606.ENSP00000380495,13.2,5
9606.ENSP00000365514,13.2,2
9606.ENSP00000465685,13.2,9
9606.ENSP00000258201,13.2,7
9606.ENSP00000385823,13.2,20
9606.ENSP00000361206,13.1,1
9606.ENSP00000360437,13.1,1
9606.ENSP00000499846,13.1,12
9606.ENSP00000365588,13.1,9
9606.ENSP00000353863,13.1,5
9606.ENSP00000254799,13.1,5
9606.ENSP00000358120,13.1,3
9606.ENSP00000316589,13.1,3
9606.ENSP00000498881,13.1,13
9606.ENSP00000350249,13,4
9606.ENSP00000364398,13,5
9606.ENSP00000452871,13,9
9606.ENSP00000494067,13,8
9606.ENSP00000438748,13,6
9606.ENSP00000441953,13,5
9606.ENSP00000315410,13,7
9606.ENSP00000223023,13,5
9606.ENSP00000376840,12.9,3
9606.ENSP00000291688,12.9,10
9606.ENSP00000344816,12.9,3
9606.ENSP00000363043,12.9,3
9606.ENSP00000358042,12.9,4
9606.ENSP00000336724,12.9,5
9606.ENSP00000309457,12.9,5
9606.ENSP00000296464,12.9,17
9606.ENSP00000492220,12.9,12
9606.ENSP00000370193,12.9,6
9606.ENSP00000323288,12.9,3
9606.ENSP00000292586,12.9,3
9606.ENSP00000455607,12.9,3
9606.ENSP00000288670,12.8,18
9606.ENSP00000389414,12.8,5
9606.ENSP00000387334,12.8,6
9606.ENSP00000360035,12.8,2
9606.ENSP00000291547,12.8,2
9606.ENSP00000460964,12.8,3
9606.ENSP00000262139,12.8,2
9606.ENSP00000263253,12.8,33
9606.ENSP00000336842,12.8,3
9606.ENSP00000356790,12.8,2
9606.ENSP00000286070,12.8,4
9606.ENSP00000382177,12.8,15
9606.ENSP00000300659,12.8,12
9606.ENSP00000348573,12.8,28
9606.ENSP00000364490,12.8,3
9606.ENSP00000378040,12.8,1
9606.ENSP00000274643,12.7,12
9606.ENSP00000369739,12.7,2
9606.ENSP00000415283,12.7,3
9606.ENSP00000312599,12.7,2
9606.ENSP00000262301,12.7,2
9606.ENSP00000419370,12.7,2
9606.ENSP00000256443,12.7,2
9606.ENSP00000389903,12.7,3
9606.ENSP00000400312,12.7,3
9606.ENSP00000357060,12.7,37
9606.ENSP00000296215,12.7,2
9606.ENSP00000300030,12.6,2
9606.ENSP00000381494,12.6,4
9606.ENSP00000247001,12.6,5
9606.ENSP00000343515,12.6,4
9606.ENSP00000266594,12.6,6
9606.ENSP00000352185,12.5,8
9606.ENSP00000416293,12.5,6
9606.ENSP00000411397,12.5,10
9606.ENSP00000376269,12.5,6
9606.ENSP00000449381,12.5,5
9606.ENSP00000360270,12.5,5
9606.ENSP00000251636,12.5,9
9606.ENSP00000388566,12.5,5
9606.ENSP00000482264,12.5,2
9606.ENSP00000355306,12.5,1
9606.ENSP00000359050,12.4,4
9606.ENSP00000303057,12.4,7
9606.ENSP00000411719,12.4,3
9606.ENSP00000245812,12.4,1
9606.ENSP00000444136,12.4,8
9606.ENSP00000265081,12.4,7
9606.ENSP00000348554,12.4,5
9606.ENSP00000275034,12.4,12
9606.ENSP00000342755,12.4,1
9606.ENSP00000439800,12.3,7
9606.ENSP00000417510,12.3,3
9606.ENSP00000277746,12.3,1
9606.ENSP00000382379,12.3,8
9606.ENSP00000350098,12.3,2
9606.ENSP00000478396,12.3,2
9606.ENSP00000246635,12.3,18
9606.ENSP00000249700,12.3,2
9606.ENSP00000377655,12.3,5
9606.ENSP00000483921,12.3,4
9606.ENSP00000324318,12.3,5
9606.ENSP00000316950,12.2,3
9606.ENSP00000363500,12.2,12
9606.ENSP00000231751,12.2,7
9606.ENSP00000326767,12.2,3
9606.ENSP00000313504,12.2,8
9606.ENSP00000275820,12.2,5
9606.ENSP00000313377,12.2,6
9606.ENSP00000441831,12.2,5
9606.ENSP00000358501,12.1,1
9606.ENSP00000355809,12.1,4
9606.ENSP00000415433,12.1,3
9606.ENSP00000360488,12.1,2
9606.ENSP00000447300,12.1,2
9606.ENSP00000297431,12.1,4
9606.ENSP00000373153,12.1,2
9606.ENSP00000264093,12.1,2
9606.ENSP00000432487,12.1,4
9606.ENSP00000271857,12.1,2
9606.ENSP00000365019,12.1,3
9606.ENSP00000297157,12,1
9606.ENSP00000379845,12,4
9606.ENSP00000257570,12,3
9606.ENSP00000370419,12,3
9606.ENSP00000225724,12,3
9606.ENSP00000299638,12,5
9606.ENSP00000281701,12,6
9606.ENSP00000263636,12,19
9606.ENSP00000274458,12,2
9606.ENSP00000368612,11.9,17
9606.ENSP00000238831,11.9,2
9606.ENSP00000251645,11.9,18
9606.ENSP00000259569,11.9,15
9606.ENSP00000343952,11.9,2
9606.ENSP00000306817,11.9,2
9606.ENSP00000002125,11.9,3
9606.ENSP00000431971,11.9,2
9606.ENSP00000371728,11.9,4
9606.ENSP00000450870,11.9,3
9606.ENSP00000360464,11.9,3
9606.ENSP00000296582,11.8,2
9606.ENSP00000456336,11.8,1
9606.ENSP00000360871,11.8,2
9606.ENSP00000377558,11.8,13
9606.ENSP00000322845,11.8,7
9606.ENSP00000362287,11.7,17
9606.ENSP00000408979,11.7,26
9606.ENSP00000460475,11.7,11
9606.ENSP00000356515,11.7,18
9606.ENSP00000220669,11.7,1
9606.ENSP00000409924,11.7,7
9606.ENSP00000406037,11.7,5
9606.ENSP00000261438,11.7,2
9606.ENSP00000479921,11.7,2
9606.ENSP00000263549,11.7,5
9606.ENSP00000219139,11.6,3
9606.ENSP00000428924,11.6,6
9606.ENSP00000393559,11.6,4
9606.ENSP00000348455,11.6,3
9606.ENSP00000290208,11.6,1
9606.ENSP00000369465,11.6,3
9606.ENSP00000362306,11.5,17
9606.ENSP00000431371,11.5,2
9606.ENSP00000488802,11.5,5
9606.ENSP00000369274,11.5,8
9606.ENSP00000268802,11.5,3
9606.ENSP00000361616,11.5,2
9606.ENSP00000314396,11.5,3
9606.ENSP00000261507,11.5,1
9606.ENSP00000219066,11.5,2
9606.ENSP00000325681,11.5,7
9606.ENSP00000314544,11.5,7
9606.ENSP00000287878,11.5,7
9606.ENSP00000368468,11.5,3
9606.ENSP00000264689,11.5,3
9606.ENSP00000422375,11.4,2
9606.ENSP00000327077,11.4,14
9606.ENSP00000235521,11.4,2
9606.ENSP00000377504,11.4,3
9606.ENSP00000358541,11.4,2
9606.ENSP00000340373,11.4,3
9606.ENSP00000378427,11.4,1
9606.ENSP00000416066,11.4,4
9606.ENSP00000258301,11.4,2
9606.ENSP00000341382,11.4,9
9606.ENSP00000344393,11.4,1
9606.ENSP00000300006,11.4,2
9606.ENSP00000484687,11.3,1
9606.ENSP00000257901,11.3,25
9606.ENSP00000352039,11.3,7
9606.ENSP00000295083,11.3,2
9606.ENSP00000403524,11.3,5
9606.ENSP00000262133,11.3,8
9606.ENSP00000296859,11.3,20
9606.ENSP00000307260,11.3,4
9606.ENSP00000429065,11.2,4
9606.ENSP00000410758,11.2,1
9606.ENSP00000423463,11.2,19
9606.ENSP00000461945,11.2,4
9606.ENSP00000297504,11.2,11
9606.ENSP00000314029,11.2,3
9606.ENSP00000358451,11.2,7
9606.ENSP00000389289,11.2,8
9606.ENSP00000483486,11.2,2
9606.ENSP00000357304,11.1,2
9606.ENSP00000349181,11.1,1
9606.ENSP00000362481,11.1,1
9606.ENSP00000321537,11.1,6
9606.ENSP00000363836,11.1,3
9606.ENSP00000250974,11.1,2
9606.ENSP00000418803,11.1,2
9606.ENSP00000288235,11.1,18
9606.ENSP00000310803,11.1,1
9606.ENSP00000257951,11.1,44
9606.ENSP00000480186,11.1,3
9606.ENSP00000263277,11.1,17
9606.ENSP00000263461,11.1,7
9606.ENSP00000349456,11,2
9606.ENSP00000233099,11,15
9606.ENSP00000386488,11,1
9606.ENSP00000273062,11,2
9606.ENSP00000295025,11,3
9606.ENSP00000273480,11,1
9606.ENSP00000308548,11,2
9606.ENSP00000362948,11,1
9606.ENSP00000368868,11,5
9606.ENSP00000447488,11,3
9606.ENSP00000426948,11,20
9606.ENSP00000366828,11,2
9606.ENSP00000369614,11,7
9606.ENSP00000310842,11,26
9606.ENSP00000442053,11,5
9606.ENSP00000448165,11,10
9606.ENSP00000245457,10.9,1
9606.ENSP00000295628,10.9,2
9606.ENSP00000444533,10.9,29
9606.ENSP00000216106,10.9,2
9606.ENSP00000308236,10.9,1
9606.ENSP00000497690,10.9,1
9606.ENSP00000256366,10.9,2
9606.ENSP00000351908,10.9,8
9606.ENSP00000347836,10.9,1
9606.ENSP00000346599,10.9,2
9606.ENSP00000498875,10.9,8
9606.ENSP00000486357,10.8,8
9606.ENSP00000303584,10.8,1
9606.ENSP00000359935,10.8,5
9606.ENSP00000261483,10.8,9
9606.ENSP00000339692,10.8,4
9606.ENSP00000263519,10.8,25
9606.ENSP00000338533,10.8,2
9606.ENSP00000337500,10.8,2
9606.ENSP00000263431,10.7,8
9606.ENSP00000250263,10.7,2
9606.ENSP00000286794,10.7,5
9606.ENSP00000337168,10.7,11
9606.ENSP00000477213,10.7,4
9606.ENSP00000355929,10.7,3
9606.ENSP00000298281,10.7,10
9606.ENSP00000388920,10.7,1
9606.ENSP00000371607,10.7,4
9606.ENSP00000321544,10.7,3
9606.ENSP00000322706,10.7,2
9606.ENSP00000224862,10.7,1
9606.ENSP00000354688,10.7,4
9606.ENSP00000405424,10.7,6
9606.ENSP00000305529,10.7,4
9606.ENSP00000355124,10.7,16
9606.ENSP00000402038,10.6,3
9606.ENSP00000283351,10.6,7
9606.ENSP00000225388,10.6,3
9606.ENSP00000361021,10.6,4
9606.ENSP00000379839,10.6,4
9606.ENSP00000369162,10.6,2
9606.ENSP00000358335,10.6,4
9606.ENSP00000464522,10.6,2
9606.ENSP00000299601,10.6,5
9606.ENSP00000303515,10.6,4
9606.ENSP00000342676,10.6,1
9606.ENSP00000496241,10.6,3
9606.ENSP00000354848,10.6,6
9606.ENSP00000262177,10.6,3
9606.ENSP00000318690,10.6,5
9606.ENSP00000339637,10.6,6
9606.ENSP00000381070,10.6,4
9606.ENSP00000368686,10.6,2
9606.ENSP00000170447,10.5,3
9606.ENSP00000263997,10.5,1
9606.ENSP00000300784,10.5,2
9606.ENSP00000391601,10.5,3
9606.ENSP00000367440,10.5,2
9606.ENSP00000363211,10.5,2
9606.ENSP00000259873,10.5,1
9606.ENSP00000481109,10.5,6
9606.ENSP00000410818,10.5,6
9606.ENSP00000302232,10.5,2
9606.ENSP00000228510,10.4,1
9606.ENSP00000349351,10.4,6
9606.ENSP00000345494,10.4,1
9606.ENSP00000347277,10.4,1
9606.ENSP00000334040,10.4,6
9606.ENSP00000341805,10.4,4
9606.ENSP00000425133,10.4,4
9606.ENSP00000337053,10.4,3
9606.ENSP00000369948,10.4,1
9606.ENSP00000498268,10.4,2
9606.ENSP00000400892,10.4,2
9606.ENSP00000326879,10.3,3
9606.ENSP00000311997,10.3,29
9606.ENSP00000371859,10.3,7
9606.ENSP00000303058,10.3,7
9606.ENSP00000478783,10.3,9
9606.ENSP00000475473,10.3,1
9606.ENSP00000275072,10.3,2
9606.ENSP00000417222,10.3,3
9606.ENSP00000498750,10.2,2
9606.ENSP00000303758,10.2,6
9606.ENSP00000357131,10.2,5
9606.ENSP00000256460,10.2,5
9606.ENSP00000294258,10.2,4
9606.ENSP00000245046,10.2,2
9606.ENSP00000315564,10.2,8
9606.ENSP00000260210,10.2,3
9606.ENSP00000415556,10.2,2
9606.ENSP00000363412,10.1,2
9606.ENSP00000248248,10.1,3
9606.ENSP00000317686,10.1,7
9606.ENSP00000373331,10.1,2
9606.ENSP00000470087,10.1,3
9606.ENSP00000463978,10.1,2
9606.ENSP00000401191,10.1,2
9606.ENSP00000440440,10.1,5
9606.ENSP00000407509,10.1,7
9606.ENSP00000298229,10.1,8
9606.ENSP00000262741,10,12
9606.ENSP00000360290,10,4
9606.ENSP00000265963,10,3
9606.ENSP00000462468,10,13
9606.ENSP00000371535,10,2
9606.ENSP00000358904,10,4
9606.ENSP00000417190,10,2
9606.ENSP00000370288,10,2
9606.ENSP00000423933,10,4
9606.ENSP00000362621,10,7
9606.ENSP00000362618,10,7
9606.ENSP00000386810,10,65
9606.ENSP00000377385,9.99,7
9606.ENSP00000300574,9.98,2
9606.ENSP00000329932,9.98,8
9606.ENSP00000369981,9.98,4
9606.ENSP00000264151,9.96,2
9606.ENSP00000355651,9.95,3
9606.ENSP00000381047,9.94,2
9606.ENSP00000386588,9.94,65
9606.ENSP00000261900,9.93,2
9606.ENSP00000310620,9.93,4
9606.ENSP00000313953,9.91,5
9606.ENSP00000439913,9.9,12
9606.ENSP00000360938,9.9,5
9606.ENSP00000483484,9.89,2
9606.ENSP00000285420,9.86,2
9606.ENSP00000482133,9.85,2
9606.ENSP00000322579,9.85,3
9606.ENSP00000361084,9.83,1
9606.ENSP00000299626,9.83,3
9606.ENSP00000259400,9.82,1
9606.ENSP00000299335,9.82,1
9606.ENSP00000216392,9.82,16
9606.ENSP00000376902,9.81,2
9606.ENSP00000364080,9.81,2
9606.ENSP00000402515,9.8,25
9606.ENSP00000465213,9.79,1
9606.ENSP00000371003,9.78,3
9606.ENSP00000231790,9.77,5
9606.ENSP00000262811,9.76,9
9606.ENSP00000317691,9.76,1
9606.ENSP00000394936,9.75,3
9606.ENSP00000262865,9.72,2
9606.ENSP00000369349,9.72,28
9606.ENSP00000472710,9.72,2
9606.ENSP00000410216,9.71,3
9606.ENSP00000385834,9.69,5
9606.ENSP00000301159,9.68,1
9606.ENSP00000320188,9.68,2
9606.ENSP00000429084,9.67,11
9606.ENSP00000283629,9.66,2
9606.ENSP00000267622,9.66,10
9606.ENSP00000253925,9.66,6
9606.ENSP00000446485,9.65,1
9606.ENSP00000336750,9.65,1
9606.ENSP00000367050,9.63,6
9606.ENSP00000238508,9.61,3
9606.ENSP00000309644,9.6,2
9606.ENSP00000243903,9.59,4
9606.ENSP00000305449,9.59,4
9606.ENSP00000301015,9.59,12
9606.ENSP00000366748,9.58,2
9606.ENSP00000379895,9.54,4
9606.ENSP00000356563,9.53,2
9606.ENSP00000312081,9.53,4
9606.ENSP00000298375,9.53,3
9606.ENSP00000294904,9.53,1
9606.ENSP00000306822,9.52,2
9606.ENSP00000419184,9.51,3
9606.ENSP00000491537,9.49,3
9606.ENSP00000274054,9.49,1
9606.ENSP00000473233,9.49,3
9606.ENSP00000360577,9.48,1
9606.ENSP00000498126,9.48,7
9606.ENSP00000356746,9.46,7
9606.ENSP00000321195,9.44,7
9606.ENSP00000243298,9.44,3
9606.ENSP00000359230,9.42,2
9606.ENSP00000355827,9.41,2
9606.ENSP00000358547,9.4,2
9606.ENSP00000254759,9.4,2
9606.ENSP00000280700,9.4,4
9606.ENSP00000441214,9.38,4
9606.ENSP00000493999,9.37,1
9606.ENSP00000378198,9.37,6
9606.ENSP00000282878,9.36,10
9606.ENSP00000372005,9.36,1
9606.ENSP00000260247,9.36,2
9606.ENSP00000370744,9.35,30
9606.ENSP00000353414,9.34,22
9606.ENSP00000368237,9.34,4
9606.ENSP00000264555,9.34,5
9606.ENSP00000328358,9.32,33
9606.ENSP00000252593,9.31,1
9606.ENSP00000374265,9.31,2
9606.ENSP00000418037,9.3,2
9606.ENSP00000428259,9.28,1
9606.ENSP00000253778,9.27,9
9606.ENSP00000246166,9.27,4
9606.ENSP00000296003,9.25,3
9606.ENSP00000384015,9.25,4
9606.ENSP00000482445,9.25,1
9606.ENSP00000280772,9.24,23
9606.ENSP00000354972,9.24,4
9606.ENSP00000311500,9.23,2
9606.ENSP00000257974,9.19,5
9606.ENSP00000367346,9.18,1
9606.ENSP00000383274,9.18,20
9606.ENSP00000262623,9.18,27
9606.ENSP00000369431,9.17,1
9606.ENSP00000357838,9.16,2
9606.ENSP00000313983,9.16,6
9606.ENSP00000440915,9.15,3
9606.ENSP00000380157,9.15,1
9606.ENSP00000375986,9.11,9
9606.ENSP00000352941,9.11,2
9606.ENSP00000411012,9.11,5
9606.ENSP00000475724,9.1,9
9606.ENSP00000258281,9.09,3
9606.ENSP00000440100,9.06,6
9606.ENSP00000363255,9.05,6
9606.ENSP00000491742,9.05,13
9606.ENSP00000306185,9.04,2
9606.ENSP00000257017,9.04,3
9606.ENSP00000309163,9.03,1
9606.ENSP00000262752,9.03,17
9606.ENSP00000325561,9.02,3
9606.ENSP00000419412,9,4
9606.ENSP00000362115,9,5
9606.ENSP00000417402,9,3
9606.ENSP00000389383,8.99,6
9606.ENSP00000386651,8.98,1
9606.ENSP00000396441,8.98,2
9606.ENSP00000436786,8.96,16
9606.ENSP00000457728,8.96,1
9606.ENSP00000343445,8.95,15
9606.ENSP00000269228,8.95,6
9606.ENSP00000364912,8.93,14
9606.ENSP00000372499,8.93,8
9606.ENSP00000402861,8.92,4
9606.ENSP00000380759,8.92,2
9606.ENSP00000484736,8.92,2
9606.ENSP00000366179,8.92,1
9606.ENSP00000415078,8.91,6
9606.ENSP00000497588,8.91,2
9606.ENSP00000406293,8.9,3
9606.ENSP00000337907,8.9,2
9606.ENSP00000480378,8.89,2
9606.ENSP00000422907,8.89,5
9606.ENSP00000424328,8.87,2
9606.ENSP00000483117,8.86,2
9606.ENSP00000497422,8.85,5
9606.ENSP00000323424,8.85,2
9606.ENSP00000252951,8.85,5
9606.ENSP00000314709,8.85,4
9606.ENSP00000499786,8.84,9
9606.ENSP00000409279,8.84,4
9606.ENSP00000468032,8.83,5
9606.ENSP00000257724,8.82,1
9606.ENSP00000348510,8.81,8
9606.ENSP00000387307,8.8,3
9606.ENSP00000286827,8.8,8
9606.ENSP00000501277,8.8,2
9606.ENSP00000428281,8.78,1
9606.ENSP00000282032,8.77,1
9606.ENSP00000377845,8.77,4
9606.ENSP00000359225,8.77,4
9606.ENSP00000274400,8.77,5
9606.ENSP00000395473,8.77,6
9606.ENSP00000498330,8.76,2
9606.ENSP00000358262,8.76,4
9606.ENSP00000341364,8.76,1
9606.ENSP00000441641,8.75,2
9606.ENSP00000399851,8.74,6
9606.ENSP00000358059,8.71,2
9606.ENSP00000356505,8.7,2
9606.ENSP00000262144,8.7,5
9606.ENSP00000329040,8.7,1
9606.ENSP00000216259,8.67,2
9606.ENSP00000012049,8.67,1
9606.ENSP00000367851,8.66,4
9606.ENSP00000474487,8.66,2
9606.ENSP00000261692,8.65,1
9606.ENSP00000346255,8.65,1
9606.ENSP00000333982,8.64,5
9606.ENSP00000340330,8.63,3
9606.ENSP00000265224,8.63,1
9606.ENSP00000356426,8.63,3
9606.ENSP00000433623,8.62,2
9606.ENSP00000265354,8.62,1
9606.ENSP00000379658,8.62,1
9606.ENSP00000363753,8.61,1
9606.ENSP00000501150,8.6,9
9606.ENSP00000387641,8.59,27
9606.ENSP00000375238,8.58,4
9606.ENSP00000377583,8.58,4
9606.ENSP00000375237,8.58,4
9606.ENSP00000363117,8.57,5
9606.ENSP00000258662,8.56,1
9606.ENSP00000385808,8.55,4
9606.ENSP00000442464,8.55,2
9606.ENSP00000319476,8.54,1
9606.ENSP00000283752,8.54,15
9606.ENSP00000270583,8.51,2
9606.ENSP00000352458,8.49,6
9606.ENSP00000347933,8.49,6
9606.ENSP00000386992,8.47,4
9606.ENSP00000293670,8.45,28
9606.ENSP00000365130,8.44,6
9606.ENSP00000353344,8.44,2
9606.ENSP00000257904,8.43,14
9606.ENSP00000261637,8.43,13
9606.ENSP00000264451,8.43,2
9606.ENSP00000379047,8.42,1
9606.ENSP00000398882,8.42,1
9606.ENSP00000326128,8.42,2
9606.ENSP00000398596,8.42,1
9606.ENSP00000460823,8.41,3
9606.ENSP00000397435,8.41,5
9606.ENSP00000262094,8.41,4
9606.ENSP00000352463,8.4,10
9606.ENSP00000243326,8.4,10
9606.ENSP00000384651,8.39,5
9606.ENSP00000296137,8.38,11
9606.ENSP00000290765,8.37,2
9606.ENSP00000379869,8.36,1
9606.ENSP00000496954,8.36,6
9606.ENSP00000256151,8.35,1
9606.ENSP00000296782,8.35,7
9606.ENSP00000361287,8.35,3
9606.ENSP00000280551,8.35,3
9606.ENSP00000483228,8.35,9
9606.ENSP00000355632,8.34,3
9606.ENSP00000344208,8.34,2
9606.ENSP00000371798,8.33,3
9606.ENSP00000321348,8.33,5
9606.ENSP00000355609,8.32,1
9606.ENSP00000318602,8.32,3
9606.ENSP00000379282,8.32,3
9606.ENSP00000343690,8.31,8
9606.ENSP00000380718,8.3,2
9606.ENSP00000324827,8.28,3
9606.ENSP00000296028,8.28,1
9606.ENSP00000339844,8.27,1
9606.ENSP00000374212,8.26,11
9606.ENSP00000346986,8.24,2
9606.ENSP00000346437,8.24,4
9606.ENSP00000356540,8.23,1
9606.ENSP00000373340,8.22,7
9606.ENSP00000261211,8.21,12
9606.ENSP00000367406,8.21,15
9606.ENSP00000354085,8.2,16
9606.ENSP00000434614,8.19,3
9606.ENSP00000478982,8.19,2
9606.ENSP00000364270,8.19,1
9606.ENSP00000395340,8.19,2
9606.ENSP00000399968,8.19,4
9606.ENSP00000481699,8.16,15
9606.ENSP00000446576,8.16,3
9606.ENSP00000386884,8.15,1
9606.ENSP00000307858,8.11,3
9606.ENSP00000216027,8.11,2
9606.ENSP00000450856,8.1,3
9606.ENSP00000372067,8.1,6
9606.ENSP00000292301,8.1,1
9606.ENSP00000217420,8.08,4
9606.ENSP00000356946,8.07,1
9606.ENSP00000319052,8.07,2
9606.ENSP00000439068,8.05,1
9606.ENSP00000386419,8.05,2
9606.ENSP00000341324,8.05,2
9606.ENSP00000220822,8.01,1
9606.ENSP00000282276,8.01,3
9606.ENSP00000339524,8.01,1
9606.ENSP00000331342,8,4
9606.ENSP00000364190,8,2
9606.ENSP00000276201,8,3
9606.ENSP00000313854,8,2
9606.ENSP00000295851,7.97,4
9606.ENSP00000457258,7.95,3
9606.ENSP00000344937,7.95,2
9606.ENSP00000403683,7.94,1
9606.ENSP00000378503,7.94,2
9606.ENSP00000353270,7.94,2
9606.ENSP00000308479,7.92,1
9606.ENSP00000343348,7.9,1
9606.ENSP00000161863,7.9,17
9606.ENSP00000359216,7.9,10
9606.ENSP00000368801,7.87,1
9606.ENSP00000006275,7.85,1
9606.ENSP00000423399,7.85,1
9606.ENSP00000354560,7.84,3
9606.ENSP00000326817,7.83,1
9606.ENSP00000433343,7.82,1
9606.ENSP00000362435,7.81,1
9606.ENSP00000489442,7.8,4
9606.ENSP00000477868,7.8,3
9606.ENSP00000323879,7.77,1
9606.ENSP00000466174,7.77,2
9606.ENSP00000432016,7.73,16
9606.ENSP00000285398,7.73,3
9606.ENSP00000300245,7.72,1
9606.ENSP00000326247,7.71,9
9606.ENSP00000369126,7.7,4
9606.ENSP00000368632,7.7,1
9606.ENSP00000477602,7.7,1
9606.ENSP00000241041,7.7,2
9606.ENSP00000383911,7.69,1
9606.ENSP00000299192,7.69,3
9606.ENSP00000346627,7.66,1
9606.ENSP00000401946,7.66,8
9606.ENSP00000265713,7.66,7
9606.ENSP00000406970,7.66,1
9606.ENSP00000261407,7.64,2
9606.ENSP00000356967,7.62,3
9606.ENSP00000289361,7.62,7
9606.ENSP00000493255,7.61,1
9606.ENSP00000397673,7.6,2
9606.ENSP00000260270,7.6,1
9606.ENSP00000367835,7.58,1
9606.ENSP00000217455,7.58,1
9606.ENSP00000498867,7.58,5
9606.ENSP00000328551,7.57,1
9606.ENSP00000359729,7.57,2
9606.ENSP00000368341,7.55,1
9606.ENSP00000453170,7.55,51
9606.ENSP00000292896,7.54,7
9606.ENSP00000341528,7.54,5
9606.ENSP00000286398,7.54,5
9606.ENSP00000428112,7.53,2
9606.ENSP00000296130,7.53,1
9606.ENSP00000342276,7.53,3
9606.ENSP00000381214,7.52,51
9606.ENSP00000477563,7.5,2
9606.ENSP00000372924,7.49,3
9606.ENSP00000370557,7.49,1
9606.ENSP00000377577,7.48,7
9606.ENSP00000387164,7.47,2
9606.ENSP00000329357,7.47,1
9606.ENSP00000382688,7.46,7
9606.ENSP00000263440,7.45,2
9606.ENSP00000296953,7.45,2
9606.ENSP00000424191,7.44,1
9606.ENSP00000338562,7.44,1
9606.ENSP00000292879,7.43,4
9606.ENSP00000434279,7.43,7
9606.ENSP00000344903,7.43,2
9606.ENSP00000488668,7.43,5
9606.ENSP00000302537,7.41,3
9606.ENSP00000369895,7.41,1
9606.ENSP00000349116,7.41,11
9606.ENSP00000394791,7.41,3
9606.ENSP00000379217,7.41,1
9606.ENSP00000479504,7.4,2
9606.ENSP00000302222,7.39,1
9606.ENSP00000260762,7.39,4
9606.ENSP00000269159,7.39,4
9606.ENSP00000323183,7.37,1
9606.ENSP00000347206,7.36,2
9606.ENSP00000400459,7.36,4
9606.ENSP00000465103,7.36,1
9606.ENSP00000237264,7.34,1
9606.ENSP00000358400,7.33,21
9606.ENSP00000335082,7.33,3
9606.ENSP00000364591,7.33,3
9606.ENSP00000356530,7.32,7
9606.ENSP00000262134,7.32,3
9606.ENSP00000314348,7.32,3
9606.ENSP00000301488,7.32,1
9606.ENSP00000160382,7.31,4
9606.ENSP00000232424,7.31,1
9606.ENSP00000491014,7.29,13
9606.ENSP00000365162,7.29,12
9606.ENSP00000362135,7.28,1
9606.ENSP00000379773,7.28,5
9606.ENSP00000343890,7.25,1
9606.ENSP00000441140,7.24,3
9606.ENSP00000343290,7.24,5
9606.ENSP00000401264,7.24,4
9606.ENSP00000317971,7.22,3
9606.ENSP00000357973,7.21,1
9606.ENSP00000270517,7.21,6
9606.ENSP00000287957,7.21,1
9606.ENSP00000355771,7.21,7
9606.ENSP00000308012,7.2,7
9606.ENSP00000007735,7.18,11
9606.ENSP00000462945,7.17,1
9606.ENSP00000255641,7.15,1
9606.ENSP00000294671,7.15,5
9606.ENSP00000349490,7.13,8
9606.ENSP00000346635,7.12,6
9606.ENSP00000307254,7.12,1
9606.ENSP00000360475,7.11,1
9606.ENSP00000352572,7.11,15
9606.ENSP00000365596,7.08,1
9606.ENSP00000365012,7.08,5
9606.ENSP00000431254,7.08,1
9606.ENSP00000374507,7.08,7
9606.ENSP00000295797,7.07,2
9606.ENSP00000311827,7.07,2
9606.ENSP00000445002,7.07,3
9606.ENSP00000263974,7.07,1
9606.ENSP00000309463,7.05,1
9606.ENSP00000258654,7.05,4
9606.ENSP00000352069,7.04,6
9606.ENSP00000378505,7.03,3
9606.ENSP00000375220,7.02,8
9606.ENSP00000299705,6.99,2
9606.ENSP00000327431,6.98,7
9606.ENSP00000338082,6.98,7
9606.ENSP00000343746,6.97,1
9606.ENSP00000436926,6.96,4
9606.ENSP00000345793,6.95,4
9606.ENSP00000321826,6.94,3
9606.ENSP00000457715,6.94,3
9606.ENSP00000350369,6.92,2
9606.ENSP00000378887,6.88,3
9606.ENSP00000300131,6.88,1
9606.ENSP00000290776,6.87,17
9606.ENSP00000376139,6.87,1
9606.ENSP00000376390,6.87,4
9606.ENSP00000363654,6.86,5
9606.ENSP00000361990,6.86,7
9606.ENSP00000219476,6.84,5
9606.ENSP00000377801,6.83,1
9606.ENSP00000411099,6.82,8
9606.ENSP00000362590,6.82,4
9606.ENSP00000326200,6.82,2
9606.ENSP00000405963,6.81,5
9606.ENSP00000301180,6.81,5
9606.ENSP00000374205,6.81,3
9606.ENSP00000222120,6.79,8
9606.ENSP00000302805,6.78,3
9606.ENSP00000372199,6.78,7
9606.ENSP00000451162,6.78,6
9606.ENSP00000220763,6.78,2
9606.ENSP00000304553,6.77,1
9606.ENSP00000261249,6.77,2
9606.ENSP00000164133,6.77,8
9606.ENSP00000373354,6.76,3
9606.ENSP00000422037,6.75,3
9606.ENSP00000394163,6.73,1
9606.ENSP00000499037,6.72,6
9606.ENSP00000413575,6.71,2
9606.ENSP00000337289,6.71,7
9606.ENSP00000299853,6.7,3
9606.ENSP00000409382,6.69,2
9606.ENSP00000258739,6.69,1
9606.ENSP00000329471,6.69,1
9606.ENSP00000395738,6.69,3
9606.ENSP00000314441,6.68,1
9606.ENSP00000222254,6.67,10
9606.ENSP00000265990,6.67,6
9606.ENSP00000273077,6.66,1
9606.ENSP00000500582,6.66,7
9606.ENSP00000362068,6.66,1
9606.ENSP00000362978,6.65,1
9606.ENSP00000501111,6.65,2
9606.ENSP00000283875,6.64,2
9606.ENSP00000245564,6.63,2
9606.ENSP00000355536,6.62,5
9606.ENSP00000365804,6.62,3
9606.ENSP00000442308,6.61,3
9606.ENSP00000342510,6.61,3
9606.ENSP00000394183,6.61,1
9606.ENSP00000357927,6.58,8
9606.ENSP00000354158,6.58,4
9606.ENSP00000380659,6.55,3
9606.ENSP00000321606,6.54,6
9606.ENSP00000484121,6.53,1
9606.ENSP00000262188,6.52,8
9606.ENSP00000252891,6.52,4
9606.ENSP00000359339,6.51,1
9606.ENSP00000298428,6.51,3
9606.ENSP00000361446,6.51,4
9606.ENSP00000384048,6.5,4
9606.ENSP00000357597,6.5,1
9606.ENSP00000354543,6.5,5
9606.ENSP00000419395,6.5,2
9606.ENSP00000261250,6.5,2
9606.ENSP00000362702,6.49,3
9606.ENSP00000384996,6.48,2
9606.ENSP00000439937,6.48,1
9606.ENSP00000378965,6.47,2
9606.ENSP00000366157,6.47,1
9606.ENSP00000410561,6.45,12
9606.ENSP00000345731,6.45,3
9606.ENSP00000244336,6.44,1
9606.ENSP00000310094,6.43,8
9606.ENSP00000258821,6.43,2
9606.ENSP00000249806,6.42,1
9606.ENSP00000264908,6.41,1
9606.ENSP00000397459,6.41,1
9606.ENSP00000257700,6.41,2
9606.ENSP00000307208,6.38,8
9606.ENSP00000248594,6.38,3
9606.ENSP00000301653,6.38,19
9606.ENSP00000262041,6.37,2
9606.ENSP00000226730,6.37,2
9606.ENSP00000221166,6.36,29
9606.ENSP00000303769,6.36,4
9606.ENSP00000468592,6.35,3
9606.ENSP00000355637,6.35,9
9606.ENSP00000239231,6.34,3
9606.ENSP00000354878,6.34,4
9606.ENSP00000344314,6.33,5
9606.ENSP00000302830,6.33,2
9606.ENSP00000301190,6.33,5
9606.ENSP00000364498,6.32,1
9606.ENSP00000261888,6.32,1
9606.ENSP00000264658,6.31,3
9606.ENSP00000366487,6.3,2
9606.ENSP00000255882,6.29,6
9606.ENSP00000301645,6.29,1
9606.ENSP00000399465,6.29,2
9606.ENSP00000262848,6.28,6
9606.ENSP00000361010,6.27,1
9606.ENSP00000424827,6.27,4
9606.ENSP00000218548,6.26,22
9606.ENSP00000361580,6.26,1
9606.ENSP00000261721,6.25,10
9606.ENSP00000380763,6.25,4
9606.ENSP00000463334,6.24,1
9606.ENSP00000310120,6.24,4
9606.ENSP00000266483,6.23,4
9606.ENSP00000441065,6.23,1
9606.ENSP00000319501,6.22,2
9606.ENSP00000480527,6.22,1
9606.ENSP00000325612,6.22,3
9606.ENSP00000451261,6.21,1
9606.ENSP00000493023,6.21,2
9606.ENSP00000362680,6.21,10
9606.ENSP00000360718,6.2,7
9606.ENSP00000353518,6.2,3
9606.ENSP00000302657,6.2,1
9606.ENSP00000261622,6.19,1
9606.ENSP00000416658,6.19,1
9606.ENSP00000404658,6.18,3
9606.ENSP00000342023,6.17,2
9606.ENSP00000378067,6.17,10
9606.ENSP00000373301,6.16,2
9606.ENSP00000390535,6.15,6
9606.ENSP00000360215,6.15,1
9606.ENSP00000496470,6.13,7
9606.ENSP00000356548,6.12,1
9606.ENSP00000263578,6.12,1
9606.ENSP00000420927,6.12,2
9606.ENSP00000385990,6.11,3
9606.ENSP00000473001,6.11,3
9606.ENSP00000296824,6.09,1
9606.ENSP00000356978,6.09,2
9606.ENSP00000246914,6.09,7
9606.ENSP00000262374,6.08,1
9606.ENSP00000350704,6.08,1
9606.ENSP00000293379,6.08,4
9606.ENSP00000380352,6.06,3
9606.ENSP00000499467,6.05,2
9606.ENSP00000282251,6.05,3
9606.ENSP00000427926,6.01,5
9606.ENSP00000378935,6.01,2
9606.ENSP00000322594,6,2
9606.ENSP00000263464,6,2
9606.ENSP00000305632,6,1
9606.ENSP00000233710,5.99,2
9606.ENSP00000387393,5.99,3
9606.ENSP00000337446,5.99,1
9606.ENSP00000408292,5.99,9
9606.ENSP00000361712,5.97,1
9606.ENSP00000430338,5.97,3
9606.ENSP00000386543,5.94,3
9606.ENSP00000320688,5.93,1
9606.ENSP00000338671,5.93,5
9606.ENSP00000321684,5.93,2
9606.ENSP00000479904,5.93,5
9606.ENSP00000238788,5.92,3
9606.ENSP00000361418,5.92,3
9606.ENSP00000314004,5.91,3
9606.ENSP00000363817,5.9,4
9606.ENSP00000398181,5.89,1
9606.ENSP00000344503,5.87,2
9606.ENSP00000358482,5.87,4
9606.ENSP00000323782,5.87,1
9606.ENSP00000301727,5.86,1
9606.ENSP00000448071,5.86,1
9606.ENSP00000343552,5.85,1
9606.ENSP00000463159,5.85,1
9606.ENSP00000379143,5.84,1
9606.ENSP00000338885,5.83,1
9606.ENSP00000429168,5.83,1
9606.ENSP00000267163,5.81,5
9606.ENSP00000379842,5.81,4
9606.ENSP00000340796,5.78,2
9606.ENSP00000376303,5.77,2
9606.ENSP00000358862,5.75,1
9606.ENSP00000357057,5.75,1
9606.ENSP00000309945,5.74,1
9606.ENSP00000465261,5.73,1
9606.ENSP00000264436,5.73,9
9606.ENSP00000481570,5.72,3
9606.ENSP00000395574,5.71,2
9606.ENSP00000263083,5.71,2
9606.ENSP00000454500,5.71,1
9606.ENSP00000423602,5.7,1
9606.ENSP00000306261,5.69,20
9606.ENSP00000310216,5.69,1
9606.ENSP00000477341,5.69,1
9606.ENSP00000362574,5.68,1
9606.ENSP00000404381,5.67,1
9606.ENSP00000465231,5.67,5
9606.ENSP00000338624,5.66,1
9606.ENSP00000360017,5.66,2
9606.ENSP00000287859,5.65,1
9606.ENSP00000321711,5.65,4
9606.ENSP00000391167,5.63,5
9606.ENSP00000202677,5.63,8
9606.ENSP00000407422,5.63,1
9606.ENSP00000370345,5.63,2
9606.ENSP00000497230,5.62,1
9606.ENSP00000254037,5.62,1
9606.ENSP00000361522,5.62,2
9606.ENSP00000262990,5.61,1
9606.ENSP00000347548,5.61,2
9606.ENSP00000359663,5.6,1
9606.ENSP00000358413,5.59,1
9606.ENSP00000261464,5.59,3
9606.ENSP00000365720,5.58,7
9606.ENSP00000188312,5.57,1
9606.ENSP00000365682,5.57,7
9606.ENSP00000265965,5.57,1
9606.ENSP00000349503,5.56,1
9606.ENSP00000270061,5.55,3
9606.ENSP00000428787,5.54,2
9606.ENSP00000283206,5.54,1
9606.ENSP00000452885,5.54,1
9606.ENSP00000261716,5.53,7
9606.ENSP00000441000,5.53,8
9606.ENSP00000216024,5.52,1
9606.ENSP00000285379,5.52,1
9606.ENSP00000215957,5.51,2
9606.ENSP00000311825,5.49,8
9606.ENSP00000280357,5.48,1
9606.ENSP00000335595,5.45,2
9606.ENSP00000275815,5.45,3
9606.ENSP00000376258,5.44,1
9606.ENSP00000357297,5.44,1
9606.ENSP00000263966,5.44,6
9606.ENSP00000332656,5.44,4
9606.ENSP00000220751,5.43,3
9606.ENSP00000265080,5.43,4
9606.ENSP00000437738,5.43,3
9606.ENSP00000005340,5.42,1
9606.ENSP00000330842,5.42,48
9606.ENSP00000016946,5.42,48
9606.ENSP00000258457,5.42,1
9606.ENSP00000252599,5.4,2
9606.ENSP00000390394,5.39,4
9606.ENSP00000306637,5.39,48
9606.ENSP00000424495,5.38,1
9606.ENSP00000339916,5.37,1
9606.ENSP00000369154,5.37,5
9606.ENSP00000398655,5.37,2
9606.ENSP00000348538,5.37,1
9606.ENSP00000356848,5.35,2
9606.ENSP00000258052,5.34,1
9606.ENSP00000010299,5.33,1
9606.ENSP00000323099,5.32,2
9606.ENSP00000378288,5.32,12
9606.ENSP00000261842,5.32,4
9606.ENSP00000254928,5.31,13
9606.ENSP00000403310,5.31,2
9606.ENSP00000257177,5.31,13
9606.ENSP00000314129,5.28,1
9606.ENSP00000382507,5.28,1
9606.ENSP00000375711,5.28,1
9606.ENSP00000428619,5.27,5
9606.ENSP00000458021,5.26,1
9606.ENSP00000475986,5.25,1
9606.ENSP00000369453,5.25,4
9606.ENSP00000386759,5.23,11
9606.ENSP00000420211,5.22,2
9606.ENSP00000319814,5.22,5
9606.ENSP00000362027,5.22,2
9606.ENSP00000238156,5.21,1
9606.ENSP00000417418,5.21,2
9606.ENSP00000350874,5.18,1
9606.ENSP00000448220,5.17,24
9606.ENSP00000358695,5.16,2
9606.ENSP00000329933,5.16,2
9606.ENSP00000296099,5.16,2
9606.ENSP00000439427,5.15,1
9606.ENSP00000296333,5.14,1
9606.ENSP00000233331,5.14,1
9606.ENSP00000318821,5.13,2
9606.ENSP00000346464,5.13,2
9606.ENSP00000338369,5.12,1
9606.ENSP00000482704,5.09,1
9606.ENSP00000427900,5.08,3
9606.ENSP00000294168,5.07,1
9606.ENSP00000328515,5.07,1
9606.ENSP00000264596,5.05,2
9606.ENSP00000482437,5.04,2
9606.ENSP00000360183,5.04,1
9606.ENSP00000278903,5.04,1
9606.ENSP00000472914,5.03,2
9606.ENSP00000277540,5.03,5
9606.ENSP00000365962,5.03,1
9606.ENSP00000315182,5.02,3
9606.ENSP00000372042,5.02,4
9606.ENSP00000253457,5.02,1
9606.ENSP00000357067,5,1
9606.ENSP00000458663,5,3
9606.ENSP00000356576,4.99,6
9606.ENSP00000311135,4.98,3
9606.ENSP00000490119,4.98,6
9606.ENSP00000377616,4.98,1
9606.ENSP00000415579,4.98,6
9606.ENSP00000411831,4.96,6
9606.ENSP00000287652,4.96,3
9606.ENSP00000316578,4.96,2
9606.ENSP00000367797,4.96,1
9606.ENSP00000351416,4.96,10
9606.ENSP00000371514,4.94,2
9606.ENSP00000252677,4.94,2
9606.ENSP00000293883,4.93,2
9606.ENSP00000422607,4.93,2
9606.ENSP00000224140,4.92,10
9606.ENSP00000415836,4.92,1
9606.ENSP00000262432,4.91,1
9606.ENSP00000333934,4.91,1
9606.ENSP00000495240,4.91,9
9606.ENSP00000396749,4.9,2
9606.ENSP00000251646,4.88,14
9606.ENSP00000264381,4.87,3
9606.ENSP00000226524,4.87,1
9606.ENSP00000348602,4.87,7
9606.ENSP00000263629,4.87,2
9606.ENSP00000162391,4.86,1
9606.ENSP00000227471,4.86,1
9606.ENSP00000265806,4.86,1
9606.ENSP00000257749,4.86,2
9606.ENSP00000482749,4.85,5
9606.ENSP00000359688,4.85,1
9606.ENSP00000359799,4.84,2
9606.ENSP00000462664,4.84,2
9606.ENSP00000480301,4.83,3
9606.ENSP00000276052,4.83,17
9606.ENSP00000351631,4.83,1
9606.ENSP00000285013,4.82,8
9606.ENSP00000352956,4.82,2
9606.ENSP00000366757,4.81,4
9606.ENSP00000360817,4.81,6
9606.ENSP00000366863,4.8,3
9606.ENSP00000481721,4.78,2
9606.ENSP00000340983,4.77,2
9606.ENSP00000238714,4.77,6
9606.ENSP00000255608,4.76,1
9606.ENSP00000324741,4.76,2
9606.ENSP00000274000,4.75,1
9606.ENSP00000228799,4.75,1
9606.ENSP00000376227,4.72,7
9606.ENSP00000361475,4.71,2
9606.ENSP00000343190,4.7,1
9606.ENSP00000359925,4.69,3
9606.ENSP00000306124,4.69,5
9606.ENSP00000497221,4.69,1
9606.ENSP00000417451,4.68,11
9606.ENSP00000265967,4.67,4
9606.ENSP00000437659,4.67,2
9606.ENSP00000358784,4.66,1
9606.ENSP00000382342,4.66,4
9606.ENSP00000354927,4.65,2
9606.ENSP00000266269,4.65,3
9606.ENSP00000343158,4.65,7
9606.ENSP00000497609,4.64,3
9606.ENSP00000346603,4.62,4
9606.ENSP00000377546,4.61,16
9606.ENSP00000328187,4.61,1
9606.ENSP00000420387,4.6,3
9606.ENSP00000379901,4.6,1
9606.ENSP00000452877,4.58,2
9606.ENSP00000268383,4.58,1
9606.ENSP00000297056,4.57,1
9606.ENSP00000270708,4.57,1
9606.ENSP00000360421,4.57,1
9606.ENSP00000449756,4.57,1
9606.ENSP00000357631,4.56,3
9606.ENSP00000377195,4.55,1
9606.ENSP00000417183,4.55,1
9606.ENSP00000387211,4.55,1
9606.ENSP00000444408,4.55,1
9606.ENSP00000381364,4.54,5
9606.ENSP00000261386,4.54,1
9606.ENSP00000263985,4.53,2
9606.ENSP00000311368,4.53,1
9606.ENSP00000267615,4.53,1
9606.ENSP00000429633,4.52,6
9606.ENSP00000315630,4.51,2
9606.ENSP00000262126,4.5,3
9606.ENSP00000378405,4.5,1
9606.ENSP00000216756,4.5,1
9606.ENSP00000376582,4.5,3
9606.ENSP00000495909,4.49,31
9606.ENSP00000225737,4.49,2
9606.ENSP00000465776,4.48,1
9606.ENSP00000156084,4.47,1
9606.ENSP00000350686,4.47,2
9606.ENSP00000268919,4.47,5
9606.ENSP00000288022,4.46,1
9606.ENSP00000483667,4.46,11
9606.ENSP00000387362,4.46,3
9606.ENSP00000373343,4.44,16
9606.ENSP00000368547,4.44,1
9606.ENSP00000267938,4.43,2
9606.ENSP00000353600,4.43,2
9606.ENSP00000378570,4.43,2
9606.ENSP00000363929,4.42,4
9606.ENSP00000397441,4.41,2
9606.ENSP00000296509,4.4,1
9606.ENSP00000385795,4.4,2
9606.ENSP00000262219,4.39,3
9606.ENSP00000437464,4.39,6
9606.ENSP00000264245,4.39,8
9606.ENSP00000362650,4.38,1
9606.ENSP00000496842,4.38,1
9606.ENSP00000307674,4.37,1
9606.ENSP00000469242,4.37,19
9606.ENSP00000253382,4.37,2
9606.ENSP00000222644,4.36,4
9606.ENSP00000386096,4.35,26
9606.ENSP00000347532,4.35,1
9606.ENSP00000337332,4.34,1
9606.ENSP00000349594,4.34,4
9606.ENSP00000254624,4.33,2
9606.ENSP00000265717,4.33,2
9606.ENSP00000396688,4.32,7
9606.ENSP00000415941,4.31,7
9606.ENSP00000410811,4.3,8
9606.ENSP00000410042,4.3,5
9606.ENSP00000329002,4.29,1
9606.ENSP00000348959,4.29,1
9606.ENSP00000379602,4.28,2
9606.ENSP00000384369,4.28,1
9606.ENSP00000263063,4.27,2
9606.ENSP00000496158,4.27,2
9606.ENSP00000486891,4.24,5
9606.ENSP00000315568,4.23,2
9606.ENSP00000325634,4.22,1
9606.ENSP00000438085,4.22,4
9606.ENSP00000379390,4.22,1
9606.ENSP00000296149,4.22,1
9606.ENSP00000356468,4.21,2
9606.ENSP00000360645,4.2,1
9606.ENSP00000343867,4.2,1
9606.ENSP00000477878,4.19,2
9606.ENSP00000357069,4.19,1
9606.ENSP00000325978,4.18,2
9606.ENSP00000366404,4.17,1
9606.ENSP00000367570,4.17,1
9606.ENSP00000361066,4.17,3
9606.ENSP00000371434,4.16,3
9606.ENSP00000329748,4.16,16
9606.ENSP00000355900,4.16,3
9606.ENSP00000368318,4.16,1
9606.ENSP00000345270,4.16,2
9606.ENSP00000357118,4.15,1
9606.ENSP00000310335,4.15,1
9606.ENSP00000494788,4.15,2
9606.ENSP00000349929,4.15,1
9606.ENSP00000274498,4.13,2
9606.ENSP00000437256,4.13,6
9606.ENSP00000323720,4.12,4
9606.ENSP00000337850,4.12,1
9606.ENSP00000385689,4.11,2
9606.ENSP00000288710,4.11,1
9606.ENSP00000393098,4.11,1
9606.ENSP00000312741,4.1,1
9606.ENSP00000378145,4.08,1
9606.ENSP00000484056,4.08,1
9606.ENSP00000322804,4.07,1
9606.ENSP00000299697,4.06,1
9606.ENSP00000463233,4.06,3
9606.ENSP00000356033,4.06,1
9606.ENSP00000495795,4.06,2
9606.ENSP00000415436,4.04,1
9606.ENSP00000419060,4.04,5
9606.ENSP00000363349,4.04,1
9606.ENSP00000284116,4.04,1
9606.ENSP00000223145,4.04,1
9606.ENSP00000481893,4.02,3
9606.ENSP00000406577,4.02,13
9606.ENSP00000300283,4.02,13
9606.ENSP00000381773,4.02,2
9606.ENSP00000459626,4.02,1
9606.ENSP00000244751,4.01,16
9606.ENSP00000169298,4.01,1
9606.ENSP00000251157,4,12
9606.ENSP00000440190,4,2
9606.ENSP00000339109,3.99,6
9606.ENSP00000373715,3.99,1
9606.ENSP00000364864,3.98,3
9606.ENSP00000379654,3.98,12
9606.ENSP00000363597,3.98,3
9606.ENSP00000371201,3.98,3
9606.ENSP00000417291,3.97,1
9606.ENSP00000478878,3.97,16
9606.ENSP00000005587,3.97,1
9606.ENSP00000303570,3.96,1
9606.ENSP00000392782,3.96,8
9606.ENSP00000269195,3.96,2
9606.ENSP00000420617,3.96,4
9606.ENSP00000403042,3.95,8
9606.ENSP00000368273,3.95,2
9606.ENSP00000330101,3.95,26
9606.ENSP00000431885,3.95,7
9606.ENSP00000243662,3.94,2
9606.ENSP00000325017,3.94,2
9606.ENSP00000380379,3.94,1
9606.ENSP00000483814,3.94,1
9606.ENSP00000329466,3.92,1
9606.ENSP00000399797,3.92,2
9606.ENSP00000380467,3.91,2
9606.ENSP00000337701,3.9,1
9606.ENSP00000367830,3.9,1
9606.ENSP00000368982,3.9,1
9606.ENSP00000357256,3.9,1
9606.ENSP00000207870,3.9,1
9606.ENSP00000468049,3.9,1
9606.ENSP00000454623,3.89,3
9606.ENSP00000334836,3.89,5
9606.ENSP00000169551,3.88,1
9606.ENSP00000305263,3.88,11
9606.ENSP00000371084,3.87,2
9606.ENSP00000365694,3.86,2
9606.ENSP00000260129,3.86,1
9606.ENSP00000483424,3.86,7
9606.ENSP00000383295,3.85,14
9606.ENSP00000319817,3.85,1
9606.ENSP00000380184,3.83,1
9606.ENSP00000383599,3.83,2
9606.ENSP00000300060,3.82,2
9606.ENSP00000282026,3.82,3
9606.ENSP00000271555,3.82,1
9606.ENSP00000370803,3.82,3
9606.ENSP00000248923,3.82,3
9606.ENSP00000383232,3.82,3
9606.ENSP00000364448,3.81,1
9606.ENSP00000370980,3.8,2
9606.ENSP00000216099,3.8,2
9606.ENSP00000350049,3.8,1
9606.ENSP00000366395,3.8,7
9606.ENSP00000378409,3.79,1
9606.ENSP00000454545,3.78,2
9606.ENSP00000405890,3.78,1
9606.ENSP00000396622,3.78,3
9606.ENSP00000369599,3.78,5
9606.ENSP00000367203,3.78,4
9606.ENSP00000357883,3.76,2
9606.ENSP00000385347,3.75,2
9606.ENSP00000360576,3.74,1
9606.ENSP00000332247,3.74,3
9606.ENSP00000396068,3.74,7
9606.ENSP00000251775,3.74,1
9606.ENSP00000240123,3.73,2
9606.ENSP00000481203,3.73,6
9606.ENSP00000335655,3.72,10
9606.ENSP00000210060,3.72,1
9606.ENSP00000382423,3.71,2
9606.ENSP00000379678,3.7,2
9606.ENSP00000288228,3.68,1
9606.ENSP00000446335,3.68,2
9606.ENSP00000263035,3.68,1
9606.ENSP00000294740,3.68,1
9606.ENSP00000383938,3.67,1
9606.ENSP00000369618,3.67,2
9606.ENSP00000272732,3.65,1
9606.ENSP00000009105,3.65,6
9606.ENSP00000386444,3.64,2
9606.ENSP00000222462,3.64,1
9606.ENSP00000347792,3.64,4
9606.ENSP00000426548,3.63,3
9606.ENSP00000226355,3.63,2
9606.ENSP00000181839,3.62,13
9606.ENSP00000249344,3.62,4
9606.ENSP00000222256,3.62,6
9606.ENSP00000440850,3.61,4
9606.ENSP00000332513,3.61,1
9606.ENSP00000356465,3.61,2
9606.ENSP00000269945,3.6,2
9606.ENSP00000370343,3.6,2
9606.ENSP00000338030,3.6,1
9606.ENSP00000425809,3.6,1
9606.ENSP00000215659,3.59,1
9606.ENSP00000392262,3.59,1
9606.ENSP00000366898,3.59,2
9606.ENSP00000353129,3.58,2
9606.ENSP00000440077,3.58,16
9606.ENSP00000472698,3.57,1
9606.ENSP00000457408,3.57,1
9606.ENSP00000466363,3.57,2
9606.ENSP00000255266,3.57,1
9606.ENSP00000223398,3.57,5
9606.ENSP00000218104,3.56,1
9606.ENSP00000306561,3.55,1
9606.ENSP00000377570,3.55,7
9606.ENSP00000300658,3.55,1
9606.ENSP00000346155,3.55,1
9606.ENSP00000497784,3.55,4
9606.ENSP00000357177,3.54,2
9606.ENSP00000368017,3.53,8
9606.ENSP00000364150,3.53,2
9606.ENSP00000078429,3.53,3
9606.ENSP00000404203,3.52,13
9606.ENSP00000303028,3.51,2
9606.ENSP00000445905,3.51,1
9606.ENSP00000310688,3.51,2
9606.ENSP00000478892,3.5,4
9606.ENSP00000250457,3.5,2
9606.ENSP00000362179,3.5,2
9606.ENSP00000319829,3.5,2
9606.ENSP00000260184,3.5,6
9606.ENSP00000268720,3.48,16
9606.ENSP00000450832,3.48,4
9606.ENSP00000439056,3.47,2
9606.ENSP00000497977,3.47,1
9606.ENSP00000489687,3.47,2
9606.ENSP00000401720,3.47,2
9606.ENSP00000427004,3.46,1
9606.ENSP00000262640,3.46,1
9606.ENSP00000365851,3.46,2
9606.ENSP00000290705,3.46,1
9606.ENSP00000330587,3.46,1
9606.ENSP00000252595,3.46,2
9606.ENSP00000155093,3.46,2
9606.ENSP00000261537,3.45,2
9606.ENSP00000439689,3.45,1
9606.ENSP00000364898,3.45,4
9606.ENSP00000374484,3.44,2
9606.ENSP00000264930,3.44,1
9606.ENSP00000361458,3.44,2
9606.ENSP00000330898,3.43,1
9606.ENSP00000332576,3.43,3
9606.ENSP00000340841,3.43,1
9606.ENSP00000385727,3.42,3
9606.ENSP00000306335,3.41,3
9606.ENSP00000384018,3.38,5
9606.ENSP00000296051,3.37,4
9606.ENSP00000278505,3.37,1
9606.ENSP00000347498,3.37,1
9606.ENSP00000363852,3.37,1
9606.ENSP00000327459,3.36,1
9606.ENSP00000277554,3.36,2
9606.ENSP00000324527,3.36,6
9606.ENSP00000206474,3.35,3
9606.ENSP00000413707,3.34,1
9606.ENSP00000285667,3.34,1
9606.ENSP00000219439,3.3,1
9606.ENSP00000366280,3.29,1
9606.ENSP00000264198,3.29,2
9606.ENSP00000435585,3.29,1
9606.ENSP00000500333,3.29,2
9606.ENSP00000218516,3.28,1
9606.ENSP00000310573,3.28,5
9606.ENSP00000419692,3.28,3
9606.ENSP00000369055,3.28,1
9606.ENSP00000408697,3.27,8
9606.ENSP00000247178,3.27,1
9606.ENSP00000340507,3.26,3
9606.ENSP00000328364,3.26,1
9606.ENSP00000376608,3.26,4
9606.ENSP00000364298,3.25,1
9606.ENSP00000375618,3.24,1
9606.ENSP00000483494,3.24,1
9606.ENSP00000477627,3.24,4
9606.ENSP00000482396,3.22,2
9606.ENSP00000259727,3.22,2
9606.ENSP00000204566,3.21,1
9606.ENSP00000446278,3.21,2
9606.ENSP00000316909,3.21,1
9606.ENSP00000346927,3.2,2
9606.ENSP00000371278,3.2,1
9606.ENSP00000326948,3.2,1
9606.ENSP00000368486,3.2,2
9606.ENSP00000493026,3.2,1
9606.ENSP00000265723,3.2,2
9606.ENSP00000313500,3.19,1
9606.ENSP00000358932,3.19,5
9606.ENSP00000311280,3.19,3
9606.ENSP00000232461,3.18,9
9606.ENSP00000334851,3.18,2
9606.ENSP00000364635,3.17,1
9606.ENSP00000194155,3.16,2
9606.ENSP00000264717,3.16,1
9606.ENSP00000321386,3.16,2
9606.ENSP00000318974,3.16,1
9606.ENSP00000313933,3.16,1
9606.ENSP00000317144,3.15,1
9606.ENSP00000245907,3.15,3
9606.ENSP00000419260,3.14,2
9606.ENSP00000258884,3.14,1
9606.ENSP00000366243,3.14,3
9606.ENSP00000252011,3.14,1
9606.ENSP00000268661,3.14,2
9606.ENSP00000349439,3.14,2
9606.ENSP00000430493,3.14,4
9606.ENSP00000474253,3.13,2
9606.ENSP00000480601,3.13,2
9606.ENSP00000332756,3.12,2
9606.ENSP00000292614,3.12,1
9606.ENSP00000357811,3.12,2
9606.ENSP00000408598,3.1,2
9606.ENSP00000264709,3.1,2
9606.ENSP00000268933,3.1,2
9606.ENSP00000377492,3.1,1
9606.ENSP00000346335,3.09,1
9606.ENSP00000413479,3.08,23
9606.ENSP00000332340,3.06,1
9606.ENSP00000331983,3.06,2
9606.ENSP00000312244,3.06,1
9606.ENSP00000333813,3.06,1
9606.ENSP00000365172,3.05,2
9606.ENSP00000422947,3.05,3
9606.ENSP00000495063,3.05,1
9606.ENSP00000498382,3.05,3
9606.ENSP00000299855,3.04,1
9606.ENSP00000277903,3.04,1
9606.ENSP00000363492,3.03,1
9606.ENSP00000328277,3.03,2
9606.ENSP00000331258,3.01,2
9606.ENSP00000483328,3.01,1
9606.ENSP00000338629,3.01,2
9606.ENSP00000324203,3.01,1
9606.ENSP00000309233,3,1
9606.ENSP00000466690,3,1
9606.ENSP00000403768,3,1
9606.ENSP00000336829,2.99,1
9606.ENSP00000472415,2.99,1
9606.ENSP00000398837,2.98,6
9606.ENSP00000370532,2.98,1
9606.ENSP00000379500,2.98,1
9606.ENSP00000269397,2.98,1
9606.ENSP00000225474,2.96,1
9606.ENSP00000415822,2.95,1
9606.ENSP00000264606,2.95,2
9606.ENSP00000409667,2.95,4
9606.ENSP00000377428,2.95,3
9606.ENSP00000316527,2.95,1
9606.ENSP00000324956,2.94,1
9606.ENSP00000040877,2.93,4
9606.ENSP00000398401,2.93,1
9606.ENSP00000364028,2.93,1
9606.ENSP00000381339,2.92,9
9606.ENSP00000478035,2.92,1
9606.ENSP00000363894,2.91,1
9606.ENSP00000379078,2.91,2
9606.ENSP00000359119,2.9,3
9606.ENSP00000280057,2.9,3
9606.ENSP00000263736,2.9,2
9606.ENSP00000358778,2.89,1
9606.ENSP00000360869,2.89,2
9606.ENSP00000251337,2.89,9
9606.ENSP00000351536,2.88,1
9606.ENSP00000362082,2.88,2
9606.ENSP00000410734,2.88,1
9606.ENSP00000290943,2.88,2
9606.ENSP00000362036,2.88,1
9606.ENSP00000261778,2.87,2
9606.ENSP00000374633,2.87,2
9606.ENSP00000362746,2.86,2
9606.ENSP00000315351,2.86,1
9606.ENSP00000373420,2.86,4
9606.ENSP00000345752,2.85,2
9606.ENSP00000313811,2.85,1
9606.ENSP00000283441,2.85,2
9606.ENSP00000290429,2.85,1
9606.ENSP00000293261,2.83,1
9606.ENSP00000247219,2.82,1
9606.ENSP00000282226,2.82,4
9606.ENSP00000347742,2.81,4
9606.ENSP00000417706,2.81,1
9606.ENSP00000495202,2.81,2
9606.ENSP00000311291,2.79,1
9606.ENSP00000320936,2.79,1
9606.ENSP00000317300,2.79,1
9606.ENSP00000316335,2.79,1
9606.ENSP00000262809,2.78,1
9606.ENSP00000316842,2.78,2
9606.ENSP00000364885,2.78,1
9606.ENSP00000426654,2.78,1
9606.ENSP00000350386,2.77,1
9606.ENSP00000351686,2.76,1
9606.ENSP00000403910,2.76,1
9606.ENSP00000298282,2.76,1
9606.ENSP00000295802,2.75,1
9606.ENSP00000257118,2.75,2
9606.ENSP00000330838,2.75,1
9606.ENSP00000320869,2.74,1
9606.ENSP00000216484,2.71,1
9606.ENSP00000320147,2.71,2
9606.ENSP00000495266,2.7,4
9606.ENSP00000367910,2.7,2
9606.ENSP00000306983,2.7,2
9606.ENSP00000340988,2.7,2
9606.ENSP00000395983,2.7,4
9606.ENSP00000292140,2.69,1
9606.ENSP00000439170,2.69,2
9606.ENSP00000455547,2.68,1
9606.ENSP00000427802,2.68,1
9606.ENSP00000380692,2.68,1
9606.ENSP00000016171,2.67,1
9606.ENSP00000240316,2.66,1
9606.ENSP00000356381,2.66,5
9606.ENSP00000497815,2.66,2
9606.ENSP00000345436,2.66,12
9606.ENSP00000219746,2.65,1
9606.ENSP00000299563,2.65,1
9606.ENSP00000301067,2.65,5
9606.ENSP00000260383,2.65,1
9606.ENSP00000356658,2.64,2
9606.ENSP00000365938,2.64,7
9606.ENSP00000280800,2.64,2
9606.ENSP00000357643,2.64,5
9606.ENSP00000329374,2.64,2
9606.ENSP00000320092,2.63,1
9606.ENSP00000365782,2.63,1
9606.ENSP00000307423,2.63,1
9606.ENSP00000469534,2.63,1
9606.ENSP00000478763,2.62,2
9606.ENSP00000263382,2.62,1
9606.ENSP00000349541,2.62,2
9606.ENSP00000361857,2.62,2
9606.ENSP00000335055,2.61,1
9606.ENSP00000296473,2.61,4
9606.ENSP00000335008,2.61,1
9606.ENSP00000364043,2.61,1
9606.ENSP00000274695,2.6,1
9606.ENSP00000427550,2.6,3
9606.ENSP00000247668,2.6,1
9606.ENSP00000324842,2.59,1
9606.ENSP00000351937,2.59,1
9606.ENSP00000361423,2.59,2
9606.ENSP00000258886,2.58,2
9606.ENSP00000262903,2.58,1
9606.ENSP00000225916,2.58,1
9606.ENSP00000375904,2.57,1
9606.ENSP00000489776,2.57,1
9606.ENSP00000439244,2.56,1
9606.ENSP00000354842,2.56,1
9606.ENSP00000370254,2.56,3
9606.ENSP00000184956,2.56,2
9606.ENSP00000348848,2.55,1
9606.ENSP00000306099,2.55,13
9606.ENSP00000486109,2.55,1
9606.ENSP00000442047,2.55,3
9606.ENSP00000431926,2.54,1
9606.ENSP00000346112,2.54,4
9606.ENSP00000498737,2.54,3
9606.ENSP00000450969,2.54,4
9606.ENSP00000423309,2.54,5
9606.ENSP00000325895,2.54,1
9606.ENSP00000438262,2.53,2
9606.ENSP00000362634,2.53,3
9606.ENSP00000341189,2.52,3
9606.ENSP00000336817,2.52,1
9606.ENSP00000320251,2.51,1
9606.ENSP00000254101,2.51,3
9606.ENSP00000478212,2.51,1
9606.ENSP00000385995,2.49,4
9606.ENSP00000295055,2.49,1
9606.ENSP00000378320,2.49,1
9606.ENSP00000389009,2.49,4
9606.ENSP00000346733,2.49,1
9606.ENSP00000263980,2.49,1
9606.ENSP00000442060,2.48,1
9606.ENSP00000310244,2.48,1
9606.ENSP00000379430,2.48,2
9606.ENSP00000433157,2.47,1
9606.ENSP00000417132,2.47,1
9606.ENSP00000425130,2.47,1
9606.ENSP00000359073,2.47,4
9606.ENSP00000299492,2.47,7
9606.ENSP00000387078,2.46,1
9606.ENSP00000263960,2.46,1
9606.ENSP00000450799,2.46,1
9606.ENSP00000376609,2.45,2
9606.ENSP00000372023,2.45,1
9606.ENSP00000269740,2.45,1
9606.ENSP00000495247,2.44,4
9606.ENSP00000315569,2.44,2
9606.ENSP00000324403,2.44,2
9606.ENSP00000440826,2.43,3
9606.ENSP00000417569,2.43,1
9606.ENSP00000433459,2.42,1
9606.ENSP00000438574,2.42,1
9606.ENSP00000371805,2.42,2
9606.ENSP00000374183,2.42,1
9606.ENSP00000216133,2.42,1
9606.ENSP00000222574,2.42,1
9606.ENSP00000384491,2.41,1
9606.ENSP00000464512,2.41,3
9606.ENSP00000296292,2.41,1
9606.ENSP00000424838,2.41,5
9606.ENSP00000265849,2.41,3
9606.ENSP00000346839,2.4,2
9606.ENSP00000362942,2.4,1
9606.ENSP00000337889,2.4,2
9606.ENSP00000262715,2.39,3
9606.ENSP00000261520,2.39,1
9606.ENSP00000369927,2.39,3
9606.ENSP00000355607,2.39,1
9606.ENSP00000348215,2.38,2
9606.ENSP00000423630,2.38,1
9606.ENSP00000364609,2.37,1
9606.ENSP00000334642,2.37,1
9606.ENSP00000446880,2.36,2
9606.ENSP00000378534,2.36,1
9606.ENSP00000363064,2.34,1
9606.ENSP00000466542,2.33,5
9606.ENSP00000354451,2.33,9
9606.ENSP00000353793,2.33,1
9606.ENSP00000368856,2.31,2
9606.ENSP00000263708,2.31,1
9606.ENSP00000433205,2.31,2
9606.ENSP00000243440,2.3,2
9606.ENSP00000369814,2.3,3
9606.ENSP00000262958,2.3,1
9606.ENSP00000383433,2.3,1
9606.ENSP00000357904,2.29,1
9606.ENSP00000338673,2.29,2
9606.ENSP00000369335,2.29,1
9606.ENSP00000225525,2.29,1
9606.ENSP00000229330,2.28,3
9606.ENSP00000338191,2.28,1
9606.ENSP00000334564,2.28,1
9606.ENSP00000334140,2.28,1
9606.ENSP00000493780,2.27,2
9606.ENSP00000350815,2.27,1
9606.ENSP00000294353,2.26,1
9606.ENSP00000320077,2.25,2
9606.ENSP00000228641,2.25,2
9606.ENSP00000398035,2.25,1
9606.ENSP00000366070,2.25,2
9606.ENSP00000398211,2.25,7
9606.ENSP00000367528,2.24,1
9606.ENSP00000377265,2.24,3
9606.ENSP00000309189,2.24,7
9606.ENSP00000370710,2.24,1
9606.ENSP00000260045,2.23,2
9606.ENSP00000430075,2.23,3
9606.ENSP00000377796,2.23,1
9606.ENSP00000499803,2.23,1
9606.ENSP00000222339,2.23,1
9606.ENSP00000410964,2.22,1
9606.ENSP00000225899,2.21,10
9606.ENSP00000384675,2.2,3
9606.ENSP00000299001,2.2,1
9606.ENSP00000378972,2.2,2
9606.ENSP00000216373,2.2,3
9606.ENSP00000462729,2.2,1
9606.ENSP00000265007,2.19,3
9606.ENSP00000362330,2.19,10
9606.ENSP00000305631,2.19,1
9606.ENSP00000367815,2.18,1
9606.ENSP00000003302,2.18,4
9606.ENSP00000393963,2.17,2
9606.ENSP00000312587,2.17,1
9606.ENSP00000338512,2.16,1
9606.ENSP00000378992,2.16,2
9606.ENSP00000370021,2.16,3
9606.ENSP00000442129,2.16,1
9606.ENSP00000379011,2.15,3
9606.ENSP00000400099,2.15,1
9606.ENSP00000379946,2.14,1
9606.ENSP00000311005,2.14,1
9606.ENSP00000430031,2.14,2
9606.ENSP00000265148,2.13,4
9606.ENSP00000498441,2.13,2
9606.ENSP00000227638,2.13,1
9606.ENSP00000405514,2.12,4
9606.ENSP00000405726,2.12,1
9606.ENSP00000384198,2.11,3
9606.ENSP00000264444,2.11,1
9606.ENSP00000406027,2.11,1
9606.ENSP00000320563,2.11,3
9606.ENSP00000262891,2.1,3
9606.ENSP00000302895,2.1,2
9606.ENSP00000265983,2.1,1
9606.ENSP00000330460,2.09,1
9606.ENSP00000419952,2.09,2
9606.ENSP00000261726,2.08,2
9606.ENSP00000223127,2.08,1
9606.ENSP00000243706,2.08,1
9606.ENSP00000269586,2.08,1
9606.ENSP00000250416,2.07,2
9606.ENSP00000261304,2.07,1
9606.ENSP00000361914,2.06,1
9606.ENSP00000295101,2.06,1
9606.ENSP00000307183,2.06,1
9606.ENSP00000263054,2.05,4
9606.ENSP00000244289,2.05,2
9606.ENSP00000369071,2.04,1
9606.ENSP00000483640,2.02,14
9606.ENSP00000261195,2.02,2
9606.ENSP00000282111,2.02,3
9606.ENSP00000354412,2.02,3
9606.ENSP00000415676,2.01,1
9606.ENSP00000261839,2.01,4
9606.ENSP00000378063,2,3
9606.ENSP00000269445,2,1
9606.ENSP00000282020,2,1
9606.ENSP00000294053,2,1
9606.ENSP00000225964,1.99,1
9606.ENSP00000427793,1.99,4
9606.ENSP00000299886,1.99,2
9606.ENSP00000314444,1.99,3
9606.ENSP00000384490,1.99,3
9606.ENSP00000264866,1.98,1
9606.ENSP00000431603,1.98,1
9606.ENSP00000371067,1.98,4
9606.ENSP00000305595,1.98,1
9606.ENSP00000322159,1.97,1
9606.ENSP00000185150,1.97,1
9606.ENSP00000356925,1.97,2
9606.ENSP00000370621,1.97,1
9606.ENSP00000383199,1.97,4
9606.ENSP00000260264,1.97,1
9606.ENSP00000381654,1.96,1
9606.ENSP00000228347,1.96,1
9606.ENSP00000261845,1.96,4
9606.ENSP00000267291,1.96,1
9606.ENSP00000251496,1.96,1
9606.ENSP00000467123,1.96,5
9606.ENSP00000353646,1.95,8
9606.ENSP00000261819,1.95,1
9606.ENSP00000296486,1.95,6
9606.ENSP00000266712,1.95,3
9606.ENSP00000379891,1.95,1
9606.ENSP00000383234,1.95,4
9606.ENSP00000435619,1.94,1
9606.ENSP00000365528,1.94,1
9606.ENSP00000318086,1.94,1
9606.ENSP00000262518,1.94,5
9606.ENSP00000410689,1.93,3
9606.ENSP00000383044,1.93,2
9606.ENSP00000498228,1.92,1
9606.ENSP00000366288,1.92,3
9606.ENSP00000325421,1.92,1
9606.ENSP00000378292,1.92,4
9606.ENSP00000488117,1.91,1
9606.ENSP00000495112,1.91,2
9606.ENSP00000380054,1.91,1
9606.ENSP00000379826,1.91,2
9606.ENSP00000500034,1.91,1
9606.ENSP00000352900,1.91,2
9606.ENSP00000263776,1.9,1
9606.ENSP00000479816,1.9,2
9606.ENSP00000284142,1.9,3
9606.ENSP00000322937,1.9,1
9606.ENSP00000291900,1.9,1
9606.ENSP00000292174,1.89,2
9606.ENSP00000322915,1.89,1
9606.ENSP00000379458,1.89,3
9606.ENSP00000368253,1.89,7
9606.ENSP00000306888,1.88,4
9606.ENSP00000454437,1.88,1
9606.ENSP00000358549,1.88,1
9606.ENSP00000416015,1.88,7
9606.ENSP00000378230,1.88,8
9606.ENSP00000323313,1.88,1
9606.ENSP00000216341,1.88,1
9606.ENSP00000378699,1.87,10
9606.ENSP00000403293,1.87,2
9606.ENSP00000419901,1.87,3
9606.ENSP00000328287,1.86,1
9606.ENSP00000408342,1.86,1
9606.ENSP00000420180,1.85,1
9606.ENSP00000358233,1.85,1
9606.ENSP00000319673,1.85,1
9606.ENSP00000417955,1.85,2
9606.ENSP00000333097,1.85,2
9606.ENSP00000221459,1.85,1
9606.ENSP00000440984,1.84,3
9606.ENSP00000225550,1.84,9
9606.ENSP00000375821,1.84,1
9606.ENSP00000489869,1.84,3
9606.ENSP00000216862,1.84,1
9606.ENSP00000259963,1.83,2
9606.ENSP00000482968,1.83,5
9606.ENSP00000300456,1.82,1
9606.ENSP00000226319,1.82,3
9606.ENSP00000365007,1.82,1
9606.ENSP00000280758,1.82,1
9606.ENSP00000364847,1.82,1
9606.ENSP00000261592,1.82,4
9606.ENSP00000421021,1.82,4
9606.ENSP00000371897,1.81,2
9606.ENSP00000387246,1.81,2
9606.ENSP00000341243,1.81,1
9606.ENSP00000347038,1.81,1
9606.ENSP00000307854,1.81,1
9606.ENSP00000340608,1.81,3
9606.ENSP00000329165,1.8,8
9606.ENSP00000440185,1.8,1
9606.ENSP00000239374,1.8,6
9606.ENSP00000397598,1.79,1
9606.ENSP00000424757,1.79,1
9606.ENSP00000399679,1.79,1
9606.ENSP00000304360,1.79,1
9606.ENSP00000328169,1.79,4
9606.ENSP00000368952,1.78,1
9606.ENSP00000225296,1.78,1
9606.ENSP00000247815,1.77,1
9606.ENSP00000188790,1.77,1
9606.ENSP00000421326,1.77,1
9606.ENSP00000305151,1.77,1
9606.ENSP00000339867,1.77,1
9606.ENSP00000297293,1.77,5
9606.ENSP00000396527,1.76,2
9606.ENSP00000448219,1.76,1
9606.ENSP00000367880,1.76,1
9606.ENSP00000446242,1.76,1
9606.ENSP00000362547,1.75,1
9606.ENSP00000417196,1.75,2
9606.ENSP00000398410,1.75,2
9606.ENSP00000385684,1.74,4
9606.ENSP00000356785,1.73,1
9606.ENSP00000328426,1.73,2
9606.ENSP00000282041,1.73,3
9606.ENSP00000230124,1.73,1
9606.ENSP00000368994,1.73,3
9606.ENSP00000335292,1.72,1
9606.ENSP00000264554,1.72,1
9606.ENSP00000494678,1.71,1
9606.ENSP00000357869,1.71,1
9606.ENSP00000365295,1.71,1
9606.ENSP00000257552,1.71,1
9606.ENSP00000326366,1.7,1
9606.ENSP00000418721,1.7,1
9606.ENSP00000258484,1.7,1
9606.ENSP00000391739,1.69,1
9606.ENSP00000285039,1.69,5
9606.ENSP00000315006,1.69,2
9606.ENSP00000170150,1.69,3
9606.ENSP00000334319,1.69,5
9606.ENSP00000283006,1.68,1
9606.ENSP00000426983,1.68,1
9606.ENSP00000219905,1.67,2
9606.ENSP00000296564,1.67,5
9606.ENSP00000422496,1.67,1
9606.ENSP00000263265,1.67,1
9606.ENSP00000273668,1.67,1
9606.ENSP00000476519,1.67,1
9606.ENSP00000311038,1.66,2
9606.ENSP00000297440,1.66,1
9606.ENSP00000477856,1.66,1
9606.ENSP00000381577,1.66,5
9606.ENSP00000363369,1.66,1
9606.ENSP00000414597,1.65,4
9606.ENSP00000251871,1.65,1
9606.ENSP00000290341,1.64,1
9606.ENSP00000394051,1.64,1
9606.ENSP00000258494,1.64,3
9606.ENSP00000301242,1.64,1
9606.ENSP00000384183,1.64,1
9606.ENSP00000412363,1.64,1
9606.ENSP00000301050,1.63,1
9606.ENSP00000406472,1.63,10
9606.ENSP00000263881,1.63,3
9606.ENSP00000330381,1.62,1
9606.ENSP00000450742,1.61,1
9606.ENSP00000273450,1.61,3
9606.ENSP00000491227,1.61,1
9606.ENSP00000334685,1.61,3
9606.ENSP00000463254,1.61,3
9606.ENSP00000370129,1.6,2
9606.ENSP00000384949,1.6,1
9606.ENSP00000273063,1.6,2
9606.ENSP00000381758,1.6,3
9606.ENSP00000410552,1.59,1
9606.ENSP00000284031,1.58,1
9606.ENSP00000308533,1.58,1
9606.ENSP00000246646,1.58,9
9606.ENSP00000396918,1.58,1
9606.ENSP00000222374,1.58,1
9606.ENSP00000369390,1.57,10
9606.ENSP00000299237,1.57,2
9606.ENSP00000300571,1.57,1
9606.ENSP00000234739,1.57,1
9606.ENSP00000384408,1.57,1
9606.ENSP00000360526,1.56,1
9606.ENSP00000265000,1.56,1
9606.ENSP00000442307,1.56,1
9606.ENSP00000343617,1.56,3
9606.ENSP00000359942,1.56,1
9606.ENSP00000252992,1.55,1
9606.ENSP00000293745,1.55,5
9606.ENSP00000323074,1.55,1
9606.ENSP00000446101,1.54,1
9606.ENSP00000206262,1.54,1
9606.ENSP00000459028,1.54,1
9606.ENSP00000323929,1.54,1
9606.ENSP00000452796,1.54,1
9606.ENSP00000444565,1.54,1
9606.ENSP00000361160,1.54,1
9606.ENSP00000361177,1.53,5
9606.ENSP00000346916,1.53,3
9606.ENSP00000310490,1.53,1
9606.ENSP00000428182,1.52,2
9606.ENSP00000233535,1.52,1
9606.ENSP00000308716,1.52,1
9606.ENSP00000490240,1.52,1
9606.ENSP00000264431,1.51,4
9606.ENSP00000368079,1.51,4
9606.ENSP00000355747,1.51,1
9606.ENSP00000360829,1.5,2
9606.ENSP00000235372,1.5,1
9606.ENSP00000363161,1.5,1
9606.ENSP00000385721,1.5,2
9606.ENSP00000264380,1.5,1
9606.ENSP00000382104,1.49,2
9606.ENSP00000230053,1.49,1
9606.ENSP00000301019,1.49,2
9606.ENSP00000334044,1.49,2
9606.ENSP00000377043,1.49,3
9606.ENSP00000259365,1.49,1
9606.ENSP00000160373,1.49,19
9606.ENSP00000417601,1.49,1
9606.ENSP00000353538,1.49,2
9606.ENSP00000363193,1.49,2
9606.ENSP00000425556,1.48,1
9606.ENSP00000276416,1.48,1
9606.ENSP00000348821,1.48,2
9606.ENSP00000368314,1.48,2
9606.ENSP00000357565,1.47,5
9606.ENSP00000430271,1.47,1
9606.ENSP00000368511,1.47,1
9606.ENSP00000365959,1.47,1
9606.ENSP00000262407,1.47,1
9606.ENSP00000401535,1.46,1
9606.ENSP00000364035,1.46,2
9606.ENSP00000379310,1.46,2
9606.ENSP00000400921,1.46,2
9606.ENSP00000245680,1.46,2
9606.ENSP00000404079,1.46,2
9606.ENSP00000314992,1.45,1
9606.ENSP00000312767,1.45,1
9606.ENSP00000482063,1.45,1
9606.ENSP00000441954,1.45,2
9606.ENSP00000358894,1.44,3
9606.ENSP00000305465,1.44,2
9606.ENSP00000236137,1.43,1
9606.ENSP00000354376,1.43,1
9606.ENSP00000296721,1.43,1
9606.ENSP00000260526,1.43,4
9606.ENSP00000300527,1.43,1
9606.ENSP00000423665,1.42,10
9606.ENSP00000357323,1.42,1
9606.ENSP00000385610,1.42,2
9606.ENSP00000358478,1.41,1
9606.ENSP00000418748,1.4,1
9606.ENSP00000400887,1.39,3
9606.ENSP00000263372,1.39,2
9606.ENSP00000305769,1.39,2
9606.ENSP00000358200,1.39,1
9606.ENSP00000295414,1.38,1
9606.ENSP00000445043,1.38,8
9606.ENSP00000474204,1.38,4
9606.ENSP00000474388,1.38,4
9606.ENSP00000370713,1.38,1
9606.ENSP00000455308,1.37,1
9606.ENSP00000478026,1.37,2
9606.ENSP00000419378,1.37,1
9606.ENSP00000343377,1.37,2
9606.ENSP00000371886,1.37,2
9606.ENSP00000348416,1.37,3
9606.ENSP00000366271,1.36,2
9606.ENSP00000263666,1.35,1
9606.ENSP00000334216,1.35,1
9606.ENSP00000419539,1.35,4
9606.ENSP00000302719,1.35,1
9606.ENSP00000493323,1.35,1
9606.ENSP00000317674,1.34,1
9606.ENSP00000383178,1.34,2
9606.ENSP00000303398,1.34,1
9606.ENSP00000457168,1.34,2
9606.ENSP00000350036,1.33,2
9606.ENSP00000467931,1.33,2
9606.ENSP00000261609,1.33,5
9606.ENSP00000412869,1.33,2
9606.ENSP00000385216,1.33,1
9606.ENSP00000388910,1.32,5
9606.ENSP00000417289,1.32,4
9606.ENSP00000341280,1.32,2
9606.ENSP00000337797,1.32,1
9606.ENSP00000457205,1.32,1
9606.ENSP00000360822,1.31,1
9606.ENSP00000309501,1.31,3
9606.ENSP00000251643,1.31,5
9606.ENSP00000379057,1.31,3
9606.ENSP00000393511,1.31,2
9606.ENSP00000371341,1.3,1
9606.ENSP00000367446,1.3,1
9606.ENSP00000227065,1.3,2
9606.ENSP00000353401,1.3,1
9606.ENSP00000355028,1.29,2
9606.ENSP00000369677,1.29,1
9606.ENSP00000284694,1.29,1
9606.ENSP00000480914,1.28,1
9606.ENSP00000341083,1.28,3
9606.ENSP00000295872,1.28,1
9606.ENSP00000370394,1.28,2
9606.ENSP00000305924,1.28,1
9606.ENSP00000414068,1.27,1
9606.ENSP00000250111,1.27,1
9606.ENSP00000440982,1.26,6
9606.ENSP00000294600,1.26,1
9606.ENSP00000358092,1.26,1
9606.ENSP00000356579,1.26,2
9606.ENSP00000491427,1.26,2
9606.ENSP00000005284,1.26,1
9606.ENSP00000343741,1.25,2
9606.ENSP00000301295,1.25,1
9606.ENSP00000402608,1.25,5
9606.ENSP00000252050,1.25,1
9606.ENSP00000281419,1.25,2
9606.ENSP00000497069,1.25,1
9606.ENSP00000480221,1.24,2
9606.ENSP00000453293,1.24,1
9606.ENSP00000468354,1.24,1
9606.ENSP00000456543,1.24,1
9606.ENSP00000173898,1.24,1
9606.ENSP00000425394,1.24,2
9606.ENSP00000355500,1.24,1
9606.ENSP00000395587,1.23,4
9606.ENSP00000310338,1.23,1
9606.ENSP00000378635,1.23,1
9606.ENSP00000339826,1.23,1
9606.ENSP00000440207,1.22,2
9606.ENSP00000263650,1.22,2
9606.ENSP00000261866,1.22,2
9606.ENSP00000364449,1.22,1
9606.ENSP00000321997,1.22,1
9606.ENSP00000371532,1.22,1
9606.ENSP00000311505,1.22,3
9606.ENSP00000421280,1.22,5
9606.ENSP00000356832,1.22,3
9606.ENSP00000361298,1.21,2
9606.ENSP00000259324,1.21,1
9606.ENSP00000409016,1.21,1
9606.ENSP00000380793,1.21,1
9606.ENSP00000366628,1.2,2
9606.ENSP00000357791,1.2,1
9606.ENSP00000262940,1.2,6
9606.ENSP00000332592,1.2,2
9606.ENSP00000264036,1.2,2
9606.ENSP00000471077,1.2,1
9606.ENSP00000280020,1.2,1
9606.ENSP00000356047,1.19,2
9606.ENSP00000263791,1.19,1
9606.ENSP00000364145,1.19,2
9606.ENSP00000469391,1.19,2
9606.ENSP00000319730,1.18,2
9606.ENSP00000376955,1.18,3
9606.ENSP00000288490,1.18,1
9606.ENSP00000345716,1.18,1
9606.ENSP00000262113,1.18,2
9606.ENSP00000268695,1.18,1
9606.ENSP00000401513,1.18,4
9606.ENSP00000248846,1.17,1
9606.ENSP00000489630,1.17,1
9606.ENSP00000232375,1.16,2
9606.ENSP00000436773,1.16,1
9606.ENSP00000358590,1.15,3
9606.ENSP00000483523,1.15,2
9606.ENSP00000301332,1.14,3
9606.ENSP00000376849,1.14,1
9606.ENSP00000365160,1.14,1
9606.ENSP00000355133,1.13,3
9606.ENSP00000477509,1.13,1
9606.ENSP00000218316,1.13,1
9606.ENSP00000249389,1.12,1
9606.ENSP00000357494,1.12,5
9606.ENSP00000353422,1.12,2
9606.ENSP00000365174,1.12,1
9606.ENSP00000450444,1.12,1
9606.ENSP00000368356,1.12,4
9606.ENSP00000276603,1.11,1
9606.ENSP00000264664,1.1,1
9606.ENSP00000367300,1.1,2
9606.ENSP00000271640,1.1,1
9606.ENSP00000397133,1.1,1
9606.ENSP00000448419,1.1,2
9606.ENSP00000354645,1.09,1
9606.ENSP00000379387,1.09,2
9606.ENSP00000364277,1.09,6
9606.ENSP00000264870,1.09,2
9606.ENSP00000225983,1.08,1
9606.ENSP00000411096,1.08,12
9606.ENSP00000348757,1.08,3
9606.ENSP00000421917,1.07,7
9606.ENSP00000278198,1.07,1
9606.ENSP00000311684,1.07,3
9606.ENSP00000304290,1.07,1
9606.ENSP00000355923,1.07,1
9606.ENSP00000295408,1.07,1
9606.ENSP00000414150,1.06,1
9606.ENSP00000380165,1.06,3
9606.ENSP00000492001,1.06,2
9606.ENSP00000274963,1.06,5
9606.ENSP00000348472,1.06,1
9606.ENSP00000450040,1.05,6
9606.ENSP00000361306,1.05,1
9606.ENSP00000365318,1.05,2
9606.ENSP00000314724,1.05,4
9606.ENSP00000366984,1.05,3
9606.ENSP00000293255,1.05,3
9606.ENSP00000307959,1.05,12
9606.ENSP00000167588,1.04,3
9606.ENSP00000298552,1.04,1
9606.ENSP00000296657,1.04,2
9606.ENSP00000263576,1.04,1
9606.ENSP00000294618,1.03,4
9606.ENSP00000263967,1.03,1
9606.ENSP00000419654,1.03,3
9606.ENSP00000281441,1.03,1
9606.ENSP00000391488,1.03,2
9606.ENSP00000341539,1.03,1
9606.ENSP00000311695,1.03,1
9606.ENSP00000242315,1.03,4
9606.ENSP00000436975,1.03,1
9606.ENSP00000263707,1.03,1
9606.ENSP00000383431,1.02,2
9606.ENSP00000327545,1.02,1
9606.ENSP00000367343,1.02,2
9606.ENSP00000268638,1.01,1
9606.ENSP00000376035,1.01,1
9606.ENSP00000333942,1.01,1
9606.ENSP00000477973,1.01,2
9606.ENSP00000270458,1,1
9606.ENSP00000389395,1,1
9606.ENSP00000470323,0.998,1
9606.ENSP00000501092,0.997,2
9606.ENSP00000347583,0.994,1
9606.ENSP00000392257,0.991,1
9606.ENSP00000336775,0.991,2
9606.ENSP00000278935,0.99,1
9606.ENSP00000465759,0.988,3
9606.ENSP00000458537,0.988,1
9606.ENSP00000319883,0.987,2
9606.ENSP00000359240,0.987,2
9606.ENSP00000340594,0.977,2
9606.ENSP00000404296,0.975,1
9606.ENSP00000351185,0.973,1
9606.ENSP00000265381,0.973,1
9606.ENSP00000338728,0.969,2
9606.ENSP00000025008,0.968,2
9606.ENSP00000480524,0.967,3
9606.ENSP00000497256,0.967,2
9606.ENSP00000263073,0.966,3
9606.ENSP00000263991,0.965,2
9606.ENSP00000365807,0.965,2
9606.ENSP00000281928,0.965,1
9606.ENSP00000498662,0.964,1
9606.ENSP00000429367,0.958,1
9606.ENSP00000349781,0.958,1
9606.ENSP00000342604,0.95,3
9606.ENSP00000406723,0.949,3
9606.ENSP00000358802,0.948,1
9606.ENSP00000358739,0.946,1
9606.ENSP00000370057,0.945,4
9606.ENSP00000233242,0.943,7
9606.ENSP00000354964,0.942,1
9606.ENSP00000437468,0.939,3
9606.ENSP00000367476,0.939,1
9606.ENSP00000267569,0.937,1
9606.ENSP00000497271,0.933,2
9606.ENSP00000340677,0.932,1
9606.ENSP00000356169,0.928,1
9606.ENSP00000410890,0.927,1
9606.ENSP00000477613,0.924,1
9606.ENSP00000309245,0.924,2
9606.ENSP00000413150,0.922,1
9606.ENSP00000299088,0.92,1
9606.ENSP00000458065,0.92,1
9606.ENSP00000378312,0.916,1
9606.ENSP00000266041,0.916,5
9606.ENSP00000289921,0.911,1
9606.ENSP00000495360,0.908,1
9606.ENSP00000322339,0.902,2
9606.ENSP00000348673,0.901,1
9606.ENSP00000483312,0.9,4
9606.ENSP00000350267,0.899,1
9606.ENSP00000361405,0.897,3
9606.ENSP00000278612,0.897,1
9606.ENSP00000393392,0.896,3
9606.ENSP00000344155,0.896,9
9606.ENSP00000356437,0.894,1
9606.ENSP00000481780,0.893,2
9606.ENSP00000356560,0.89,1
9606.ENSP00000330031,0.887,1
9606.ENSP00000373489,0.885,6
9606.ENSP00000413001,0.885,2
9606.ENSP00000360244,0.884,1
9606.ENSP00000269703,0.884,1
9606.ENSP00000450895,0.883,1
9606.ENSP00000253063,0.881,2
9606.ENSP00000354683,0.879,3
9606.ENSP00000426354,0.879,1
9606.ENSP00000316130,0.878,1
9606.ENSP00000380785,0.875,1
9606.ENSP00000380781,0.873,1
9606.ENSP00000354432,0.873,2
9606.ENSP00000480376,0.872,3
9606.ENSP00000478478,0.87,3
9606.ENSP00000386711,0.87,2
9606.ENSP00000216237,0.868,1
9606.ENSP00000222329,0.867,1
9606.ENSP00000345809,0.866,3
9606.ENSP00000469686,0.863,1
9606.ENSP00000252826,0.862,2
9606.ENSP00000320217,0.861,1
9606.ENSP00000362643,0.86,1
9606.ENSP00000308938,0.859,6
9606.ENSP00000371233,0.857,1
9606.ENSP00000437271,0.856,1
9606.ENSP00000469958,0.855,1
9606.ENSP00000415464,0.854,2
9606.ENSP00000290583,0.854,1
9606.ENSP00000314556,0.853,1
9606.ENSP00000472160,0.853,1
9606.ENSP00000467107,0.852,3
9606.ENSP00000359370,0.852,2
9606.ENSP00000462980,0.852,4
9606.ENSP00000334798,0.851,2
9606.ENSP00000453704,0.848,1
9606.ENSP00000267843,0.847,1
9606.ENSP00000351475,0.846,1
9606.ENSP00000359691,0.845,1
9606.ENSP00000476820,0.845,2
9606.ENSP00000484105,0.844,1
9606.ENSP00000442788,0.841,5
9606.ENSP00000500633,0.837,1
9606.ENSP00000216294,0.834,1
9606.ENSP00000287474,0.833,2
9606.ENSP00000477344,0.827,1
9606.ENSP00000322408,0.826,4
9606.ENSP00000481859,0.825,2
9606.ENSP00000344929,0.822,1
9606.ENSP00000494147,0.819,4
9606.ENSP00000277225,0.819,1
9606.ENSP00000260283,0.819,4
9606.ENSP00000363068,0.818,2
9606.ENSP00000369291,0.818,1
9606.ENSP00000367355,0.818,1
9606.ENSP00000256190,0.817,2
9606.ENSP00000272839,0.813,1
9606.ENSP00000477597,0.81,1
9606.ENSP00000374071,0.806,1
9606.ENSP00000283025,0.805,1
9606.ENSP00000265074,0.804,2
9606.ENSP00000338785,0.804,4
9606.ENSP00000384211,0.802,1
9606.ENSP00000360046,0.8,1
9606.ENSP00000328269,0.799,1
9606.ENSP00000307549,0.799,1
9606.ENSP00000401678,0.794,3
9606.ENSP00000331736,0.793,1
9606.ENSP00000294725,0.793,2
9606.ENSP00000411197,0.792,2
9606.ENSP00000306138,0.788,2
9606.ENSP00000379804,0.787,1
9606.ENSP00000279024,0.786,1
9606.ENSP00000491507,0.785,3
9606.ENSP00000247930,0.784,1
9606.ENSP00000360231,0.784,1
9606.ENSP00000265295,0.784,1
9606.ENSP00000496564,0.783,5
9606.ENSP00000443459,0.783,1
9606.ENSP00000249750,0.782,2
9606.ENSP00000377508,0.781,1
9606.ENSP00000483673,0.778,3
9606.ENSP00000263408,0.777,1
9606.ENSP00000243786,0.777,2
9606.ENSP00000332256,0.776,2
9606.ENSP00000253079,0.776,2
9606.ENSP00000479617,0.775,1
9606.ENSP00000353010,0.774,2
9606.ENSP00000353770,0.77,1
9606.ENSP00000428746,0.769,8
9606.ENSP00000352962,0.768,1
9606.ENSP00000350358,0.767,2
9606.ENSP00000417401,0.764,2
9606.ENSP00000334314,0.764,2
9606.ENSP00000357175,0.764,1
9606.ENSP00000345988,0.762,1
9606.ENSP00000004982,0.76,1
9606.ENSP00000276816,0.758,1
9606.ENSP00000334122,0.758,1
9606.ENSP00000376204,0.757,3
9606.ENSP00000349640,0.756,2
9606.ENSP00000370340,0.756,1
9606.ENSP00000345151,0.755,1
9606.ENSP00000392936,0.755,1
9606.ENSP00000498260,0.753,1
9606.ENSP00000381007,0.752,4
9606.ENSP00000307634,0.75,1
9606.ENSP00000450244,0.746,4
9606.ENSP00000333926,0.746,2
9606.ENSP00000327213,0.745,2
9606.ENSP00000396843,0.744,1
9606.ENSP00000414909,0.735,1
9606.ENSP00000442460,0.734,1
9606.ENSP00000498700,0.734,1
9606.ENSP00000299320,0.731,4
9606.ENSP00000324419,0.73,1
9606.ENSP00000306760,0.73,1
9606.ENSP00000447241,0.725,1
9606.ENSP00000322570,0.721,1
9606.ENSP00000346667,0.721,2
9606.ENSP00000229771,0.718,1
9606.ENSP00000420237,0.717,1
9606.ENSP00000264649,0.716,1
9606.ENSP00000302108,0.715,1
9606.ENSP00000297532,0.715,2
9606.ENSP00000384588,0.715,1
9606.ENSP00000331907,0.712,2
9606.ENSP00000319974,0.711,2
9606.ENSP00000377115,0.705,1
9606.ENSP00000255087,0.704,2
9606.ENSP00000396345,0.702,5
9606.ENSP00000355927,0.698,2
9606.ENSP00000327009,0.697,2
9606.ENSP00000362372,0.696,2
9606.ENSP00000355837,0.695,2
9606.ENSP00000269856,0.695,1
9606.ENSP00000315070,0.692,1
9606.ENSP00000469455,0.692,1
9606.ENSP00000329170,0.691,1
9606.ENSP00000297313,0.688,1
9606.ENSP00000445772,0.687,1
9606.ENSP00000304586,0.687,2
9606.ENSP00000262210,0.686,2
9606.ENSP00000395244,0.686,1
9606.ENSP00000276185,0.685,1
9606.ENSP00000264651,0.684,6
9606.ENSP00000474988,0.682,1
9606.ENSP00000355720,0.682,4
9606.ENSP00000354671,0.68,2
9606.ENSP00000471683,0.678,1
9606.ENSP00000379176,0.678,2
9606.ENSP00000325091,0.676,1
9606.ENSP00000226207,0.675,14
9606.ENSP00000317310,0.673,3
9606.ENSP00000320209,0.67,1
9606.ENSP00000367173,0.668,1
9606.ENSP00000362727,0.666,1
9606.ENSP00000345295,0.666,1
9606.ENSP00000298139,0.666,5
9606.ENSP00000309595,0.664,1
9606.ENSP00000482899,0.663,1
9606.ENSP00000257694,0.658,1
9606.ENSP00000242208,0.652,1
9606.ENSP00000347712,0.651,1
9606.ENSP00000348349,0.651,2
9606.ENSP00000339299,0.65,1
9606.ENSP00000290418,0.649,1
9606.ENSP00000364550,0.648,2
9606.ENSP00000351075,0.648,1
9606.ENSP00000267119,0.647,4
9606.ENSP00000365884,0.647,2
9606.ENSP00000297857,0.646,1
9606.ENSP00000306340,0.645,2
9606.ENSP00000404705,0.644,1
9606.ENSP00000356104,0.644,2
9606.ENSP00000307240,0.642,4
9606.ENSP00000228567,0.641,1
9606.ENSP00000251363,0.638,1
9606.ENSP00000434241,0.638,1
9606.ENSP00000307014,0.637,4
9606.ENSP00000391788,0.633,2
9606.ENSP00000454407,0.633,3
9606.ENSP00000259371,0.632,3
9606.ENSP00000439479,0.626,1
9606.ENSP00000413152,0.623,1
9606.ENSP00000383212,0.621,2
9606.ENSP00000249330,0.62,6
9606.ENSP00000417182,0.619,2
9606.ENSP00000350547,0.617,1
9606.ENSP00000315465,0.616,1
9606.ENSP00000234701,0.614,1
9606.ENSP00000296575,0.612,2
9606.ENSP00000444411,0.611,1
9606.ENSP00000396593,0.61,1
9606.ENSP00000265036,0.61,1
9606.ENSP00000367644,0.605,1
9606.ENSP00000446917,0.605,1
9606.ENSP00000309836,0.604,1
9606.ENSP00000367315,0.604,3
9606.ENSP00000498424,0.604,1
9606.ENSP00000298355,0.603,1
9606.ENSP00000495214,0.602,2
9606.ENSP00000357315,0.601,1
9606.ENSP00000448012,0.6,1
9606.ENSP00000496982,0.595,1
9606.ENSP00000355583,0.594,2
9606.ENSP00000387694,0.593,1
9606.ENSP00000293879,0.592,2
9606.ENSP00000276440,0.587,2
9606.ENSP00000317272,0.587,1
9606.ENSP00000407761,0.586,1
9606.ENSP00000380367,0.584,13
9606.ENSP00000284061,0.583,1
9606.ENSP00000349547,0.582,1
9606.ENSP00000276449,0.582,1
9606.ENSP00000478609,0.581,1
9606.ENSP00000264926,0.58,1
9606.ENSP00000496007,0.579,3
9606.ENSP00000356984,0.578,2
9606.ENSP00000395538,0.576,2
9606.ENSP00000371110,0.572,1
9606.ENSP00000263686,0.572,1
9606.ENSP00000369440,0.57,1
9606.ENSP00000245923,0.57,1
9606.ENSP00000376132,0.569,2
9606.ENSP00000379612,0.568,1
9606.ENSP00000258499,0.567,1
9606.ENSP00000328547,0.567,1
9606.ENSP00000255381,0.567,11
9606.ENSP00000330237,0.566,1
9606.ENSP00000482819,0.565,2
9606.ENSP00000478179,0.564,1
9606.ENSP00000338127,0.564,1
9606.ENSP00000392028,0.564,5
9606.ENSP00000340519,0.563,1
9606.ENSP00000415769,0.563,1
9606.ENSP00000264399,0.561,3
9606.ENSP00000404570,0.56,11
9606.ENSP00000427211,0.56,1
9606.ENSP00000319651,0.56,1
9606.ENSP00000318423,0.557,1
9606.ENSP00000369373,0.549,1
9606.ENSP00000360793,0.548,2
9606.ENSP00000471000,0.545,1
9606.ENSP00000432481,0.54,1
9606.ENSP00000405111,0.539,2
9606.ENSP00000262461,0.539,2
9606.ENSP00000358001,0.538,3
9606.ENSP00000354251,0.538,2
9606.ENSP00000234488,0.536,1
9606.ENSP00000378195,0.535,1
9606.ENSP00000309132,0.535,1
9606.ENSP00000271971,0.534,1
9606.ENSP00000270349,0.534,1
9606.ENSP00000352035,0.534,1
9606.ENSP00000343930,0.533,1
9606.ENSP00000356621,0.532,3
9606.ENSP00000390158,0.532,7
9606.ENSP00000427018,0.528,1
9606.ENSP00000431418,0.528,1
9606.ENSP00000234389,0.527,2
9606.ENSP00000237536,0.526,4
9606.ENSP00000229769,0.525,1
9606.ENSP00000365080,0.524,1
9606.ENSP00000308149,0.523,1
9606.ENSP00000254579,0.522,1
9606.ENSP00000246801,0.521,2
9606.ENSP00000442736,0.519,2
9606.ENSP00000264956,0.519,6
9606.ENSP00000243776,0.518,4
9606.ENSP00000483764,0.517,2
9606.ENSP00000265131,0.515,1
9606.ENSP00000362799,0.513,1
9606.ENSP00000442954,0.512,1
9606.ENSP00000359485,0.51,1
9606.ENSP00000375653,0.51,1
9606.ENSP00000294244,0.509,2
9606.ENSP00000435299,0.509,1
9606.ENSP00000306678,0.508,2
9606.ENSP00000374135,0.508,1
9606.ENSP00000358363,0.504,1
9606.ENSP00000498660,0.502,2
9606.ENSP00000268699,0.5,1
9606.ENSP00000262198,0.497,1
9606.ENSP00000384376,0.497,5
9606.ENSP00000387822,0.495,1
9606.ENSP00000376333,0.495,1
9606.ENSP00000287239,0.493,2
9606.ENSP00000373854,0.489,1
9606.ENSP00000344087,0.488,1
9606.ENSP00000339824,0.487,2
9606.ENSP00000209718,0.486,2
9606.ENSP00000252744,0.485,1
9606.ENSP00000302629,0.484,1
9606.ENSP00000356379,0.484,1
9606.ENSP00000332969,0.482,2
9606.ENSP00000498999,0.479,4
9606.ENSP00000253697,0.478,3
9606.ENSP00000358815,0.476,1
9606.ENSP00000472109,0.475,1
9606.ENSP00000155926,0.474,1
9606.ENSP00000265334,0.471,2
9606.ENSP00000271277,0.471,1
9606.ENSP00000309606,0.471,1
9606.ENSP00000384330,0.47,10
9606.ENSP00000254190,0.47,1
9606.ENSP00000310561,0.47,2
9606.ENSP00000350195,0.468,1
9606.ENSP00000347507,0.467,10
9606.ENSP00000386041,0.466,10
9606.ENSP00000389014,0.465,2
9606.ENSP00000252597,0.463,1
9606.ENSP00000436042,0.463,1
9606.ENSP00000265104,0.463,2
9606.ENSP00000227451,0.462,1
9606.ENSP00000334300,0.461,2
9606.ENSP00000465630,0.46,1
9606.ENSP00000449137,0.46,1
9606.ENSP00000429344,0.46,1
9606.ENSP00000330753,0.459,2
9606.ENSP00000464317,0.457,10
9606.ENSP00000309572,0.457,2
9606.ENSP00000262442,0.456,3
9606.ENSP00000302620,0.454,1
9606.ENSP00000382323,0.453,1
9606.ENSP00000263556,0.452,1
9606.ENSP00000369318,0.452,1
9606.ENSP00000265709,0.451,1
9606.ENSP00000371018,0.45,1
9606.ENSP00000291906,0.45,1
9606.ENSP00000342637,0.45,3
9606.ENSP00000336127,0.449,2
9606.ENSP00000389998,0.447,1
9606.ENSP00000482245,0.446,1
9606.ENSP00000285928,0.446,1
9606.ENSP00000356581,0.445,1
9606.ENSP00000359052,0.441,1
9606.ENSP00000373450,0.44,1
9606.ENSP00000494051,0.437,1
9606.ENSP00000341947,0.437,2
9606.ENSP00000325785,0.436,1
9606.ENSP00000354826,0.435,1
9606.ENSP00000396225,0.434,1
9606.ENSP00000307831,0.434,1
9606.ENSP00000497174,0.433,1
9606.ENSP00000380517,0.433,1
9606.ENSP00000332148,0.431,1
9606.ENSP00000391101,0.43,2
9606.ENSP00000362217,0.429,1
9606.ENSP00000324857,0.428,1
9606.ENSP00000349856,0.427,2
9606.ENSP00000353767,0.426,1
9606.ENSP00000378492,0.426,1
9606.ENSP00000340839,0.424,1
9606.ENSP00000481149,0.423,1
9606.ENSP00000381981,0.423,1
9606.ENSP00000255304,0.423,1
9606.ENSP00000255198,0.422,1
9606.ENSP00000217289,0.421,1
9606.ENSP00000246112,0.421,4
9606.ENSP00000397312,0.42,1
9606.ENSP00000410746,0.418,2
9606.ENSP00000351155,0.418,1
9606.ENSP00000373566,0.417,6
9606.ENSP00000320232,0.417,4
9606.ENSP00000421489,0.415,1
9606.ENSP00000428756,0.415,1
9606.ENSP00000342858,0.414,1
9606.ENSP00000343002,0.414,1
9606.ENSP00000274487,0.412,1
9606.ENSP00000371994,0.411,2
9606.ENSP00000322730,0.41,1
9606.ENSP00000306473,0.408,1
9606.ENSP00000278590,0.407,1
9606.ENSP00000386881,0.404,3
9606.ENSP00000444747,0.403,1
9606.ENSP00000370719,0.401,1
9606.ENSP00000218721,0.4,1
9606.ENSP00000373827,0.399,2
9606.ENSP00000497806,0.398,1
9606.ENSP00000263379,0.397,1
9606.ENSP00000343818,0.396,2
9606.ENSP00000338769,0.393,1
9606.ENSP00000303540,0.39,2
9606.ENSP00000489770,0.39,1
9606.ENSP00000326340,0.39,1
9606.ENSP00000264712,0.389,1
9606.ENSP00000454919,0.388,1
9606.ENSP00000360293,0.386,1
9606.ENSP00000262961,0.386,1
9606.ENSP00000357881,0.385,1
9606.ENSP00000373700,0.384,2
9606.ENSP00000347823,0.382,2
9606.ENSP00000392066,0.382,1
9606.ENSP00000391692,0.382,1
9606.ENSP00000347821,0.382,1
9606.ENSP00000354497,0.376,1
9606.ENSP00000370826,0.375,2
9606.ENSP00000353717,0.373,1
9606.ENSP00000358696,0.373,1
9606.ENSP00000499676,0.372,1
9606.ENSP00000337998,0.372,2
9606.ENSP00000437532,0.371,1
9606.ENSP00000397351,0.369,1
9606.ENSP00000355751,0.366,1
9606.ENSP00000382356,0.366,1
9606.ENSP00000374443,0.365,4
9606.ENSP00000372351,0.365,1
9606.ENSP00000354091,0.364,1
9606.ENSP00000305221,0.362,1
9606.ENSP00000355316,0.361,1
9606.ENSP00000377061,0.358,1
9606.ENSP00000316605,0.358,1
9606.ENSP00000312706,0.357,1
9606.ENSP00000355925,0.357,1
9606.ENSP00000367638,0.356,1
9606.ENSP00000297792,0.354,1
9606.ENSP00000378881,0.354,1
9606.ENSP00000386869,0.351,2
9606.ENSP00000359552,0.35,1
9606.ENSP00000292246,0.35,1
9606.ENSP00000362018,0.35,1
9606.ENSP00000349588,0.349,3
9606.ENSP00000002829,0.349,1
9606.ENSP00000347444,0.342,1
9606.ENSP00000488642,0.339,1
9606.ENSP00000248306,0.337,1
9606.ENSP00000324560,0.336,1
9606.ENSP00000475939,0.335,5
9606.ENSP00000441913,0.334,1
9606.ENSP00000205214,0.333,1
9606.ENSP00000418983,0.333,1
9606.ENSP00000394794,0.332,2
9606.ENSP00000261503,0.33,1
9606.ENSP00000228606,0.329,1
9606.ENSP00000370962,0.328,1
9606.ENSP00000258526,0.327,2
9606.ENSP00000262189,0.327,1
9606.ENSP00000239462,0.325,1
9606.ENSP00000493790,0.325,1
9606.ENSP00000466399,0.325,2
9606.ENSP00000377934,0.324,1
9606.ENSP00000265343,0.319,1
9606.ENSP00000412461,0.317,2
9606.ENSP00000258428,0.317,1
9606.ENSP00000455507,0.316,3
9606.ENSP00000360916,0.315,2
9606.ENSP00000383851,0.315,1
9606.ENSP00000386213,0.313,2
9606.ENSP00000297954,0.311,1
9606.ENSP00000296266,0.311,1
9606.ENSP00000320648,0.307,1
9606.ENSP00000367459,0.307,1
9606.ENSP00000437775,0.303,1
9606.ENSP00000321334,0.303,6
9606.ENSP00000378611,0.302,2
9606.ENSP00000373518,0.301,1
9606.ENSP00000278836,0.301,1
9606.ENSP00000501254,0.3,1
9606.ENSP00000386862,0.3,1
9606.ENSP00000352138,0.299,2
9606.ENSP00000498611,0.298,1
9606.ENSP00000363089,0.298,1
9606.ENSP00000407552,0.297,1
9606.ENSP00000359171,0.297,1
9606.ENSP00000255006,0.297,1
9606.ENSP00000451998,0.296,2
9606.ENSP00000166345,0.295,1
9606.ENSP00000266376,0.294,1
9606.ENSP00000370213,0.292,1
9606.ENSP00000239440,0.291,1
9606.ENSP00000353854,0.29,1
9606.ENSP00000411821,0.29,1
9606.ENSP00000424226,0.288,4
9606.ENSP00000353332,0.286,1
9606.ENSP00000381549,0.284,1
9606.ENSP00000283303,0.284,1
9606.ENSP00000385695,0.284,1
9606.ENSP00000350032,0.284,1
9606.ENSP00000402510,0.284,1
9606.ENSP00000499569,0.283,1
9606.ENSP00000386200,0.283,1
9606.ENSP00000373433,0.281,1
9606.ENSP00000357206,0.281,1
9606.ENSP00000380856,0.281,1
9606.ENSP00000355082,0.281,2
9606.ENSP00000473990,0.28,1
9606.ENSP00000497110,0.28,1
9606.ENSP00000497613,0.279,1
9606.ENSP00000260702,0.278,1
9606.ENSP00000348842,0.277,2
9606.ENSP00000401306,0.277,3
9606.ENSP00000289746,0.275,1
9606.ENSP00000478104,0.275,1
9606.ENSP00000311273,0.274,1
9606.ENSP00000368666,0.272,1
9606.ENSP00000263674,0.272,1
9606.ENSP00000381876,0.271,2
9606.ENSP00000352208,0.27,2
9606.ENSP00000385025,0.27,1
9606.ENSP00000368727,0.268,1
9606.ENSP00000392410,0.268,1
9606.ENSP00000437554,0.267,1
9606.ENSP00000313443,0.267,1
9606.ENSP00000333203,0.267,1
9606.ENSP00000421377,0.266,2
9606.ENSP00000313158,0.265,1
9606.ENSP00000364493,0.262,1
9606.ENSP00000466834,0.261,1
9606.ENSP00000375582,0.261,1
9606.ENSP00000456348,0.26,1
9606.ENSP00000290607,0.26,2
9606.ENSP00000311319,0.259,1
9606.ENSP00000252999,0.258,3
9606.ENSP00000361275,0.256,1
9606.ENSP00000308944,0.254,1
9606.ENSP00000363259,0.253,2
9606.ENSP00000257981,0.253,1
9606.ENSP00000435582,0.251,1
9606.ENSP00000260191,0.249,1
9606.ENSP00000317790,0.246,3
9606.ENSP00000403954,0.246,3
9606.ENSP00000251102,0.246,1
9606.ENSP00000293441,0.244,1
9606.ENSP00000385450,0.243,1
9606.ENSP00000345133,0.242,2
9606.ENSP00000295709,0.241,2
9606.ENSP00000374323,0.241,1
9606.ENSP00000278550,0.241,3
9606.ENSP00000321812,0.241,1
9606.ENSP00000347730,0.239,1
9606.ENSP00000371923,0.238,1
9606.ENSP00000345479,0.236,1
9606.ENSP00000357905,0.236,1
9606.ENSP00000405405,0.234,1
9606.ENSP00000493946,0.233,2
9606.ENSP00000369325,0.233,2
9606.ENSP00000340776,0.233,1
9606.ENSP00000473091,0.233,1
9606.ENSP00000303434,0.233,1
9606.ENSP00000424737,0.233,1
9606.ENSP00000270649,0.23,1
9606.ENSP00000337510,0.228,1
9606.ENSP00000304956,0.228,1
9606.ENSP00000353114,0.227,1
9606.ENSP00000368164,0.224,1
9606.ENSP00000500339,0.222,1
9606.ENSP00000392906,0.221,1
9606.ENSP00000336747,0.22,1
9606.ENSP00000263805,0.22,1
9606.ENSP00000309767,0.218,1
9606.ENSP00000381486,0.217,1
9606.ENSP00000302530,0.217,2
9606.ENSP00000310431,0.216,1
9606.ENSP00000460380,0.214,1
9606.ENSP00000255324,0.213,1
9606.ENSP00000349768,0.213,2
9606.ENSP00000382895,0.211,1
9606.ENSP00000480476,0.211,1
9606.ENSP00000448062,0.21,1
9606.ENSP00000406012,0.21,2
9606.ENSP00000346151,0.209,1
9606.ENSP00000417061,0.209,1
9606.ENSP00000498784,0.208,1
9606.ENSP00000324020,0.207,1
9606.ENSP00000450853,0.205,1
9606.ENSP00000457689,0.205,1
9606.ENSP00000456953,0.205,1
9606.ENSP00000281282,0.205,1
9606.ENSP00000287647,0.204,1
9606.ENSP00000417138,0.204,1
9606.ENSP00000359630,0.204,1
9606.ENSP00000440402,0.202,1
9606.ENSP00000341942,0.202,1
9606.ENSP00000342974,0.201,1
9606.ENSP00000363921,0.201,1
9606.ENSP00000384084,0.201,1
9606.ENSP00000437188,0.2,2
9606.ENSP00000263563,0.2,1
9606.ENSP00000342169,0.2,1
9606.ENSP00000297785,0.199,1
9606.ENSP00000361467,0.197,2
9606.ENSP00000262316,0.195,1
9606.ENSP00000222345,0.195,3
9606.ENSP00000484342,0.194,1
9606.ENSP00000483103,0.192,1
9606.ENSP00000347997,0.192,1
9606.ENSP00000362139,0.191,1
9606.ENSP00000481684,0.189,1
9606.ENSP00000281321,0.187,1
9606.ENSP00000269299,0.187,1
9606.ENSP00000340610,0.186,1
9606.ENSP00000351856,0.185,1
9606.ENSP00000335463,0.185,2
9606.ENSP00000478796,0.184,1
9606.ENSP00000339182,0.182,1
9606.ENSP00000268989,0.182,1
9606.ENSP00000354483,0.18,1
9606.ENSP00000311290,0.18,1
9606.ENSP00000381430,0.179,1
9606.ENSP00000492745,0.179,1
9606.ENSP00000366783,0.176,2
9606.ENSP00000300896,0.174,1
9606.ENSP00000374490,0.174,2
9606.ENSP00000349147,0.173,1
9606.ENSP00000257934,0.172,4
9606.ENSP00000328228,0.171,1
9606.ENSP00000358495,0.17,1
9606.ENSP00000349143,0.169,1
9606.ENSP00000491504,0.169,1
9606.ENSP00000394352,0.168,1
9606.ENSP00000467141,0.168,13
9606.ENSP00000263800,0.168,1
9606.ENSP00000426848,0.168,1
9606.ENSP00000309714,0.168,1
9606.ENSP00000447378,0.167,1
9606.ENSP00000359940,0.166,1
9606.ENSP00000352608,0.166,2
9606.ENSP00000482600,0.165,1
9606.ENSP00000369129,0.165,2
9606.ENSP00000303490,0.165,1
9606.ENSP00000315659,0.164,1
9606.ENSP00000493555,0.164,1
9606.ENSP00000410545,0.162,1
9606.ENSP00000312158,0.161,1
9606.ENSP00000056217,0.161,1
9606.ENSP00000254657,0.16,1
9606.ENSP00000469998,0.159,1
9606.ENSP00000410466,0.159,1
9606.ENSP00000351338,0.159,1
9606.ENSP00000317382,0.158,1
9606.ENSP00000347649,0.158,1
9606.ENSP00000354917,0.156,1
9606.ENSP00000303511,0.156,1
9606.ENSP00000419126,0.156,1
9606.ENSP00000371729,0.155,2
9606.ENSP00000335614,0.155,1
9606.ENSP00000299698,0.154,1
9606.ENSP00000374409,0.154,1
9606.ENSP00000451263,0.153,1
9606.ENSP00000429553,0.152,1
9606.ENSP00000328397,0.151,1
9606.ENSP00000226382,0.15,1
9606.ENSP00000481917,0.149,1
9606.ENSP00000295888,0.149,1
9606.ENSP00000298910,0.149,1
9606.ENSP00000402584,0.148,1
9606.ENSP00000374309,0.148,1
9606.ENSP00000441858,0.147,1
9606.ENSP00000297405,0.147,1
9606.ENSP00000332164,0.144,1
9606.ENSP00000324856,0.144,1
9606.ENSP00000340510,0.143,2
9606.ENSP00000260723,0.143,1
9606.ENSP00000228936,0.141,1
9606.ENSP00000358994,0.14,1
9606.ENSP00000317128,0.139,1
9606.ENSP00000296091,0.139,1
9606.ENSP00000342002,0.138,1
9606.ENSP00000377708,0.138,1
9606.ENSP00000498499,0.137,1
9606.ENSP00000258229,0.136,2
9606.ENSP00000422591,0.136,1
9606.ENSP00000355384,0.133,1
9606.ENSP00000354923,0.132,6
9606.ENSP00000427555,0.132,1
9606.ENSP00000473941,0.131,1
9606.ENSP00000450456,0.129,1
9606.ENSP00000332750,0.129,1
9606.ENSP00000274361,0.129,1
9606.ENSP00000334853,0.128,1
9606.ENSP00000352288,0.127,1
9606.ENSP00000287380,0.123,1
9606.ENSP00000334714,0.123,2
9606.ENSP00000452634,0.122,1
9606.ENSP00000322300,0.122,1
9606.ENSP00000370896,0.122,1
9606.ENSP00000264501,0.122,2
9606.ENSP00000431759,0.121,1
9606.ENSP00000239461,0.12,1
9606.ENSP00000302814,0.119,1
9606.ENSP00000419457,0.117,2
9606.ENSP00000445135,0.117,1
9606.ENSP00000316881,0.116,1
9606.ENSP00000385019,0.116,1
9606.ENSP00000383376,0.111,1
9606.ENSP00000354109,0.111,1
9606.ENSP00000266025,0.111,1
9606.ENSP00000325018,0.11,1
9606.ENSP00000392423,0.109,1
9606.ENSP00000464162,0.109,1
9606.ENSP00000269973,0.109,1
9606.ENSP00000331741,0.108,1
9606.ENSP00000363254,0.108,1
9606.ENSP00000253458,0.107,1
9606.ENSP00000387091,0.105,1
9606.ENSP00000485033,0.105,1
9606.ENSP00000367705,0.104,1
9606.ENSP00000265379,0.102,1
9606.ENSP00000363593,0.101,1
9606.ENSP00000497310,0.1,1
9606.ENSP00000450337,0.099,1
9606.ENSP00000234392,0.099,1
9606.ENSP00000450962,0.098,1
9606.ENSP00000267889,0.098,1
9606.ENSP00000312385,0.096,1
9606.ENSP00000240364,0.095,1
9606.ENSP00000370990,0.093,1
9606.ENSP00000222718,0.093,1
9606.ENSP00000298231,0.093,1
9606.ENSP00000361547,0.092,1
9606.ENSP00000358207,0.091,1
9606.ENSP00000330696,0.089,1
9606.ENSP00000273814,0.089,1
9606.ENSP00000418268,0.089,1
9606.ENSP00000270645,0.088,1
9606.ENSP00000428280,0.088,1
9606.ENSP00000418875,0.087,1
9606.ENSP00000326598,0.087,1
9606.ENSP00000328059,0.087,1
9606.ENSP00000374240,0.087,1
9606.ENSP00000334813,0.086,1
9606.ENSP00000477829,0.085,1
9606.ENSP00000370337,0.085,1
9606.ENSP00000360431,0.084,1
9606.ENSP00000380421,0.084,1
9606.ENSP00000262525,0.084,1
9606.ENSP00000272203,0.083,1
9606.ENSP00000272371,0.083,1
9606.ENSP00000363827,0.083,2
9606.ENSP00000442439,0.082,1
9606.ENSP00000496168,0.081,1
9606.ENSP00000419266,0.081,1
9606.ENSP00000258106,0.08,1
9606.ENSP00000360811,0.08,1
9606.ENSP00000354733,0.077,1
9606.ENSP00000322361,0.076,1
9606.ENSP00000315417,0.076,1
9606.ENSP00000390630,0.075,1
9606.ENSP00000479326,0.075,1
9606.ENSP00000483386,0.075,1
9606.ENSP00000498217,0.074,1
9606.ENSP00000470239,0.074,1
9606.ENSP00000244333,0.072,1
9606.ENSP00000354991,0.072,1
9606.ENSP00000261731,0.072,1
9606.ENSP00000361669,0.072,1
9606.ENSP00000295886,0.071,1
9606.ENSP00000355870,0.071,1
9606.ENSP00000263726,0.07,1
9606.ENSP00000243077,0.07,2
9606.ENSP00000485238,0.07,1
9606.ENSP00000314480,0.068,1
9606.ENSP00000386331,0.067,1
9606.ENSP00000366827,0.065,1
9606.ENSP00000355922,0.064,1
9606.ENSP00000312946,0.064,1
9606.ENSP00000369816,0.063,1
9606.ENSP00000496870,0.063,1
9606.ENSP00000253055,0.062,1
9606.ENSP00000295550,0.061,1
9606.ENSP00000357581,0.059,1
9606.ENSP00000467537,0.058,1
9606.ENSP00000324763,0.058,1
9606.ENSP00000412292,0.058,1
9606.ENSP00000349568,0.058,1
9606.ENSP00000339208,0.057,1
9606.ENSP00000365899,0.057,1
9606.ENSP00000485357,0.056,1
9606.ENSP00000381008,0.056,2
9606.ENSP00000261980,0.054,1
9606.ENSP00000500237,0.052,1
9606.ENSP00000495481,0.051,1
9606.ENSP00000219406,0.051,1
9606.ENSP00000367794,0.05,1
9606.ENSP00000221496,0.046,1
9606.ENSP00000221891,0.046,1
9606.ENSP00000368332,0.045,1
9606.ENSP00000222399,0.044,1
9606.ENSP00000384164,0.042,1
9606.ENSP00000342144,0.041,1
9606.ENSP00000280481,0.037,1
9606.ENSP00000299238,0.036,1
9606.ENSP00000427882,0.034,1
9606.ENSP00000288135,0.034,1
9606.ENSP00000357669,0.026,1
9606.ENSP00000406482,0.018,1
9606.ENSP00000296452,0.014,1
