string_external_id,abundance,raw_spectral_count
9606.ENSP00000458162,13827,11313
9606.ENSP00000494750,13827,11313
9606.ENSP00000225655,10938,1554
9606.ENSP00000380070,9339,1927
9606.ENSP00000219150,8000,1701
9606.ENSP00000381581,7163,4247
9606.ENSP00000419425,6644,896
9606.ENSP00000432660,6198,1065
9606.ENSP00000355228,5854,119
9606.ENSP00000355780,5418,812
9606.ENSP00000254810,5418,812
9606.ENSP00000446007,5192,2212
9606.ENSP00000370010,5086,41
9606.ENSP00000357727,4946,533
9606.ENSP00000353408,4685,2616
9606.ENSP00000346694,4677,1140
9606.ENSP00000379287,4524,1091
9606.ENSP00000228945,4416,489
9606.ENSP00000345347,4327,484
9606.ENSP00000365147,4273,651
9606.ENSP00000495530,4096,1804
9606.ENSP00000346550,3752,2098
9606.ENSP00000339063,3393,1215
9606.ENSP00000252244,3228,1800
9606.ENSP00000367220,3216,665
9606.ENSP00000216181,3139,5671
9606.ENSP00000229270,2957,862
9606.ENSP00000398568,2907,1307
9606.ENSP00000361883,2898,1157
9606.ENSP00000273258,2867,179
9606.ENSP00000366109,2817,763
9606.ENSP00000358154,2775,774
9606.ENSP00000333277,2775,774
9606.ENSP00000385479,2775,774
9606.ENSP00000330074,2625,374
9606.ENSP00000357721,2616,232
9606.ENSP00000381607,2562,446
9606.ENSP00000295685,2503,516
9606.ENSP00000427687,2484,1040
9606.ENSP00000269576,2464,1269
9606.ENSP00000362413,2447,879
9606.ENSP00000246662,2410,1017
9606.ENSP00000358866,2408,5349
9606.ENSP00000307705,2351,779
9606.ENSP00000497733,2313,320
9606.ENSP00000372155,2215,511
9606.ENSP00000365458,2198,706
9606.ENSP00000249071,2167,446
9606.ENSP00000318195,2081,693
9606.ENSP00000388107,2077,813
9606.ENSP00000262030,2066,995
9606.ENSP00000381736,2001,837
9606.ENSP00000261366,1998,974
9606.ENSP00000391481,1983,738
9606.ENSP00000216802,1954,357
9606.ENSP00000320171,1937,917
9606.ENSP00000364935,1934,470
9606.ENSP00000296503,1893,251
9606.ENSP00000270142,1866,123
9606.ENSP00000339001,1864,1601
9606.ENSP00000355645,1831,4860
9606.ENSP00000290378,1830,4884
9606.ENSP00000244534,1824,688
9606.ENSP00000361930,1813,591
9606.ENSP00000437125,1799,1227
9606.ENSP00000416706,1783,2221
9606.ENSP00000259469,1750,46
9606.ENSP00000339566,1749,693
9606.ENSP00000316029,1748,3528
9606.ENSP00000360609,1731,1448
9606.ENSP00000346032,1708,574
9606.ENSP00000307940,1689,1124
9606.ENSP00000252699,1688,1862
9606.ENSP00000263238,1680,616
9606.ENSP00000388169,1675,411
9606.ENSP00000362820,1671,147
9606.ENSP00000296930,1644,262
9606.ENSP00000244537,1639,1712
9606.ENSP00000489236,1639,1712
9606.ENSP00000479106,1639,1712
9606.ENSP00000481486,1639,1712
9606.ENSP00000479794,1639,1712
9606.ENSP00000347168,1639,1712
9606.ENSP00000443017,1639,1712
9606.ENSP00000462667,1639,1712
9606.ENSP00000480960,1639,1712
9606.ENSP00000367034,1639,1712
9606.ENSP00000479461,1639,1712
9606.ENSP00000484789,1639,1712
9606.ENSP00000366974,1639,1712
9606.ENSP00000462355,1639,1712
9606.ENSP00000272317,1636,823
9606.ENSP00000270792,1633,81
9606.ENSP00000304229,1570,103
9606.ENSP00000327070,1557,485
9606.ENSP00000338934,1552,1265
9606.ENSP00000357704,1548,157
9606.ENSP00000340278,1538,242
9606.ENSP00000265073,1536,147
9606.ENSP00000305556,1533,381
9606.ENSP00000224784,1533,4505
9606.ENSP00000386857,1525,4499
9606.ENSP00000320176,1521,358
9606.ENSP00000366798,1492,34
9606.ENSP00000491215,1485,839
9606.ENSP00000300026,1483,248
9606.ENSP00000250559,1480,369
9606.ENSP00000274306,1474,418
9606.ENSP00000320866,1470,400
9606.ENSP00000276079,1458,432
9606.ENSP00000300289,1457,697
9606.ENSP00000355315,1445,6
9606.ENSP00000313199,1434,251
9606.ENSP00000296417,1432,933
9606.ENSP00000308405,1432,933
9606.ENSP00000376309,1424,332
9606.ENSP00000401010,1413,352
9606.ENSP00000325240,1407,309
9606.ENSP00000310861,1401,1055
9606.ENSP00000400175,1378,333
9606.ENSP00000324173,1366,743
9606.ENSP00000309830,1364,43
9606.ENSP00000493536,1364,843
9606.ENSP00000335153,1357,1401
9606.ENSP00000263168,1324,319
9606.ENSP00000446955,1318,242
9606.ENSP00000233143,1312,29
9606.ENSP00000439189,1304,4391
9606.ENSP00000493701,1293,717
9606.ENSP00000261267,1292,165
9606.ENSP00000371267,1283,471
9606.ENSP00000375978,1269,720
9606.ENSP00000228825,1267,187
9606.ENSP00000369314,1260,63
9606.ENSP00000325905,1243,124
9606.ENSP00000357076,1236,323
9606.ENSP00000262746,1224,256
9606.ENSP00000342374,1220,68
9606.ENSP00000268182,1218,1682
9606.ENSP00000325376,1216,711
9606.ENSP00000362924,1214,490
9606.ENSP00000476136,1208,2035
9606.ENSP00000349430,1207,2118
9606.ENSP00000477527,1200,2036
9606.ENSP00000358151,1200,2036
9606.ENSP00000482674,1200,2036
9606.ENSP00000289316,1199,2119
9606.ENSP00000477907,1199,2119
9606.ENSP00000479169,1199,2119
9606.ENSP00000321744,1199,2119
9606.ENSP00000366962,1199,2119
9606.ENSP00000483903,1199,2119
9606.ENSP00000489317,1199,2119
9606.ENSP00000348924,1199,2119
9606.ENSP00000445633,1199,2119
9606.ENSP00000366618,1192,2092
9606.ENSP00000400433,1190,314
9606.ENSP00000367022,1190,1218
9606.ENSP00000483842,1187,1191
9606.ENSP00000355656,1187,1191
9606.ENSP00000303373,1187,1191
9606.ENSP00000411355,1181,1239
9606.ENSP00000358155,1177,1310
9606.ENSP00000475814,1177,1310
9606.ENSP00000271638,1174,76
9606.ENSP00000332194,1170,1306
9606.ENSP00000451291,1162,395
9606.ENSP00000491341,1157,2001
9606.ENSP00000481622,1157,2001
9606.ENSP00000479284,1157,1911
9606.ENSP00000445175,1153,445
9606.ENSP00000377192,1147,638
9606.ENSP00000479488,1144,265
9606.ENSP00000358723,1138,315
9606.ENSP00000340019,1115,524
9606.ENSP00000445831,1110,2119
9606.ENSP00000344547,1095,61
9606.ENSP00000349748,1091,473
9606.ENSP00000423563,1085,324
9606.ENSP00000463939,1077,158
9606.ENSP00000496166,1071,665
9606.ENSP00000359991,1070,309
9606.ENSP00000446215,1065,183
9606.ENSP00000485952,1051,645
9606.ENSP00000389351,1041,184
9606.ENSP00000332790,1035,891
9606.ENSP00000289902,1034,36
9606.ENSP00000349428,1025,348
9606.ENSP00000327054,1022,541
9606.ENSP00000278572,1019,248
9606.ENSP00000447001,1019,105
9606.ENSP00000417864,1015,153
9606.ENSP00000262613,1008,275
9606.ENSP00000217456,1002,352
9606.ENSP00000376652,999,325
9606.ENSP00000482431,996,1302
9606.ENSP00000482538,996,1302
9606.ENSP00000352119,996,1302
9606.ENSP00000352627,996,1302
9606.ENSP00000366679,996,1302
9606.ENSP00000328484,996,1302
9606.ENSP00000351589,996,1302
9606.ENSP00000358160,994,727
9606.ENSP00000489282,994,727
9606.ENSP00000366999,994,727
9606.ENSP00000484841,994,727
9606.ENSP00000483283,994,727
9606.ENSP00000352252,994,727
9606.ENSP00000480826,994,727
9606.ENSP00000484638,994,727
9606.ENSP00000484658,994,727
9606.ENSP00000484095,994,727
9606.ENSP00000341094,994,1275
9606.ENSP00000341826,992,458
9606.ENSP00000413436,991,116
9606.ENSP00000346050,991,207
9606.ENSP00000341289,990,1418
9606.ENSP00000352257,990,494
9606.ENSP00000438553,989,1298
9606.ENSP00000258962,988,191
9606.ENSP00000215909,988,134
9606.ENSP00000265062,975,233
9606.ENSP00000494175,969,218
9606.ENSP00000312999,969,382
9606.ENSP00000345848,969,146
9606.ENSP00000297012,968,1148
9606.ENSP00000406773,959,86
9606.ENSP00000436423,953,112
9606.ENSP00000331897,950,327
9606.ENSP00000385958,946,60
9606.ENSP00000379888,944,141
9606.ENSP00000336799,942,1661
9606.ENSP00000433760,942,51
9606.ENSP00000370115,927,293
9606.ENSP00000498577,926,259
9606.ENSP00000294742,924,116
9606.ENSP00000321259,920,273
9606.ENSP00000295897,916,579
9606.ENSP00000429150,906,290
9606.ENSP00000405965,905,73
9606.ENSP00000211998,903,885
9606.ENSP00000301522,894,159
9606.ENSP00000327801,890,411
9606.ENSP00000380948,883,712
9606.ENSP00000264335,878,375
9606.ENSP00000217182,876,636
9606.ENSP00000434024,872,1124
9606.ENSP00000371194,867,277
9606.ENSP00000234313,858,131
9606.ENSP00000389103,858,67
9606.ENSP00000263697,856,82
9606.ENSP00000464849,854,161
9606.ENSP00000389631,852,425
9606.ENSP00000403172,840,134
9606.ENSP00000486361,840,64
9606.ENSP00000244573,838,397
9606.ENSP00000346001,838,201
9606.ENSP00000248437,826,1368
9606.ENSP00000369757,825,100
9606.ENSP00000431240,825,65
9606.ENSP00000221419,823,344
9606.ENSP00000261313,814,103
9606.ENSP00000247461,812,365
9606.ENSP00000348056,811,82
9606.ENSP00000369538,806,393
9606.ENSP00000285093,801,230
9606.ENSP00000351777,798,558
9606.ENSP00000375632,794,100
9606.ENSP00000216714,793,202
9606.ENSP00000262428,792,98
9606.ENSP00000439020,791,1478
9606.ENSP00000399700,789,7
9606.ENSP00000478771,789,806
9606.ENSP00000225430,785,54
9606.ENSP00000251595,777,150
9606.ENSP00000322421,777,150
9606.ENSP00000354876,774,105
9606.ENSP00000350937,774,309
9606.ENSP00000435777,773,85
9606.ENSP00000496414,769,1033
9606.ENSP00000168216,767,167
9606.ENSP00000324105,764,577
9606.ENSP00000426909,760,232
9606.ENSP00000393241,759,94
9606.ENSP00000311430,758,194
9606.ENSP00000340466,754,561
9606.ENSP00000385616,746,375
9606.ENSP00000345361,744,81
9606.ENSP00000355657,744,693
9606.ENSP00000358727,743,159
9606.ENSP00000489311,742,1275
9606.ENSP00000449328,739,157
9606.ENSP00000266735,732,37
9606.ENSP00000391592,730,458
9606.ENSP00000422176,725,308
9606.ENSP00000413507,724,267
9606.ENSP00000339467,721,150
9606.ENSP00000370125,721,40
9606.ENSP00000270625,721,84
9606.ENSP00000349168,720,274
9606.ENSP00000494125,720,221
9606.ENSP00000338413,719,657
9606.ENSP00000405573,717,332
9606.ENSP00000495273,714,87
9606.ENSP00000221130,714,236
9606.ENSP00000361076,712,116
9606.ENSP00000376800,710,46
9606.ENSP00000307889,708,88
9606.ENSP00000264071,706,1118
9606.ENSP00000479606,706,1220
9606.ENSP00000399888,705,41
9606.ENSP00000176763,704,503
9606.ENSP00000464813,703,46
9606.ENSP00000336702,703,155
9606.ENSP00000463784,703,89
9606.ENSP00000306330,702,340
9606.ENSP00000230050,702,89
9606.ENSP00000279227,701,449
9606.ENSP00000310226,693,185
9606.ENSP00000398610,692,242
9606.ENSP00000437402,691,593
9606.ENSP00000362308,690,70
9606.ENSP00000431984,686,353
9606.ENSP00000378487,686,211
9606.ENSP00000429707,686,40
9606.ENSP00000404121,685,480
9606.ENSP00000274764,684,1430
9606.ENSP00000245932,681,180
9606.ENSP00000367263,679,3761
9606.ENSP00000309334,679,79
9606.ENSP00000481646,677,113
9606.ENSP00000417653,677,234
9606.ENSP00000354782,677,100
9606.ENSP00000355759,676,483
9606.ENSP00000367196,676,65
9606.ENSP00000303145,675,148
9606.ENSP00000380033,673,496
9606.ENSP00000494550,671,581
9606.ENSP00000418082,670,39
9606.ENSP00000298316,669,79
9606.ENSP00000341524,668,210
9606.ENSP00000299767,668,493
9606.ENSP00000242285,663,32
9606.ENSP00000325589,660,65
9606.ENSP00000351646,660,277
9606.ENSP00000342026,659,163
9606.ENSP00000357801,659,39
9606.ENSP00000285735,658,229
9606.ENSP00000336687,658,114
9606.ENSP00000416269,657,297
9606.ENSP00000414359,656,163
9606.ENSP00000264972,654,405
9606.ENSP00000044462,653,110
9606.ENSP00000466818,649,52
9606.ENSP00000225275,648,580
9606.ENSP00000293831,647,324
9606.ENSP00000275603,647,266
9606.ENSP00000354532,645,199
9606.ENSP00000298159,644,224
9606.ENSP00000222247,644,77
9606.ENSP00000291568,640,52
9606.ENSP00000268379,639,207
9606.ENSP00000359345,638,124
9606.ENSP00000291700,635,32
9606.ENSP00000425031,632,103
9606.ENSP00000233893,631,69
9606.ENSP00000354739,625,95
9606.ENSP00000341214,622,374
9606.ENSP00000359804,621,273
9606.ENSP00000363018,617,117
9606.ENSP00000277865,617,384
9606.ENSP00000339795,616,115
9606.ENSP00000361635,613,168
9606.ENSP00000472249,610,97
9606.ENSP00000316042,609,96
9606.ENSP00000350090,609,308
9606.ENSP00000253024,608,288
9606.ENSP00000228318,605,222
9606.ENSP00000265462,603,132
9606.ENSP00000362744,601,190
9606.ENSP00000242784,600,39
9606.ENSP00000441875,599,178
9606.ENSP00000499935,599,127
9606.ENSP00000337261,598,455
9606.ENSP00000443475,593,1410
9606.ENSP00000295688,592,271
9606.ENSP00000361777,592,103
9606.ENSP00000301587,592,87
9606.ENSP00000307786,589,57
9606.ENSP00000295006,589,275
9606.ENSP00000308430,586,51
9606.ENSP00000477781,585,94
9606.ENSP00000363745,582,341
9606.ENSP00000466010,578,52
9606.ENSP00000324422,578,214
9606.ENSP00000258787,576,504
9606.ENSP00000358737,572,155
9606.ENSP00000325136,569,179
9606.ENSP00000377640,569,49
9606.ENSP00000256682,569,307
9606.ENSP00000359645,569,185
9606.ENSP00000440005,568,306
9606.ENSP00000254108,567,105
9606.ENSP00000297185,567,356
9606.ENSP00000497225,566,93
9606.ENSP00000366525,564,74
9606.ENSP00000271308,564,107
9606.ENSP00000391249,560,296
9606.ENSP00000360671,559,273
9606.ENSP00000331901,559,224
9606.ENSP00000499797,558,195
9606.ENSP00000291295,558,195
9606.ENSP00000299300,557,281
9606.ENSP00000416429,554,40
9606.ENSP00000499717,552,195
9606.ENSP00000262584,551,76
9606.ENSP00000419545,550,155
9606.ENSP00000297258,550,50
9606.ENSP00000382982,550,1202
9606.ENSP00000326042,550,1202
9606.ENSP00000479153,550,320
9606.ENSP00000216254,545,327
9606.ENSP00000261479,543,149
9606.ENSP00000356520,542,604
9606.ENSP00000290541,536,87
9606.ENSP00000301785,536,305
9606.ENSP00000280326,535,229
9606.ENSP00000261623,535,57
9606.ENSP00000318646,533,70
9606.ENSP00000376276,532,62
9606.ENSP00000428223,532,76
9606.ENSP00000370074,531,243
9606.ENSP00000496959,530,554
9606.ENSP00000375730,529,77
9606.ENSP00000227266,529,229
9606.ENSP00000383003,529,40
9606.ENSP00000262193,525,113
9606.ENSP00000359910,524,135
9606.ENSP00000285930,523,140
9606.ENSP00000367615,520,101
9606.ENSP00000312734,520,139
9606.ENSP00000342056,516,171
9606.ENSP00000364721,515,112
9606.ENSP00000369965,512,57
9606.ENSP00000358140,511,422
9606.ENSP00000340836,509,102
9606.ENSP00000497910,509,52
9606.ENSP00000221418,508,154
9606.ENSP00000496250,508,70
9606.ENSP00000358635,507,300
9606.ENSP00000416959,507,85
9606.ENSP00000400142,506,93
9606.ENSP00000362334,505,89
9606.ENSP00000355011,504,174
9606.ENSP00000357123,502,151
9606.ENSP00000252242,501,540
9606.ENSP00000394071,500,265
9606.ENSP00000377958,499,252
9606.ENSP00000228740,499,302
9606.ENSP00000379506,499,63
9606.ENSP00000286788,496,290
9606.ENSP00000322439,496,224
9606.ENSP00000380921,495,250
9606.ENSP00000345957,495,34
9606.ENSP00000236671,494,295
9606.ENSP00000483688,494,86
9606.ENSP00000457513,492,69
9606.ENSP00000225665,490,148
9606.ENSP00000373706,489,497
9606.ENSP00000405338,488,482
9606.ENSP00000479861,486,146
9606.ENSP00000324804,486,264
9606.ENSP00000420065,486,81
9606.ENSP00000203407,485,175
9606.ENSP00000463559,485,184
9606.ENSP00000259818,482,1059
9606.ENSP00000357113,482,311
9606.ENSP00000346037,481,30
9606.ENSP00000298510,480,108
9606.ENSP00000364813,478,35
9606.ENSP00000369703,478,1057
9606.ENSP00000419378,477,125
9606.ENSP00000472985,477,85
9606.ENSP00000306099,475,218
9606.ENSP00000381216,474,248
9606.ENSP00000377833,474,201
9606.ENSP00000498807,474,204
9606.ENSP00000231009,473,90
9606.ENSP00000362946,472,106
9606.ENSP00000246194,471,127
9606.ENSP00000229340,470,112
9606.ENSP00000389649,470,26
9606.ENSP00000463842,469,107
9606.ENSP00000377941,466,847
9606.ENSP00000216338,465,121
9606.ENSP00000230085,463,55
9606.ENSP00000265753,463,52
9606.ENSP00000493805,462,194
9606.ENSP00000296674,462,45
9606.ENSP00000352438,461,176
9606.ENSP00000317334,461,244
9606.ENSP00000428845,460,112
9606.ENSP00000225792,460,335
9606.ENSP00000354947,459,149
9606.ENSP00000433999,458,194
9606.ENSP00000416739,458,261
9606.ENSP00000419665,457,53
9606.ENSP00000254719,456,221
9606.ENSP00000464359,454,184
9606.ENSP00000371393,454,266
9606.ENSP00000362576,452,222
9606.ENSP00000221801,452,122
9606.ENSP00000258091,451,223
9606.ENSP00000472469,450,22
9606.ENSP00000305230,449,32
9606.ENSP00000318197,446,940
9606.ENSP00000339883,446,149
9606.ENSP00000450085,446,103
9606.ENSP00000294189,445,22
9606.ENSP00000496494,444,164
9606.ENSP00000302833,443,150
9606.ENSP00000448598,443,103
9606.ENSP00000220764,441,132
9606.ENSP00000403039,440,169
9606.ENSP00000494697,439,66
9606.ENSP00000377298,439,829
9606.ENSP00000375863,439,230
9606.ENSP00000363993,437,82
9606.ENSP00000316176,436,61
9606.ENSP00000296255,434,233
9606.ENSP00000341885,433,111
9606.ENSP00000392330,433,117
9606.ENSP00000470059,432,216
9606.ENSP00000386636,430,134
9606.ENSP00000386786,430,2975
9606.ENSP00000348163,428,703
9606.ENSP00000456436,428,113
9606.ENSP00000498019,427,68
9606.ENSP00000296412,427,117
9606.ENSP00000290158,426,283
9606.ENSP00000385385,425,132
9606.ENSP00000370023,425,268
9606.ENSP00000444357,424,91
9606.ENSP00000376886,422,116
9606.ENSP00000362010,421,114
9606.ENSP00000354468,420,89
9606.ENSP00000286713,420,120
9606.ENSP00000378760,419,269
9606.ENSP00000264932,418,217
9606.ENSP00000463393,417,82
9606.ENSP00000395535,416,146
9606.ENSP00000383949,415,45
9606.ENSP00000361626,414,71
9606.ENSP00000430706,414,119
9606.ENSP00000300688,414,44
9606.ENSP00000348461,412,206
9606.ENSP00000313829,412,89
9606.ENSP00000227524,411,105
9606.ENSP00000435096,411,31
9606.ENSP00000354632,409,19
9606.ENSP00000474560,409,81
9606.ENSP00000167586,409,433
9606.ENSP00000487444,407,999
9606.ENSP00000466134,407,174
9606.ENSP00000348849,405,25
9606.ENSP00000361927,405,169
9606.ENSP00000369927,405,169
9606.ENSP00000499129,405,249
9606.ENSP00000296511,404,143
9606.ENSP00000364585,403,186
9606.ENSP00000410452,402,43
9606.ENSP00000421592,401,56
9606.ENSP00000263672,400,80
9606.ENSP00000307863,400,99
9606.ENSP00000000233,399,238
9606.ENSP00000347495,398,167
9606.ENSP00000248975,398,275
9606.ENSP00000362900,398,122
9606.ENSP00000301329,397,107
9606.ENSP00000216455,394,101
9606.ENSP00000265729,392,72
9606.ENSP00000228136,391,26
9606.ENSP00000429374,389,33
9606.ENSP00000333326,389,852
9606.ENSP00000339835,387,565
9606.ENSP00000317257,386,97
9606.ENSP00000263867,386,95
9606.ENSP00000477310,386,41
9606.ENSP00000264933,384,69
9606.ENSP00000357535,383,108
9606.ENSP00000362463,381,60
9606.ENSP00000484343,379,163
9606.ENSP00000349252,379,299
9606.ENSP00000464342,378,18
9606.ENSP00000357709,378,33
9606.ENSP00000219169,377,45
9606.ENSP00000366604,377,132
9606.ENSP00000351314,377,64
9606.ENSP00000329662,376,60
9606.ENSP00000216038,374,146
9606.ENSP00000411825,374,253
9606.ENSP00000482075,373,51
9606.ENSP00000264553,373,91
9606.ENSP00000313420,373,1376
9606.ENSP00000220003,373,193
9606.ENSP00000300413,373,27
9606.ENSP00000260447,371,22
9606.ENSP00000491073,371,358
9606.ENSP00000449270,369,38
9606.ENSP00000415151,368,48
9606.ENSP00000298299,367,57
9606.ENSP00000360682,365,83
9606.ENSP00000242776,365,226
9606.ENSP00000329219,365,346
9606.ENSP00000303222,365,78
9606.ENSP00000385269,364,102
9606.ENSP00000241052,364,169
9606.ENSP00000349259,361,921
9606.ENSP00000245206,361,136
9606.ENSP00000357189,359,73
9606.ENSP00000377060,356,64
9606.ENSP00000499044,356,33
9606.ENSP00000428085,356,41
9606.ENSP00000431049,356,95
9606.ENSP00000368959,355,41
9606.ENSP00000293288,355,86
9606.ENSP00000387286,355,138
9606.ENSP00000332449,355,18
9606.ENSP00000456206,355,579
9606.ENSP00000439601,354,241
9606.ENSP00000420195,354,47
9606.ENSP00000376345,353,79
9606.ENSP00000451080,353,33
9606.ENSP00000311747,352,139
9606.ENSP00000376077,352,35
9606.ENSP00000466090,351,59
9606.ENSP00000325548,351,152
9606.ENSP00000267113,350,328
9606.ENSP00000252603,350,79
9606.ENSP00000362592,350,104
9606.ENSP00000302886,349,145
9606.ENSP00000495672,349,23
9606.ENSP00000370808,349,224
9606.ENSP00000318861,348,208
9606.ENSP00000392718,347,2510
9606.ENSP00000370114,347,119
9606.ENSP00000223129,347,38
9606.ENSP00000215375,346,25
9606.ENSP00000317159,346,73
9606.ENSP00000249923,345,285
9606.ENSP00000250495,345,31
9606.ENSP00000346015,345,41
9606.ENSP00000377446,344,75
9606.ENSP00000270776,343,150
9606.ENSP00000480270,342,118
9606.ENSP00000274364,341,511
9606.ENSP00000483254,340,125
9606.ENSP00000367872,340,115
9606.ENSP00000227525,337,58
9606.ENSP00000335321,337,339
9606.ENSP00000215829,336,28
9606.ENSP00000292147,336,62
9606.ENSP00000243997,336,7
9606.ENSP00000420311,336,41
9606.ENSP00000301764,335,262
9606.ENSP00000376506,334,51
9606.ENSP00000470972,333,41
9606.ENSP00000386911,332,179
9606.ENSP00000360939,332,79
9606.ENSP00000399168,330,136
9606.ENSP00000443654,329,88
9606.ENSP00000489910,329,267
9606.ENSP00000336741,328,247
9606.ENSP00000360664,328,27
9606.ENSP00000205402,328,128
9606.ENSP00000269848,327,209
9606.ENSP00000264028,327,130
9606.ENSP00000346027,326,34
9606.ENSP00000367323,324,116
9606.ENSP00000494708,324,114
9606.ENSP00000246548,324,123
9606.ENSP00000365402,323,132
9606.ENSP00000300935,322,86
9606.ENSP00000387262,322,219
9606.ENSP00000374332,322,70
9606.ENSP00000332706,321,37
9606.ENSP00000247470,321,69
9606.ENSP00000258424,321,44
9606.ENSP00000046794,320,113
9606.ENSP00000333298,320,112
9606.ENSP00000264161,320,165
9606.ENSP00000364016,319,109
9606.ENSP00000339720,319,23
9606.ENSP00000216218,319,59
9606.ENSP00000345837,317,21
9606.ENSP00000357726,317,21
9606.ENSP00000467423,316,178
9606.ENSP00000410769,315,53
9606.ENSP00000305790,313,301
9606.ENSP00000290299,313,93
9606.ENSP00000463379,313,107
9606.ENSP00000356448,312,470
9606.ENSP00000303356,312,72
9606.ENSP00000378163,311,18
9606.ENSP00000365891,311,91
9606.ENSP00000498852,310,92
9606.ENSP00000264279,309,140
9606.ENSP00000346634,309,166
9606.ENSP00000379873,308,141
9606.ENSP00000302935,308,301
9606.ENSP00000345656,308,63
9606.ENSP00000414321,308,56
9606.ENSP00000263864,307,24
9606.ENSP00000267257,307,129
9606.ENSP00000306010,306,170
9606.ENSP00000357858,306,75
9606.ENSP00000323856,306,1466
9606.ENSP00000247970,306,33
9606.ENSP00000498653,305,96
9606.ENSP00000302728,305,113
9606.ENSP00000312027,305,29
9606.ENSP00000378199,305,463
9606.ENSP00000346827,305,144
9606.ENSP00000378731,305,156
9606.ENSP00000499582,304,45
9606.ENSP00000357283,302,195
9606.ENSP00000261890,301,111
9606.ENSP00000376889,301,142
9606.ENSP00000353375,300,246
9606.ENSP00000497641,300,146
9606.ENSP00000383059,300,20
9606.ENSP00000301653,299,366
9606.ENSP00000357048,299,362
9606.ENSP00000427985,298,187
9606.ENSP00000337060,298,104
9606.ENSP00000303908,298,104
9606.ENSP00000222968,298,30
9606.ENSP00000346762,296,242
9606.ENSP00000222005,295,76
9606.ENSP00000226299,294,152
9606.ENSP00000215793,293,188
9606.ENSP00000362339,293,69
9606.ENSP00000278671,293,43
9606.ENSP00000300291,293,59
9606.ENSP00000349142,293,72
9606.ENSP00000356275,293,40
9606.ENSP00000215832,293,129
9606.ENSP00000216341,291,103
9606.ENSP00000365757,291,109
9606.ENSP00000401564,291,38
9606.ENSP00000463154,290,50
9606.ENSP00000354720,290,303
9606.ENSP00000276689,288,41
9606.ENSP00000306362,288,32
9606.ENSP00000400591,287,21
9606.ENSP00000280154,287,104
9606.ENSP00000314067,287,114
9606.ENSP00000225698,287,47
9606.ENSP00000233078,287,48
9606.ENSP00000261735,287,59
9606.ENSP00000488422,287,70
9606.ENSP00000265866,287,66
9606.ENSP00000482613,287,18
9606.ENSP00000358921,286,162
9606.ENSP00000313432,286,65
9606.ENSP00000354982,286,18
9606.ENSP00000333547,284,119
9606.ENSP00000494664,284,241
9606.ENSP00000452762,282,80
9606.ENSP00000477538,281,58
9606.ENSP00000481842,281,49
9606.ENSP00000305260,281,114
9606.ENSP00000360034,280,93
9606.ENSP00000359675,280,11
9606.ENSP00000356864,280,25
9606.ENSP00000356652,279,43
9606.ENSP00000246069,278,91
9606.ENSP00000231487,277,49
9606.ENSP00000365411,277,86
9606.ENSP00000442318,277,314
9606.ENSP00000356982,277,25
9606.ENSP00000457539,277,228
9606.ENSP00000299977,276,201
9606.ENSP00000360181,275,27
9606.ENSP00000279146,272,66
9606.ENSP00000263354,272,97
9606.ENSP00000237530,272,105
9606.ENSP00000351022,272,130
9606.ENSP00000267884,272,34
9606.ENSP00000429986,271,13
9606.ENSP00000373905,271,236
9606.ENSP00000252102,271,17
9606.ENSP00000326305,271,70
9606.ENSP00000363017,270,43
9606.ENSP00000290349,270,85
9606.ENSP00000324511,270,123
9606.ENSP00000349359,269,70
9606.ENSP00000295822,269,96
9606.ENSP00000320295,269,711
9606.ENSP00000452697,269,53
9606.ENSP00000375857,269,151
9606.ENSP00000302640,269,131
9606.ENSP00000341743,268,22
9606.ENSP00000480853,268,46
9606.ENSP00000414921,268,133
9606.ENSP00000397843,268,4
9606.ENSP00000481886,268,41
9606.ENSP00000438507,267,254
9606.ENSP00000359098,267,17
9606.ENSP00000417142,266,23
9606.ENSP00000495192,266,668
9606.ENSP00000306003,266,24
9606.ENSP00000429283,265,418
9606.ENSP00000294360,265,29
9606.ENSP00000273550,265,58
9606.ENSP00000256383,264,69
9606.ENSP00000479202,264,60
9606.ENSP00000350757,264,49
9606.ENSP00000308720,264,81
9606.ENSP00000299427,263,106
9606.ENSP00000386717,262,25
9606.ENSP00000287295,262,136
9606.ENSP00000365227,262,18
9606.ENSP00000364802,262,424
9606.ENSP00000364801,262,424
9606.ENSP00000323421,262,280
9606.ENSP00000356946,261,70
9606.ENSP00000370745,261,157
9606.ENSP00000326031,261,192
9606.ENSP00000319713,261,27
9606.ENSP00000341905,261,212
9606.ENSP00000223321,261,61
9606.ENSP00000376475,261,74
9606.ENSP00000243563,260,42
9606.ENSP00000388909,260,39
9606.ENSP00000446099,260,113
9606.ENSP00000357906,259,27
9606.ENSP00000381844,259,104
9606.ENSP00000478121,259,26
9606.ENSP00000251047,259,71
9606.ENSP00000325002,258,230
9606.ENSP00000346206,258,149
9606.ENSP00000380427,258,307
9606.ENSP00000363559,258,37
9606.ENSP00000499501,258,564
9606.ENSP00000441543,258,806
9606.ENSP00000371152,257,100
9606.ENSP00000262407,257,169
9606.ENSP00000317331,257,40
9606.ENSP00000388806,256,89
9606.ENSP00000389297,255,47
9606.ENSP00000263368,255,44
9606.ENSP00000362688,254,79
9606.ENSP00000399805,253,76
9606.ENSP00000266732,253,136
9606.ENSP00000261416,253,110
9606.ENSP00000272217,253,62
9606.ENSP00000387176,252,1509
9606.ENSP00000338703,252,121
9606.ENSP00000235835,251,50
9606.ENSP00000389168,251,181
9606.ENSP00000370589,251,146
9606.ENSP00000317780,251,47
9606.ENSP00000378284,251,272
9606.ENSP00000354346,251,272
9606.ENSP00000472998,250,67
9606.ENSP00000358867,250,166
9606.ENSP00000290921,250,86
9606.ENSP00000367939,250,23
9606.ENSP00000319831,250,138
9606.ENSP00000431800,249,61
9606.ENSP00000296786,248,61
9606.ENSP00000497104,248,197
9606.ENSP00000451206,248,40
9606.ENSP00000477713,247,116
9606.ENSP00000335304,247,96
9606.ENSP00000361892,245,130
9606.ENSP00000346103,245,48
9606.ENSP00000330945,245,64
9606.ENSP00000429824,245,71
9606.ENSP00000296581,245,18
9606.ENSP00000302961,244,234
9606.ENSP00000431391,243,101
9606.ENSP00000259667,243,35
9606.ENSP00000460348,240,525
9606.ENSP00000358490,240,48
9606.ENSP00000217426,239,82
9606.ENSP00000318804,238,66
9606.ENSP00000256854,238,91
9606.ENSP00000306397,238,47
9606.ENSP00000400906,238,50
9606.ENSP00000435365,238,121
9606.ENSP00000440502,238,128
9606.ENSP00000362058,238,17
9606.ENSP00000221957,237,83
9606.ENSP00000354394,237,176
9606.ENSP00000355890,237,289
9606.ENSP00000438689,236,157
9606.ENSP00000278823,236,168
9606.ENSP00000264710,236,57
9606.ENSP00000215565,236,20
9606.ENSP00000332887,236,13
9606.ENSP00000385057,235,114
9606.ENSP00000357679,235,22
9606.ENSP00000466259,235,228
9606.ENSP00000360124,234,135
9606.ENSP00000433138,234,82
9606.ENSP00000261700,234,56
9606.ENSP00000310670,234,172
9606.ENSP00000474096,233,78
9606.ENSP00000394496,233,86
9606.ENSP00000308753,233,64
9606.ENSP00000356828,232,67
9606.ENSP00000216500,232,64
9606.ENSP00000268668,232,35
9606.ENSP00000420588,232,40
9606.ENSP00000297071,231,33
9606.ENSP00000216962,231,209
9606.ENSP00000252252,231,489
9606.ENSP00000376330,231,85
9606.ENSP00000370517,230,135
9606.ENSP00000306614,229,57
9606.ENSP00000236959,229,141
9606.ENSP00000362649,229,123
9606.ENSP00000307241,229,91
9606.ENSP00000260118,228,47
9606.ENSP00000454746,228,59
9606.ENSP00000326381,227,184
9606.ENSP00000369424,227,98
9606.ENSP00000310491,227,101
9606.ENSP00000268099,226,34
9606.ENSP00000497260,226,175
9606.ENSP00000354125,226,138
9606.ENSP00000263579,226,68
9606.ENSP00000303366,226,59
9606.ENSP00000422896,225,111
9606.ENSP00000356632,225,18
9606.ENSP00000362110,225,81
9606.ENSP00000388183,225,201
9606.ENSP00000393316,225,46
9606.ENSP00000360635,225,109
9606.ENSP00000358939,224,101
9606.ENSP00000348316,223,21
9606.ENSP00000264663,223,168
9606.ENSP00000434103,223,57
9606.ENSP00000009530,223,51
9606.ENSP00000392094,223,209
9606.ENSP00000379601,222,63
9606.ENSP00000354511,222,43
9606.ENSP00000400717,222,108
9606.ENSP00000478754,221,116
9606.ENSP00000305480,221,56
9606.ENSP00000246071,221,39
9606.ENSP00000447053,220,89
9606.ENSP00000360525,220,58
9606.ENSP00000264993,220,39
9606.ENSP00000346012,219,18
9606.ENSP00000262710,219,183
9606.ENSP00000348965,219,1007
9606.ENSP00000449396,218,195
9606.ENSP00000311121,218,75
9606.ENSP00000456019,218,133
9606.ENSP00000369915,218,66
9606.ENSP00000254193,217,43
9606.ENSP00000382800,217,54
9606.ENSP00000386541,217,37
9606.ENSP00000216297,217,180
9606.ENSP00000392709,217,137
9606.ENSP00000274606,217,21
9606.ENSP00000380378,216,85
9606.ENSP00000357981,216,56
9606.ENSP00000272067,216,32
9606.ENSP00000493623,215,88
9606.ENSP00000434359,215,86
9606.ENSP00000316779,214,91
9606.ENSP00000362803,214,27
9606.ENSP00000365950,214,17
9606.ENSP00000378812,213,11
9606.ENSP00000261601,213,95
9606.ENSP00000310129,212,175
9606.ENSP00000378721,212,166
9606.ENSP00000363071,211,210
9606.ENSP00000379330,211,128
9606.ENSP00000499422,211,21
9606.ENSP00000319240,210,58
9606.ENSP00000299138,210,173
9606.ENSP00000224073,210,21
9606.ENSP00000378588,210,15
9606.ENSP00000298283,210,70
9606.ENSP00000469240,210,20
9606.ENSP00000233025,209,6
9606.ENSP00000305995,209,157
9606.ENSP00000357791,209,266
9606.ENSP00000499020,208,164
9606.ENSP00000378769,208,162
9606.ENSP00000296754,208,187
9606.ENSP00000229390,208,47
9606.ENSP00000355991,208,88
9606.ENSP00000245552,208,35
9606.ENSP00000262225,208,41
9606.ENSP00000259253,208,260
9606.ENSP00000463058,208,25
9606.ENSP00000377055,207,103
9606.ENSP00000303992,207,74
9606.ENSP00000377681,207,64
9606.ENSP00000338235,205,73
9606.ENSP00000361965,205,60
9606.ENSP00000329419,204,179
9606.ENSP00000315474,204,42
9606.ENSP00000254301,203,27
9606.ENSP00000250784,203,99
9606.ENSP00000265641,203,141
9606.ENSP00000304283,202,141
9606.ENSP00000364649,202,64
9606.ENSP00000221855,202,48
9606.ENSP00000414202,202,79
9606.ENSP00000314606,201,84
9606.ENSP00000306565,201,32
9606.ENSP00000311300,201,60
9606.ENSP00000320043,201,42
9606.ENSP00000286648,200,42
9606.ENSP00000428209,200,51
9606.ENSP00000452123,200,46
9606.ENSP00000340305,199,75
9606.ENSP00000427463,199,32
9606.ENSP00000481314,199,32
9606.ENSP00000499067,199,99
9606.ENSP00000356541,199,19
9606.ENSP00000404833,198,66
9606.ENSP00000247665,198,20
9606.ENSP00000422473,198,38
9606.ENSP00000484998,198,65
9606.ENSP00000313007,198,199
9606.ENSP00000339186,197,50
9606.ENSP00000300249,197,50
9606.ENSP00000238497,197,92
9606.ENSP00000279022,196,93
9606.ENSP00000378368,196,72
9606.ENSP00000451560,196,711
9606.ENSP00000363162,196,20
9606.ENSP00000261303,196,79
9606.ENSP00000427424,195,31
9606.ENSP00000264758,195,109
9606.ENSP00000318297,195,84
9606.ENSP00000216330,195,29
9606.ENSP00000483185,195,204
9606.ENSP00000226796,195,28
9606.ENSP00000303276,194,19
9606.ENSP00000367038,194,162
9606.ENSP00000264657,194,121
9606.ENSP00000261758,194,28
9606.ENSP00000360688,194,31
9606.ENSP00000348381,194,95
9606.ENSP00000321584,193,64
9606.ENSP00000409666,193,48
9606.ENSP00000357122,193,92
9606.ENSP00000221494,193,44
9606.ENSP00000477590,193,93
9606.ENSP00000418447,193,101
9606.ENSP00000252542,193,136
9606.ENSP00000435289,192,35
9606.ENSP00000240185,192,45
9606.ENSP00000254508,192,266
9606.ENSP00000317123,192,433
9606.ENSP00000196371,192,77
9606.ENSP00000356015,192,46
9606.ENSP00000362873,191,27
9606.ENSP00000246151,191,40
9606.ENSP00000264595,190,50
9606.ENSP00000262646,190,65
9606.ENSP00000497474,190,5
9606.ENSP00000263694,190,41
9606.ENSP00000398632,189,117
9606.ENSP00000310572,189,71
9606.ENSP00000476252,189,121
9606.ENSP00000264904,189,123
9606.ENSP00000207549,189,157
9606.ENSP00000276390,189,99
9606.ENSP00000412189,189,87
9606.ENSP00000270225,188,65
9606.ENSP00000273398,188,103
9606.ENSP00000299518,188,50
9606.ENSP00000361140,188,65
9606.ENSP00000332198,188,11
9606.ENSP00000384863,188,175
9606.ENSP00000412566,188,117
9606.ENSP00000343966,188,75
9606.ENSP00000346088,187,16
9606.ENSP00000253108,187,41
9606.ENSP00000355340,187,50
9606.ENSP00000264059,187,93
9606.ENSP00000487719,187,233
9606.ENSP00000413625,187,90
9606.ENSP00000473172,187,90
9606.ENSP00000216252,187,16
9606.ENSP00000431284,187,43
9606.ENSP00000449386,187,144
9606.ENSP00000217958,186,34
9606.ENSP00000341779,186,167
9606.ENSP00000221138,186,97
9606.ENSP00000373312,186,37
9606.ENSP00000244020,186,91
9606.ENSP00000258418,185,66
9606.ENSP00000264639,185,95
9606.ENSP00000274137,185,15
9606.ENSP00000366694,185,43
9606.ENSP00000225174,185,33
9606.ENSP00000369317,184,452
9606.ENSP00000469468,184,16
9606.ENSP00000362329,184,53
9606.ENSP00000327589,184,205
9606.ENSP00000477639,184,66
9606.ENSP00000356992,184,130
9606.ENSP00000358099,183,28
9606.ENSP00000256441,183,15
9606.ENSP00000477572,183,57
9606.ENSP00000396937,183,67
9606.ENSP00000363641,183,22
9606.ENSP00000369456,183,27
9606.ENSP00000368884,182,161
9606.ENSP00000325448,182,94
9606.ENSP00000482486,182,77
9606.ENSP00000256078,182,66
9606.ENSP00000263774,182,52
9606.ENSP00000346173,182,56
9606.ENSP00000075120,181,85
9606.ENSP00000350708,181,46
9606.ENSP00000359988,181,32
9606.ENSP00000234038,180,64
9606.ENSP00000399457,180,77
9606.ENSP00000263212,180,59
9606.ENSP00000340989,180,244
9606.ENSP00000432279,180,12
9606.ENSP00000349575,179,28
9606.ENSP00000295640,179,112
9606.ENSP00000450385,179,69
9606.ENSP00000350199,179,190
9606.ENSP00000380958,179,12
9606.ENSP00000217515,179,48
9606.ENSP00000264474,179,13
9606.ENSP00000234160,179,43
9606.ENSP00000404042,179,45
9606.ENSP00000494831,179,115
9606.ENSP00000216225,178,10
9606.ENSP00000304102,178,37
9606.ENSP00000229268,177,110
9606.ENSP00000261712,177,82
9606.ENSP00000442920,177,47
9606.ENSP00000309415,177,19
9606.ENSP00000416255,177,180
9606.ENSP00000233468,176,19
9606.ENSP00000416066,176,76
9606.ENSP00000252250,176,452
9606.ENSP00000157812,175,69
9606.ENSP00000234347,175,29
9606.ENSP00000435210,175,103
9606.ENSP00000434516,175,97
9606.ENSP00000184266,175,19
9606.ENSP00000281456,175,149
9606.ENSP00000340736,175,47
9606.ENSP00000364183,174,22
9606.ENSP00000362532,174,49
9606.ENSP00000380638,174,184
9606.ENSP00000217971,174,22
9606.ENSP00000353072,174,194
9606.ENSP00000347005,173,86
9606.ENSP00000429931,173,50
9606.ENSP00000356416,173,79
9606.ENSP00000448785,173,33
9606.ENSP00000299166,172,20
9606.ENSP00000496129,172,116
9606.ENSP00000463057,172,134
9606.ENSP00000364898,172,105
9606.ENSP00000244137,172,72
9606.ENSP00000368646,171,76
9606.ENSP00000283415,171,63
9606.ENSP00000248958,171,26
9606.ENSP00000444810,171,64
9606.ENSP00000447730,171,31
9606.ENSP00000306788,171,20
9606.ENSP00000216190,170,66
9606.ENSP00000251166,170,172
9606.ENSP00000160262,170,96
9606.ENSP00000460871,170,61
9606.ENSP00000376297,170,24
9606.ENSP00000475168,169,25
9606.ENSP00000219789,169,25
9606.ENSP00000278412,169,90
9606.ENSP00000334448,168,15
9606.ENSP00000265838,168,56
9606.ENSP00000312185,168,112
9606.ENSP00000480332,168,23
9606.ENSP00000479870,168,27
9606.ENSP00000401770,167,15
9606.ENSP00000391211,167,72
9606.ENSP00000361512,167,76
9606.ENSP00000330737,166,21
9606.ENSP00000430494,166,24
9606.ENSP00000216121,166,47
9606.ENSP00000296702,166,95
9606.ENSP00000259951,164,60
9606.ENSP00000268058,164,134
9606.ENSP00000449770,164,47
9606.ENSP00000262629,164,12
9606.ENSP00000480421,164,103
9606.ENSP00000386458,164,86
9606.ENSP00000423674,164,58
9606.ENSP00000362041,164,32
9606.ENSP00000296490,164,51
9606.ENSP00000419628,164,32
9606.ENSP00000452763,164,30
9606.ENSP00000363638,163,31
9606.ENSP00000353590,163,748
9606.ENSP00000216336,163,35
9606.ENSP00000381220,163,28
9606.ENSP00000497402,163,48
9606.ENSP00000482543,163,17
9606.ENSP00000248342,163,34
9606.ENSP00000359664,162,43
9606.ENSP00000410059,162,85
9606.ENSP00000158762,162,95
9606.ENSP00000425634,161,85
9606.ENSP00000365569,161,74
9606.ENSP00000308452,161,254
9606.ENSP00000298556,161,42
9606.ENSP00000252622,161,10
9606.ENSP00000355518,160,62
9606.ENSP00000388552,160,55
9606.ENSP00000335203,160,13
9606.ENSP00000393388,160,5
9606.ENSP00000001008,160,61
9606.ENSP00000265260,160,24
9606.ENSP00000343885,159,53
9606.ENSP00000217121,159,36
9606.ENSP00000313603,159,98
9606.ENSP00000396301,159,55
9606.ENSP00000466214,159,22
9606.ENSP00000327268,159,41
9606.ENSP00000309555,158,203
9606.ENSP00000253363,158,69
9606.ENSP00000464087,158,815
9606.ENSP00000359045,158,110
9606.ENSP00000434511,158,18
9606.ENSP00000261973,158,70
9606.ENSP00000262455,158,47
9606.ENSP00000331019,158,20
9606.ENSP00000344504,158,13
9606.ENSP00000343405,157,111
9606.ENSP00000408025,157,52
9606.ENSP00000460070,157,111
9606.ENSP00000311449,157,61
9606.ENSP00000440542,156,277
9606.ENSP00000223369,156,30
9606.ENSP00000397552,156,55
9606.ENSP00000351926,156,150
9606.ENSP00000478059,156,92
9606.ENSP00000297283,156,95
9606.ENSP00000302486,156,64
9606.ENSP00000478249,156,37
9606.ENSP00000357459,155,169
9606.ENSP00000209875,155,34
9606.ENSP00000321070,155,80
9606.ENSP00000428924,155,79
9606.ENSP00000408910,155,48
9606.ENSP00000492441,155,82
9606.ENSP00000376055,154,39
9606.ENSP00000363041,154,16
9606.ENSP00000283131,154,165
9606.ENSP00000498441,154,131
9606.ENSP00000318177,154,86
9606.ENSP00000406162,154,62
9606.ENSP00000310219,154,277
9606.ENSP00000494040,154,158
9606.ENSP00000410992,154,109
9606.ENSP00000296028,153,21
9606.ENSP00000351492,153,15
9606.ENSP00000253023,153,32
9606.ENSP00000401470,153,71
9606.ENSP00000353444,153,61
9606.ENSP00000392270,153,57
9606.ENSP00000280557,153,21
9606.ENSP00000296456,153,82
9606.ENSP00000293350,153,67
9606.ENSP00000310301,152,17
9606.ENSP00000273130,152,63
9606.ENSP00000341657,152,27
9606.ENSP00000333551,152,37
9606.ENSP00000418563,152,91
9606.ENSP00000313851,152,192
9606.ENSP00000264870,151,109
9606.ENSP00000304854,151,17
9606.ENSP00000346300,151,42
9606.ENSP00000371230,151,37
9606.ENSP00000485638,150,127
9606.ENSP00000439444,150,127
9606.ENSP00000463419,150,127
9606.ENSP00000320324,150,122
9606.ENSP00000480150,150,141
9606.ENSP00000386156,150,22
9606.ENSP00000324122,150,45
9606.ENSP00000302111,150,29
9606.ENSP00000343535,150,151
9606.ENSP00000262947,150,17
9606.ENSP00000379256,150,58
9606.ENSP00000054666,149,21
9606.ENSP00000428426,149,45
9606.ENSP00000369134,149,63
9606.ENSP00000357055,149,16
9606.ENSP00000276420,148,53
9606.ENSP00000440485,148,29
9606.ENSP00000377771,148,120
9606.ENSP00000394888,148,284
9606.ENSP00000310668,148,109
9606.ENSP00000260665,148,212
9606.ENSP00000367992,148,46
9606.ENSP00000416534,148,150
9606.ENSP00000376317,147,96
9606.ENSP00000369176,147,10
9606.ENSP00000498596,147,40
9606.ENSP00000471191,147,27
9606.ENSP00000249299,147,17
9606.ENSP00000390265,147,71
9606.ENSP00000466022,147,1
9606.ENSP00000487693,146,36
9606.ENSP00000413606,146,85
9606.ENSP00000261263,146,41
9606.ENSP00000252071,146,87
9606.ENSP00000284719,146,46
9606.ENSP00000356989,146,16
9606.ENSP00000216832,146,78
9606.ENSP00000387710,146,107
9606.ENSP00000385757,146,32
9606.ENSP00000428056,146,104
9606.ENSP00000360305,146,37
9606.ENSP00000354566,145,18
9606.ENSP00000449751,145,23
9606.ENSP00000309565,145,8
9606.ENSP00000494538,145,56
9606.ENSP00000375649,145,21
9606.ENSP00000244227,145,9
9606.ENSP00000361711,145,17
9606.ENSP00000379392,145,56
9606.ENSP00000263918,145,91
9606.ENSP00000262027,144,92
9606.ENSP00000370588,144,13
9606.ENSP00000282272,144,138
9606.ENSP00000266679,144,49
9606.ENSP00000436049,144,46
9606.ENSP00000480946,144,60
9606.ENSP00000322716,144,58
9606.ENSP00000355493,144,48
9606.ENSP00000217133,144,332
9606.ENSP00000258145,143,65
9606.ENSP00000248594,143,96
9606.ENSP00000499089,143,110
9606.ENSP00000379181,143,39
9606.ENSP00000355599,143,35
9606.ENSP00000481029,143,58
9606.ENSP00000378563,143,13
9606.ENSP00000377374,143,27
9606.ENSP00000323967,142,38
9606.ENSP00000284856,142,1
9606.ENSP00000318066,142,62
9606.ENSP00000477920,142,109
9606.ENSP00000452786,142,104
9606.ENSP00000358563,142,62
9606.ENSP00000404854,142,31
9606.ENSP00000359871,142,42
9606.ENSP00000318635,142,34
9606.ENSP00000498336,142,140
9606.ENSP00000464619,141,127
9606.ENSP00000485206,141,127
9606.ENSP00000483786,141,67
9606.ENSP00000291565,141,40
9606.ENSP00000253413,141,28
9606.ENSP00000446252,140,47
9606.ENSP00000377814,140,16
9606.ENSP00000479719,140,227
9606.ENSP00000380998,140,11
9606.ENSP00000261889,140,72
9606.ENSP00000337632,140,37
9606.ENSP00000378191,140,33
9606.ENSP00000460885,139,169
9606.ENSP00000394107,139,67
9606.ENSP00000401076,139,143
9606.ENSP00000430598,139,9
9606.ENSP00000319096,139,39
9606.ENSP00000320309,139,46
9606.ENSP00000367806,139,20
9606.ENSP00000254695,138,80
9606.ENSP00000287156,138,13
9606.ENSP00000316454,138,87
9606.ENSP00000373918,138,89
9606.ENSP00000478303,138,18
9606.ENSP00000304802,138,33
9606.ENSP00000264954,137,23
9606.ENSP00000457723,137,22
9606.ENSP00000231368,137,152
9606.ENSP00000466025,137,31
9606.ENSP00000300605,137,22
9606.ENSP00000478017,136,184
9606.ENSP00000485450,136,184
9606.ENSP00000292475,136,28
9606.ENSP00000368458,136,35
9606.ENSP00000290291,136,58
9606.ENSP00000302160,136,12
9606.ENSP00000315263,135,29
9606.ENSP00000378323,135,93
9606.ENSP00000377148,135,80
9606.ENSP00000356972,135,56
9606.ENSP00000250101,135,19
9606.ENSP00000430432,135,90
9606.ENSP00000364949,135,31
9606.ENSP00000359488,135,80
9606.ENSP00000382697,135,172
9606.ENSP00000479203,135,185
9606.ENSP00000365370,135,185
9606.ENSP00000345259,134,99
9606.ENSP00000278353,134,36
9606.ENSP00000319281,134,19
9606.ENSP00000334153,134,42
9606.ENSP00000315774,134,30
9606.ENSP00000498872,134,46
9606.ENSP00000241337,133,48
9606.ENSP00000274712,133,15
9606.ENSP00000253794,133,24
9606.ENSP00000354522,133,70
9606.ENSP00000215882,132,37
9606.ENSP00000455047,132,75
9606.ENSP00000260356,132,162
9606.ENSP00000253039,132,55
9606.ENSP00000254322,132,35
9606.ENSP00000497587,131,51
9606.ENSP00000391583,131,32
9606.ENSP00000376167,131,49
9606.ENSP00000445929,131,78
9606.ENSP00000216554,130,46
9606.ENSP00000205061,130,129
9606.ENSP00000370882,130,19
9606.ENSP00000299259,130,44
9606.ENSP00000472929,130,94
9606.ENSP00000259037,130,11
9606.ENSP00000294119,130,22
9606.ENSP00000378786,129,26
9606.ENSP00000379038,129,56
9606.ENSP00000466379,129,34
9606.ENSP00000365220,129,130
9606.ENSP00000483313,129,29
9606.ENSP00000355361,129,34
9606.ENSP00000329757,128,7
9606.ENSP00000424183,128,13
9606.ENSP00000343325,128,99
9606.ENSP00000360473,128,8
9606.ENSP00000446271,128,30
9606.ENSP00000361009,128,186
9606.ENSP00000429309,128,26
9606.ENSP00000310723,128,83
9606.ENSP00000394842,127,23
9606.ENSP00000369038,127,27
9606.ENSP00000484431,127,31
9606.ENSP00000332604,127,180
9606.ENSP00000358616,127,11
9606.ENSP00000316905,127,48
9606.ENSP00000386023,127,13
9606.ENSP00000295767,126,11
9606.ENSP00000228506,126,34
9606.ENSP00000244520,126,14
9606.ENSP00000432472,126,12
9606.ENSP00000409581,126,41
9606.ENSP00000312066,126,68
9606.ENSP00000360365,126,39
9606.ENSP00000310448,126,81
9606.ENSP00000496713,126,515
9606.ENSP00000359504,126,80
9606.ENSP00000336866,126,20
9606.ENSP00000219313,125,33
9606.ENSP00000419325,125,51
9606.ENSP00000215754,125,18
9606.ENSP00000313454,125,134
9606.ENSP00000012443,125,56
9606.ENSP00000425759,125,7
9606.ENSP00000349658,125,105
9606.ENSP00000223029,124,28
9606.ENSP00000309474,124,99
9606.ENSP00000346954,124,12
9606.ENSP00000251968,124,33
9606.ENSP00000363899,124,39
9606.ENSP00000319255,124,22
9606.ENSP00000345917,124,30
9606.ENSP00000369689,124,15
9606.ENSP00000342778,124,46
9606.ENSP00000382595,123,44
9606.ENSP00000378725,123,149
9606.ENSP00000458770,123,20
9606.ENSP00000480514,123,21
9606.ENSP00000240851,123,19
9606.ENSP00000358554,123,31
9606.ENSP00000364815,123,124
9606.ENSP00000370258,122,178
9606.ENSP00000266604,122,6
9606.ENSP00000225941,122,33
9606.ENSP00000370724,122,61
9606.ENSP00000295448,122,43
9606.ENSP00000364119,122,41
9606.ENSP00000365426,122,14
9606.ENSP00000357218,122,29
9606.ENSP00000497280,122,42
9606.ENSP00000311469,122,62
9606.ENSP00000482457,122,155
9606.ENSP00000495128,122,69
9606.ENSP00000365963,121,8
9606.ENSP00000307078,121,135
9606.ENSP00000177694,121,53
9606.ENSP00000359497,121,66
9606.ENSP00000297338,121,49
9606.ENSP00000324573,121,141
9606.ENSP00000265872,121,90
9606.ENSP00000384886,121,27
9606.ENSP00000383168,121,87
9606.ENSP00000480132,120,86
9606.ENSP00000403701,120,37
9606.ENSP00000345412,120,39
9606.ENSP00000316809,120,28
9606.ENSP00000364032,120,101
9606.ENSP00000005257,119,31
9606.ENSP00000303147,119,36
9606.ENSP00000365576,119,83
9606.ENSP00000358547,119,43
9606.ENSP00000340454,119,67
9606.ENSP00000262306,119,17
9606.ENSP00000286175,118,19
9606.ENSP00000379364,118,42
9606.ENSP00000455114,118,62
9606.ENSP00000368688,118,11
9606.ENSP00000291577,118,52
9606.ENSP00000480313,118,52
9606.ENSP00000359507,118,29
9606.ENSP00000262238,118,27
9606.ENSP00000384273,118,38
9606.ENSP00000440045,118,130
9606.ENSP00000359305,118,22
9606.ENSP00000318697,117,448
9606.ENSP00000229795,117,33
9606.ENSP00000249647,117,24
9606.ENSP00000486252,117,81
9606.ENSP00000377036,117,31
9606.ENSP00000355689,117,27
9606.ENSP00000348442,117,51
9606.ENSP00000301729,117,28
9606.ENSP00000423673,117,28
9606.ENSP00000256001,117,120
9606.ENSP00000363228,116,59
9606.ENSP00000380308,116,38
9606.ENSP00000349437,116,219
9606.ENSP00000229812,116,45
9606.ENSP00000349923,116,9
9606.ENSP00000327116,116,127
9606.ENSP00000364805,116,262
9606.ENSP00000379339,116,9
9606.ENSP00000301457,116,10
9606.ENSP00000354837,115,104
9606.ENSP00000273920,115,23
9606.ENSP00000474534,115,68
9606.ENSP00000424870,115,12
9606.ENSP00000290246,115,83
9606.ENSP00000356807,115,27
9606.ENSP00000359719,115,70
9606.ENSP00000339801,115,56
9606.ENSP00000381185,115,13
9606.ENSP00000246868,115,21
9606.ENSP00000336712,115,104
9606.ENSP00000368831,115,60
9606.ENSP00000242351,115,101
9606.ENSP00000496832,115,20
9606.ENSP00000265395,114,26
9606.ENSP00000363031,114,63
9606.ENSP00000217244,114,61
9606.ENSP00000325266,114,9
9606.ENSP00000243253,114,35
9606.ENSP00000421566,114,59
9606.ENSP00000370376,114,29
9606.ENSP00000369814,113,98
9606.ENSP00000231572,113,72
9606.ENSP00000355889,113,100
9606.ENSP00000438399,113,24
9606.ENSP00000257860,113,154
9606.ENSP00000398803,113,32
9606.ENSP00000340329,113,35
9606.ENSP00000408526,113,40
9606.ENSP00000347464,113,61
9606.ENSP00000336831,113,260
9606.ENSP00000307850,112,14
9606.ENSP00000288266,112,63
9606.ENSP00000354791,112,115
9606.ENSP00000356481,112,65
9606.ENSP00000262948,112,64
9606.ENSP00000203556,112,76
9606.ENSP00000445306,112,137
9606.ENSP00000215071,112,27
9606.ENSP00000215567,112,27
9606.ENSP00000351990,112,50
9606.ENSP00000292314,112,11
9606.ENSP00000367154,111,24
9606.ENSP00000319664,111,37
9606.ENSP00000368927,111,20
9606.ENSP00000379975,111,39
9606.ENSP00000264331,111,183
9606.ENSP00000367851,111,62
9606.ENSP00000365042,111,26
9606.ENSP00000331368,111,76
9606.ENSP00000311364,111,2
9606.ENSP00000478767,111,52
9606.ENSP00000226574,110,82
9606.ENSP00000417580,110,20
9606.ENSP00000226279,110,32
9606.ENSP00000358496,110,5
9606.ENSP00000321691,110,15
9606.ENSP00000273359,110,30
9606.ENSP00000452746,109,44
9606.ENSP00000301939,109,3
9606.ENSP00000394316,109,57
9606.ENSP00000306881,109,89
9606.ENSP00000362456,109,18
9606.ENSP00000261636,109,25
9606.ENSP00000356602,109,16
9606.ENSP00000418401,109,28
9606.ENSP00000360532,108,64
9606.ENSP00000264414,108,84
9606.ENSP00000357452,108,18
9606.ENSP00000314030,108,35
9606.ENSP00000322524,108,15
9606.ENSP00000448035,108,50
9606.ENSP00000318822,108,26
9606.ENSP00000306866,108,4
9606.ENSP00000253048,108,62
9606.ENSP00000389414,108,58
9606.ENSP00000303427,108,139
9606.ENSP00000315379,108,53
9606.ENSP00000418695,108,52
9606.ENSP00000361057,107,24
9606.ENSP00000300086,107,29
9606.ENSP00000244926,107,5
9606.ENSP00000341483,107,46
9606.ENSP00000307275,107,18
9606.ENSP00000311677,107,24
9606.ENSP00000216034,107,18
9606.ENSP00000450909,106,12
9606.ENSP00000388996,106,58
9606.ENSP00000353720,106,67
9606.ENSP00000420384,106,17
9606.ENSP00000356918,106,22
9606.ENSP00000469035,106,30
9606.ENSP00000381429,106,20
9606.ENSP00000309092,106,34
9606.ENSP00000366430,106,17
9606.ENSP00000323328,106,38
9606.ENSP00000367265,106,54
9606.ENSP00000378360,106,48
9606.ENSP00000296029,106,14
9606.ENSP00000367028,106,134
9606.ENSP00000388713,106,29
9606.ENSP00000358089,105,28
9606.ENSP00000220849,105,56
9606.ENSP00000418572,105,21
9606.ENSP00000293373,105,126
9606.ENSP00000336914,105,53
9606.ENSP00000385519,105,24
9606.ENSP00000325863,105,68
9606.ENSP00000379838,105,10
9606.ENSP00000452401,104,10
9606.ENSP00000470142,104,101
9606.ENSP00000349078,104,33
9606.ENSP00000338039,104,16
9606.ENSP00000379350,103,76
9606.ENSP00000358770,103,122
9606.ENSP00000457733,103,44
9606.ENSP00000281243,103,23
9606.ENSP00000263025,103,56
9606.ENSP00000305675,103,31
9606.ENSP00000437073,103,180
9606.ENSP00000470615,103,24
9606.ENSP00000311713,103,51
9606.ENSP00000377696,103,30
9606.ENSP00000454623,103,124
9606.ENSP00000346671,103,59
9606.ENSP00000085068,103,14
9606.ENSP00000278483,102,9
9606.ENSP00000419879,102,26
9606.ENSP00000349238,102,118
9606.ENSP00000389445,102,46
9606.ENSP00000420641,102,13
9606.ENSP00000358548,102,61
9606.ENSP00000349181,102,17
9606.ENSP00000354722,102,19
9606.ENSP00000356110,102,15
9606.ENSP00000342710,102,246
9606.ENSP00000263202,101,21
9606.ENSP00000366396,101,86
9606.ENSP00000274242,101,4
9606.ENSP00000307567,101,91
9606.ENSP00000331614,101,55
9606.ENSP00000430128,101,22
9606.ENSP00000273047,101,50
9606.ENSP00000360683,101,41
9606.ENSP00000362807,101,13
9606.ENSP00000317468,101,14
9606.ENSP00000428966,101,83
9606.ENSP00000498437,101,83
9606.ENSP00000381504,101,55
9606.ENSP00000490225,101,22
9606.ENSP00000360871,101,25
9606.ENSP00000379616,100,522
9606.ENSP00000292363,100,8
9606.ENSP00000433642,100,33
9606.ENSP00000282486,100,33
9606.ENSP00000442699,100,58
9606.ENSP00000194214,100,9
9606.ENSP00000306920,99.8,47
9606.ENSP00000356107,99.7,29
9606.ENSP00000470252,99.6,83
9606.ENSP00000370625,99.6,88
9606.ENSP00000357384,99.5,7
9606.ENSP00000272233,98.8,68
9606.ENSP00000262982,98.8,89
9606.ENSP00000272519,98.6,18
9606.ENSP00000308897,98.4,15
9606.ENSP00000210313,98.3,54
9606.ENSP00000234310,98.1,16
9606.ENSP00000233627,97.8,23
9606.ENSP00000223500,97.8,9
9606.ENSP00000345083,97.6,40
9606.ENSP00000345195,97.6,81
9606.ENSP00000361186,97.5,17
9606.ENSP00000348984,97.4,104
9606.ENSP00000261574,97.4,110
9606.ENSP00000342351,97.4,16
9606.ENSP00000498362,97.4,9
9606.ENSP00000349722,97.3,19
9606.ENSP00000447942,97.2,15
9606.ENSP00000473631,97.2,38
9606.ENSP00000449089,97.2,75
9606.ENSP00000269373,97.2,25
9606.ENSP00000359539,97.1,37
9606.ENSP00000418529,97,31
9606.ENSP00000250617,97,70
9606.ENSP00000299633,96.9,13
9606.ENSP00000301788,96.9,21
9606.ENSP00000262187,96.9,10
9606.ENSP00000380336,96.8,44
9606.ENSP00000268835,96.7,34
9606.ENSP00000300134,96.7,44
9606.ENSP00000382731,96.6,46
9606.ENSP00000451962,96.6,13
9606.ENSP00000370254,96.5,91
9606.ENSP00000246024,96.2,25
9606.ENSP00000364794,96.2,106
9606.ENSP00000325594,96.1,57
9606.ENSP00000286371,96.1,19
9606.ENSP00000419449,96,14
9606.ENSP00000263246,95.9,36
9606.ENSP00000259006,95.9,12
9606.ENSP00000281828,95.7,58
9606.ENSP00000330389,95.6,11
9606.ENSP00000403362,95.6,42
9606.ENSP00000357835,95.5,15
9606.ENSP00000430656,95.4,21
9606.ENSP00000371253,95.4,78
9606.ENSP00000357876,95.3,24
9606.ENSP00000256196,95.2,24
9606.ENSP00000419088,95.1,11
9606.ENSP00000392147,95.1,29
9606.ENSP00000242592,95.1,28
9606.ENSP00000377867,94.8,57
9606.ENSP00000385432,94.8,39
9606.ENSP00000014930,94.6,15
9606.ENSP00000436585,94.6,28
9606.ENSP00000266544,94.6,63
9606.ENSP00000000412,94.6,20
9606.ENSP00000293362,94.5,24
9606.ENSP00000368100,94.4,199
9606.ENSP00000491596,94.4,187
9606.ENSP00000223864,94.4,12
9606.ENSP00000487365,94.3,85
9606.ENSP00000379366,94.3,40
9606.ENSP00000376472,94.3,67
9606.ENSP00000336829,94.2,45
9606.ENSP00000379282,94.1,39
9606.ENSP00000333667,94.1,46
9606.ENSP00000331201,94,31
9606.ENSP00000398495,94,41
9606.ENSP00000499058,94,41
9606.ENSP00000353284,93.9,132
9606.ENSP00000284320,93.9,46
9606.ENSP00000367498,93.7,44
9606.ENSP00000287600,93.6,6
9606.ENSP00000435412,93.5,104
9606.ENSP00000440222,93.2,67
9606.ENSP00000312634,93.1,43
9606.ENSP00000485630,93,51
9606.ENSP00000427421,92.6,4
9606.ENSP00000468690,92.5,20
9606.ENSP00000369887,92.4,67
9606.ENSP00000264670,92.3,73
9606.ENSP00000261714,92.3,40
9606.ENSP00000259953,91.9,20
9606.ENSP00000338864,91.6,57
9606.ENSP00000317955,91.6,110
9606.ENSP00000312262,91.6,77
9606.ENSP00000345672,91.6,30
9606.ENSP00000371155,91.5,17
9606.ENSP00000353099,91.4,24
9606.ENSP00000354681,91.4,87
9606.ENSP00000225614,91.4,24
9606.ENSP00000330825,91.4,14
9606.ENSP00000215730,91.3,19
9606.ENSP00000312304,91.1,22
9606.ENSP00000254654,91.1,26
9606.ENSP00000309591,91,59
9606.ENSP00000158771,90.9,5
9606.ENSP00000325313,90.9,52
9606.ENSP00000419851,90.7,62
9606.ENSP00000327255,90.6,32
9606.ENSP00000464383,90.6,21
9606.ENSP00000384899,90.5,57
9606.ENSP00000471455,90.5,12
9606.ENSP00000364320,90.4,17
9606.ENSP00000350310,90.4,115
9606.ENSP00000486901,90.3,70
9606.ENSP00000337623,90.3,17
9606.ENSP00000378165,89.9,27
9606.ENSP00000325398,89.8,18
9606.ENSP00000313050,89.8,25
9606.ENSP00000317379,89.8,51
9606.ENSP00000388658,89.8,63
9606.ENSP00000216487,89.8,58
9606.ENSP00000418438,89.7,5
9606.ENSP00000347872,89.7,27
9606.ENSP00000379042,89.6,39
9606.ENSP00000381293,89.5,82
9606.ENSP00000351490,89.5,14
9606.ENSP00000338348,89.3,7
9606.ENSP00000344166,89.3,75
9606.ENSP00000323889,89.3,53
9606.ENSP00000381717,89.1,18
9606.ENSP00000358283,88.8,68
9606.ENSP00000349687,88.8,16
9606.ENSP00000493153,88.5,18
9606.ENSP00000305653,88.4,52
9606.ENSP00000293328,88.3,110
9606.ENSP00000281589,88.3,120
9606.ENSP00000325425,88.3,25
9606.ENSP00000385923,88.2,43
9606.ENSP00000256433,88.2,7
9606.ENSP00000252711,88.2,28
9606.ENSP00000481495,88.1,62
9606.ENSP00000289371,88.1,74
9606.ENSP00000370718,88.1,34
9606.ENSP00000484580,88,15
9606.ENSP00000364289,88,59
9606.ENSP00000320663,87.8,69
9606.ENSP00000420443,87.7,5
9606.ENSP00000369192,87.6,33
9606.ENSP00000219782,87.6,19
9606.ENSP00000355206,87.5,3
9606.ENSP00000346340,87.2,13
9606.ENSP00000301740,87.1,137
9606.ENSP00000352401,87.1,17
9606.ENSP00000300181,86.9,28
9606.ENSP00000446828,86.4,32
9606.ENSP00000403104,86.4,35
9606.ENSP00000417748,86.4,22
9606.ENSP00000443965,86.3,30
9606.ENSP00000468424,86.3,40
9606.ENSP00000275428,86.3,36
9606.ENSP00000431482,86.2,28
9606.ENSP00000328570,86.2,11
9606.ENSP00000217402,86.2,20
9606.ENSP00000392617,86.1,46
9606.ENSP00000475615,86.1,11
9606.ENSP00000387699,86,9
9606.ENSP00000301656,85.9,175
9606.ENSP00000351473,85.9,43
9606.ENSP00000470262,85.7,12
9606.ENSP00000349679,85.5,8
9606.ENSP00000494373,85.2,24
9606.ENSP00000358857,85.2,19
9606.ENSP00000340823,85.1,13
9606.ENSP00000378046,85,24
9606.ENSP00000498991,85,24
9606.ENSP00000377015,85,37
9606.ENSP00000309689,84.7,44
9606.ENSP00000495750,84.7,35
9606.ENSP00000210444,84.5,23
9606.ENSP00000306670,84.5,20
9606.ENSP00000454786,84.4,68
9606.ENSP00000261167,84.3,42
9606.ENSP00000355050,84.3,37
9606.ENSP00000441158,84.1,326
9606.ENSP00000340211,84.1,25
9606.ENSP00000273308,84.1,36
9606.ENSP00000217131,84.1,16
9606.ENSP00000354340,84,34
9606.ENSP00000450540,84,48
9606.ENSP00000216727,84,26
9606.ENSP00000458954,83.8,38
9606.ENSP00000388293,83.7,11
9606.ENSP00000377494,83.7,32
9606.ENSP00000373808,83.6,40
9606.ENSP00000445806,83.5,23
9606.ENSP00000378402,83.4,80
9606.ENSP00000266079,83.4,84
9606.ENSP00000260408,83.3,58
9606.ENSP00000357633,83.2,25
9606.ENSP00000216129,82.9,48
9606.ENSP00000363117,82.9,48
9606.ENSP00000286733,82.9,27
9606.ENSP00000366563,82.8,89
9606.ENSP00000265563,82.8,39
9606.ENSP00000245796,82.3,45
9606.ENSP00000360492,82.2,4
9606.ENSP00000410339,82.1,21
9606.ENSP00000334538,82.1,24
9606.ENSP00000482773,82,26
9606.ENSP00000320485,81.9,120
9606.ENSP00000407586,81.7,54
9606.ENSP00000292823,81.4,26
9606.ENSP00000369897,81,70
9606.ENSP00000378394,80.9,43
9606.ENSP00000290231,80.8,27
9606.ENSP00000011473,80.8,16
9606.ENSP00000424417,80.6,27
9606.ENSP00000359393,80.4,18
9606.ENSP00000416158,80.4,77
9606.ENSP00000398064,80.4,4
9606.ENSP00000353259,80.3,14
9606.ENSP00000485022,80.2,28
9606.ENSP00000291552,80.2,28
9606.ENSP00000376919,80.1,31
9606.ENSP00000378917,80.1,36
9606.ENSP00000371638,80,133
9606.ENSP00000277165,80,84
9606.ENSP00000326806,79.9,8
9606.ENSP00000430774,79.9,9
9606.ENSP00000401980,79.7,25
9606.ENSP00000356355,79.6,25
9606.ENSP00000217901,79.6,19
9606.ENSP00000464050,79.6,54
9606.ENSP00000356421,79.6,30
9606.ENSP00000357288,79.6,11
9606.ENSP00000261427,79.5,24
9606.ENSP00000331127,79.4,31
9606.ENSP00000306752,79.4,31
9606.ENSP00000334373,79.4,28
9606.ENSP00000245816,79.3,18
9606.ENSP00000366819,79.2,17
9606.ENSP00000380178,79.2,11
9606.ENSP00000367893,79,20
9606.ENSP00000461388,78.9,13
9606.ENSP00000173527,78.9,23
9606.ENSP00000313877,78.7,15
9606.ENSP00000224807,78.7,29
9606.ENSP00000305699,78.7,46
9606.ENSP00000451129,78.7,32
9606.ENSP00000263239,78.5,47
9606.ENSP00000326261,78.3,41
9606.ENSP00000338130,78.1,6
9606.ENSP00000473553,78.1,51
9606.ENSP00000222553,78.1,40
9606.ENSP00000229329,78.1,26
9606.ENSP00000387282,78.1,18
9606.ENSP00000336868,78.1,6
9606.ENSP00000344544,78.1,38
9606.ENSP00000301838,78,8
9606.ENSP00000289473,77.9,27
9606.ENSP00000263645,77.7,9
9606.ENSP00000388942,77.6,29
9606.ENSP00000238379,77.6,17
9606.ENSP00000427108,77.4,41
9606.ENSP00000411960,77.4,62
9606.ENSP00000325312,77.4,26
9606.ENSP00000273986,77.2,12
9606.ENSP00000351446,77.1,20
9606.ENSP00000354111,76.9,8
9606.ENSP00000489597,76.9,46
9606.ENSP00000358312,76.8,22
9606.ENSP00000181796,76.7,21
9606.ENSP00000312250,76.7,23
9606.ENSP00000352400,76.6,96
9606.ENSP00000357873,76.6,24
9606.ENSP00000302393,76.5,58
9606.ENSP00000498395,76.5,30
9606.ENSP00000289968,76.3,41
9606.ENSP00000440704,76.3,37
9606.ENSP00000386655,76.3,14
9606.ENSP00000480836,76.2,28
9606.ENSP00000274787,76.2,4
9606.ENSP00000414095,76.2,68
9606.ENSP00000257245,76.1,8
9606.ENSP00000433664,76.1,55
9606.ENSP00000359042,76,22
9606.ENSP00000383866,76,9
9606.ENSP00000216639,75.9,18
9606.ENSP00000479860,75.8,20
9606.ENSP00000263559,75.8,23
9606.ENSP00000382327,75.7,14
9606.ENSP00000401508,75.4,29
9606.ENSP00000351035,75.1,22
9606.ENSP00000386456,75.1,49
9606.ENSP00000292782,75.1,20
9606.ENSP00000352264,75,37
9606.ENSP00000341208,75,108
9606.ENSP00000368022,74.8,41
9606.ENSP00000495274,74.8,63
9606.ENSP00000382779,74.8,26
9606.ENSP00000380869,74.7,38
9606.ENSP00000310596,74.6,8
9606.ENSP00000358071,74.6,45
9606.ENSP00000250498,74.5,8
9606.ENSP00000356988,74.3,24
9606.ENSP00000355094,74.3,18
9606.ENSP00000230431,74.3,10
9606.ENSP00000367208,74.3,27
9606.ENSP00000353826,74.2,51
9606.ENSP00000377954,74.1,79
9606.ENSP00000263401,74.1,16
9606.ENSP00000225972,74,16
9606.ENSP00000358851,74,48
9606.ENSP00000324287,74,63
9606.ENSP00000326804,74,53
9606.ENSP00000438349,74,10
9606.ENSP00000468367,74,57
9606.ENSP00000397927,74,30
9606.ENSP00000269143,73.9,51
9606.ENSP00000347648,73.8,30
9606.ENSP00000229395,73.6,17
9606.ENSP00000470246,73.6,20
9606.ENSP00000331602,73.5,49
9606.ENSP00000276062,73.5,7
9606.ENSP00000219302,73.4,12
9606.ENSP00000255194,73.3,71
9606.ENSP00000398597,73.3,11
9606.ENSP00000300648,73.2,195
9606.ENSP00000338788,73.2,26
9606.ENSP00000449404,73.2,301
9606.ENSP00000262887,73.1,29
9606.ENSP00000254730,73.1,38
9606.ENSP00000223136,73.1,10
9606.ENSP00000278616,73,222
9606.ENSP00000255120,72.9,46
9606.ENSP00000405926,72.9,31
9606.ENSP00000346120,72.8,55
9606.ENSP00000342278,72.5,42
9606.ENSP00000286428,72.5,20
9606.ENSP00000478479,72.5,23
9606.ENSP00000494360,72.5,29
9606.ENSP00000303423,72.5,17
9606.ENSP00000268717,72.3,27
9606.ENSP00000231498,72.2,80
9606.ENSP00000448536,72.1,4
9606.ENSP00000312981,72.1,42
9606.ENSP00000216392,72,88
9606.ENSP00000373627,71.9,78
9606.ENSP00000414398,71.8,25
9606.ENSP00000365730,71.8,48
9606.ENSP00000453801,71.8,18
9606.ENSP00000240922,71.8,15
9606.ENSP00000263847,71.8,42
9606.ENSP00000361562,71.7,26
9606.ENSP00000493664,71.7,155
9606.ENSP00000360638,71.7,22
9606.ENSP00000232564,71.6,61
9606.ENSP00000377470,71.6,20
9606.ENSP00000410758,71.6,3
9606.ENSP00000335632,71.6,12
9606.ENSP00000305692,71.6,37
9606.ENSP00000424655,71.5,29
9606.ENSP00000365312,71.5,25
9606.ENSP00000479919,71.4,21
9606.ENSP00000355537,71.3,248
9606.ENSP00000469194,71.2,14
9606.ENSP00000348886,71.2,23
9606.ENSP00000325369,71.1,14
9606.ENSP00000376123,71,18
9606.ENSP00000262506,71,38
9606.ENSP00000357731,70.9,4
9606.ENSP00000416250,70.9,20
9606.ENSP00000347655,70.8,30
9606.ENSP00000359295,70.8,10
9606.ENSP00000343742,70.7,16
9606.ENSP00000408411,70.7,38
9606.ENSP00000359258,70.7,15
9606.ENSP00000356505,70.6,34
9606.ENSP00000386284,70.5,18
9606.ENSP00000496921,70.5,26
9606.ENSP00000462099,70.5,30
9606.ENSP00000356953,70.4,11
9606.ENSP00000362273,70.4,20
9606.ENSP00000500990,70.3,5
9606.ENSP00000347408,70.2,26
9606.ENSP00000391806,70.1,79
9606.ENSP00000369127,69.8,19
9606.ENSP00000333769,69.8,18
9606.ENSP00000327694,69.7,76
9606.ENSP00000365817,69.6,45
9606.ENSP00000281187,69.5,23
9606.ENSP00000342434,69.5,77
9606.ENSP00000421965,69.5,17
9606.ENSP00000342262,69.4,14
9606.ENSP00000246635,69.3,149
9606.ENSP00000393978,69.3,34
9606.ENSP00000316924,69.3,41
9606.ENSP00000351811,69.1,73
9606.ENSP00000402935,69.1,41
9606.ENSP00000283646,69.1,22
9606.ENSP00000306117,69.1,59
9606.ENSP00000325074,69,38
9606.ENSP00000411719,68.9,21
9606.ENSP00000475750,68.9,14
9606.ENSP00000406463,68.9,31
9606.ENSP00000361926,68.8,18
9606.ENSP00000291009,68.8,18
9606.ENSP00000250124,68.8,9
9606.ENSP00000216479,68.7,24
9606.ENSP00000330032,68.4,24
9606.ENSP00000369081,68.3,22
9606.ENSP00000239882,68.1,26
9606.ENSP00000379563,68.1,15
9606.ENSP00000261868,67.8,14
9606.ENSP00000281031,67.8,11
9606.ENSP00000431822,67.8,4
9606.ENSP00000263150,67.7,31
9606.ENSP00000354762,67.7,7
9606.ENSP00000380734,67.7,31
9606.ENSP00000218340,67.6,13
9606.ENSP00000365606,67.6,47
9606.ENSP00000364858,67.6,13
9606.ENSP00000468312,67.3,45
9606.ENSP00000377508,67.3,60
9606.ENSP00000380286,67.1,9
9606.ENSP00000337838,67,43
9606.ENSP00000378306,67,62
9606.ENSP00000261733,66.9,38
9606.ENSP00000410833,66.9,36
9606.ENSP00000357644,66.8,31
9606.ENSP00000222219,66.7,17
9606.ENSP00000338607,66.7,13
9606.ENSP00000356906,66.6,9
9606.ENSP00000359398,66.5,4
9606.ENSP00000370750,66.4,18
9606.ENSP00000358799,66.3,51
9606.ENSP00000483781,66.3,5
9606.ENSP00000206542,66.3,20
9606.ENSP00000359300,66.3,13
9606.ENSP00000229379,66.3,6
9606.ENSP00000485525,66.1,26
9606.ENSP00000319060,66.1,50
9606.ENSP00000495631,66,51
9606.ENSP00000362566,66,50
9606.ENSP00000296577,65.9,37
9606.ENSP00000499074,65.9,25
9606.ENSP00000233057,65.9,25
9606.ENSP00000298492,65.8,20
9606.ENSP00000221561,65.7,10
9606.ENSP00000315702,65.7,33
9606.ENSP00000377233,65.7,76
9606.ENSP00000348278,65.6,33
9606.ENSP00000217109,65.6,16
9606.ENSP00000361803,65.6,14
9606.ENSP00000367938,65.5,8
9606.ENSP00000248098,65.5,9
9606.ENSP00000470176,65.4,8
9606.ENSP00000365131,65.3,33
9606.ENSP00000254940,65.3,9
9606.ENSP00000326219,65.2,13
9606.ENSP00000431254,65.2,14
9606.ENSP00000415743,65.2,23
9606.ENSP00000261813,65.2,6
9606.ENSP00000425824,65.1,48
9606.ENSP00000324463,65.1,76
9606.ENSP00000321347,65.1,73
9606.ENSP00000337194,65,43
9606.ENSP00000467024,64.9,16
9606.ENSP00000245539,64.8,13
9606.ENSP00000238738,64.8,56
9606.ENSP00000322991,64.7,19
9606.ENSP00000262302,64.6,14
9606.ENSP00000257829,64.6,60
9606.ENSP00000325941,64.6,36
9606.ENSP00000432768,64.6,112
9606.ENSP00000341597,64.5,31
9606.ENSP00000338844,64.5,54
9606.ENSP00000005587,64.5,25
9606.ENSP00000225927,64.4,37
9606.ENSP00000221566,64.3,17
9606.ENSP00000380702,64.3,10
9606.ENSP00000346196,64.1,21
9606.ENSP00000283290,64,14
9606.ENSP00000390783,63.8,37
9606.ENSP00000296597,63.7,10
9606.ENSP00000417763,63.7,20
9606.ENSP00000260563,63.7,21
9606.ENSP00000328359,63.6,18
9606.ENSP00000372136,63.6,18
9606.ENSP00000372139,63.6,18
9606.ENSP00000358674,63.5,9
9606.ENSP00000483345,63.5,30
9606.ENSP00000474412,63.5,5
9606.ENSP00000358272,63.4,11
9606.ENSP00000259698,63.3,63
9606.ENSP00000360569,63.3,39
9606.ENSP00000308770,63.2,17
9606.ENSP00000454264,63.2,32
9606.ENSP00000340427,63,47
9606.ENSP00000450436,63,34
9606.ENSP00000280706,62.9,76
9606.ENSP00000249066,62.9,17
9606.ENSP00000478061,62.9,12
9606.ENSP00000346483,62.8,15
9606.ENSP00000363614,62.8,18
9606.ENSP00000218089,62.7,83
9606.ENSP00000267812,62.7,17
9606.ENSP00000385714,62.6,19
9606.ENSP00000360798,62.5,58
9606.ENSP00000472836,62.5,6
9606.ENSP00000453508,62.4,340
9606.ENSP00000430684,62.4,48
9606.ENSP00000481038,62.3,139
9606.ENSP00000276202,62.3,137
9606.ENSP00000283195,62.3,267
9606.ENSP00000438886,62.2,32
9606.ENSP00000354612,62.2,29
9606.ENSP00000357087,62.2,16
9606.ENSP00000254480,62.2,78
9606.ENSP00000436455,62.1,22
9606.ENSP00000362352,62.1,36
9606.ENSP00000444935,62,17
9606.ENSP00000365477,62,34
9606.ENSP00000311032,61.9,22
9606.ENSP00000434442,61.9,26
9606.ENSP00000446743,61.8,35
9606.ENSP00000319992,61.8,8
9606.ENSP00000424595,61.8,45
9606.ENSP00000385000,61.7,43
9606.ENSP00000350512,61.7,20
9606.ENSP00000329715,61.7,24
9606.ENSP00000496942,61.5,9
9606.ENSP00000380150,61.5,64
9606.ENSP00000228872,61.4,8
9606.ENSP00000480535,61.4,12
9606.ENSP00000415536,61.4,11
9606.ENSP00000343629,61.3,86
9606.ENSP00000385751,61.3,47
9606.ENSP00000361642,61.1,19
9606.ENSP00000366998,61.1,24
9606.ENSP00000326706,61.1,22
9606.ENSP00000238616,61,46
9606.ENSP00000330188,60.9,11
9606.ENSP00000247020,60.9,5
9606.ENSP00000345179,60.9,10
9606.ENSP00000261772,60.9,65
9606.ENSP00000276201,60.8,16
9606.ENSP00000226004,60.8,11
9606.ENSP00000436005,60.7,15
9606.ENSP00000387471,60.6,6
9606.ENSP00000248553,60.6,13
9606.ENSP00000497382,60.5,8
9606.ENSP00000254942,60.5,29
9606.ENSP00000361845,60.5,23
9606.ENSP00000476119,60.5,13
9606.ENSP00000252934,60.5,31
9606.ENSP00000416951,60.5,34
9606.ENSP00000244040,60.3,12
9606.ENSP00000398083,60.2,4
9606.ENSP00000377914,60.2,17
9606.ENSP00000378338,60.2,43
9606.ENSP00000403323,60.1,34
9606.ENSP00000275364,60.1,43
9606.ENSP00000433209,60.1,21
9606.ENSP00000354850,60.1,45
9606.ENSP00000466845,60,18
9606.ENSP00000315476,59.8,12
9606.ENSP00000381386,59.8,19
9606.ENSP00000370889,59.8,43
9606.ENSP00000333266,59.6,43
9606.ENSP00000498853,59.6,14
9606.ENSP00000345895,59.6,28
9606.ENSP00000308193,59.5,10
9606.ENSP00000363313,59.5,32
9606.ENSP00000382382,59.4,73
9606.ENSP00000308610,59.3,35
9606.ENSP00000378733,59.3,6
9606.ENSP00000295025,59.1,24
9606.ENSP00000368710,59,23
9606.ENSP00000314615,59,18
9606.ENSP00000225726,59,18
9606.ENSP00000240055,58.9,4
9606.ENSP00000476412,58.9,17
9606.ENSP00000359211,58.9,46
9606.ENSP00000254436,58.8,19
9606.ENSP00000380460,58.8,40
9606.ENSP00000431076,58.8,27
9606.ENSP00000323063,58.8,35
9606.ENSP00000439856,58.7,35
9606.ENSP00000461879,58.7,30
9606.ENSP00000499199,58.7,24
9606.ENSP00000444029,58.7,61
9606.ENSP00000257192,58.6,43
9606.ENSP00000279387,58.5,30
9606.ENSP00000479064,58.4,10
9606.ENSP00000364589,58.4,55
9606.ENSP00000289228,58.3,25
9606.ENSP00000420213,58.3,330
9606.ENSP00000491830,58.3,66
9606.ENSP00000295119,58.3,12
9606.ENSP00000268261,58.2,15
9606.ENSP00000304376,58.2,11
9606.ENSP00000347032,58.2,19
9606.ENSP00000262094,58.1,26
9606.ENSP00000351255,58.1,53
9606.ENSP00000368030,58,49
9606.ENSP00000417038,57.9,22
9606.ENSP00000249442,57.7,14
9606.ENSP00000333837,57.7,13
9606.ENSP00000253329,57.7,19
9606.ENSP00000367123,57.6,29
9606.ENSP00000480140,57.5,21
9606.ENSP00000342331,57.4,6
9606.ENSP00000325677,57.4,59
9606.ENSP00000309116,57.4,19
9606.ENSP00000496014,57.4,123
9606.ENSP00000471457,57.2,99
9606.ENSP00000478877,57.1,10
9606.ENSP00000246117,57.1,21
9606.ENSP00000329127,57,39
9606.ENSP00000215570,57,6
9606.ENSP00000262498,56.9,13
9606.ENSP00000331209,56.9,21
9606.ENSP00000355777,56.8,17
9606.ENSP00000265471,56.8,8
9606.ENSP00000226798,56.8,13
9606.ENSP00000416583,56.7,20
9606.ENSP00000356070,56.6,23
9606.ENSP00000421380,56.6,11
9606.ENSP00000380514,56.6,18
9606.ENSP00000313752,56.6,5
9606.ENSP00000305255,56.6,13
9606.ENSP00000385334,56.6,43
9606.ENSP00000365861,56.5,23
9606.ENSP00000389787,56.4,19
9606.ENSP00000366565,56.4,18
9606.ENSP00000256593,56.3,34
9606.ENSP00000379680,56.3,20
9606.ENSP00000319104,56.3,72
9606.ENSP00000384109,56.3,66
9606.ENSP00000309031,56.2,68
9606.ENSP00000220166,56.2,15
9606.ENSP00000417273,56,15
9606.ENSP00000357674,56,8
9606.ENSP00000386894,55.8,27
9606.ENSP00000255390,55.8,10
9606.ENSP00000484689,55.8,14
9606.ENSP00000328848,55.8,36
9606.ENSP00000459943,55.7,55
9606.ENSP00000361949,55.6,62
9606.ENSP00000377225,55.5,15
9606.ENSP00000290949,55.5,15
9606.ENSP00000417052,55.5,13
9606.ENSP00000341625,55.2,5
9606.ENSP00000368970,55.2,2
9606.ENSP00000326531,55.2,17
9606.ENSP00000345445,55,23
9606.ENSP00000305107,54.9,35
9606.ENSP00000377703,54.9,38
9606.ENSP00000317714,54.9,15
9606.ENSP00000475216,54.9,28
9606.ENSP00000398131,54.8,36
9606.ENSP00000387170,54.8,48
9606.ENSP00000220429,54.8,7
9606.ENSP00000407336,54.8,6
9606.ENSP00000258975,54.7,11
9606.ENSP00000351273,54.6,33
9606.ENSP00000355467,54.6,14
9606.ENSP00000260385,54.5,17
9606.ENSP00000379847,54.5,12
9606.ENSP00000349860,54.5,40
9606.ENSP00000261600,54.4,34
9606.ENSP00000388638,54.3,21
9606.ENSP00000434776,54.1,42
9606.ENSP00000318318,53.9,18
9606.ENSP00000269886,53.9,15
9606.ENSP00000364114,53.9,18
9606.ENSP00000464814,53.8,19
9606.ENSP00000345341,53.8,15
9606.ENSP00000483989,53.7,17
9606.ENSP00000219252,53.7,11
9606.ENSP00000482639,53.7,4
9606.ENSP00000433488,53.6,22
9606.ENSP00000296557,53.6,16
9606.ENSP00000379051,53.6,15
9606.ENSP00000340648,53.5,177
9606.ENSP00000260508,53.4,14
9606.ENSP00000258416,53.4,8
9606.ENSP00000256644,53.4,8
9606.ENSP00000261942,53.3,19
9606.ENSP00000385746,53.3,16
9606.ENSP00000216442,53.2,8
9606.ENSP00000497305,53.2,55
9606.ENSP00000259632,53.2,9
9606.ENSP00000373696,53.1,91
9606.ENSP00000262960,53.1,38
9606.ENSP00000295899,53,13
9606.ENSP00000306261,53,97
9606.ENSP00000317376,52.9,7
9606.ENSP00000465432,52.8,2
9606.ENSP00000379503,52.8,34
9606.ENSP00000369042,52.7,41
9606.ENSP00000426906,52.7,15
9606.ENSP00000402346,52.6,58
9606.ENSP00000291386,52.6,9
9606.ENSP00000359911,52.6,21
9606.ENSP00000304467,52.5,32
9606.ENSP00000296543,52.5,52
9606.ENSP00000295770,52.5,42
9606.ENSP00000230048,52.5,6
9606.ENSP00000354201,52.5,14
9606.ENSP00000329967,52.4,42
9606.ENSP00000315630,52.4,31
9606.ENSP00000426455,52.4,22
9606.ENSP00000369129,52.4,161
9606.ENSP00000221922,52.3,17
9606.ENSP00000220325,52.3,55
9606.ENSP00000381492,52.2,11
9606.ENSP00000373772,52.1,56
9606.ENSP00000232905,52.1,10
9606.ENSP00000471700,52.1,17
9606.ENSP00000227520,52,10
9606.ENSP00000261667,52,18
9606.ENSP00000378485,52,28
9606.ENSP00000366237,51.9,25
9606.ENSP00000345292,51.9,15
9606.ENSP00000285298,51.7,7
9606.ENSP00000216124,51.6,15
9606.ENSP00000454038,51.5,17
9606.ENSP00000481126,51.5,41
9606.ENSP00000267935,51.5,9
9606.ENSP00000393313,51.4,49
9606.ENSP00000350719,51.4,370
9606.ENSP00000328729,51.3,11
9606.ENSP00000219204,51.3,9
9606.ENSP00000295266,51.2,30
9606.ENSP00000242786,51.1,36
9606.ENSP00000360727,51.1,24
9606.ENSP00000214869,51.1,7
9606.ENSP00000296424,51,12
9606.ENSP00000355895,51,13
9606.ENSP00000382707,51,14
9606.ENSP00000385828,51,15
9606.ENSP00000360613,50.9,3
9606.ENSP00000291458,50.8,7
9606.ENSP00000329097,50.8,17
9606.ENSP00000356465,50.7,19
9606.ENSP00000299424,50.7,3
9606.ENSP00000377665,50.6,51
9606.ENSP00000317985,50.6,80
9606.ENSP00000440167,50.6,20
9606.ENSP00000356218,50.5,14
9606.ENSP00000261396,50.4,53
9606.ENSP00000499466,50.3,7
9606.ENSP00000265056,50.3,43
9606.ENSP00000222120,50.2,30
9606.ENSP00000293760,50.2,21
9606.ENSP00000422007,50.1,213
9606.ENSP00000349576,50.1,11
9606.ENSP00000346148,50,30
9606.ENSP00000472847,50,40
9606.ENSP00000252512,49.9,53
9606.ENSP00000399208,49.9,55
9606.ENSP00000417175,49.9,12
9606.ENSP00000258105,49.8,5
9606.ENSP00000263245,49.8,24
9606.ENSP00000307288,49.8,28
9606.ENSP00000259808,49.7,26
9606.ENSP00000359939,49.7,7
9606.ENSP00000040663,49.6,11
9606.ENSP00000436621,49.6,9
9606.ENSP00000305263,49.6,149
9606.ENSP00000395590,49.5,15
9606.ENSP00000229179,49.5,44
9606.ENSP00000326817,49.5,13
9606.ENSP00000315299,49.4,18
9606.ENSP00000221114,49.3,6
9606.ENSP00000376390,49.3,26
9606.ENSP00000355265,49.3,4
9606.ENSP00000365505,49.3,7
9606.ENSP00000483825,49.3,16
9606.ENSP00000323687,49.1,38
9606.ENSP00000238892,49,2
9606.ENSP00000355306,49,7
9606.ENSP00000445757,48.9,17
9606.ENSP00000367239,48.9,13
9606.ENSP00000264883,48.9,21
9606.ENSP00000272638,48.9,13
9606.ENSP00000327191,48.9,57
9606.ENSP00000369213,48.9,39
9606.ENSP00000378409,48.9,15
9606.ENSP00000391942,48.8,13
9606.ENSP00000362105,48.7,4
9606.ENSP00000216277,48.6,33
9606.ENSP00000219431,48.6,13
9606.ENSP00000304592,48.6,90
9606.ENSP00000499232,48.6,31
9606.ENSP00000352706,48.6,21
9606.ENSP00000427407,48.5,4
9606.ENSP00000499900,48.5,48
9606.ENSP00000354499,48.5,8
9606.ENSP00000362107,48.5,9
9606.ENSP00000245934,48.5,52
9606.ENSP00000369500,48.4,7
9606.ENSP00000342276,48.4,23
9606.ENSP00000177742,48.4,10
9606.ENSP00000400010,48.4,55
9606.ENSP00000363661,48.4,13
9606.ENSP00000440765,48.3,9
9606.ENSP00000343896,48.3,101
9606.ENSP00000265388,48.3,38
9606.ENSP00000414302,48.3,14
9606.ENSP00000253408,48.3,115
9606.ENSP00000341268,48.2,14
9606.ENSP00000272645,48.2,5
9606.ENSP00000296684,48.2,9
9606.ENSP00000374113,48,4
9606.ENSP00000340896,48,23
9606.ENSP00000265433,48,34
9606.ENSP00000468633,47.9,7
9606.ENSP00000351159,47.9,14
9606.ENSP00000285968,47.8,94
9606.ENSP00000451818,47.8,23
9606.ENSP00000363591,47.8,9
9606.ENSP00000265594,47.8,24
9606.ENSP00000274496,47.7,3
9606.ENSP00000438993,47.7,16
9606.ENSP00000339398,47.7,9
9606.ENSP00000300692,47.7,7
9606.ENSP00000445920,47.5,10
9606.ENSP00000355587,47.4,10
9606.ENSP00000074304,47.3,33
9606.ENSP00000257181,47.3,10
9606.ENSP00000269701,47.3,20
9606.ENSP00000380878,47.2,46
9606.ENSP00000356540,47.2,10
9606.ENSP00000386538,47.2,18
9606.ENSP00000405574,47.2,27
9606.ENSP00000465765,47.1,2
9606.ENSP00000311825,47.1,52
9606.ENSP00000286835,47.1,31
9606.ENSP00000267205,47,8
9606.ENSP00000361634,47,13
9606.ENSP00000343701,47,29
9606.ENSP00000358474,47,17
9606.ENSP00000497569,46.9,29
9606.ENSP00000365401,46.9,24
9606.ENSP00000258169,46.9,7
9606.ENSP00000363500,46.9,39
9606.ENSP00000264254,46.9,18
9606.ENSP00000301281,46.9,16
9606.ENSP00000263780,46.8,5
9606.ENSP00000350170,46.8,22
9606.ENSP00000309749,46.7,37
9606.ENSP00000441126,46.6,3
9606.ENSP00000375622,46.5,8
9606.ENSP00000260402,46.4,43
9606.ENSP00000429744,46.4,47
9606.ENSP00000370648,46.4,13
9606.ENSP00000473185,46.4,4
9606.ENSP00000371133,46.3,8
9606.ENSP00000335808,46.2,6
9606.ENSP00000267202,46.1,11
9606.ENSP00000380241,46,9
9606.ENSP00000298717,46,19
9606.ENSP00000386559,46,10
9606.ENSP00000344577,45.9,12
9606.ENSP00000303942,45.9,7
9606.ENSP00000393845,45.9,39
9606.ENSP00000427866,45.8,23
9606.ENSP00000499465,45.7,32
9606.ENSP00000271628,45.7,11
9606.ENSP00000282412,45.7,21
9606.ENSP00000306220,45.6,3
9606.ENSP00000364080,45.6,15
9606.ENSP00000285208,45.6,33
9606.ENSP00000351137,45.6,39
9606.ENSP00000339145,45.6,22
9606.ENSP00000434513,45.5,39
9606.ENSP00000380159,45.5,7
9606.ENSP00000466111,45.5,17
9606.ENSP00000447000,45.5,37
9606.ENSP00000377390,45.4,39
9606.ENSP00000361231,45.4,11
9606.ENSP00000309430,45.3,17
9606.ENSP00000221486,45.3,13
9606.ENSP00000498321,45.3,11
9606.ENSP00000262105,45.3,32
9606.ENSP00000466664,45.3,30
9606.ENSP00000335029,45.3,40
9606.ENSP00000280346,45.2,28
9606.ENSP00000400882,45.2,34
9606.ENSP00000343657,45.2,22
9606.ENSP00000354961,45.2,9
9606.ENSP00000314499,45.1,51
9606.ENSP00000371858,45.1,26
9606.ENSP00000421076,45.1,9
9606.ENSP00000349124,45,17
9606.ENSP00000301585,44.9,7
9606.ENSP00000451828,44.9,26
9606.ENSP00000344666,44.7,153
9606.ENSP00000420484,44.7,7
9606.ENSP00000425561,44.7,13
9606.ENSP00000353741,44.7,22
9606.ENSP00000408146,44.6,11
9606.ENSP00000354040,44.6,23
9606.ENSP00000260803,44.6,19
9606.ENSP00000216044,44.5,23
9606.ENSP00000408342,44.5,33
9606.ENSP00000387187,44.5,2
9606.ENSP00000373404,44.5,6
9606.ENSP00000233997,44.5,12
9606.ENSP00000303525,44.5,10
9606.ENSP00000361264,44.4,28
9606.ENSP00000261183,44.3,41
9606.ENSP00000354826,44.3,21
9606.ENSP00000442060,44.2,5
9606.ENSP00000373669,44.2,12
9606.ENSP00000452479,44.2,27
9606.ENSP00000233575,44.1,23
9606.ENSP00000385927,44,17
9606.ENSP00000352738,44,16
9606.ENSP00000433126,44,6
9606.ENSP00000348565,43.9,12
9606.ENSP00000358510,43.9,9
9606.ENSP00000384400,43.9,14
9606.ENSP00000300811,43.9,4
9606.ENSP00000346886,43.9,17
9606.ENSP00000307188,43.8,14
9606.ENSP00000372112,43.8,10
9606.ENSP00000355046,43.7,9
9606.ENSP00000315791,43.7,30
9606.ENSP00000364578,43.6,11
9606.ENSP00000329380,43.6,18
9606.ENSP00000324124,43.6,3
9606.ENSP00000473348,43.6,31
9606.ENSP00000481762,43.6,37
9606.ENSP00000408410,43.5,11
9606.ENSP00000408695,43.4,41
9606.ENSP00000360268,43.4,32
9606.ENSP00000362244,43.4,29
9606.ENSP00000498358,43.3,20
9606.ENSP00000498684,43.3,11
9606.ENSP00000272252,43.3,13
9606.ENSP00000296370,43.3,3
9606.ENSP00000254029,43.3,45
9606.ENSP00000419970,43.3,27
9606.ENSP00000378275,43.2,3
9606.ENSP00000296411,43.2,17
9606.ENSP00000358840,43.1,4
9606.ENSP00000360782,43.1,18
9606.ENSP00000325827,43,58
9606.ENSP00000429243,43,14
9606.ENSP00000455813,42.9,52
9606.ENSP00000350934,42.8,23
9606.ENSP00000333657,42.8,36
9606.ENSP00000457421,42.8,39
9606.ENSP00000415034,42.7,80
9606.ENSP00000386593,42.7,51
9606.ENSP00000378877,42.7,7
9606.ENSP00000370968,42.7,56
9606.ENSP00000326411,42.7,23
9606.ENSP00000339017,42.6,11
9606.ENSP00000425864,42.6,5
9606.ENSP00000428263,42.6,23
9606.ENSP00000426167,42.6,5
9606.ENSP00000253686,42.6,7
9606.ENSP00000217195,42.6,9
9606.ENSP00000387996,42.5,34
9606.ENSP00000357292,42.5,60
9606.ENSP00000278618,42.5,10
9606.ENSP00000326603,42.5,69
9606.ENSP00000220509,42.4,39
9606.ENSP00000324628,42.4,11
9606.ENSP00000228463,42.4,11
9606.ENSP00000326981,42.3,7
9606.ENSP00000382239,42.3,31
9606.ENSP00000452549,42.3,17
9606.ENSP00000331487,42.3,22
9606.ENSP00000364699,42.3,6
9606.ENSP00000323280,42.2,18
9606.ENSP00000384474,42.2,3
9606.ENSP00000490163,42.2,44
9606.ENSP00000361486,42.2,24
9606.ENSP00000322373,42.1,7
9606.ENSP00000204726,42.1,64
9606.ENSP00000278568,42.1,36
9606.ENSP00000407182,42.1,51
9606.ENSP00000351631,42.1,10
9606.ENSP00000498803,42,19
9606.ENSP00000297109,42,6
9606.ENSP00000368452,42,7
9606.ENSP00000299608,41.9,17
9606.ENSP00000357005,41.9,10
9606.ENSP00000323511,41.9,23
9606.ENSP00000312988,41.8,8
9606.ENSP00000345102,41.8,9
9606.ENSP00000262494,41.6,52
9606.ENSP00000372689,41.6,60
9606.ENSP00000408295,41.6,16
9606.ENSP00000365588,41.5,47
9606.ENSP00000339495,41.5,25
9606.ENSP00000497744,41.4,22
9606.ENSP00000306887,41.4,8
9606.ENSP00000404375,41.4,14
9606.ENSP00000377262,41.3,21
9606.ENSP00000247933,41.3,20
9606.ENSP00000400333,41.3,22
9606.ENSP00000436864,41.3,18
9606.ENSP00000316032,41.3,54
9606.ENSP00000478557,41.2,9
9606.ENSP00000442050,41.2,16
9606.ENSP00000301012,41.2,10
9606.ENSP00000417229,41.1,18
9606.ENSP00000216185,41.1,4
9606.ENSP00000306906,41,6
9606.ENSP00000336721,40.8,41
9606.ENSP00000247001,40.8,18
9606.ENSP00000244763,40.8,12
9606.ENSP00000379133,40.8,12
9606.ENSP00000310117,40.7,5
9606.ENSP00000361923,40.7,3
9606.ENSP00000433919,40.7,4
9606.ENSP00000265421,40.7,18
9606.ENSP00000498227,40.7,8
9606.ENSP00000359490,40.7,27
9606.ENSP00000345702,40.7,2
9606.ENSP00000281154,40.6,52
9606.ENSP00000222584,40.6,8
9606.ENSP00000246747,40.6,8
9606.ENSP00000330918,40.5,10
9606.ENSP00000199814,40.5,12
9606.ENSP00000290401,40.5,13
9606.ENSP00000221233,40.4,6
9606.ENSP00000358814,40.4,28
9606.ENSP00000259512,40.4,9
9606.ENSP00000296161,40.4,28
9606.ENSP00000293872,40.4,25
9606.ENSP00000254950,40.4,36
9606.ENSP00000365806,40.4,24
9606.ENSP00000283875,40.3,13
9606.ENSP00000479669,40.3,22
9606.ENSP00000356263,40.2,14
9606.ENSP00000350266,40.2,18
9606.ENSP00000365944,40.2,10
9606.ENSP00000252245,40.2,184
9606.ENSP00000343867,40.1,7
9606.ENSP00000493302,40.1,9
9606.ENSP00000437783,40,42
9606.ENSP00000383382,40,6
9606.ENSP00000288235,39.9,90
9606.ENSP00000361084,39.9,6
9606.ENSP00000398350,39.9,11
9606.ENSP00000352522,39.8,20
9606.ENSP00000303920,39.8,6
9606.ENSP00000290354,39.8,20
9606.ENSP00000243346,39.8,12
9606.ENSP00000263433,39.8,24
9606.ENSP00000472465,39.8,38
9606.ENSP00000327145,39.8,318
9606.ENSP00000418008,39.7,15
9606.ENSP00000292401,39.7,11
9606.ENSP00000347836,39.6,4
9606.ENSP00000473290,39.6,21
9606.ENSP00000308717,39.6,5
9606.ENSP00000216122,39.6,27
9606.ENSP00000355299,39.4,3
9606.ENSP00000386880,39.4,8
9606.ENSP00000479964,39.3,22
9606.ENSP00000252593,39.3,5
9606.ENSP00000337746,39.3,13
9606.ENSP00000280800,39.2,19
9606.ENSP00000443216,39.1,2
9606.ENSP00000234396,39.1,36
9606.ENSP00000264156,39.1,29
9606.ENSP00000363255,39,39
9606.ENSP00000283027,39,8
9606.ENSP00000478874,39,24
9606.ENSP00000296121,38.9,6
9606.ENSP00000399376,38.9,9
9606.ENSP00000251250,38.8,8
9606.ENSP00000270502,38.8,7
9606.ENSP00000296328,38.8,14
9606.ENSP00000361616,38.8,6
9606.ENSP00000337358,38.8,12
9606.ENSP00000479322,38.7,66
9606.ENSP00000230461,38.6,16
9606.ENSP00000223641,38.6,4
9606.ENSP00000321805,38.6,9
9606.ENSP00000351380,38.6,6
9606.ENSP00000304353,38.5,3
9606.ENSP00000356405,38.5,20
9606.ENSP00000461930,38.4,2
9606.ENSP00000494965,38.4,34
9606.ENSP00000370748,38.4,8
9606.ENSP00000364212,38.4,4
9606.ENSP00000320949,38.3,86
9606.ENSP00000350949,38.3,12
9606.ENSP00000466639,38.3,13
9606.ENSP00000354357,38.3,13
9606.ENSP00000267103,38.2,14
9606.ENSP00000263377,38.2,34
9606.ENSP00000375892,38.2,24
9606.ENSP00000264705,38.2,67
9606.ENSP00000368565,38.2,19
9606.ENSP00000250092,38.1,4
9606.ENSP00000493560,38,104
9606.ENSP00000206020,38,7
9606.ENSP00000356224,38,356
9606.ENSP00000389095,38,17
9606.ENSP00000339479,37.9,17
9606.ENSP00000370984,37.9,7
9606.ENSP00000479889,37.9,16
9606.ENSP00000318176,37.9,9
9606.ENSP00000343023,37.8,31
9606.ENSP00000369784,37.8,150
9606.ENSP00000375836,37.8,39
9606.ENSP00000368528,37.8,7
9606.ENSP00000251607,37.8,17
9606.ENSP00000368605,37.7,21
9606.ENSP00000279281,37.7,26
9606.ENSP00000304139,37.7,22
9606.ENSP00000498888,37.7,31
9606.ENSP00000256545,37.6,5
9606.ENSP00000322804,37.6,22
9606.ENSP00000258201,37.6,33
9606.ENSP00000411471,37.5,19
9606.ENSP00000299736,37.5,8
9606.ENSP00000482548,37.4,29
9606.ENSP00000419270,37.3,5
9606.ENSP00000417602,37.3,9
9606.ENSP00000053468,37.2,9
9606.ENSP00000222800,37.2,7
9606.ENSP00000451506,37.2,6
9606.ENSP00000327821,37.2,34
9606.ENSP00000302324,37.1,5
9606.ENSP00000420127,37.1,12
9606.ENSP00000461947,37,9
9606.ENSP00000336724,37,15
9606.ENSP00000156109,37,13
9606.ENSP00000387261,37,13
9606.ENSP00000321546,37,9
9606.ENSP00000323065,36.9,7
9606.ENSP00000260327,36.9,15
9606.ENSP00000264093,36.9,6
9606.ENSP00000338034,36.8,9
9606.ENSP00000286186,36.8,15
9606.ENSP00000493688,36.8,9
9606.ENSP00000336752,36.7,22
9606.ENSP00000254667,36.7,25
9606.ENSP00000460437,36.7,8
9606.ENSP00000267082,36.6,55
9606.ENSP00000470560,36.5,11
9606.ENSP00000387654,36.5,17
9606.ENSP00000396467,36.5,15
9606.ENSP00000344220,36.5,12
9606.ENSP00000288937,36.5,8
9606.ENSP00000295095,36.5,14
9606.ENSP00000362728,36.4,26
9606.ENSP00000379372,36.4,4
9606.ENSP00000354518,36.3,10
9606.ENSP00000436679,36.3,17
9606.ENSP00000336994,36.2,15
9606.ENSP00000237014,36.2,4
9606.ENSP00000454341,36.2,4
9606.ENSP00000415283,36.2,9
9606.ENSP00000392985,36.2,10
9606.ENSP00000266087,36.2,9
9606.ENSP00000265350,36.2,5
9606.ENSP00000226524,36.1,9
9606.ENSP00000238508,36.1,15
9606.ENSP00000393840,36.1,7
9606.ENSP00000299299,36.1,4
9606.ENSP00000356001,36.1,6
9606.ENSP00000401371,36.1,14
9606.ENSP00000304553,36,3
9606.ENSP00000480987,36,32
9606.ENSP00000316357,36,111
9606.ENSP00000310573,36,96
9606.ENSP00000416097,35.9,30
9606.ENSP00000500695,35.9,9
9606.ENSP00000261798,35.9,13
9606.ENSP00000278927,35.9,11
9606.ENSP00000309432,35.8,15
9606.ENSP00000419475,35.8,5
9606.ENSP00000354687,35.8,3
9606.ENSP00000261893,35.8,16
9606.ENSP00000366997,35.8,31
9606.ENSP00000369822,35.8,8
9606.ENSP00000324806,35.8,9
9606.ENSP00000306548,35.8,8
9606.ENSP00000469049,35.7,6
9606.ENSP00000497053,35.7,123
9606.ENSP00000230640,35.7,36
9606.ENSP00000338727,35.6,26
9606.ENSP00000468723,35.6,3
9606.ENSP00000259873,35.6,6
9606.ENSP00000479667,35.6,26
9606.ENSP00000371958,35.5,4
9606.ENSP00000323867,35.5,13
9606.ENSP00000346442,35.4,13
9606.ENSP00000309477,35.4,21
9606.ENSP00000333779,35.4,11
9606.ENSP00000362638,35.4,3
9606.ENSP00000333666,35.3,6
9606.ENSP00000322020,35.3,10
9606.ENSP00000232607,35.3,14
9606.ENSP00000336666,35.3,7
9606.ENSP00000262507,35.2,9
9606.ENSP00000493594,35.2,277
9606.ENSP00000389160,35.2,13
9606.ENSP00000363019,35.2,7
9606.ENSP00000222402,35.2,7
9606.ENSP00000318128,35.1,6
9606.ENSP00000486540,35.1,10
9606.ENSP00000361524,35.1,9
9606.ENSP00000374354,35.1,8
9606.ENSP00000261503,35.1,35
9606.ENSP00000225371,35.1,55
9606.ENSP00000262633,35.1,11
9606.ENSP00000376840,35.1,9
9606.ENSP00000366024,35.1,32
9606.ENSP00000360642,35,21
9606.ENSP00000386229,34.9,16
9606.ENSP00000296135,34.9,8
9606.ENSP00000434056,34.9,5
9606.ENSP00000380557,34.9,13
9606.ENSP00000240617,34.8,17
9606.ENSP00000369810,34.8,26
9606.ENSP00000358983,34.8,23
9606.ENSP00000296102,34.7,2
9606.ENSP00000342889,34.7,2
9606.ENSP00000347244,34.7,51
9606.ENSP00000422626,34.6,15
9606.ENSP00000495845,34.6,7
9606.ENSP00000362166,34.5,5
9606.ENSP00000357998,34.5,24
9606.ENSP00000362711,34.5,15
9606.ENSP00000353165,34.4,5
9606.ENSP00000285379,34.4,9
9606.ENSP00000461295,34.4,34
9606.ENSP00000359727,34.4,8
9606.ENSP00000262640,34.4,11
9606.ENSP00000354649,34.4,11
9606.ENSP00000355486,34.3,5
9606.ENSP00000261461,34.3,18
9606.ENSP00000450873,34.3,5
9606.ENSP00000362208,34.2,6
9606.ENSP00000353731,34.2,29
9606.ENSP00000350278,34.2,8
9606.ENSP00000457411,34.1,18
9606.ENSP00000380019,34.1,12
9606.ENSP00000366156,34,10
9606.ENSP00000430282,34,15
9606.ENSP00000381237,34,13
9606.ENSP00000271373,34,5
9606.ENSP00000320508,34,3
9606.ENSP00000484060,33.9,12
9606.ENSP00000311344,33.9,40
9606.ENSP00000222286,33.9,47
9606.ENSP00000413697,33.9,10
9606.ENSP00000304593,33.9,3
9606.ENSP00000369217,33.8,17
9606.ENSP00000346986,33.8,12
9606.ENSP00000340883,33.8,11
9606.ENSP00000356515,33.7,102
9606.ENSP00000320184,33.7,6
9606.ENSP00000342137,33.7,4
9606.ENSP00000266556,33.7,11
9606.ENSP00000455145,33.7,5
9606.ENSP00000370196,33.7,53
9606.ENSP00000349629,33.6,91
9606.ENSP00000377195,33.6,16
9606.ENSP00000379691,33.6,23
9606.ENSP00000216484,33.6,13
9606.ENSP00000370377,33.6,35
9606.ENSP00000499786,33.6,31
9606.ENSP00000368952,33.5,23
9606.ENSP00000379457,33.4,15
9606.ENSP00000483236,33.4,7
9606.ENSP00000245838,33.4,52
9606.ENSP00000418221,33.4,10
9606.ENSP00000378483,33.4,8
9606.ENSP00000294383,33.4,91
9606.ENSP00000351742,33.3,12
9606.ENSP00000352248,33.3,53
9606.ENSP00000222305,33.2,6
9606.ENSP00000364490,33.2,15
9606.ENSP00000281156,33.2,24
9606.ENSP00000244230,33.1,12
9606.ENSP00000327436,33.1,22
9606.ENSP00000416523,33.1,21
9606.ENSP00000055077,33.1,13
9606.ENSP00000333896,33.1,26
9606.ENSP00000266126,33.1,10
9606.ENSP00000354742,33.1,25
9606.ENSP00000483001,33,7
9606.ENSP00000380598,33,6
9606.ENSP00000253083,33,34
9606.ENSP00000363054,32.9,7
9606.ENSP00000424707,32.9,3
9606.ENSP00000246337,32.9,7
9606.ENSP00000330101,32.9,228
9606.ENSP00000351141,32.8,12
9606.ENSP00000253110,32.8,7
9606.ENSP00000357036,32.8,12
9606.ENSP00000263205,32.8,10
9606.ENSP00000393417,32.8,10
9606.ENSP00000332287,32.8,4
9606.ENSP00000265686,32.8,21
9606.ENSP00000326858,32.7,14
9606.ENSP00000378292,32.7,48
9606.ENSP00000374280,32.7,19
9606.ENSP00000386443,32.7,10
9606.ENSP00000374399,32.7,8
9606.ENSP00000268482,32.6,35
9606.ENSP00000265224,32.6,6
9606.ENSP00000369756,32.6,24
9606.ENSP00000348708,32.5,32
9606.ENSP00000258739,32.5,7
9606.ENSP00000450864,32.5,29
9606.ENSP00000264167,32.4,19
9606.ENSP00000431040,32.4,8
9606.ENSP00000342681,32.4,15
9606.ENSP00000393566,32.4,10
9606.ENSP00000264896,32.3,17
9606.ENSP00000360803,32.3,2
9606.ENSP00000040738,32.3,60
9606.ENSP00000319169,32.3,16
9606.ENSP00000359958,32.2,9
9606.ENSP00000325377,32.2,28
9606.ENSP00000231948,32.2,10
9606.ENSP00000458075,32.2,20
9606.ENSP00000387164,32.2,15
9606.ENSP00000308236,32.2,5
9606.ENSP00000331504,32.1,21
9606.ENSP00000381601,32.1,24
9606.ENSP00000482647,32.1,48
9606.ENSP00000264265,32.1,4
9606.ENSP00000282382,32.1,29
9606.ENSP00000496699,32.1,32
9606.ENSP00000382341,32,17
9606.ENSP00000425107,32,2
9606.ENSP00000265070,31.9,9
9606.ENSP00000449785,31.9,4
9606.ENSP00000343412,31.9,11
9606.ENSP00000324318,31.9,14
9606.ENSP00000274813,31.9,21
9606.ENSP00000329243,31.9,143
9606.ENSP00000357131,31.8,22
9606.ENSP00000262215,31.8,60
9606.ENSP00000319781,31.8,10
9606.ENSP00000354718,31.8,76
9606.ENSP00000378431,31.8,42
9606.ENSP00000310042,31.7,11
9606.ENSP00000361918,31.6,19
9606.ENSP00000376792,31.6,4
9606.ENSP00000277010,31.6,5
9606.ENSP00000273375,31.6,7
9606.ENSP00000265564,31.5,7
9606.ENSP00000328023,31.5,18
9606.ENSP00000386738,31.5,7
9606.ENSP00000347532,31.4,18
9606.ENSP00000179259,31.4,8
9606.ENSP00000359506,31.4,25
9606.ENSP00000417517,31.4,57
9606.ENSP00000357000,31.4,5
9606.ENSP00000266069,31.4,6
9606.ENSP00000378965,31.4,16
9606.ENSP00000263636,31.4,90
9606.ENSP00000344572,31.3,8
9606.ENSP00000379999,31.3,6
9606.ENSP00000479130,31.2,16
9606.ENSP00000390475,31.1,16
9606.ENSP00000360141,31.1,31
9606.ENSP00000498879,31.1,5
9606.ENSP00000312311,31,11
9606.ENSP00000330488,31,9
9606.ENSP00000387180,31,5
9606.ENSP00000216410,30.9,5
9606.ENSP00000380251,30.9,7
9606.ENSP00000369292,30.9,41
9606.ENSP00000284154,30.9,6
9606.ENSP00000497574,30.9,21
9606.ENSP00000387911,30.9,19
9606.ENSP00000380747,30.9,10
9606.ENSP00000355568,30.8,15
9606.ENSP00000308622,30.8,14
9606.ENSP00000358374,30.8,34
9606.ENSP00000293777,30.8,2
9606.ENSP00000215770,30.7,14
9606.ENSP00000462116,30.7,8
9606.ENSP00000317904,30.7,20
9606.ENSP00000359990,30.7,16
9606.ENSP00000346725,30.7,18
9606.ENSP00000229922,30.7,45
9606.ENSP00000393324,30.7,5
9606.ENSP00000313490,30.7,35
9606.ENSP00000373370,30.6,37
9606.ENSP00000395473,30.6,29
9606.ENSP00000466718,30.6,6
9606.ENSP00000385410,30.6,18
9606.ENSP00000252268,30.6,10
9606.ENSP00000367721,30.6,39
9606.ENSP00000419243,30.5,7
9606.ENSP00000373657,30.5,15
9606.ENSP00000355632,30.5,16
9606.ENSP00000366135,30.5,24
9606.ENSP00000263708,30.4,20
9606.ENSP00000292432,30.4,36
9606.ENSP00000468348,30.4,15
9606.ENSP00000442682,30.4,9
9606.ENSP00000276590,30.3,7
9606.ENSP00000394331,30.3,7
9606.ENSP00000309142,30.3,14
9606.ENSP00000407487,30.3,26
9606.ENSP00000364929,30.3,7
9606.ENSP00000005386,30.3,15
9606.ENSP00000455215,30.3,12
9606.ENSP00000483375,30.3,7
9606.ENSP00000261776,30.3,25
9606.ENSP00000499655,30.2,46
9606.ENSP00000361207,30.2,10
9606.ENSP00000380227,30.2,28
9606.ENSP00000360162,30.2,59
9606.ENSP00000478766,30.1,6
9606.ENSP00000416515,30.1,14
9606.ENSP00000256429,30.1,9
9606.ENSP00000499734,30,91
9606.ENSP00000418823,30,16
9606.ENSP00000371193,30,10
9606.ENSP00000271620,29.9,14
9606.ENSP00000373153,29.9,8
9606.ENSP00000363794,29.9,7
9606.ENSP00000371577,29.9,18
9606.ENSP00000267199,29.9,20
9606.ENSP00000413479,29.8,194
9606.ENSP00000323635,29.8,7
9606.ENSP00000448054,29.8,7
9606.ENSP00000261015,29.8,11
9606.ENSP00000379512,29.7,3
9606.ENSP00000403645,29.7,7
9606.ENSP00000262043,29.7,39
9606.ENSP00000265097,29.6,10
9606.ENSP00000341082,29.6,4
9606.ENSP00000377546,29.6,142
9606.ENSP00000431445,29.6,4
9606.ENSP00000302037,29.6,6
9606.ENSP00000278505,29.5,15
9606.ENSP00000365745,29.5,14
9606.ENSP00000481750,29.5,4
9606.ENSP00000362931,29.4,18
9606.ENSP00000261875,29.4,9
9606.ENSP00000349351,29.4,20
9606.ENSP00000239891,29.4,9
9606.ENSP00000354573,29.4,152
9606.ENSP00000245544,29.4,17
9606.ENSP00000290913,29.4,4
9606.ENSP00000400376,29.3,27
9606.ENSP00000271526,29.3,7
9606.ENSP00000325748,29.3,24
9606.ENSP00000312367,29.2,8
9606.ENSP00000400101,29.2,26
9606.ENSP00000333401,29.1,6
9606.ENSP00000295682,29.1,3
9606.ENSP00000366032,29.1,9
9606.ENSP00000246792,29,10
9606.ENSP00000412324,29,21
9606.ENSP00000334308,29,33
9606.ENSP00000318803,29,21
9606.ENSP00000257915,29,14
9606.ENSP00000483408,29,21
9606.ENSP00000381102,28.9,3
9606.ENSP00000365201,28.9,41
9606.ENSP00000434724,28.9,6
9606.ENSP00000448220,28.9,120
9606.ENSP00000262053,28.9,4
9606.ENSP00000428112,28.9,14
9606.ENSP00000478490,28.8,18
9606.ENSP00000357764,28.8,7
9606.ENSP00000340691,28.7,1
9606.ENSP00000438465,28.7,9
9606.ENSP00000233055,28.7,13
9606.ENSP00000305918,28.7,21
9606.ENSP00000216223,28.7,15
9606.ENSP00000326052,28.6,2
9606.ENSP00000279036,28.6,19
9606.ENSP00000369461,28.6,7
9606.ENSP00000318641,28.6,25
9606.ENSP00000464036,28.6,32
9606.ENSP00000381652,28.6,9
9606.ENSP00000472474,28.5,14
9606.ENSP00000215904,28.5,8
9606.ENSP00000362092,28.5,18
9606.ENSP00000366557,28.5,27
9606.ENSP00000434412,28.5,8
9606.ENSP00000265339,28.4,2
9606.ENSP00000216780,28.4,17
9606.ENSP00000308351,28.4,8
9606.ENSP00000416338,28.4,21
9606.ENSP00000265069,28.4,21
9606.ENSP00000236273,28.3,4
9606.ENSP00000378972,28.3,17
9606.ENSP00000418287,28.3,8
9606.ENSP00000388566,28.3,9
9606.ENSP00000369075,28.3,9
9606.ENSP00000445408,28.3,25
9606.ENSP00000355437,28.2,16
9606.ENSP00000381785,28.2,11
9606.ENSP00000357448,28.2,15
9606.ENSP00000359890,28.1,12
9606.ENSP00000339030,28.1,9
9606.ENSP00000410446,28.1,12
9606.ENSP00000380880,28.1,4
9606.ENSP00000370194,28.1,11
9606.ENSP00000482826,28.1,17
9606.ENSP00000229214,28,6
9606.ENSP00000412302,28,7
9606.ENSP00000220496,28,7
9606.ENSP00000359531,28,8
9606.ENSP00000260818,27.9,50
9606.ENSP00000300305,27.9,8
9606.ENSP00000493382,27.9,12
9606.ENSP00000364613,27.9,5
9606.ENSP00000303769,27.9,26
9606.ENSP00000381461,27.9,6
9606.ENSP00000330237,27.8,7
9606.ENSP00000418803,27.8,9
9606.ENSP00000312617,27.8,7
9606.ENSP00000276585,27.7,6
9606.ENSP00000364597,27.7,12
9606.ENSP00000399259,27.6,13
9606.ENSP00000387185,27.6,15
9606.ENSP00000262013,27.6,30
9606.ENSP00000365625,27.6,28
9606.ENSP00000361042,27.6,8
9606.ENSP00000464893,27.6,10
9606.ENSP00000368984,27.6,10
9606.ENSP00000297785,27.5,17
9606.ENSP00000417963,27.5,23
9606.ENSP00000334100,27.5,16
9606.ENSP00000355124,27.5,121
9606.ENSP00000222547,27.5,3
9606.ENSP00000306625,27.5,14
9606.ENSP00000416293,27.5,22
9606.ENSP00000264515,27.4,14
9606.ENSP00000360497,27.4,10
9606.ENSP00000358072,27.4,7
9606.ENSP00000421491,27.4,8
9606.ENSP00000497326,27.3,13
9606.ENSP00000399751,27.3,15
9606.ENSP00000265827,27.3,9
9606.ENSP00000262160,27.3,11
9606.ENSP00000328992,27.3,22
9606.ENSP00000362144,27.2,6
9606.ENSP00000270538,27.2,13
9606.ENSP00000361363,27.2,15
9606.ENSP00000360184,27.1,10
9606.ENSP00000328773,27.1,4
9606.ENSP00000461324,27.1,15
9606.ENSP00000446039,27.1,7
9606.ENSP00000328325,27,2
9606.ENSP00000343118,27,1
9606.ENSP00000364403,27,104
9606.ENSP00000261739,27,14
9606.ENSP00000361765,27,9
9606.ENSP00000358423,27,15
9606.ENSP00000483489,27,5
9606.ENSP00000246957,27,16
9606.ENSP00000419952,27,22
9606.ENSP00000428281,26.9,5
9606.ENSP00000348596,26.9,23
9606.ENSP00000497767,26.9,59
9606.ENSP00000288050,26.7,22
9606.ENSP00000266000,26.7,11
9606.ENSP00000389381,26.7,8
9606.ENSP00000265174,26.7,17
9606.ENSP00000378570,26.7,13
9606.ENSP00000353600,26.7,13
9606.ENSP00000295065,26.7,7
9606.ENSP00000333633,26.7,38
9606.ENSP00000350102,26.7,12
9606.ENSP00000400646,26.6,27
9606.ENSP00000264313,26.6,11
9606.ENSP00000422435,26.6,62
9606.ENSP00000436318,26.6,6
9606.ENSP00000318352,26.6,1
9606.ENSP00000463982,26.5,14
9606.ENSP00000414982,26.5,34
9606.ENSP00000418910,26.5,5
9606.ENSP00000341292,26.5,34
9606.ENSP00000399518,26.4,16
9606.ENSP00000363999,26.4,3
9606.ENSP00000347457,26.4,58
9606.ENSP00000053867,26.4,8
9606.ENSP00000297632,26.4,5
9606.ENSP00000339933,26.4,46
9606.ENSP00000438248,26.4,12
9606.ENSP00000323879,26.3,3
9606.ENSP00000321971,26.3,13
9606.ENSP00000262942,26.3,20
9606.ENSP00000285021,26.3,18
9606.ENSP00000376103,26.3,3
9606.ENSP00000302783,26.3,5
9606.ENSP00000310803,26.3,4
9606.ENSP00000355013,26.2,30
9606.ENSP00000407323,26.2,6
9606.ENSP00000259021,26.2,13
9606.ENSP00000238647,26.1,18
9606.ENSP00000301242,26.1,8
9606.ENSP00000414178,26.1,22
9606.ENSP00000253861,26.1,23
9606.ENSP00000274569,26.1,6
9606.ENSP00000378830,26.1,8
9606.ENSP00000285814,26.1,6
9606.ENSP00000312442,26.1,19
9606.ENSP00000480359,26,15
9606.ENSP00000290524,26,16
9606.ENSP00000328358,26,134
9606.ENSP00000423463,26,86
9606.ENSP00000328004,26,2
9606.ENSP00000263773,26,14
9606.ENSP00000379472,26,2
9606.ENSP00000332444,26,28
9606.ENSP00000288607,26,2
9606.ENSP00000337598,26,16
9606.ENSP00000354525,25.9,5
9606.ENSP00000331310,25.9,8
9606.ENSP00000467600,25.9,8
9606.ENSP00000364568,25.8,7
9606.ENSP00000485627,25.8,8
9606.ENSP00000451583,25.8,6
9606.ENSP00000320236,25.8,3
9606.ENSP00000361731,25.8,11
9606.ENSP00000306320,25.8,2
9606.ENSP00000490297,25.7,9
9606.ENSP00000223293,25.7,11
9606.ENSP00000497594,25.7,20
9606.ENSP00000294952,25.6,20
9606.ENSP00000349595,25.6,48
9606.ENSP00000267750,25.6,6
9606.ENSP00000366007,25.6,6
9606.ENSP00000355574,25.6,3
9606.ENSP00000263897,25.6,6
9606.ENSP00000315768,25.6,16
9606.ENSP00000367900,25.5,31
9606.ENSP00000414624,25.5,13
9606.ENSP00000263228,25.5,5
9606.ENSP00000263346,25.5,10
9606.ENSP00000367407,25.4,14
9606.ENSP00000491657,25.4,11
9606.ENSP00000378935,25.4,5
9606.ENSP00000362036,25.4,5
9606.ENSP00000344218,25.4,3
9606.ENSP00000315112,25.4,24
9606.ENSP00000319817,25.4,5
9606.ENSP00000336887,25.3,3
9606.ENSP00000312618,25.3,13
9606.ENSP00000301671,25.3,9
9606.ENSP00000444561,25.3,3
9606.ENSP00000231238,25.2,6
9606.ENSP00000216160,25.2,19
9606.ENSP00000301396,25.2,20
9606.ENSP00000249269,25.2,16
9606.ENSP00000433071,25.2,18
9606.ENSP00000259335,25.2,47
9606.ENSP00000388920,25.2,4
9606.ENSP00000279242,25.1,4
9606.ENSP00000495563,25.1,13
9606.ENSP00000356231,25.1,3
9606.ENSP00000473383,25,19
9606.ENSP00000338862,25,9
9606.ENSP00000396452,25,5
9606.ENSP00000282516,25,58
9606.ENSP00000362888,25,6
9606.ENSP00000482568,25,5
9606.ENSP00000328694,25,7
9606.ENSP00000300151,25,5
9606.ENSP00000304903,25,7
9606.ENSP00000367086,24.9,8
9606.ENSP00000292114,24.9,6
9606.ENSP00000353098,24.9,14
9606.ENSP00000256367,24.9,3
9606.ENSP00000401277,24.9,13
9606.ENSP00000353864,24.9,32
9606.ENSP00000269601,24.9,5
9606.ENSP00000305647,24.9,2
9606.ENSP00000322396,24.8,7
9606.ENSP00000352678,24.8,16
9606.ENSP00000339826,24.8,17
9606.ENSP00000426632,24.8,36
9606.ENSP00000484669,24.8,29
9606.ENSP00000323670,24.8,7
9606.ENSP00000347586,24.7,4
9606.ENSP00000258381,24.7,16
9606.ENSP00000377969,24.7,9
9606.ENSP00000366927,24.7,10
9606.ENSP00000500094,24.7,29
9606.ENSP00000485698,24.7,5
9606.ENSP00000317992,24.7,15
9606.ENSP00000369739,24.6,5
9606.ENSP00000325562,24.6,2
9606.ENSP00000363603,24.6,10
9606.ENSP00000409952,24.6,12
9606.ENSP00000354813,24.6,6
9606.ENSP00000281182,24.5,9
9606.ENSP00000241502,24.5,6
9606.ENSP00000391121,24.5,7
9606.ENSP00000436422,24.5,10
9606.ENSP00000350012,24.5,18
9606.ENSP00000271715,24.4,21
9606.ENSP00000354554,24.4,4
9606.ENSP00000402756,24.4,5
9606.ENSP00000365522,24.4,10
9606.ENSP00000353025,24.4,7
9606.ENSP00000324810,24.3,6
9606.ENSP00000315017,24.3,7
9606.ENSP00000446184,24.3,25
9606.ENSP00000366410,24.3,6
9606.ENSP00000284073,24.3,6
9606.ENSP00000273853,24.3,21
9606.ENSP00000319531,24.3,2
9606.ENSP00000245615,24.3,9
9606.ENSP00000318016,24.2,31
9606.ENSP00000314776,24.2,8
9606.ENSP00000263102,24.2,11
9606.ENSP00000298229,24.2,33
9606.ENSP00000486725,24.2,10
9606.ENSP00000290216,24.2,7
9606.ENSP00000344903,24.2,6
9606.ENSP00000355741,24.2,7
9606.ENSP00000010299,24.1,6
9606.ENSP00000369899,24.1,10
9606.ENSP00000443988,24.1,5
9606.ENSP00000448165,24.1,32
9606.ENSP00000462337,24.1,8
9606.ENSP00000347626,24.1,7
9606.ENSP00000315931,24.1,23
9606.ENSP00000255631,24.1,8
9606.ENSP00000274458,24.1,4
9606.ENSP00000358810,24.1,17
9606.ENSP00000451300,24.1,8
9606.ENSP00000313601,24,20
9606.ENSP00000303057,24,21
9606.ENSP00000294724,24,45
9606.ENSP00000370460,24,6
9606.ENSP00000299705,24,9
9606.ENSP00000263383,24,12
9606.ENSP00000296215,24,5
9606.ENSP00000365230,24,4
9606.ENSP00000346453,24,25
9606.ENSP00000321703,23.9,16
9606.ENSP00000359364,23.9,15
9606.ENSP00000367299,23.9,10
9606.ENSP00000356584,23.8,13
9606.ENSP00000370419,23.8,11
9606.ENSP00000335636,23.8,3
9606.ENSP00000359151,23.8,11
9606.ENSP00000384421,23.7,16
9606.ENSP00000414516,23.7,2
9606.ENSP00000380877,23.7,10
9606.ENSP00000264108,23.7,7
9606.ENSP00000362824,23.6,19
9606.ENSP00000271732,23.6,5
9606.ENSP00000247843,23.6,6
9606.ENSP00000349016,23.6,4
9606.ENSP00000262177,23.6,6
9606.ENSP00000375777,23.6,13
9606.ENSP00000369411,23.5,7
9606.ENSP00000251038,23.5,17
9606.ENSP00000352516,23.5,34
9606.ENSP00000286523,23.5,21
9606.ENSP00000359025,23.5,15
9606.ENSP00000301364,23.5,14
9606.ENSP00000357748,23.5,5
9606.ENSP00000376808,23.5,20
9606.ENSP00000284274,23.4,9
9606.ENSP00000358060,23.4,15
9606.ENSP00000300650,23.4,14
9606.ENSP00000364076,23.4,6
9606.ENSP00000384515,23.4,8
9606.ENSP00000254605,23.4,9
9606.ENSP00000339844,23.4,5
9606.ENSP00000290277,23.4,12
9606.ENSP00000260970,23.4,9
9606.ENSP00000444688,23.4,67
9606.ENSP00000372924,23.3,11
9606.ENSP00000228251,23.3,14
9606.ENSP00000343435,23.3,3
9606.ENSP00000221543,23.3,12
9606.ENSP00000377633,23.2,7
9606.ENSP00000478255,23.2,24
9606.ENSP00000362268,23.2,6
9606.ENSP00000260746,23.2,5
9606.ENSP00000362948,23.1,3
9606.ENSP00000318629,23.1,6
9606.ENSP00000359540,23.1,4
9606.ENSP00000353512,23.1,14
9606.ENSP00000242465,23.1,5
9606.ENSP00000444660,23.1,12
9606.ENSP00000357622,23.1,4
9606.ENSP00000163416,23.1,18
9606.ENSP00000308022,23.1,13
9606.ENSP00000355672,23,5
9606.ENSP00000417677,23,3
9606.ENSP00000300060,23,19
9606.ENSP00000236192,23,2
9606.ENSP00000324827,22.9,11
9606.ENSP00000417378,22.9,4
9606.ENSP00000268695,22.9,8
9606.ENSP00000387006,22.9,15
9606.ENSP00000273317,22.9,14
9606.ENSP00000232888,22.9,9
9606.ENSP00000223073,22.8,12
9606.ENSP00000387362,22.8,21
9606.ENSP00000411418,22.8,20
9606.ENSP00000342222,22.8,16
9606.ENSP00000200135,22.8,19
9606.ENSP00000374529,22.8,7
9606.ENSP00000361206,22.7,3
9606.ENSP00000326342,22.7,6
9606.ENSP00000482228,22.7,5
9606.ENSP00000222330,22.7,8
9606.ENSP00000229595,22.7,3
9606.ENSP00000349291,22.7,24
9606.ENSP00000269195,22.6,12
9606.ENSP00000420714,22.6,2
9606.ENSP00000365837,22.6,10
9606.ENSP00000368119,22.5,10
9606.ENSP00000481022,22.5,5
9606.ENSP00000483276,22.5,3
9606.ENSP00000313921,22.5,7
9606.ENSP00000312671,22.5,29
9606.ENSP00000478417,22.5,20
9606.ENSP00000296137,22.4,44
9606.ENSP00000356840,22.3,9
9606.ENSP00000410402,22.3,8
9606.ENSP00000203001,22.3,12
9606.ENSP00000406885,22.3,4
9606.ENSP00000330730,22.3,1
9606.ENSP00000261308,22.3,13
9606.ENSP00000343054,22.3,15
9606.ENSP00000265351,22.2,26
9606.ENSP00000318351,22.2,4
9606.ENSP00000419494,22.2,3
9606.ENSP00000333664,22.1,8
9606.ENSP00000478474,22.1,4
9606.ENSP00000358064,22,23
9606.ENSP00000248901,22,8
9606.ENSP00000363787,22,7
9606.ENSP00000462172,22,1
9606.ENSP00000396673,22,17
9606.ENSP00000428184,22,4
9606.ENSP00000269980,22,16
9606.ENSP00000476228,21.9,6
9606.ENSP00000264033,21.9,17
9606.ENSP00000292431,21.9,10
9606.ENSP00000399970,21.9,17
9606.ENSP00000242848,21.9,21
9606.ENSP00000462333,21.9,14
9606.ENSP00000262932,21.8,5
9606.ENSP00000156471,21.8,35
9606.ENSP00000418669,21.8,5
9606.ENSP00000339787,21.8,18
9606.ENSP00000305069,21.8,4
9606.ENSP00000355605,21.8,19
9606.ENSP00000367787,21.8,21
9606.ENSP00000327650,21.7,14
9606.ENSP00000348632,21.7,11
9606.ENSP00000255784,21.6,4
9606.ENSP00000253237,21.6,7
9606.ENSP00000394560,21.6,17
9606.ENSP00000225504,21.6,2
9606.ENSP00000271843,21.6,3
9606.ENSP00000255305,21.6,21
9606.ENSP00000257198,21.6,18
9606.ENSP00000363944,21.6,16
9606.ENSP00000297347,21.5,3
9606.ENSP00000357986,21.5,8
9606.ENSP00000447537,21.5,4
9606.ENSP00000262375,21.4,7
9606.ENSP00000355566,21.4,3
9606.ENSP00000323782,21.4,5
9606.ENSP00000245304,21.4,14
9606.ENSP00000164139,21.4,53
9606.ENSP00000414906,21.4,9
9606.ENSP00000439065,21.4,34
9606.ENSP00000479580,21.4,10
9606.ENSP00000331342,21.4,19
9606.ENSP00000366937,21.4,14
9606.ENSP00000316007,21.3,2
9606.ENSP00000452454,21.3,2
9606.ENSP00000409463,21.3,4
9606.ENSP00000385834,21.3,19
9606.ENSP00000421544,21.3,4
9606.ENSP00000335082,21.3,14
9606.ENSP00000260210,21.3,11
9606.ENSP00000414851,21.2,15
9606.ENSP00000175756,21.2,4
9606.ENSP00000309538,21.2,2
9606.ENSP00000399982,21.2,14
9606.ENSP00000381104,21.2,12
9606.ENSP00000351052,21.2,11
9606.ENSP00000294409,21.2,9
9606.ENSP00000244007,21.2,25
9606.ENSP00000258383,21.2,5
9606.ENSP00000376249,21.2,5
9606.ENSP00000305810,21.1,4
9606.ENSP00000456851,21.1,3
9606.ENSP00000429323,21.1,10
9606.ENSP00000361180,21,13
9606.ENSP00000303482,21,3
9606.ENSP00000298875,21,16
9606.ENSP00000299563,21,12
9606.ENSP00000428259,21,3
9606.ENSP00000266022,21,17
9606.ENSP00000361433,21,4
9606.ENSP00000362361,20.9,39
9606.ENSP00000316729,20.9,33
9606.ENSP00000263946,20.9,21
9606.ENSP00000359233,20.9,16
9606.ENSP00000327467,20.9,3
9606.ENSP00000451792,20.9,9
9606.ENSP00000262288,20.9,9
9606.ENSP00000371321,20.9,20
9606.ENSP00000351832,20.8,26
9606.ENSP00000317817,20.8,11
9606.ENSP00000317578,20.8,28
9606.ENSP00000356480,20.8,7
9606.ENSP00000270066,20.8,7
9606.ENSP00000364639,20.8,2
9606.ENSP00000348380,20.8,11
9606.ENSP00000229195,20.8,9
9606.ENSP00000311513,20.7,27
9606.ENSP00000221930,20.7,8
9606.ENSP00000295083,20.7,6
9606.ENSP00000220966,20.7,5
9606.ENSP00000424381,20.7,12
9606.ENSP00000362014,20.7,51
9606.ENSP00000352408,20.7,7
9606.ENSP00000273784,20.6,10
9606.ENSP00000430548,20.6,8
9606.ENSP00000390331,20.6,7
9606.ENSP00000420306,20.6,13
9606.ENSP00000476386,20.6,9
9606.ENSP00000380794,20.6,11
9606.ENSP00000351214,20.5,2
9606.ENSP00000425587,20.5,13
9606.ENSP00000289528,20.5,5
9606.ENSP00000003302,20.5,25
9606.ENSP00000298767,20.5,21
9606.ENSP00000266070,20.5,38
9606.ENSP00000345774,20.5,11
9606.ENSP00000238788,20.4,12
9606.ENSP00000305161,20.4,14
9606.ENSP00000286548,20.4,9
9606.ENSP00000378702,20.4,14
9606.ENSP00000452007,20.3,4
9606.ENSP00000348108,20.3,17
9606.ENSP00000359484,20.3,4
9606.ENSP00000270176,20.2,13
9606.ENSP00000476117,20.2,8
9606.ENSP00000319739,20.1,5
9606.ENSP00000436152,20.1,3
9606.ENSP00000347719,20.1,24
9606.ENSP00000400482,20.1,5
9606.ENSP00000360876,20.1,8
9606.ENSP00000359818,20,17
9606.ENSP00000054950,20,10
9606.ENSP00000353769,20,18
9606.ENSP00000415941,20,31
9606.ENSP00000383931,20,11
9606.ENSP00000267838,20,6
9606.ENSP00000354490,20,62
9606.ENSP00000459533,20,1
9606.ENSP00000451976,20,3
9606.ENSP00000273541,19.9,7
9606.ENSP00000422375,19.9,6
9606.ENSP00000377944,19.9,15
9606.ENSP00000463334,19.9,4
9606.ENSP00000315357,19.9,4
9606.ENSP00000231668,19.9,9
9606.ENSP00000037243,19.8,2
9606.ENSP00000478763,19.8,9
9606.ENSP00000387078,19.8,4
9606.ENSP00000381984,19.8,7
9606.ENSP00000477848,19.8,8
9606.ENSP00000259339,19.8,7
9606.ENSP00000324792,19.8,6
9606.ENSP00000364293,19.8,2
9606.ENSP00000308275,19.8,5
9606.ENSP00000329471,19.8,7
9606.ENSP00000348933,19.8,4
9606.ENSP00000251412,19.7,11
9606.ENSP00000371594,19.7,2
9606.ENSP00000319052,19.7,7
9606.ENSP00000235307,19.7,2
9606.ENSP00000327506,19.7,3
9606.ENSP00000314733,19.7,5
9606.ENSP00000348107,19.6,1
9606.ENSP00000240079,19.6,3
9606.ENSP00000300087,19.6,2
9606.ENSP00000294785,19.6,15
9606.ENSP00000450731,19.5,6
9606.ENSP00000383042,19.5,14
9606.ENSP00000356920,19.5,6
9606.ENSP00000461945,19.5,6
9606.ENSP00000419413,19.5,13
9606.ENSP00000291574,19.5,14
9606.ENSP00000305193,19.5,7
9606.ENSP00000360985,19.5,43
9606.ENSP00000443246,19.5,16
9606.ENSP00000303754,19.4,19
9606.ENSP00000287675,19.4,4
9606.ENSP00000341680,19.4,4
9606.ENSP00000369299,19.4,9
9606.ENSP00000404676,19.3,7
9606.ENSP00000303909,19.3,18
9606.ENSP00000383333,19.3,14
9606.ENSP00000366746,19.3,7
9606.ENSP00000358251,19.2,11
9606.ENSP00000384160,19.2,13
9606.ENSP00000498104,19.2,5
9606.ENSP00000312081,19.2,11
9606.ENSP00000450353,19.2,9
9606.ENSP00000199320,19.2,7
9606.ENSP00000497444,19.2,5
9606.ENSP00000411010,19.1,9
9606.ENSP00000314099,19.1,5
9606.ENSP00000459019,19.1,3
9606.ENSP00000262554,19.1,8
9606.ENSP00000409382,19.1,11
9606.ENSP00000348168,19,6
9606.ENSP00000355955,19,2
9606.ENSP00000251507,19,13
9606.ENSP00000449241,19,19
9606.ENSP00000359073,19,25
9606.ENSP00000481575,19,12
9606.ENSP00000329357,19,7
9606.ENSP00000272139,19,4
9606.ENSP00000400168,19,28
9606.ENSP00000383996,19,12
9606.ENSP00000346466,19,12
9606.ENSP00000411822,18.9,7
9606.ENSP00000363779,18.9,19
9606.ENSP00000337088,18.9,11
9606.ENSP00000295321,18.9,18
9606.ENSP00000406209,18.9,9
9606.ENSP00000315013,18.9,9
9606.ENSP00000298428,18.9,12
9606.ENSP00000443194,18.9,7
9606.ENSP00000300176,18.8,6
9606.ENSP00000227918,18.8,2
9606.ENSP00000383820,18.8,9
9606.ENSP00000491117,18.7,1
9606.ENSP00000323313,18.7,10
9606.ENSP00000249396,18.7,7
9606.ENSP00000367841,18.6,1
9606.ENSP00000378856,18.6,12
9606.ENSP00000360645,18.6,9
9606.ENSP00000437738,18.6,14
9606.ENSP00000265857,18.6,6
9606.ENSP00000392043,18.6,50
9606.ENSP00000475986,18.6,4
9606.ENSP00000227667,18.5,2
9606.ENSP00000362687,18.5,18
9606.ENSP00000359512,18.5,24
9606.ENSP00000397269,18.4,5
9606.ENSP00000374447,18.4,11
9606.ENSP00000361162,18.4,5
9606.ENSP00000259400,18.4,3
9606.ENSP00000417464,18.4,7
9606.ENSP00000469888,18.3,4
9606.ENSP00000480722,18.3,5
9606.ENSP00000355465,18.3,36
9606.ENSP00000361245,18.3,13
9606.ENSP00000471896,18.3,5
9606.ENSP00000368414,18.3,14
9606.ENSP00000361092,18.3,5
9606.ENSP00000265717,18.3,9
9606.ENSP00000252602,18.3,2
9606.ENSP00000303507,18.3,23
9606.ENSP00000325655,18.2,2
9606.ENSP00000468785,18.2,10
9606.ENSP00000352928,18.2,2
9606.ENSP00000430242,18.2,11
9606.ENSP00000483453,18.2,16
9606.ENSP00000451188,18.2,2
9606.ENSP00000337354,18.2,5
9606.ENSP00000280377,18.2,21
9606.ENSP00000432487,18.2,8
9606.ENSP00000477602,18.1,3
9606.ENSP00000402338,18.1,5
9606.ENSP00000371362,18.1,6
9606.ENSP00000413098,18.1,19
9606.ENSP00000345719,18.1,6
9606.ENSP00000248114,18.1,3
9606.ENSP00000406598,18.1,6
9606.ENSP00000265562,18,21
9606.ENSP00000225724,18,10
9606.ENSP00000439244,18,11
9606.ENSP00000496597,18,37
9606.ENSP00000346890,18,23
9606.ENSP00000339524,17.9,5
9606.ENSP00000358541,17.9,4
9606.ENSP00000355388,17.9,9
9606.ENSP00000371219,17.9,2
9606.ENSP00000282633,17.9,31
9606.ENSP00000419782,17.9,38
9606.ENSP00000343497,17.9,5
9606.ENSP00000368439,17.9,10
9606.ENSP00000238112,17.8,13
9606.ENSP00000357051,17.8,5
9606.ENSP00000340796,17.8,8
9606.ENSP00000363400,17.8,8
9606.ENSP00000465213,17.8,3
9606.ENSP00000260643,17.8,5
9606.ENSP00000360662,17.8,16
9606.ENSP00000263657,17.8,4
9606.ENSP00000363216,17.8,41
9606.ENSP00000220853,17.7,5
9606.ENSP00000344831,17.7,6
9606.ENSP00000269228,17.7,17
9606.ENSP00000262450,17.7,86
9606.ENSP00000369145,17.7,3
9606.ENSP00000339161,17.6,5
9606.ENSP00000376565,17.6,2
9606.ENSP00000243045,17.6,3
9606.ENSP00000251413,17.6,11
9606.ENSP00000378992,17.6,14
9606.ENSP00000316649,17.6,6
9606.ENSP00000308369,17.6,13
9606.ENSP00000300030,17.6,4
9606.ENSP00000493515,17.6,12
9606.ENSP00000480301,17.6,15
9606.ENSP00000254878,17.6,2
9606.ENSP00000295756,17.6,1
9606.ENSP00000262430,17.5,10
9606.ENSP00000421926,17.5,10
9606.ENSP00000271857,17.5,7
9606.ENSP00000465261,17.5,9
9606.ENSP00000353863,17.5,10
9606.ENSP00000245046,17.5,5
9606.ENSP00000370557,17.5,5
9606.ENSP00000312599,17.5,4
9606.ENSP00000465685,17.5,26
9606.ENSP00000263955,17.4,4
9606.ENSP00000293379,17.4,13
9606.ENSP00000339692,17.4,8
9606.ENSP00000370208,17.4,8
9606.ENSP00000315397,17.4,5
9606.ENSP00000379721,17.4,15
9606.ENSP00000313422,17.4,5
9606.ENSP00000373474,17.3,5
9606.ENSP00000434279,17.3,26
9606.ENSP00000269383,17.3,8
9606.ENSP00000347170,17.3,5
9606.ENSP00000420357,17.3,2
9606.ENSP00000264255,17.2,4
9606.ENSP00000367991,17.2,30
9606.ENSP00000350698,17.2,6
9606.ENSP00000368062,17.2,14
9606.ENSP00000319501,17.1,8
9606.ENSP00000337688,17.1,5
9606.ENSP00000274498,17.1,16
9606.ENSP00000378332,17.1,6
9606.ENSP00000481054,17,11
9606.ENSP00000365012,17,20
9606.ENSP00000381064,17,15
9606.ENSP00000473391,17,10
9606.ENSP00000346643,17,36
9606.ENSP00000341361,17,2
9606.ENSP00000269919,16.9,3
9606.ENSP00000426119,16.9,2
9606.ENSP00000438085,16.9,8
9606.ENSP00000262213,16.9,5
9606.ENSP00000379931,16.9,11
9606.ENSP00000300006,16.9,5
9606.ENSP00000296509,16.9,4
9606.ENSP00000233146,16.9,14
9606.ENSP00000244519,16.9,14
9606.ENSP00000335193,16.9,16
9606.ENSP00000423325,16.9,20
9606.ENSP00000292614,16.9,4
9606.ENSP00000364486,16.8,10
9606.ENSP00000332013,16.8,9
9606.ENSP00000221265,16.8,10
9606.ENSP00000249806,16.8,4
9606.ENSP00000267814,16.8,5
9606.ENSP00000229264,16.8,19
9606.ENSP00000482604,16.7,5
9606.ENSP00000360541,16.7,11
9606.ENSP00000259989,16.7,4
9606.ENSP00000229633,16.7,3
9606.ENSP00000349727,16.7,9
9606.ENSP00000498864,16.7,6
9606.ENSP00000457703,16.7,4
9606.ENSP00000181839,16.7,47
9606.ENSP00000327760,16.7,9
9606.ENSP00000356591,16.6,5
9606.ENSP00000258770,16.6,10
9606.ENSP00000397249,16.6,16
9606.ENSP00000349446,16.6,7
9606.ENSP00000334798,16.6,61
9606.ENSP00000383365,16.6,12
9606.ENSP00000330289,16.6,3
9606.ENSP00000465099,16.6,5
9606.ENSP00000356671,16.6,8
9606.ENSP00000482438,16.6,2
9606.ENSP00000485513,16.6,29
9606.ENSP00000261900,16.6,6
9606.ENSP00000341247,16.6,21
9606.ENSP00000380334,16.5,7
9606.ENSP00000354580,16.5,5
9606.ENSP00000298248,16.5,6
9606.ENSP00000323645,16.5,11
9606.ENSP00000497008,16.5,6
9606.ENSP00000330694,16.5,4
9606.ENSP00000261439,16.4,18
9606.ENSP00000483570,16.4,12
9606.ENSP00000472710,16.4,6
9606.ENSP00000267484,16.4,7
9606.ENSP00000356056,16.4,2
9606.ENSP00000378414,16.4,14
9606.ENSP00000349205,16.4,18
9606.ENSP00000362115,16.4,15
9606.ENSP00000364543,16.4,16
9606.ENSP00000483328,16.4,4
9606.ENSP00000359297,16.4,6
9606.ENSP00000278071,16.3,12
9606.ENSP00000361967,16.3,4
9606.ENSP00000406037,16.3,7
9606.ENSP00000185206,16.3,31
9606.ENSP00000380661,16.3,34
9606.ENSP00000226105,16.3,2
9606.ENSP00000378624,16.3,13
9606.ENSP00000292476,16.3,4
9606.ENSP00000497948,16.2,19
9606.ENSP00000357442,16.2,4
9606.ENSP00000310726,16.2,1
9606.ENSP00000257347,16.2,5
9606.ENSP00000319914,16.2,3
9606.ENSP00000339723,16.2,3
9606.ENSP00000226230,16.1,3
9606.ENSP00000357256,16.1,3
9606.ENSP00000382015,16.1,5
9606.ENSP00000370129,16.1,28
9606.ENSP00000375873,16.1,6
9606.ENSP00000334801,16.1,5
9606.ENSP00000497737,16.1,8
9606.ENSP00000401191,16,3
9606.ENSP00000498330,16,4
9606.ENSP00000357320,16,5
9606.ENSP00000361219,16,15
9606.ENSP00000365462,16,15
9606.ENSP00000318868,16,7
9606.ENSP00000364037,16,13
9606.ENSP00000254325,15.9,10
9606.ENSP00000363809,15.9,2
9606.ENSP00000363642,15.9,11
9606.ENSP00000360577,15.9,3
9606.ENSP00000216274,15.9,7
9606.ENSP00000348010,15.9,10
9606.ENSP00000306902,15.8,5
9606.ENSP00000472914,15.8,11
9606.ENSP00000397942,15.8,8
9606.ENSP00000330349,15.8,10
9606.ENSP00000500386,15.8,24
9606.ENSP00000316578,15.8,9
9606.ENSP00000282541,15.8,6
9606.ENSP00000233121,15.8,9
9606.ENSP00000370695,15.8,9
9606.ENSP00000256398,15.7,8
9606.ENSP00000343002,15.7,4
9606.ENSP00000264651,15.7,66
9606.ENSP00000262374,15.7,7
9606.ENSP00000255136,15.7,33
9606.ENSP00000363023,15.7,12
9606.ENSP00000499211,15.7,5
9606.ENSP00000362702,15.7,9
9606.ENSP00000398880,15.7,45
9606.ENSP00000220597,15.7,5
9606.ENSP00000299601,15.7,9
9606.ENSP00000262134,15.6,8
9606.ENSP00000356978,15.6,11
9606.ENSP00000395574,15.6,8
9606.ENSP00000438204,15.6,2
9606.ENSP00000299163,15.6,4
9606.ENSP00000369627,15.6,7
9606.ENSP00000399511,15.6,24
9606.ENSP00000360242,15.6,9
9606.ENSP00000326424,15.6,8
9606.ENSP00000225964,15.6,16
9606.ENSP00000339813,15.6,5
9606.ENSP00000426638,15.6,8
9606.ENSP00000363478,15.5,2
9606.ENSP00000238823,15.5,8
9606.ENSP00000371061,15.5,2
9606.ENSP00000497588,15.5,5
9606.ENSP00000258198,15.4,8
9606.ENSP00000360412,15.4,8
9606.ENSP00000349313,15.4,3
9606.ENSP00000311224,15.4,12
9606.ENSP00000443204,15.4,11
9606.ENSP00000370736,15.4,3
9606.ENSP00000341551,15.4,5
9606.ENSP00000258457,15.4,2
9606.ENSP00000385795,15.3,11
9606.ENSP00000456336,15.3,2
9606.ENSP00000365725,15.3,5
9606.ENSP00000258301,15.3,6
9606.ENSP00000379098,15.3,26
9606.ENSP00000234420,15.3,19
9606.ENSP00000369716,15.3,68
9606.ENSP00000430493,15.3,31
9606.ENSP00000250113,15.3,14
9606.ENSP00000268206,15.2,14
9606.ENSP00000272091,15.2,5
9606.ENSP00000386433,15.2,23
9606.ENSP00000386165,15.2,2
9606.ENSP00000360493,15.2,11
9606.ENSP00000348429,15.2,11
9606.ENSP00000261884,15.2,7
9606.ENSP00000225729,15.2,7
9606.ENSP00000482732,15.2,15
9606.ENSP00000309521,15.1,6
9606.ENSP00000382091,15.1,5
9606.ENSP00000259608,15.1,2
9606.ENSP00000262039,15.1,18
9606.ENSP00000244061,15.1,4
9606.ENSP00000271555,15.1,6
9606.ENSP00000288087,15.1,4
9606.ENSP00000344562,15.1,15
9606.ENSP00000362108,15,2
9606.ENSP00000321038,14.9,5
9606.ENSP00000420294,14.9,5
9606.ENSP00000319412,14.9,5
9606.ENSP00000257904,14.9,41
9606.ENSP00000263277,14.9,34
9606.ENSP00000497690,14.9,4
9606.ENSP00000378699,14.9,38
9606.ENSP00000419370,14.9,2
9606.ENSP00000264065,14.9,11
9606.ENSP00000352536,14.9,7
9606.ENSP00000337445,14.9,14
9606.ENSP00000312134,14.9,4
9606.ENSP00000357012,14.9,5
9606.ENSP00000326563,14.9,20
9606.ENSP00000380466,14.9,7
9606.ENSP00000478035,14.9,7
9606.ENSP00000358294,14.9,3
9606.ENSP00000409279,14.9,8
9606.ENSP00000366897,14.8,3
9606.ENSP00000495247,14.8,14
9606.ENSP00000410964,14.8,8
9606.ENSP00000357552,14.8,15
9606.ENSP00000448182,14.8,10
9606.ENSP00000281038,14.7,6
9606.ENSP00000291634,14.7,2
9606.ENSP00000370980,14.7,19
9606.ENSP00000216099,14.7,19
9606.ENSP00000364140,14.7,85
9606.ENSP00000465039,14.7,14
9606.ENSP00000262265,14.7,4
9606.ENSP00000387111,14.7,2
9606.ENSP00000294179,14.7,3
9606.ENSP00000327431,14.7,20
9606.ENSP00000338082,14.7,20
9606.ENSP00000238875,14.7,2
9606.ENSP00000345096,14.6,7
9606.ENSP00000405424,14.6,11
9606.ENSP00000354677,14.6,4
9606.ENSP00000326888,14.6,13
9606.ENSP00000238855,14.6,9
9606.ENSP00000371419,14.6,24
9606.ENSP00000328720,14.6,9
9606.ENSP00000267425,14.6,6
9606.ENSP00000346130,14.6,1
9606.ENSP00000464522,14.6,4
9606.ENSP00000280357,14.6,4
9606.ENSP00000254630,14.5,9
9606.ENSP00000221859,14.5,2
9606.ENSP00000444433,14.5,3
9606.ENSP00000478458,14.5,13
9606.ENSP00000328854,14.5,8
9606.ENSP00000386651,14.5,2
9606.ENSP00000409738,14.4,2
9606.ENSP00000370193,14.4,4
9606.ENSP00000430000,14.4,1
9606.ENSP00000218758,14.4,2
9606.ENSP00000297151,14.4,8
9606.ENSP00000270583,14.4,6
9606.ENSP00000337641,14.4,11
9606.ENSP00000266659,14.4,2
9606.ENSP00000355629,14.4,10
9606.ENSP00000348769,14.4,6
9606.ENSP00000450281,14.4,4
9606.ENSP00000392495,14.3,4
9606.ENSP00000392065,14.3,12
9606.ENSP00000352956,14.3,8
9606.ENSP00000298375,14.3,7
9606.ENSP00000296824,14.3,3
9606.ENSP00000288014,14.2,4
9606.ENSP00000447056,14.2,1
9606.ENSP00000260102,14.2,4
9606.ENSP00000343348,14.2,2
9606.ENSP00000315386,14.2,11
9606.ENSP00000268661,14.2,11
9606.ENSP00000348211,14.1,4
9606.ENSP00000398722,14.1,6
9606.ENSP00000378687,14.1,11
9606.ENSP00000304891,14.1,6
9606.ENSP00000386419,14.1,4
9606.ENSP00000418661,14.1,2
9606.ENSP00000329920,14.1,3
9606.ENSP00000356811,14.1,8
9606.ENSP00000364902,14.1,5
9606.ENSP00000361993,14,1
9606.ENSP00000369857,14,5
9606.ENSP00000489189,14,3
9606.ENSP00000307014,14,67
9606.ENSP00000490038,14,14
9606.ENSP00000363640,14,8
9606.ENSP00000489123,14,10
9606.ENSP00000409231,14,4
9606.ENSP00000230340,14,6
9606.ENSP00000498268,14,4
9606.ENSP00000361867,14,10
9606.ENSP00000310551,14,4
9606.ENSP00000399862,14,13
9606.ENSP00000370055,13.9,3
9606.ENSP00000338562,13.9,3
9606.ENSP00000388337,13.9,1
9606.ENSP00000225538,13.9,7
9606.ENSP00000296464,13.9,24
9606.ENSP00000445829,13.9,2
9606.ENSP00000363506,13.9,5
9606.ENSP00000260197,13.9,35
9606.ENSP00000308332,13.9,2
9606.ENSP00000292896,13.9,19
9606.ENSP00000336747,13.9,16
9606.ENSP00000379173,13.8,6
9606.ENSP00000362298,13.8,7
9606.ENSP00000265271,13.8,18
9606.ENSP00000480986,13.8,3
9606.ENSP00000255764,13.8,1
9606.ENSP00000498524,13.7,8
9606.ENSP00000264832,13.7,6
9606.ENSP00000296220,13.7,11
9606.ENSP00000325708,13.7,5
9606.ENSP00000387365,13.7,5
9606.ENSP00000376269,13.7,13
9606.ENSP00000386609,13.7,18
9606.ENSP00000418037,13.7,5
9606.ENSP00000279392,13.7,7
9606.ENSP00000023939,13.7,3
9606.ENSP00000343445,13.7,33
9606.ENSP00000378350,13.7,8
9606.ENSP00000238651,13.7,12
9606.ENSP00000280701,13.7,3
9606.ENSP00000417078,13.6,9
9606.ENSP00000337446,13.6,4
9606.ENSP00000349305,13.5,30
9606.ENSP00000379643,13.5,5
9606.ENSP00000488437,13.5,4
9606.ENSP00000257951,13.5,98
9606.ENSP00000364883,13.5,5
9606.ENSP00000263125,13.5,10
9606.ENSP00000262519,13.5,18
9606.ENSP00000491014,13.4,20
9606.ENSP00000463978,13.4,5
9606.ENSP00000256722,13.4,4
9606.ENSP00000225577,13.4,6
9606.ENSP00000253457,13.3,4
9606.ENSP00000413861,13.3,4
9606.ENSP00000496804,13.3,9
9606.ENSP00000379869,13.3,2
9606.ENSP00000307265,13.3,6
9606.ENSP00000359000,13.3,42
9606.ENSP00000363714,13.3,7
9606.ENSP00000283752,13.3,33
9606.ENSP00000338814,13.3,5
9606.ENSP00000276569,13.3,3
9606.ENSP00000271688,13.2,5
9606.ENSP00000374455,13.2,5
9606.ENSP00000357360,13.2,5
9606.ENSP00000442770,13.2,2
9606.ENSP00000370966,13.2,3
9606.ENSP00000378181,13.2,8
9606.ENSP00000415433,13.1,3
9606.ENSP00000282878,13.1,18
9606.ENSP00000368767,13.1,10
9606.ENSP00000288670,13.1,29
9606.ENSP00000253577,13.1,10
9606.ENSP00000231509,13.1,9
9606.ENSP00000266970,13,37
9606.ENSP00000252674,13,5
9606.ENSP00000339090,13,3
9606.ENSP00000239690,13,9
9606.ENSP00000298569,13,3
9606.ENSP00000313875,13,3
9606.ENSP00000357110,13,10
9606.ENSP00000438677,13,4
9606.ENSP00000185150,12.9,6
9606.ENSP00000266771,12.9,5
9606.ENSP00000464006,12.9,6
9606.ENSP00000338191,12.9,7
9606.ENSP00000311977,12.9,5
9606.ENSP00000486357,12.9,16
9606.ENSP00000350369,12.9,4
9606.ENSP00000433967,12.8,15
9606.ENSP00000286794,12.8,8
9606.ENSP00000223324,12.8,1
9606.ENSP00000321271,12.8,4
9606.ENSP00000343658,12.8,23
9606.ENSP00000341382,12.8,17
9606.ENSP00000496470,12.8,20
9606.ENSP00000438455,12.8,2
9606.ENSP00000454836,12.8,10
9606.ENSP00000351250,12.7,13
9606.ENSP00000225298,12.7,6
9606.ENSP00000011619,12.7,6
9606.ENSP00000261304,12.7,6
9606.ENSP00000367050,12.7,13
9606.ENSP00000169551,12.7,3
9606.ENSP00000256447,12.7,5
9606.ENSP00000301272,12.7,2
9606.ENSP00000475473,12.7,2
9606.ENSP00000379802,12.7,14
9606.ENSP00000360183,12.7,3
9606.ENSP00000394510,12.7,14
9606.ENSP00000397394,12.7,1
9606.ENSP00000313953,12.6,9
9606.ENSP00000387641,12.6,58
9606.ENSP00000297135,12.6,11
9606.ENSP00000419027,12.6,6
9606.ENSP00000347206,12.6,5
9606.ENSP00000452773,12.6,2
9606.ENSP00000262244,12.5,5
9606.ENSP00000348538,12.5,2
9606.ENSP00000215957,12.5,7
9606.ENSP00000307666,12.5,11
9606.ENSP00000347427,12.5,20
9606.ENSP00000257604,12.5,7
9606.ENSP00000362300,12.5,20
9606.ENSP00000360850,12.5,4
9606.ENSP00000355601,12.5,3
9606.ENSP00000307260,12.5,5
9606.ENSP00000296149,12.5,3
9606.ENSP00000254770,12.4,6
9606.ENSP00000225519,12.4,5
9606.ENSP00000376142,12.4,4
9606.ENSP00000395772,12.4,5
9606.ENSP00000484525,12.3,11
9606.ENSP00000380837,12.3,9
9606.ENSP00000302046,12.3,2
9606.ENSP00000415078,12.3,11
9606.ENSP00000387882,12.2,9
9606.ENSP00000365694,12.2,13
9606.ENSP00000299697,12.2,5
9606.ENSP00000363852,12.2,7
9606.ENSP00000411073,12.2,2
9606.ENSP00000368759,12.2,10
9606.ENSP00000445725,12.2,2
9606.ENSP00000377747,12.2,27
9606.ENSP00000285420,12.2,3
9606.ENSP00000259206,12.2,1
9606.ENSP00000498715,12.2,4
9606.ENSP00000475384,12.2,17
9606.ENSP00000321606,12.2,19
9606.ENSP00000358464,12.2,5
9606.ENSP00000358865,12.2,40
9606.ENSP00000385823,12.2,28
9606.ENSP00000377224,12.1,1
9606.ENSP00000274376,12.1,10
9606.ENSP00000340900,12.1,21
9606.ENSP00000329915,12.1,3
9606.ENSP00000362409,12.1,9
9606.ENSP00000462468,12.1,23
9606.ENSP00000329614,12.1,1
9606.ENSP00000309262,12.1,16
9606.ENSP00000344942,12.1,4
9606.ENSP00000484855,12.1,10
9606.ENSP00000278980,12.1,5
9606.ENSP00000286364,12.1,11
9606.ENSP00000368818,12,5
9606.ENSP00000243662,12,9
9606.ENSP00000337691,12,11
9606.ENSP00000295079,12,4
9606.ENSP00000398560,12,12
9606.ENSP00000326200,12,9
9606.ENSP00000270586,11.9,3
9606.ENSP00000431512,11.9,4
9606.ENSP00000323046,11.9,3
9606.ENSP00000262367,11.9,38
9606.ENSP00000259229,11.9,1
9606.ENSP00000354597,11.9,11
9606.ENSP00000426941,11.9,6
9606.ENSP00000344819,11.9,1
9606.ENSP00000477507,11.9,6
9606.ENSP00000359688,11.9,3
9606.ENSP00000225525,11.9,1
9606.ENSP00000427900,11.8,18
9606.ENSP00000217455,11.8,2
9606.ENSP00000363512,11.8,8
9606.ENSP00000393379,11.8,28
9606.ENSP00000347184,11.8,31
9606.ENSP00000461784,11.8,4
9606.ENSP00000355651,11.8,5
9606.ENSP00000428585,11.8,1
9606.ENSP00000365601,11.8,2
9606.ENSP00000302620,11.8,13
9606.ENSP00000373684,11.8,8
9606.ENSP00000269221,11.8,7
9606.ENSP00000469811,11.8,3
9606.ENSP00000251643,11.8,56
9606.ENSP00000362618,11.8,13
9606.ENSP00000362621,11.8,13
9606.ENSP00000482264,11.8,3
9606.ENSP00000267163,11.7,12
9606.ENSP00000312356,11.7,4
9606.ENSP00000494067,11.7,13
9606.ENSP00000392782,11.7,17
9606.ENSP00000298310,11.7,11
9606.ENSP00000267615,11.6,3
9606.ENSP00000477868,11.6,6
9606.ENSP00000274217,11.6,5
9606.ENSP00000292211,11.6,4
9606.ENSP00000204566,11.6,3
9606.ENSP00000389289,11.6,9
9606.ENSP00000369682,11.6,3
9606.ENSP00000227322,11.6,6
9606.ENSP00000501135,11.6,2
9606.ENSP00000223208,11.6,4
9606.ENSP00000368887,11.6,4
9606.ENSP00000440905,11.5,4
9606.ENSP00000263092,11.5,11
9606.ENSP00000227868,11.5,5
9606.ENSP00000254624,11.5,8
9606.ENSP00000413937,11.5,5
9606.ENSP00000261708,11.5,9
9606.ENSP00000355800,11.5,9
9606.ENSP00000349547,11.5,5
9606.ENSP00000498875,11.5,15
9606.ENSP00000340373,11.5,7
9606.ENSP00000359424,11.5,8
9606.ENSP00000423014,11.4,2
9606.ENSP00000418813,11.4,1
9606.ENSP00000473469,11.4,21
9606.ENSP00000219548,11.4,4
9606.ENSP00000381823,11.4,8
9606.ENSP00000399696,11.4,6
9606.ENSP00000366934,11.4,4
9606.ENSP00000369674,11.3,3
9606.ENSP00000264183,11.3,12
9606.ENSP00000256319,11.3,1
9606.ENSP00000209718,11.3,16
9606.ENSP00000371169,11.3,7
9606.ENSP00000264220,11.3,5
9606.ENSP00000307240,11.3,65
9606.ENSP00000470087,11.3,4
9606.ENSP00000338990,11.3,2
9606.ENSP00000248248,11.3,6
9606.ENSP00000265245,11.3,8
9606.ENSP00000222224,11.2,2
9606.ENSP00000363360,11.2,1
9606.ENSP00000439068,11.2,2
9606.ENSP00000362441,11.2,23
9606.ENSP00000465103,11.2,1
9606.ENSP00000377303,11.2,6
9606.ENSP00000496813,11.2,3
9606.ENSP00000379294,11.2,4
9606.ENSP00000231751,11.2,10
9606.ENSP00000348510,11.2,22
9606.ENSP00000285873,11.2,16
9606.ENSP00000449960,11.2,7
9606.ENSP00000260443,11.2,1
9606.ENSP00000467579,11.1,2
9606.ENSP00000410242,11.1,5
9606.ENSP00000252100,11.1,4
9606.ENSP00000370150,11.1,6
9606.ENSP00000497160,11.1,6
9606.ENSP00000290776,11.1,20
9606.ENSP00000337675,11.1,1
9606.ENSP00000457728,11.1,2
9606.ENSP00000319726,11.1,4
9606.ENSP00000483888,11.1,1
9606.ENSP00000007699,11.1,10
9606.ENSP00000266594,11.1,5
9606.ENSP00000268712,11.1,28
9606.ENSP00000357812,11,4
9606.ENSP00000353575,11,5
9606.ENSP00000277895,11,8
9606.ENSP00000262241,11,5
9606.ENSP00000501053,11,10
9606.ENSP00000348554,11,6
9606.ENSP00000353452,11,19
9606.ENSP00000376753,11,3
9606.ENSP00000359665,11,3
9606.ENSP00000265986,11,10
9606.ENSP00000441369,11,12
9606.ENSP00000261716,11,16
9606.ENSP00000386772,11,3
9606.ENSP00000371451,11,4
9606.ENSP00000366098,11,2
9606.ENSP00000297990,11,8
9606.ENSP00000351813,11,3
9606.ENSP00000361860,10.9,5
9606.ENSP00000405620,10.9,15
9606.ENSP00000411898,10.9,1
9606.ENSP00000349486,10.9,10
9606.ENSP00000484713,10.9,16
9606.ENSP00000401831,10.9,5
9606.ENSP00000447488,10.9,3
9606.ENSP00000365804,10.9,10
9606.ENSP00000361636,10.9,7
9606.ENSP00000465517,10.9,2
9606.ENSP00000264263,10.9,8
9606.ENSP00000274643,10.9,16
9606.ENSP00000287844,10.9,13
9606.ENSP00000476603,10.8,6
9606.ENSP00000290208,10.8,2
9606.ENSP00000365931,10.8,5
9606.ENSP00000358460,10.8,11
9606.ENSP00000314649,10.8,5
9606.ENSP00000376024,10.8,4
9606.ENSP00000419260,10.8,16
9606.ENSP00000218104,10.8,10
9606.ENSP00000441786,10.7,2
9606.ENSP00000310832,10.7,5
9606.ENSP00000370503,10.7,5
9606.ENSP00000386531,10.7,19
9606.ENSP00000410798,10.7,4
9606.ENSP00000352565,10.7,3
9606.ENSP00000486146,10.7,2
9606.ENSP00000332646,10.7,4
9606.ENSP00000483495,10.7,7
9606.ENSP00000294053,10.7,10
9606.ENSP00000298281,10.7,13
9606.ENSP00000464275,10.7,4
9606.ENSP00000290573,10.7,35
9606.ENSP00000338171,10.7,7
9606.ENSP00000387219,10.7,2
9606.ENSP00000237380,10.7,1
9606.ENSP00000345528,10.7,2
9606.ENSP00000290663,10.7,2
9606.ENSP00000475924,10.7,4
9606.ENSP00000414904,10.7,3
9606.ENSP00000338057,10.7,2
9606.ENSP00000335371,10.6,12
9606.ENSP00000350386,10.6,4
9606.ENSP00000403077,10.6,3
9606.ENSP00000259708,10.6,9
9606.ENSP00000315410,10.6,9
9606.ENSP00000434466,10.6,11
9606.ENSP00000337289,10.6,13
9606.ENSP00000251775,10.6,5
9606.ENSP00000261441,10.6,6
9606.ENSP00000215574,10.5,2
9606.ENSP00000360718,10.5,14
9606.ENSP00000258648,10.5,2
9606.ENSP00000346577,10.5,5
9606.ENSP00000496241,10.5,3
9606.ENSP00000444156,10.5,4
9606.ENSP00000310623,10.4,1
9606.ENSP00000253247,10.4,7
9606.ENSP00000411152,10.4,8
9606.ENSP00000309126,10.4,6
9606.ENSP00000327179,10.4,5
9606.ENSP00000385080,10.3,5
9606.ENSP00000256079,10.3,12
9606.ENSP00000252951,10.3,9
9606.ENSP00000300574,10.3,4
9606.ENSP00000328551,10.3,2
9606.ENSP00000244571,10.3,8
9606.ENSP00000375629,10.3,10
9606.ENSP00000261191,10.3,10
9606.ENSP00000343001,10.3,12
9606.ENSP00000222388,10.3,13
9606.ENSP00000455106,10.3,4
9606.ENSP00000361658,10.3,15
9606.ENSP00000477352,10.3,1
9606.ENSP00000283629,10.3,5
9606.ENSP00000354451,10.3,53
9606.ENSP00000481699,10.2,29
9606.ENSP00000438748,10.2,16
9606.ENSP00000242375,10.2,5
9606.ENSP00000256460,10.2,14
9606.ENSP00000343690,10.2,15
9606.ENSP00000439768,10.2,1
9606.ENSP00000305442,10.2,7
9606.ENSP00000252530,10.1,3
9606.ENSP00000440440,10.1,8
9606.ENSP00000365756,10.1,6
9606.ENSP00000359225,10.1,7
9606.ENSP00000303758,10.1,10
9606.ENSP00000411532,10.1,30
9606.ENSP00000284273,10,5
9606.ENSP00000264555,10,11
9606.ENSP00000377783,10,6
9606.ENSP00000250974,10,6
9606.ENSP00000358019,10,4
9606.ENSP00000353959,10,27
9606.ENSP00000376902,9.99,3
9606.ENSP00000392262,9.96,3
9606.ENSP00000263686,9.95,7
9606.ENSP00000380024,9.95,2
9606.ENSP00000401303,9.95,3
9606.ENSP00000326550,9.94,5
9606.ENSP00000349823,9.94,7
9606.ENSP00000295926,9.93,4
9606.ENSP00000202017,9.92,1
9606.ENSP00000316512,9.92,21
9606.ENSP00000362962,9.91,21
9606.ENSP00000479494,9.9,5
9606.ENSP00000350036,9.88,22
9606.ENSP00000357823,9.87,3
9606.ENSP00000372218,9.86,5
9606.ENSP00000406027,9.86,4
9606.ENSP00000253107,9.86,7
9606.ENSP00000414237,9.83,8
9606.ENSP00000252599,9.81,7
9606.ENSP00000230449,9.79,9
9606.ENSP00000396052,9.78,2
9606.ENSP00000402855,9.77,2
9606.ENSP00000297540,9.75,4
9606.ENSP00000362680,9.74,19
9606.ENSP00000361708,9.73,1
9606.ENSP00000254616,9.72,2
9606.ENSP00000325919,9.69,2
9606.ENSP00000369383,9.65,2
9606.ENSP00000262850,9.63,7
9606.ENSP00000365851,9.61,2
9606.ENSP00000501026,9.61,14
9606.ENSP00000386588,9.59,92
9606.ENSP00000426548,9.59,10
9606.ENSP00000308413,9.58,5
9606.ENSP00000359050,9.58,5
9606.ENSP00000267119,9.57,51
9606.ENSP00000357691,9.57,1
9606.ENSP00000262741,9.56,19
9606.ENSP00000268184,9.52,2
9606.ENSP00000360860,9.52,5
9606.ENSP00000375608,9.52,8
9606.ENSP00000261070,9.51,1
9606.ENSP00000322579,9.51,4
9606.ENSP00000473623,9.51,10
9606.ENSP00000439913,9.5,19
9606.ENSP00000325561,9.5,5
9606.ENSP00000454545,9.49,5
9606.ENSP00000412178,9.49,8
9606.ENSP00000348054,9.49,1
9606.ENSP00000263650,9.48,13
9606.ENSP00000263629,9.48,5
9606.ENSP00000498881,9.48,16
9606.ENSP00000265322,9.47,3
9606.ENSP00000355899,9.45,5
9606.ENSP00000449428,9.45,10
9606.ENSP00000409126,9.44,7
9606.ENSP00000496695,9.44,3
9606.ENSP00000271764,9.43,5
9606.ENSP00000359128,9.42,1
9606.ENSP00000374507,9.42,22
9606.ENSP00000363211,9.42,3
9606.ENSP00000387050,9.41,4
9606.ENSP00000332062,9.39,3
9606.ENSP00000369981,9.37,6
9606.ENSP00000342812,9.35,53
9606.ENSP00000360290,9.32,7
9606.ENSP00000493768,9.31,5
9606.ENSP00000420608,9.31,9
9606.ENSP00000395249,9.3,3
9606.ENSP00000360252,9.29,5
9606.ENSP00000250237,9.28,3
9606.ENSP00000490083,9.28,4
9606.ENSP00000295588,9.26,3
9606.ENSP00000415579,9.25,9
9606.ENSP00000318602,9.23,3
9606.ENSP00000235521,9.21,2
9606.ENSP00000349596,9.2,3
9606.ENSP00000369286,9.2,2
9606.ENSP00000379651,9.2,4
9606.ENSP00000469242,9.19,61
9606.ENSP00000386810,9.18,91
9606.ENSP00000462945,9.17,2
9606.ENSP00000465075,9.16,1
9606.ENSP00000305892,9.16,1
9606.ENSP00000362080,9.16,5
9606.ENSP00000411397,9.16,11
9606.ENSP00000401720,9.15,12
9606.ENSP00000362730,9.14,2
9606.ENSP00000276692,9.14,3
9606.ENSP00000438040,9.14,4
9606.ENSP00000248633,9.14,17
9606.ENSP00000228928,9.13,9
9606.ENSP00000430271,9.08,2
9606.ENSP00000401435,9.08,7
9606.ENSP00000315775,9.08,9
9606.ENSP00000269385,9.08,3
9606.ENSP00000380659,9.07,5
9606.ENSP00000261854,9.04,3
9606.ENSP00000295702,9.02,2
9606.ENSP00000473980,9.02,3
9606.ENSP00000253925,9.01,7
9606.ENSP00000312002,9,3
9606.ENSP00000262415,9,14
9606.ENSP00000430237,8.99,6
9606.ENSP00000237264,8.97,2
9606.ENSP00000253047,8.97,1
9606.ENSP00000371859,8.96,13
9606.ENSP00000401645,8.96,3
9606.ENSP00000225728,8.95,1
9606.ENSP00000356468,8.94,3
9606.ENSP00000258874,8.94,5
9606.ENSP00000263519,8.93,35
9606.ENSP00000404092,8.92,7
9606.ENSP00000362751,8.92,9
9606.ENSP00000219066,8.91,3
9606.ENSP00000233596,8.91,1
9606.ENSP00000418194,8.9,14
9606.ENSP00000386134,8.9,4
9606.ENSP00000337053,8.9,6
9606.ENSP00000353129,8.88,7
9606.ENSP00000343515,8.88,5
9606.ENSP00000369860,8.87,4
9606.ENSP00000297613,8.86,2
9606.ENSP00000355964,8.86,4
9606.ENSP00000359385,8.86,7
9606.ENSP00000273480,8.85,1
9606.ENSP00000236040,8.83,6
9606.ENSP00000313504,8.82,8
9606.ENSP00000239940,8.82,1
9606.ENSP00000384302,8.82,9
9606.ENSP00000294258,8.8,3
9606.ENSP00000218004,8.8,1
9606.ENSP00000224652,8.8,4
9606.ENSP00000217446,8.79,2
9606.ENSP00000455643,8.78,5
9606.ENSP00000290650,8.78,15
9606.ENSP00000359848,8.78,5
9606.ENSP00000371221,8.78,6
9606.ENSP00000368664,8.78,1
9606.ENSP00000258772,8.77,4
9606.ENSP00000369409,8.76,8
9606.ENSP00000356530,8.76,8
9606.ENSP00000479664,8.76,4
9606.ENSP00000360371,8.76,2
9606.ENSP00000302289,8.76,3
9606.ENSP00000254803,8.75,2
9606.ENSP00000377275,8.75,36
9606.ENSP00000266263,8.74,3
9606.ENSP00000389277,8.74,1
9606.ENSP00000453129,8.74,4
9606.ENSP00000448228,8.73,3
9606.ENSP00000368716,8.73,18
9606.ENSP00000497004,8.73,2
9606.ENSP00000476672,8.73,7
9606.ENSP00000282892,8.72,1
9606.ENSP00000442573,8.71,2
9606.ENSP00000343290,8.71,9
9606.ENSP00000285419,8.7,1
9606.ENSP00000354223,8.69,1
9606.ENSP00000307939,8.68,15
9606.ENSP00000355231,8.68,4
9606.ENSP00000269097,8.67,1
9606.ENSP00000225969,8.66,1
9606.ENSP00000293745,8.66,55
9606.ENSP00000453302,8.65,5
9606.ENSP00000373854,8.64,26
9606.ENSP00000497977,8.64,3
9606.ENSP00000432568,8.64,56
9606.ENSP00000382274,8.63,34
9606.ENSP00000492220,8.62,11
9606.ENSP00000350333,8.62,6
9606.ENSP00000282026,8.62,11
9606.ENSP00000357484,8.61,4
9606.ENSP00000403614,8.6,1
9606.ENSP00000345494,8.6,1
9606.ENSP00000338352,8.59,4
9606.ENSP00000492425,8.59,4
9606.ENSP00000292616,8.58,3
9606.ENSP00000359423,8.56,6
9606.ENSP00000258455,8.54,4
9606.ENSP00000282841,8.54,3
9606.ENSP00000345206,8.53,5
9606.ENSP00000357564,8.53,11
9606.ENSP00000350071,8.52,8
9606.ENSP00000254286,8.5,4
9606.ENSP00000289361,8.5,10
9606.ENSP00000405674,8.5,1
9606.ENSP00000280700,8.49,5
9606.ENSP00000222256,8.49,21
9606.ENSP00000347717,8.48,2
9606.ENSP00000263253,8.46,35
9606.ENSP00000317891,8.46,4
9606.ENSP00000391457,8.46,2
9606.ENSP00000442053,8.46,7
9606.ENSP00000497997,8.45,5
9606.ENSP00000347602,8.45,9
9606.ENSP00000495556,8.44,12
9606.ENSP00000354091,8.43,3
9606.ENSP00000251636,8.42,9
9606.ENSP00000364193,8.41,3
9606.ENSP00000205636,8.41,1
9606.ENSP00000387211,8.41,5
9606.ENSP00000313854,8.4,5
9606.ENSP00000311500,8.39,3
9606.ENSP00000371798,8.34,4
9606.ENSP00000295851,8.34,5
9606.ENSP00000251143,8.34,8
9606.ENSP00000359693,8.31,2
9606.ENSP00000274963,8.31,8
9606.ENSP00000306496,8.3,3
9606.ENSP00000477502,8.29,34
9606.ENSP00000383274,8.28,22
9606.ENSP00000361900,8.28,2
9606.ENSP00000468236,8.27,1
9606.ENSP00000199448,8.26,2
9606.ENSP00000290155,8.23,1
9606.ENSP00000371101,8.22,5
9606.ENSP00000405068,8.21,6
9606.ENSP00000294904,8.21,2
9606.ENSP00000478783,8.2,12
9606.ENSP00000272418,8.2,8
9606.ENSP00000379078,8.19,8
9606.ENSP00000496044,8.19,3
9606.ENSP00000321449,8.18,3
9606.ENSP00000264951,8.18,11
9606.ENSP00000360687,8.18,1
9606.ENSP00000400870,8.18,6
9606.ENSP00000356430,8.16,1
9606.ENSP00000349503,8.14,4
9606.ENSP00000378427,8.14,1
9606.ENSP00000315564,8.14,9
9606.ENSP00000377486,8.11,3
9606.ENSP00000252818,8.11,2
9606.ENSP00000498603,8.11,4
9606.ENSP00000303315,8.1,1
9606.ENSP00000265734,8.1,35
9606.ENSP00000495063,8.1,4
9606.ENSP00000311997,8.1,43
9606.ENSP00000209873,8.1,4
9606.ENSP00000283351,8.09,11
9606.ENSP00000368835,8.09,1
9606.ENSP00000254900,8.09,6
9606.ENSP00000307254,8.08,1
9606.ENSP00000379997,8.08,1
9606.ENSP00000257287,8.08,9
9606.ENSP00000248564,8.08,2
9606.ENSP00000009041,8.08,2
9606.ENSP00000417980,8.07,11
9606.ENSP00000371475,8.06,13
9606.ENSP00000241041,8.06,2
9606.ENSP00000360498,8.06,1
9606.ENSP00000273062,8.06,3
9606.ENSP00000346080,8.06,2
9606.ENSP00000362410,8.05,1
9606.ENSP00000452634,8.05,6
9606.ENSP00000327077,8.04,19
9606.ENSP00000363753,8.02,2
9606.ENSP00000428564,8.02,6
9606.ENSP00000488668,8.01,10
9606.ENSP00000263681,8.01,3
9606.ENSP00000288532,8.01,3
9606.ENSP00000363411,8,2
9606.ENSP00000329932,7.99,9
9606.ENSP00000326519,7.99,1
9606.ENSP00000373301,7.98,4
9606.ENSP00000287667,7.98,33
9606.ENSP00000233668,7.96,3
9606.ENSP00000221166,7.96,40
9606.ENSP00000351113,7.95,23
9606.ENSP00000295087,7.95,2
9606.ENSP00000379842,7.94,5
9606.ENSP00000256497,7.93,24
9606.ENSP00000243298,7.93,5
9606.ENSP00000348395,7.93,4
9606.ENSP00000261407,7.92,3
9606.ENSP00000354686,7.9,4
9606.ENSP00000234170,7.9,7
9606.ENSP00000359386,7.89,1
9606.ENSP00000250378,7.88,6
9606.ENSP00000354878,7.87,9
9606.ENSP00000494352,7.87,2
9606.ENSP00000490491,7.87,13
9606.ENSP00000449381,7.87,5
9606.ENSP00000340983,7.85,1
9606.ENSP00000432786,7.85,12
9606.ENSP00000343890,7.85,1
9606.ENSP00000322316,7.84,2
9606.ENSP00000370372,7.84,6
9606.ENSP00000262752,7.82,23
9606.ENSP00000258742,7.81,2
9606.ENSP00000408979,7.8,27
9606.ENSP00000323288,7.8,4
9606.ENSP00000370508,7.8,2
9606.ENSP00000282388,7.8,3
9606.ENSP00000386226,7.8,3
9606.ENSP00000267622,7.78,12
9606.ENSP00000167588,7.77,24
9606.ENSP00000361914,7.76,7
9606.ENSP00000403343,7.74,2
9606.ENSP00000312224,7.74,2
9606.ENSP00000417354,7.73,5
9606.ENSP00000390625,7.71,13
9606.ENSP00000289382,7.71,4
9606.ENSP00000252595,7.71,4
9606.ENSP00000469534,7.68,7
9606.ENSP00000414147,7.65,3
9606.ENSP00000330898,7.64,2
9606.ENSP00000251993,7.62,7
9606.ENSP00000394751,7.62,5
9606.ENSP00000325958,7.61,2
9606.ENSP00000360215,7.61,2
9606.ENSP00000307858,7.61,3
9606.ENSP00000354152,7.61,1
9606.ENSP00000248121,7.61,2
9606.ENSP00000346255,7.6,2
9606.ENSP00000467556,7.58,9
9606.ENSP00000454500,7.57,2
9606.ENSP00000300738,7.56,6
9606.ENSP00000273814,7.56,7
9606.ENSP00000280571,7.54,2
9606.ENSP00000263904,7.54,5
9606.ENSP00000493357,7.53,8
9606.ENSP00000408598,7.53,5
9606.ENSP00000221515,7.53,1
9606.ENSP00000354558,7.51,21
9606.ENSP00000370697,7.51,3
9606.ENSP00000359518,7.51,1
9606.ENSP00000386935,7.5,3
9606.ENSP00000310260,7.5,5
9606.ENSP00000363286,7.48,1
9606.ENSP00000258654,7.48,7
9606.ENSP00000379217,7.43,2
9606.ENSP00000355279,7.43,2
9606.ENSP00000355637,7.41,14
9606.ENSP00000211287,7.39,3
9606.ENSP00000328472,7.39,2
9606.ENSP00000440125,7.39,6
9606.ENSP00000357740,7.38,4
9606.ENSP00000357746,7.38,4
9606.ENSP00000357744,7.38,4
9606.ENSP00000376423,7.38,4
9606.ENSP00000358466,7.37,2
9606.ENSP00000311280,7.35,4
9606.ENSP00000363894,7.35,7
9606.ENSP00000386043,7.34,12
9606.ENSP00000261819,7.32,9
9606.ENSP00000354543,7.31,2
9606.ENSP00000311984,7.3,2
9606.ENSP00000310933,7.29,9
9606.ENSP00000357057,7.29,2
9606.ENSP00000265560,7.29,9
9606.ENSP00000488802,7.28,5
9606.ENSP00000310216,7.28,2
9606.ENSP00000385689,7.27,9
9606.ENSP00000299886,7.26,7
9606.ENSP00000311857,7.26,3
9606.ENSP00000373340,7.25,9
9606.ENSP00000359464,7.25,2
9606.ENSP00000377936,7.24,8
9606.ENSP00000287322,7.24,2
9606.ENSP00000363746,7.24,3
9606.ENSP00000380982,7.24,3
9606.ENSP00000341528,7.22,7
9606.ENSP00000274311,7.21,3
9606.ENSP00000397459,7.21,1
9606.ENSP00000419765,7.2,3
9606.ENSP00000348216,7.2,3
9606.ENSP00000380073,7.2,2
9606.ENSP00000281146,7.19,2
9606.ENSP00000247668,7.18,4
9606.ENSP00000334958,7.18,9
9606.ENSP00000376272,7.17,4
9606.ENSP00000231790,7.17,6
9606.ENSP00000334051,7.17,16
9606.ENSP00000371003,7.16,3
9606.ENSP00000357737,7.15,4
9606.ENSP00000480884,7.15,3
9606.ENSP00000348772,7.15,7
9606.ENSP00000297591,7.14,12
9606.ENSP00000418081,7.13,7
9606.ENSP00000373420,7.11,5
9606.ENSP00000354848,7.11,7
9606.ENSP00000357047,7.09,11
9606.ENSP00000366179,7.07,4
9606.ENSP00000337353,7.07,6
9606.ENSP00000293330,7.06,5
9606.ENSP00000238831,7.05,2
9606.ENSP00000262879,7.04,7
9606.ENSP00000365533,7.04,2
9606.ENSP00000480824,7.04,2
9606.ENSP00000255882,7.04,13
9606.ENSP00000396688,7.03,20
9606.ENSP00000258526,7.03,13
9606.ENSP00000363191,7.02,1
9606.ENSP00000387122,7.01,5
9606.ENSP00000326128,7.01,3
9606.ENSP00000328835,7,9
9606.ENSP00000338728,7,16
9606.ENSP00000452521,6.99,2
9606.ENSP00000354812,6.99,2
9606.ENSP00000326630,6.98,4
9606.ENSP00000476480,6.98,2
9606.ENSP00000334785,6.97,2
9606.ENSP00000386992,6.97,7
9606.ENSP00000383938,6.97,3
9606.ENSP00000319192,6.96,2
9606.ENSP00000220592,6.96,12
9606.ENSP00000489687,6.96,10
9606.ENSP00000300584,6.95,5
9606.ENSP00000223398,6.95,17
9606.ENSP00000310521,6.94,1
9606.ENSP00000323858,6.93,6
9606.ENSP00000330361,6.93,1
9606.ENSP00000387535,6.92,2
9606.ENSP00000455791,6.92,2
9606.ENSP00000358062,6.92,8
9606.ENSP00000355961,6.92,6
9606.ENSP00000365682,6.92,5
9606.ENSP00000418009,6.91,1
9606.ENSP00000385787,6.91,6
9606.ENSP00000268933,6.9,6
9606.ENSP00000335044,6.9,7
9606.ENSP00000006275,6.89,1
9606.ENSP00000371175,6.89,5
9606.ENSP00000394183,6.88,1
9606.ENSP00000401197,6.88,5
9606.ENSP00000312709,6.87,2
9606.ENSP00000387246,6.87,6
9606.ENSP00000442464,6.86,3
9606.ENSP00000363597,6.85,8
9606.ENSP00000483228,6.85,12
9606.ENSP00000372067,6.84,7
9606.ENSP00000245620,6.84,4
9606.ENSP00000226355,6.83,6
9606.ENSP00000356030,6.83,2
9606.ENSP00000412733,6.81,4
9606.ENSP00000483936,6.8,4
9606.ENSP00000260762,6.79,5
9606.ENSP00000321617,6.78,6
9606.ENSP00000335320,6.78,7
9606.ENSP00000417706,6.78,4
9606.ENSP00000315997,6.76,6
9606.ENSP00000371682,6.76,1
9606.ENSP00000354251,6.76,9
9606.ENSP00000311399,6.75,2
9606.ENSP00000486574,6.75,3
9606.ENSP00000006777,6.74,1
9606.ENSP00000429900,6.74,6
9606.ENSP00000381698,6.73,4
9606.ENSP00000463233,6.72,6
9606.ENSP00000322706,6.72,2
9606.ENSP00000355652,6.71,3
9606.ENSP00000265164,6.71,1
9606.ENSP00000265440,6.7,3
9606.ENSP00000444215,6.7,1
9606.ENSP00000222339,6.69,3
9606.ENSP00000297044,6.68,7
9606.ENSP00000318966,6.68,1
9606.ENSP00000358812,6.68,12
9606.ENSP00000353246,6.68,2
9606.ENSP00000449716,6.67,1
9606.ENSP00000374265,6.66,3
9606.ENSP00000385722,6.65,16
9606.ENSP00000257789,6.64,10
9606.ENSP00000288828,6.62,1
9606.ENSP00000470086,6.62,1
9606.ENSP00000352039,6.61,6
9606.ENSP00000482169,6.6,30
9606.ENSP00000399403,6.6,8
9606.ENSP00000321320,6.6,2
9606.ENSP00000288078,6.6,5
9606.ENSP00000303709,6.6,9
9606.ENSP00000331849,6.59,1
9606.ENSP00000005340,6.58,3
9606.ENSP00000345575,6.57,1
9606.ENSP00000361653,6.56,3
9606.ENSP00000396749,6.54,3
9606.ENSP00000495795,6.54,6
9606.ENSP00000417764,6.53,2
9606.ENSP00000385749,6.53,7
9606.ENSP00000306080,6.53,2
9606.ENSP00000491067,6.53,3
9606.ENSP00000467107,6.51,7
9606.ENSP00000393183,6.5,10
9606.ENSP00000498402,6.49,2
9606.ENSP00000371051,6.48,29
9606.ENSP00000417402,6.48,3
9606.ENSP00000364859,6.48,2
9606.ENSP00000362238,6.47,4
9606.ENSP00000378400,6.46,6
9606.ENSP00000227163,6.46,1
9606.ENSP00000378426,6.45,1
9606.ENSP00000338173,6.44,5
9606.ENSP00000266068,6.44,1
9606.ENSP00000378534,6.43,5
9606.ENSP00000352584,6.43,3
9606.ENSP00000420176,6.43,1
9606.ENSP00000353414,6.42,30
9606.ENSP00000417556,6.42,1
9606.ENSP00000307491,6.41,4
9606.ENSP00000233379,6.4,6
9606.ENSP00000319635,6.38,1
9606.ENSP00000225388,6.37,3
9606.ENSP00000306490,6.37,6
9606.ENSP00000299415,6.36,5
9606.ENSP00000311962,6.35,4
9606.ENSP00000282356,6.35,3
9606.ENSP00000265963,6.34,4
9606.ENSP00000496848,6.34,3
9606.ENSP00000358320,6.34,1
9606.ENSP00000351947,6.34,6
9606.ENSP00000493971,6.33,17
9606.ENSP00000252677,6.33,4
9606.ENSP00000269445,6.32,4
9606.ENSP00000261745,6.31,11
9606.ENSP00000222284,6.31,2
9606.ENSP00000253669,6.3,1
9606.ENSP00000484903,6.3,2
9606.ENSP00000357065,6.29,3
9606.ENSP00000328336,6.28,5
9606.ENSP00000420200,6.28,2
9606.ENSP00000262623,6.28,29
9606.ENSP00000256443,6.28,2
9606.ENSP00000320130,6.27,2
9606.ENSP00000308546,6.27,3
9606.ENSP00000386896,6.27,6
9606.ENSP00000473001,6.25,5
9606.ENSP00000260264,6.24,6
9606.ENSP00000355470,6.23,3
9606.ENSP00000359216,6.22,14
9606.ENSP00000304689,6.22,1
9606.ENSP00000366452,6.2,2
9606.ENSP00000375809,6.19,4
9606.ENSP00000341805,6.18,3
9606.ENSP00000382021,6.18,3
9606.ENSP00000315713,6.18,5
9606.ENSP00000384259,6.17,3
9606.ENSP00000396308,6.15,1
9606.ENSP00000380718,6.14,4
9606.ENSP00000289359,6.14,1
9606.ENSP00000376436,6.14,3
9606.ENSP00000270517,6.14,3
9606.ENSP00000355500,6.13,6
9606.ENSP00000344393,6.13,1
9606.ENSP00000354920,6.12,9
9606.ENSP00000316842,6.12,7
9606.ENSP00000359070,6.12,2
9606.ENSP00000493970,6.12,1
9606.ENSP00000283632,6.12,3
9606.ENSP00000332576,6.12,7
9606.ENSP00000491742,6.11,16
9606.ENSP00000251810,6.1,3
9606.ENSP00000473990,6.1,5
9606.ENSP00000327889,6.1,4
9606.ENSP00000356630,6.09,2
9606.ENSP00000384700,6.08,8
9606.ENSP00000281513,6.08,14
9606.ENSP00000415836,6.07,3
9606.ENSP00000427401,6.06,1
9606.ENSP00000237822,6.06,2
9606.ENSP00000355077,6.04,2
9606.ENSP00000302456,6.04,1
9606.ENSP00000262662,6.04,1
9606.ENSP00000435189,6.03,3
9606.ENSP00000383234,6.02,16
9606.ENSP00000410818,6.02,6
9606.ENSP00000331915,6.02,1
9606.ENSP00000397441,6.02,3
9606.ENSP00000217246,6.01,2
9606.ENSP00000357556,6,1
9606.ENSP00000361855,6,6
9606.ENSP00000349723,6,5
9606.ENSP00000357928,5.99,3
9606.ENSP00000355751,5.98,15
9606.ENSP00000305449,5.98,4
9606.ENSP00000271375,5.98,1
9606.ENSP00000242719,5.98,1
9606.ENSP00000377344,5.97,10
9606.ENSP00000348455,5.97,4
9606.ENSP00000307208,5.97,14
9606.ENSP00000256996,5.96,3
9606.ENSP00000260010,5.96,4
9606.ENSP00000352463,5.96,7
9606.ENSP00000349877,5.95,6
9606.ENSP00000311360,5.95,2
9606.ENSP00000365162,5.95,16
9606.ENSP00000364150,5.94,5
9606.ENSP00000266542,5.93,1
9606.ENSP00000446335,5.93,6
9606.ENSP00000262418,5.92,4
9606.ENSP00000338260,5.92,3
9606.ENSP00000219240,5.92,2
9606.ENSP00000382379,5.91,8
9606.ENSP00000371805,5.91,3
9606.ENSP00000377700,5.9,5
9606.ENSP00000282605,5.9,3
9606.ENSP00000387298,5.89,1
9606.ENSP00000332656,5.89,7
9606.ENSP00000437409,5.88,2
9606.ENSP00000330842,5.88,76
9606.ENSP00000016946,5.88,76
9606.ENSP00000280665,5.88,2
9606.ENSP00000433623,5.88,3
9606.ENSP00000254928,5.87,22
9606.ENSP00000263382,5.87,1
9606.ENSP00000357838,5.87,4
9606.ENSP00000296792,5.87,3
9606.ENSP00000306637,5.86,76
9606.ENSP00000376410,5.84,8
9606.ENSP00000371715,5.84,1
9606.ENSP00000350378,5.83,1
9606.ENSP00000201979,5.82,2
9606.ENSP00000263956,5.8,8
9606.ENSP00000251645,5.8,40
9606.ENSP00000378845,5.8,1
9606.ENSP00000431885,5.79,11
9606.ENSP00000285518,5.77,3
9606.ENSP00000247226,5.77,5
9606.ENSP00000326247,5.77,11
9606.ENSP00000367890,5.77,2
9606.ENSP00000482749,5.76,9
9606.ENSP00000259569,5.75,12
9606.ENSP00000412237,5.75,3
9606.ENSP00000317177,5.75,3
9606.ENSP00000339637,5.75,7
9606.ENSP00000303580,5.75,1
9606.ENSP00000369045,5.75,2
9606.ENSP00000262319,5.75,6
9606.ENSP00000276052,5.74,42
9606.ENSP00000355541,5.74,17
9606.ENSP00000366898,5.73,10
9606.ENSP00000260270,5.73,1
9606.ENSP00000329360,5.72,3
9606.ENSP00000362340,5.71,7
9606.ENSP00000355166,5.71,1
9606.ENSP00000315130,5.7,2
9606.ENSP00000315568,5.7,3
9606.ENSP00000368305,5.7,3
9606.ENSP00000483484,5.69,1
9606.ENSP00000311005,5.69,2
9606.ENSP00000495909,5.68,52
9606.ENSP00000318374,5.68,2
9606.ENSP00000399797,5.67,5
9606.ENSP00000379845,5.66,2
9606.ENSP00000356016,5.65,17
9606.ENSP00000325690,5.65,3
9606.ENSP00000299855,5.65,3
9606.ENSP00000413218,5.64,2
9606.ENSP00000358451,5.63,10
9606.ENSP00000368468,5.63,2
9606.ENSP00000466298,5.63,1
9606.ENSP00000413929,5.63,4
9606.ENSP00000319141,5.62,1
9606.ENSP00000480492,5.61,3
9606.ENSP00000292180,5.61,2
9606.ENSP00000256151,5.61,1
9606.ENSP00000360715,5.59,1
9606.ENSP00000302768,5.59,2
9606.ENSP00000383044,5.59,6
9606.ENSP00000318821,5.59,8
9606.ENSP00000409924,5.58,6
9606.ENSP00000246006,5.58,2
9606.ENSP00000326366,5.58,2
9606.ENSP00000323720,5.58,11
9606.ENSP00000391596,5.58,3
9606.ENSP00000254101,5.58,11
9606.ENSP00000412869,5.58,8
9606.ENSP00000254521,5.56,1
9606.ENSP00000263710,5.56,9
9606.ENSP00000348602,5.55,13
9606.ENSP00000340841,5.55,2
9606.ENSP00000351379,5.53,1
9606.ENSP00000276603,5.53,2
9606.ENSP00000468592,5.52,3
9606.ENSP00000361625,5.52,1
9606.ENSP00000473665,5.52,7
9606.ENSP00000332073,5.51,3
9606.ENSP00000391723,5.5,6
9606.ENSP00000371084,5.5,6
9606.ENSP00000296782,5.5,11
9606.ENSP00000373979,5.49,6
9606.ENSP00000357789,5.49,23
9606.ENSP00000262460,5.49,1
9606.ENSP00000357079,5.48,5
9606.ENSP00000370139,5.47,2
9606.ENSP00000498584,5.47,10
9606.ENSP00000491537,5.47,3
9606.ENSP00000378067,5.47,16
9606.ENSP00000262188,5.47,8
9606.ENSP00000286398,5.46,5
9606.ENSP00000377655,5.46,3
9606.ENSP00000351132,5.46,4
9606.ENSP00000379156,5.46,4
9606.ENSP00000394394,5.46,2
9606.ENSP00000384675,5.44,10
9606.ENSP00000317691,5.44,1
9606.ENSP00000370867,5.43,10
9606.ENSP00000223127,5.43,4
9606.ENSP00000338512,5.42,8
9606.ENSP00000361446,5.4,6
9606.ENSP00000355377,5.4,3
9606.ENSP00000438038,5.39,2
9606.ENSP00000223026,5.39,4
9606.ENSP00000337393,5.39,1
9606.ENSP00000285599,5.38,6
9606.ENSP00000478212,5.38,2
9606.ENSP00000170564,5.38,3
9606.ENSP00000477530,5.38,4
9606.ENSP00000479624,5.38,4
9606.ENSP00000358518,5.38,4
9606.ENSP00000317333,5.38,1
9606.ENSP00000293217,5.37,2
9606.ENSP00000337513,5.37,2
9606.ENSP00000261965,5.35,4
9606.ENSP00000155093,5.35,5
9606.ENSP00000258662,5.34,1
9606.ENSP00000369614,5.34,4
9606.ENSP00000411099,5.34,13
9606.ENSP00000477213,5.33,3
9606.ENSP00000321330,5.31,2
9606.ENSP00000259239,5.31,1
9606.ENSP00000362550,5.3,5
9606.ENSP00000381282,5.3,2
9606.ENSP00000279068,5.29,3
9606.ENSP00000369578,5.29,1
9606.ENSP00000263556,5.28,3
9606.ENSP00000263461,5.28,7
9606.ENSP00000293670,5.28,34
9606.ENSP00000496416,5.28,2
9606.ENSP00000325785,5.28,5
9606.ENSP00000262809,5.27,3
9606.ENSP00000366748,5.27,1
9606.ENSP00000337168,5.27,7
9606.ENSP00000397911,5.26,7
9606.ENSP00000392025,5.26,6
9606.ENSP00000419881,5.25,3
9606.ENSP00000444596,5.25,19
9606.ENSP00000419412,5.24,3
9606.ENSP00000431603,5.23,5
9606.ENSP00000352185,5.23,4
9606.ENSP00000318604,5.22,1
9606.ENSP00000457904,5.22,7
9606.ENSP00000356476,5.21,3
9606.ENSP00000328923,5.2,3
9606.ENSP00000371067,5.2,7
9606.ENSP00000338673,5.2,1
9606.ENSP00000287437,5.19,1
9606.ENSP00000363654,5.18,8
9606.ENSP00000318158,5.18,1
9606.ENSP00000375639,5.17,1
9606.ENSP00000361705,5.17,1
9606.ENSP00000422607,5.17,5
9606.ENSP00000350098,5.16,1
9606.ENSP00000261483,5.15,9
9606.ENSP00000302790,5.15,7
9606.ENSP00000251646,5.15,40
9606.ENSP00000219746,5.15,3
9606.ENSP00000206765,5.14,4
9606.ENSP00000263549,5.12,5
9606.ENSP00000377218,5.12,1
9606.ENSP00000369453,5.12,6
9606.ENSP00000420617,5.11,6
9606.ENSP00000264917,5.11,17
9606.ENSP00000235090,5.11,2
9606.ENSP00000405004,5.1,2
9606.ENSP00000278193,5.1,2
9606.ENSP00000376349,5.09,1
9606.ENSP00000261405,5.09,14
9606.ENSP00000366395,5.09,6
9606.ENSP00000419060,5.09,5
9606.ENSP00000499037,5.09,7
9606.ENSP00000285013,5.09,15
9606.ENSP00000295121,5.08,5
9606.ENSP00000490139,5.07,4
9606.ENSP00000311313,5.07,1
9606.ENSP00000480240,5.06,1
9606.ENSP00000398454,5.05,7
9606.ENSP00000355459,5.04,6
9606.ENSP00000410561,5.04,35
9606.ENSP00000380602,5.02,23
9606.ENSP00000368341,5.02,1
9606.ENSP00000331172,5,2
9606.ENSP00000358854,4.97,3
9606.ENSP00000286070,4.97,2
9606.ENSP00000313377,4.95,2
9606.ENSP00000219478,4.95,8
9606.ENSP00000383402,4.94,5
9606.ENSP00000360922,4.94,9
9606.ENSP00000354039,4.94,2
9606.ENSP00000303987,4.93,1
9606.ENSP00000408292,4.92,14
9606.ENSP00000434435,4.92,3
9606.ENSP00000261211,4.91,35
9606.ENSP00000317872,4.91,5
9606.ENSP00000323076,4.91,1
9606.ENSP00000016171,4.9,2
9606.ENSP00000401946,4.89,11
9606.ENSP00000240316,4.89,2
9606.ENSP00000269298,4.88,1
9606.ENSP00000337500,4.87,1
9606.ENSP00000372042,4.87,5
9606.ENSP00000261888,4.87,1
9606.ENSP00000368648,4.86,1
9606.ENSP00000229332,4.86,1
9606.ENSP00000356563,4.85,2
9606.ENSP00000369349,4.85,32
9606.ENSP00000479910,4.85,2
9606.ENSP00000338030,4.84,2
9606.ENSP00000291707,4.84,5
9606.ENSP00000447121,4.84,1
9606.ENSP00000216271,4.84,3
9606.ENSP00000444533,4.84,33
9606.ENSP00000377385,4.83,7
9606.ENSP00000423159,4.83,7
9606.ENSP00000309945,4.82,3
9606.ENSP00000323217,4.82,6
9606.ENSP00000394417,4.81,2
9606.ENSP00000347498,4.8,3
9606.ENSP00000300107,4.79,3
9606.ENSP00000332973,4.79,5
9606.ENSP00000306253,4.79,24
9606.ENSP00000356790,4.77,1
9606.ENSP00000375220,4.77,7
9606.ENSP00000220763,4.77,1
9606.ENSP00000306822,4.77,2
9606.ENSP00000310842,4.76,19
9606.ENSP00000417569,4.76,5
9606.ENSP00000265651,4.76,3
9606.ENSP00000234296,4.76,2
9606.ENSP00000492001,4.75,3
9606.ENSP00000349116,4.75,13
9606.ENSP00000218348,4.75,6
9606.ENSP00000313391,4.75,2
9606.ENSP00000339532,4.75,2
9606.ENSP00000384262,4.74,3
9606.ENSP00000423665,4.74,35
9606.ENSP00000353401,4.74,6
9606.ENSP00000446100,4.74,2
9606.ENSP00000357804,4.74,1
9606.ENSP00000354774,4.73,1
9606.ENSP00000389182,4.73,2
9606.ENSP00000453170,4.72,55
9606.ENSP00000392353,4.72,1
9606.ENSP00000331369,4.72,1
9606.ENSP00000252996,4.72,4
9606.ENSP00000481203,4.72,14
9606.ENSP00000302805,4.71,6
9606.ENSP00000398401,4.71,1
9606.ENSP00000381214,4.71,55
9606.ENSP00000319883,4.71,9
9606.ENSP00000371469,4.71,1
9606.ENSP00000275732,4.7,6
9606.ENSP00000342538,4.7,4
9606.ENSP00000295225,4.69,6
9606.ENSP00000424126,4.67,3
9606.ENSP00000260045,4.66,4
9606.ENSP00000220507,4.65,3
9606.ENSP00000357060,4.65,27
9606.ENSP00000379047,4.65,1
9606.ENSP00000433427,4.64,1
9606.ENSP00000447650,4.64,1
9606.ENSP00000497815,4.64,3
9606.ENSP00000423067,4.64,10
9606.ENSP00000389383,4.63,3
9606.ENSP00000376184,4.62,2
9606.ENSP00000361725,4.6,1
9606.ENSP00000229829,4.6,1
9606.ENSP00000430269,4.59,5
9606.ENSP00000464030,4.59,4
9606.ENSP00000487174,4.59,6
9606.ENSP00000396622,4.59,6
9606.ENSP00000238146,4.59,2
9606.ENSP00000263974,4.58,1
9606.ENSP00000382177,4.57,8
9606.ENSP00000219596,4.56,2
9606.ENSP00000305422,4.56,3
9606.ENSP00000346603,4.56,7
9606.ENSP00000311687,4.55,3
9606.ENSP00000385216,4.55,6
9606.ENSP00000358363,4.55,16
9606.ENSP00000450870,4.55,2
9606.ENSP00000281081,4.54,1
9606.ENSP00000354957,4.53,5
9606.ENSP00000378399,4.53,2
9606.ENSP00000376776,4.53,2
9606.ENSP00000300456,4.51,3
9606.ENSP00000378887,4.5,2
9606.ENSP00000357052,4.5,3
9606.ENSP00000349456,4.5,2
9606.ENSP00000484175,4.49,1
9606.ENSP00000383911,4.49,1
9606.ENSP00000481109,4.48,6
9606.ENSP00000262291,4.48,1
9606.ENSP00000484472,4.48,53
9606.ENSP00000360998,4.48,1
9606.ENSP00000430897,4.46,1
9606.ENSP00000283882,4.45,2
9606.ENSP00000348472,4.45,2
9606.ENSP00000263966,4.45,4
9606.ENSP00000385477,4.44,1
9606.ENSP00000304435,4.43,2
9606.ENSP00000321826,4.43,7
9606.ENSP00000387307,4.41,8
9606.ENSP00000320869,4.41,3
9606.ENSP00000381531,4.4,3
9606.ENSP00000379201,4.4,1
9606.ENSP00000443459,4.4,9
9606.ENSP00000365465,4.4,1
9606.ENSP00000321203,4.38,2
9606.ENSP00000291842,4.38,3
9606.ENSP00000348170,4.37,2
9606.ENSP00000352071,4.37,4
9606.ENSP00000261845,4.36,14
9606.ENSP00000433361,4.36,1
9606.ENSP00000358909,4.36,1
9606.ENSP00000366487,4.36,2
9606.ENSP00000229402,4.36,1
9606.ENSP00000328251,4.35,1
9606.ENSP00000309968,4.35,3
9606.ENSP00000262848,4.34,7
9606.ENSP00000245185,4.34,1
9606.ENSP00000377995,4.34,1
9606.ENSP00000372499,4.34,8
9606.ENSP00000451712,4.34,3
9606.ENSP00000389810,4.33,1
9606.ENSP00000369139,4.32,1
9606.ENSP00000382269,4.32,15
9606.ENSP00000419417,4.32,1
9606.ENSP00000244051,4.31,2
9606.ENSP00000353518,4.31,4
9606.ENSP00000288228,4.3,2
9606.ENSP00000396441,4.3,1
9606.ENSP00000378288,4.29,15
9606.ENSP00000498136,4.29,3
9606.ENSP00000338093,4.27,9
9606.ENSP00000394791,4.27,2
9606.ENSP00000460964,4.27,1
9606.ENSP00000257901,4.25,31
9606.ENSP00000360270,4.25,10
9606.ENSP00000361021,4.24,2
9606.ENSP00000258774,4.24,1
9606.ENSP00000265990,4.23,10
9606.ENSP00000317686,4.23,4
9606.ENSP00000365782,4.23,3
9606.ENSP00000260953,4.22,1
9606.ENSP00000428756,4.22,3
9606.ENSP00000389377,4.22,12
9606.ENSP00000361580,4.2,1
9606.ENSP00000370119,4.2,1
9606.ENSP00000370083,4.2,1
9606.ENSP00000310170,4.19,1
9606.ENSP00000386414,4.19,4
9606.ENSP00000349594,4.19,6
9606.ENSP00000345752,4.18,2
9606.ENSP00000383611,4.18,1
9606.ENSP00000440984,4.18,11
9606.ENSP00000321239,4.18,1
9606.ENSP00000346560,4.18,5
9606.ENSP00000247225,4.18,1
9606.ENSP00000378974,4.16,3
9606.ENSP00000264908,4.16,1
9606.ENSP00000356967,4.16,2
9606.ENSP00000328207,4.16,1
9606.ENSP00000265107,4.15,3
9606.ENSP00000299238,4.15,7
9606.ENSP00000467176,4.15,1
9606.ENSP00000500582,4.14,4
9606.ENSP00000343952,4.12,1
9606.ENSP00000346335,4.12,4
9606.ENSP00000384996,4.12,4
9606.ENSP00000370395,4.12,5
9606.ENSP00000360483,4.11,2
9606.ENSP00000360776,4.11,2
9606.ENSP00000368814,4.11,1
9606.ENSP00000357914,4.1,2
9606.ENSP00000312587,4.09,2
9606.ENSP00000364691,4.09,11
9606.ENSP00000442224,4.09,1
9606.ENSP00000416658,4.09,1
9606.ENSP00000222254,4.09,11
9606.ENSP00000483059,4.09,3
9606.ENSP00000309233,4.08,2
9606.ENSP00000310094,4.07,10
9606.ENSP00000336740,4.07,3
9606.ENSP00000471613,4.07,4
9606.ENSP00000219476,4.07,5
9606.ENSP00000441980,4.06,1
9606.ENSP00000336701,4.06,1
9606.ENSP00000496842,4.04,2
9606.ENSP00000260383,4.04,4
9606.ENSP00000242819,4.04,7
9606.ENSP00000239231,4.04,1
9606.ENSP00000308782,4.04,2
9606.ENSP00000301246,4.03,1
9606.ENSP00000469880,4.02,4
9606.ENSP00000415556,4.02,2
9606.ENSP00000377504,4.02,1
9606.ENSP00000482916,4.01,2
9606.ENSP00000363891,4,4
9606.ENSP00000194530,4,1
9606.ENSP00000234827,4,1
9606.ENSP00000357453,3.99,1
9606.ENSP00000384651,3.99,5
9606.ENSP00000365919,3.99,1
9606.ENSP00000417559,3.99,2
9606.ENSP00000451261,3.99,1
9606.ENSP00000495202,3.98,5
9606.ENSP00000357842,3.98,6
9606.ENSP00000424495,3.98,1
9606.ENSP00000287169,3.98,2
9606.ENSP00000334866,3.97,1
9606.ENSP00000218548,3.97,22
9606.ENSP00000396628,3.97,1
9606.ENSP00000391803,3.97,5
9606.ENSP00000223836,3.96,1
9606.ENSP00000416741,3.96,2
9606.ENSP00000361952,3.95,8
9606.ENSP00000413908,3.94,2
9606.ENSP00000498867,3.93,4
9606.ENSP00000305924,3.93,2
9606.ENSP00000363435,3.92,17
9606.ENSP00000498750,3.92,1
9606.ENSP00000364603,3.92,1
9606.ENSP00000448071,3.92,1
9606.ENSP00000407726,3.91,3
9606.ENSP00000394734,3.9,1
9606.ENSP00000262219,3.9,4
9606.ENSP00000375899,3.9,5
9606.ENSP00000363558,3.89,14
9606.ENSP00000346464,3.89,1
9606.ENSP00000265343,3.89,3
9606.ENSP00000406549,3.89,13
9606.ENSP00000354688,3.88,2
9606.ENSP00000376582,3.87,3
9606.ENSP00000221459,3.87,3
9606.ENSP00000359230,3.87,1
9606.ENSP00000439056,3.87,2
9606.ENSP00000370744,3.86,17
9606.ENSP00000483921,3.86,1
9606.ENSP00000351155,3.86,3
9606.ENSP00000357305,3.85,1
9606.ENSP00000306123,3.85,7
9606.ENSP00000225550,3.85,36
9606.ENSP00000357149,3.84,1
9606.ENSP00000356381,3.83,7
9606.ENSP00000352925,3.83,20
9606.ENSP00000432886,3.83,2
9606.ENSP00000380646,3.82,3
9606.ENSP00000314441,3.82,1
9606.ENSP00000423309,3.81,3
9606.ENSP00000387334,3.81,4
9606.ENSP00000475724,3.81,6
9606.ENSP00000361418,3.81,4
9606.ENSP00000217420,3.81,3
9606.ENSP00000368920,3.8,1
9606.ENSP00000316114,3.8,1
9606.ENSP00000439170,3.79,5
9606.ENSP00000329374,3.79,6
9606.ENSP00000403453,3.79,3
9606.ENSP00000258884,3.79,2
9606.ENSP00000349970,3.78,1
9606.ENSP00000393559,3.77,5
9606.ENSP00000378605,3.76,1
9606.ENSP00000013807,3.76,5
9606.ENSP00000274008,3.75,5
9606.ENSP00000367343,3.75,6
9606.ENSP00000362082,3.75,4
9606.ENSP00000271469,3.75,2
9606.ENSP00000368447,3.75,1
9606.ENSP00000361141,3.75,1
9606.ENSP00000362540,3.74,3
9606.ENSP00000348128,3.74,6
9606.ENSP00000306817,3.73,1
9606.ENSP00000480405,3.73,1
9606.ENSP00000405012,3.73,11
9606.ENSP00000460475,3.73,6
9606.ENSP00000257570,3.73,3
9606.ENSP00000415178,3.72,3
9606.ENSP00000253382,3.72,3
9606.ENSP00000307443,3.72,5
9606.ENSP00000202816,3.71,5
9606.ENSP00000272433,3.71,1
9606.ENSP00000481380,3.71,1
9606.ENSP00000431371,3.7,1
9606.ENSP00000366243,3.7,5
9606.ENSP00000466363,3.69,4
9606.ENSP00000331748,3.69,10
9606.ENSP00000301659,3.69,4
9606.ENSP00000343635,3.69,1
9606.ENSP00000303394,3.68,3
9606.ENSP00000254799,3.66,2
9606.ENSP00000353910,3.66,2
9606.ENSP00000421736,3.65,5
9606.ENSP00000338157,3.65,3
9606.ENSP00000292879,3.64,3
9606.ENSP00000296088,3.64,2
9606.ENSP00000268919,3.63,7
9606.ENSP00000258281,3.63,2
9606.ENSP00000327143,3.62,1
9606.ENSP00000274341,3.62,2
9606.ENSP00000364737,3.61,1
9606.ENSP00000236850,3.61,2
9606.ENSP00000265081,3.61,4
9606.ENSP00000253778,3.6,4
9606.ENSP00000260247,3.6,1
9606.ENSP00000352288,3.6,9
9606.ENSP00000409896,3.6,2
9606.ENSP00000358327,3.6,3
9606.ENSP00000370201,3.6,1
9606.ENSP00000406472,3.59,34
9606.ENSP00000364412,3.58,3
9606.ENSP00000343190,3.58,1
9606.ENSP00000391200,3.57,1
9606.ENSP00000259727,3.57,3
9606.ENSP00000302967,3.56,8
9606.ENSP00000362727,3.56,4
9606.ENSP00000380352,3.56,4
9606.ENSP00000403310,3.55,2
9606.ENSP00000488838,3.55,1
9606.ENSP00000401264,3.55,3
9606.ENSP00000369274,3.55,7
9606.ENSP00000337040,3.54,2
9606.ENSP00000296582,3.54,1
9606.ENSP00000160382,3.54,3
9606.ENSP00000361066,3.54,5
9606.ENSP00000354376,3.54,4
9606.ENSP00000352833,3.53,4
9606.ENSP00000441954,3.53,2
9606.ENSP00000262815,3.53,3
9606.ENSP00000487717,3.53,2
9606.ENSP00000368486,3.53,4
9606.ENSP00000431971,3.52,1
9606.ENSP00000362068,3.52,1
9606.ENSP00000363480,3.52,2
9606.ENSP00000240488,3.52,2
9606.ENSP00000328287,3.52,3
9606.ENSP00000426191,3.51,2
9606.ENSP00000374484,3.51,1
9606.ENSP00000296343,3.51,3
9606.ENSP00000422188,3.51,3
9606.ENSP00000246646,3.5,37
9606.ENSP00000458021,3.49,1
9606.ENSP00000362183,3.49,6
9606.ENSP00000480378,3.49,1
9606.ENSP00000263274,3.49,3
9606.ENSP00000369473,3.49,1
9606.ENSP00000210060,3.47,1
9606.ENSP00000369390,3.47,34
9606.ENSP00000452181,3.46,2
9606.ENSP00000386597,3.46,1
9606.ENSP00000326767,3.46,2
9606.ENSP00000498671,3.46,2
9606.ENSP00000302830,3.45,3
9606.ENSP00000490767,3.45,1
9606.ENSP00000262903,3.45,2
9606.ENSP00000368237,3.45,2
9606.ENSP00000363836,3.45,1
9606.ENSP00000364635,3.45,2
9606.ENSP00000309198,3.45,4
9606.ENSP00000329033,3.44,3
9606.ENSP00000347997,3.44,32
9606.ENSP00000314029,3.44,4
9606.ENSP00000352458,3.43,4
9606.ENSP00000347933,3.43,4
9606.ENSP00000317580,3.43,2
9606.ENSP00000438483,3.43,1
9606.ENSP00000305682,3.43,1
9606.ENSP00000251871,3.42,3
9606.ENSP00000275034,3.42,5
9606.ENSP00000405577,3.42,1
9606.ENSP00000238714,3.42,6
9606.ENSP00000340975,3.39,1
9606.ENSP00000330460,3.37,2
9606.ENSP00000231198,3.37,1
9606.ENSP00000455308,3.35,3
9606.ENSP00000297504,3.35,12
9606.ENSP00000355929,3.35,1
9606.ENSP00000232978,3.35,3
9606.ENSP00000277540,3.35,2
9606.ENSP00000262518,3.35,9
9606.ENSP00000354280,3.34,2
9606.ENSP00000257177,3.34,18
9606.ENSP00000277746,3.34,1
9606.ENSP00000302274,3.33,1
9606.ENSP00000351908,3.33,6
9606.ENSP00000441140,3.33,2
9606.ENSP00000361522,3.33,2
9606.ENSP00000419184,3.33,3
9606.ENSP00000365130,3.32,9
9606.ENSP00000355623,3.32,1
9606.ENSP00000408005,3.31,1
9606.ENSP00000385158,3.31,6
9606.ENSP00000477587,3.3,4
9606.ENSP00000402355,3.3,2
9606.ENSP00000272444,3.3,2
9606.ENSP00000407822,3.3,22
9606.ENSP00000358777,3.29,1
9606.ENSP00000348838,3.29,7
9606.ENSP00000229281,3.29,2
9606.ENSP00000251157,3.29,13
9606.ENSP00000319482,3.28,1
9606.ENSP00000227471,3.28,1
9606.ENSP00000481733,3.28,1
9606.ENSP00000258052,3.28,1
9606.ENSP00000340988,3.28,4
9606.ENSP00000378958,3.27,1
9606.ENSP00000387229,3.27,1
9606.ENSP00000040877,3.27,8
9606.ENSP00000360250,3.26,1
9606.ENSP00000325421,3.25,2
9606.ENSP00000455547,3.25,2
9606.ENSP00000390513,3.24,1
9606.ENSP00000273179,3.24,2
9606.ENSP00000365536,3.24,2
9606.ENSP00000262133,3.24,3
9606.ENSP00000376333,3.24,2
9606.ENSP00000329165,3.23,38
9606.ENSP00000228510,3.23,1
9606.ENSP00000483667,3.23,11
9606.ENSP00000340672,3.23,1
9606.ENSP00000264436,3.23,10
9606.ENSP00000325525,3.23,3
9606.ENSP00000262432,3.23,1
9606.ENSP00000411831,3.21,7
9606.ENSP00000009105,3.21,8
9606.ENSP00000218516,3.21,1
9606.ENSP00000374205,3.2,3
9606.ENSP00000369146,3.2,1
9606.ENSP00000320246,3.2,1
9606.ENSP00000320658,3.2,1
9606.ENSP00000429803,3.18,1
9606.ENSP00000323678,3.18,1
9606.ENSP00000298198,3.17,2
9606.ENSP00000299157,3.17,7
9606.ENSP00000233099,3.17,5
9606.ENSP00000471454,3.16,2
9606.ENSP00000363369,3.16,3
9606.ENSP00000426786,3.16,3
9606.ENSP00000360821,3.16,1
9606.ENSP00000309714,3.16,13
9606.ENSP00000366645,3.15,1
9606.ENSP00000375921,3.15,1
9606.ENSP00000355900,3.15,4
9606.ENSP00000353920,3.15,1
9606.ENSP00000428619,3.15,5
9606.ENSP00000402949,3.15,1
9606.ENSP00000269856,3.15,7
9606.ENSP00000430338,3.13,2
9606.ENSP00000450842,3.13,3
9606.ENSP00000294954,3.13,2
9606.ENSP00000368881,3.12,1
9606.ENSP00000393541,3.12,1
9606.ENSP00000295746,3.12,4
9606.ENSP00000314004,3.12,2
9606.ENSP00000367623,3.11,2
9606.ENSP00000371054,3.11,3
9606.ENSP00000437041,3.11,2
9606.ENSP00000499846,3.11,5
9606.ENSP00000445001,3.11,2
9606.ENSP00000391167,3.1,9
9606.ENSP00000263881,3.1,10
9606.ENSP00000371728,3.09,2
9606.ENSP00000440190,3.09,3
9606.ENSP00000262262,3.09,1
9606.ENSP00000270649,3.07,1
9606.ENSP00000350574,3.07,1
9606.ENSP00000373489,3.07,33
9606.ENSP00000375073,3.07,1
9606.ENSP00000358307,3.06,2
9606.ENSP00000365049,3.06,2
9606.ENSP00000365160,3.06,2
9606.ENSP00000373277,3.06,1
9606.ENSP00000354842,3.05,2
9606.ENSP00000377401,3.05,1
9606.ENSP00000291688,3.05,4
9606.ENSP00000477627,3.04,6
9606.ENSP00000355995,3.04,1
9606.ENSP00000483117,3.04,1
9606.ENSP00000464167,3.03,1
9606.ENSP00000365174,3.03,2
9606.ENSP00000441755,3.03,2
9606.ENSP00000361287,3.03,3
9606.ENSP00000363124,3.03,1
9606.ENSP00000377577,3.02,5
9606.ENSP00000301037,3.02,7
9606.ENSP00000202677,3.02,8
9606.ENSP00000378854,3.02,1
9606.ENSP00000366488,3.02,4
9606.ENSP00000387100,3.01,1
9606.ENSP00000203664,3.01,1
9606.ENSP00000297268,3.01,3
9606.ENSP00000253362,3.01,1
9606.ENSP00000432412,3,1
9606.ENSP00000400391,3,1
9606.ENSP00000300131,3,3
9606.ENSP00000400500,3,2
9606.ENSP00000410396,3,1
9606.ENSP00000431376,3,1
9606.ENSP00000480445,3,1
9606.ENSP00000393667,2.99,1
9606.ENSP00000320885,2.99,2
9606.ENSP00000321997,2.99,5
9606.ENSP00000369677,2.99,3
9606.ENSP00000334382,2.98,1
9606.ENSP00000228495,2.98,1
9606.ENSP00000450969,2.98,5
9606.ENSP00000357067,2.98,1
9606.ENSP00000349087,2.98,1
9606.ENSP00000466477,2.98,3
9606.ENSP00000298552,2.97,3
9606.ENSP00000377690,2.97,1
9606.ENSP00000264079,2.97,3
9606.ENSP00000403925,2.97,2
9606.ENSP00000417190,2.97,1
9606.ENSP00000281701,2.96,2
9606.ENSP00000437532,2.96,3
9606.ENSP00000358358,2.96,1
9606.ENSP00000460823,2.96,2
9606.ENSP00000412457,2.96,1
9606.ENSP00000380942,2.95,5
9606.ENSP00000374152,2.95,1
9606.ENSP00000295802,2.95,1
9606.ENSP00000477341,2.94,1
9606.ENSP00000339109,2.94,4
9606.ENSP00000357175,2.94,1
9606.ENSP00000300659,2.94,11
9606.ENSP00000272732,2.94,2
9606.ENSP00000489776,2.93,2
9606.ENSP00000424827,2.93,3
9606.ENSP00000300175,2.92,2
9606.ENSP00000263054,2.92,10
9606.ENSP00000483713,2.92,1
9606.ENSP00000312318,2.92,1
9606.ENSP00000343158,2.92,4
9606.ENSP00000371514,2.92,2
9606.ENSP00000292566,2.92,1
9606.ENSP00000385695,2.9,8
9606.ENSP00000495240,2.9,5
9606.ENSP00000389903,2.9,1
9606.ENSP00000370394,2.9,2
9606.ENSP00000378295,2.89,5
9606.ENSP00000345793,2.89,2
9606.ENSP00000490935,2.89,1
9606.ENSP00000373343,2.89,16
9606.ENSP00000301332,2.88,7
9606.ENSP00000384211,2.87,4
9606.ENSP00000386520,2.87,4
9606.ENSP00000478070,2.86,1
9606.ENSP00000353270,2.86,1
9606.ENSP00000335261,2.86,1
9606.ENSP00000458663,2.86,4
9606.ENSP00000324672,2.86,1
9606.ENSP00000407552,2.85,1
9606.ENSP00000386096,2.85,25
9606.ENSP00000353132,2.85,3
9606.ENSP00000342215,2.84,3
9606.ENSP00000362590,2.84,4
9606.ENSP00000296486,2.84,14
9606.ENSP00000265094,2.84,2
9606.ENSP00000320563,2.83,10
9606.ENSP00000483486,2.83,1
9606.ENSP00000318690,2.83,2
9606.ENSP00000345436,2.83,20
9606.ENSP00000265437,2.83,3
9606.ENSP00000308012,2.82,4
9606.ENSP00000262384,2.82,2
9606.ENSP00000432119,2.82,1
9606.ENSP00000346635,2.81,3
9606.ENSP00000327487,2.81,2
9606.ENSP00000306124,2.81,7
9606.ENSP00000358904,2.8,2
9606.ENSP00000257974,2.8,2
9606.ENSP00000368612,2.8,7
9606.ENSP00000446093,2.8,3
9606.ENSP00000376352,2.79,2
9606.ENSP00000299853,2.79,3
9606.ENSP00000424896,2.79,3
9606.ENSP00000378324,2.79,1
9606.ENSP00000339917,2.78,1
9606.ENSP00000390941,2.78,1
9606.ENSP00000355330,2.78,1
9606.ENSP00000325634,2.78,1
9606.ENSP00000368994,2.78,2
9606.ENSP00000417291,2.77,1
9606.ENSP00000216117,2.76,1
9606.ENSP00000441000,2.76,8
9606.ENSP00000261778,2.76,3
9606.ENSP00000232461,2.76,12
9606.ENSP00000498737,2.76,5
9606.ENSP00000334044,2.75,6
9606.ENSP00000397312,2.74,1
9606.ENSP00000377558,2.74,36
9606.ENSP00000318480,2.74,3
9606.ENSP00000409594,2.73,4
9606.ENSP00000497669,2.73,3
9606.ENSP00000310978,2.73,1
9606.ENSP00000299314,2.73,4
9606.ENSP00000464512,2.72,4
9606.ENSP00000319814,2.72,2
9606.ENSP00000383433,2.72,2
9606.ENSP00000439800,2.72,6
9606.ENSP00000263440,2.72,1
9606.ENSP00000296575,2.72,13
9606.ENSP00000265960,2.72,1
9606.ENSP00000359483,2.72,2
9606.ENSP00000362381,2.71,1
9606.ENSP00000262376,2.71,1
9606.ENSP00000491227,2.71,2
9606.ENSP00000323148,2.71,1
9606.ENSP00000386210,2.7,1
9606.ENSP00000418193,2.7,2
9606.ENSP00000354927,2.7,6
9606.ENSP00000356746,2.7,8
9606.ENSP00000358262,2.69,2
9606.ENSP00000328327,2.69,2
9606.ENSP00000294671,2.69,6
9606.ENSP00000307684,2.69,1
9606.ENSP00000209929,2.68,1
9606.ENSP00000317473,2.68,1
9606.ENSP00000471077,2.68,4
9606.ENSP00000327213,2.68,11
9606.ENSP00000368965,2.67,1
9606.ENSP00000366800,2.67,2
9606.ENSP00000343900,2.66,1
9606.ENSP00000261592,2.66,9
9606.ENSP00000225899,2.65,36
9606.ENSP00000439378,2.65,1
9606.ENSP00000368127,2.65,5
9606.ENSP00000480186,2.64,2
9606.ENSP00000162391,2.64,2
9606.ENSP00000329748,2.63,16
9606.ENSP00000395723,2.63,3
9606.ENSP00000330240,2.63,1
9606.ENSP00000344724,2.63,2
9606.ENSP00000478253,2.63,8
9606.ENSP00000348848,2.62,1
9606.ENSP00000496150,2.62,3
9606.ENSP00000344314,2.62,2
9606.ENSP00000498126,2.61,3
9606.ENSP00000419371,2.61,2
9606.ENSP00000294066,2.61,2
9606.ENSP00000264689,2.61,1
9606.ENSP00000366506,2.6,3
9606.ENSP00000300303,2.6,5
9606.ENSP00000284292,2.6,1
9606.ENSP00000362306,2.59,7
9606.ENSP00000360992,2.59,1
9606.ENSP00000401535,2.58,3
9606.ENSP00000358695,2.58,1
9606.ENSP00000362634,2.58,5
9606.ENSP00000384296,2.58,2
9606.ENSP00000362650,2.57,2
9606.ENSP00000468040,2.57,1
9606.ENSP00000252891,2.57,2
9606.ENSP00000486676,2.56,1
9606.ENSP00000324404,2.56,1
9606.ENSP00000295704,2.56,1
9606.ENSP00000452871,2.56,4
9606.ENSP00000356669,2.56,2
9606.ENSP00000324741,2.56,1
9606.ENSP00000273371,2.55,2
9606.ENSP00000465894,2.55,1
9606.ENSP00000498132,2.55,1
9606.ENSP00000483415,2.55,1
9606.ENSP00000407592,2.55,1
9606.ENSP00000216027,2.55,1
9606.ENSP00000386759,2.54,13
9606.ENSP00000251363,2.54,2
9606.ENSP00000398502,2.53,1
9606.ENSP00000361990,2.53,4
9606.ENSP00000255858,2.53,6
9606.ENSP00000296859,2.53,9
9606.ENSP00000493107,2.53,1
9606.ENSP00000364855,2.53,3
9606.ENSP00000204549,2.53,1
9606.ENSP00000081029,2.53,1
9606.ENSP00000323074,2.52,3
9606.ENSP00000261560,2.52,3
9606.ENSP00000381339,2.52,12
9606.ENSP00000265000,2.52,1
9606.ENSP00000244751,2.51,16
9606.ENSP00000262811,2.51,3
9606.ENSP00000220751,2.5,5
9606.ENSP00000391669,2.5,2
9606.ENSP00000313983,2.49,3
9606.ENSP00000497271,2.49,2
9606.ENSP00000308695,2.49,1
9606.ENSP00000274849,2.49,1
9606.ENSP00000232974,2.49,2
9606.ENSP00000085219,2.49,1
9606.ENSP00000301202,2.48,1
9606.ENSP00000346733,2.48,4
9606.ENSP00000332504,2.48,5
9606.ENSP00000424328,2.48,1
9606.ENSP00000251337,2.47,12
9606.ENSP00000498662,2.46,6
9606.ENSP00000317327,2.46,8
9606.ENSP00000265016,2.46,1
9606.ENSP00000418232,2.46,2
9606.ENSP00000356548,2.46,1
9606.ENSP00000426948,2.45,8
9606.ENSP00000339404,2.45,1
9606.ENSP00000483523,2.45,8
9606.ENSP00000393596,2.45,13
9606.ENSP00000357631,2.45,3
9606.ENSP00000297792,2.45,3
9606.ENSP00000409555,2.45,4
9606.ENSP00000263063,2.44,1
9606.ENSP00000440826,2.44,5
9606.ENSP00000478878,2.44,16
9606.ENSP00000216468,2.44,1
9606.ENSP00000260453,2.43,1
9606.ENSP00000453089,2.43,1
9606.ENSP00000362465,2.43,1
9606.ENSP00000456908,2.42,1
9606.ENSP00000410470,2.41,5
9606.ENSP00000339208,2.41,2
9606.ENSP00000334808,2.41,2
9606.ENSP00000341346,2.41,2
9606.ENSP00000370621,2.41,2
9606.ENSP00000407067,2.4,1
9606.ENSP00000441405,2.4,5
9606.ENSP00000340347,2.4,1
9606.ENSP00000498466,2.39,5
9606.ENSP00000480316,2.39,2
9606.ENSP00000080059,2.39,3
9606.ENSP00000478388,2.39,1
9606.ENSP00000428787,2.38,5
9606.ENSP00000293604,2.38,1
9606.ENSP00000206474,2.38,2
9606.ENSP00000397181,2.37,3
9606.ENSP00000310149,2.37,6
9606.ENSP00000325612,2.36,2
9606.ENSP00000495360,2.36,4
9606.ENSP00000263736,2.35,3
9606.ENSP00000300651,2.35,4
9606.ENSP00000327009,2.35,3
9606.ENSP00000365770,2.35,2
9606.ENSP00000317128,2.34,5
9606.ENSP00000399968,2.34,3
9606.ENSP00000318086,2.34,3
9606.ENSP00000365773,2.34,1
9606.ENSP00000341189,2.33,3
9606.ENSP00000355370,2.33,3
9606.ENSP00000382104,2.33,4
9606.ENSP00000264409,2.33,1
9606.ENSP00000264192,2.32,2
9606.ENSP00000489837,2.32,1
9606.ENSP00000245907,2.32,3
9606.ENSP00000348757,2.32,2
9606.ENSP00000453293,2.31,1
9606.ENSP00000300961,2.31,2
9606.ENSP00000301190,2.31,3
9606.ENSP00000299824,2.31,2
9606.ENSP00000469455,2.31,5
9606.ENSP00000263370,2.3,1
9606.ENSP00000395538,2.3,22
9606.ENSP00000429065,2.3,1
9606.ENSP00000333982,2.3,2
9606.ENSP00000359119,2.3,4
9606.ENSP00000480428,2.3,1
9606.ENSP00000431165,2.3,6
9606.ENSP00000487358,2.3,1
9606.ENSP00000430075,2.29,8
9606.ENSP00000215941,2.29,2
9606.ENSP00000446576,2.29,2
9606.ENSP00000359552,2.29,7
9606.ENSP00000482819,2.27,3
9606.ENSP00000457230,2.27,1
9606.ENSP00000426654,2.27,1
9606.ENSP00000362222,2.27,1
9606.ENSP00000303777,2.27,4
9606.ENSP00000440077,2.26,16
9606.ENSP00000253354,2.26,1
9606.ENSP00000418944,2.26,1
9606.ENSP00000338671,2.25,3
9606.ENSP00000429344,2.25,1
9606.ENSP00000427926,2.24,3
9606.ENSP00000333946,2.24,1
9606.ENSP00000362287,2.24,7
9606.ENSP00000413520,2.23,2
9606.ENSP00000364448,2.23,1
9606.ENSP00000484736,2.22,1
9606.ENSP00000246914,2.22,5
9606.ENSP00000396330,2.21,3
9606.ENSP00000267415,2.21,1
9606.ENSP00000415662,2.21,1
9606.ENSP00000361160,2.21,1
9606.ENSP00000265849,2.19,2
9606.ENSP00000263431,2.19,4
9606.ENSP00000419395,2.19,1
9606.ENSP00000454437,2.19,1
9606.ENSP00000321537,2.19,1
9606.ENSP00000478026,2.19,4
9606.ENSP00000471851,2.19,2
9606.ENSP00000383558,2.19,2
9606.ENSP00000385110,2.19,1
9606.ENSP00000321544,2.19,1
9606.ENSP00000261386,2.19,1
9606.ENSP00000352208,2.19,11
9606.ENSP00000354476,2.18,5
9606.ENSP00000487164,2.18,4
9606.ENSP00000437468,2.16,11
9606.ENSP00000269159,2.16,2
9606.ENSP00000268720,2.16,16
9606.ENSP00000302801,2.16,1
9606.ENSP00000376500,2.15,3
9606.ENSP00000321348,2.15,6
9606.ENSP00000317902,2.15,2
9606.ENSP00000264930,2.14,1
9606.ENSP00000369154,2.14,3
9606.ENSP00000388620,2.14,2
9606.ENSP00000211076,2.14,2
9606.ENSP00000329880,2.14,1
9606.ENSP00000378260,2.14,2
9606.ENSP00000407509,2.14,4
9606.ENSP00000339527,2.14,1
9606.ENSP00000314420,2.14,7
9606.ENSP00000386722,2.13,2
9606.ENSP00000258821,2.13,1
9606.ENSP00000371472,2.13,12
9606.ENSP00000371085,2.13,1
9606.ENSP00000362153,2.13,1
9606.ENSP00000264245,2.12,5
9606.ENSP00000494678,2.12,2
9606.ENSP00000283148,2.11,1
9606.ENSP00000240423,2.11,1
9606.ENSP00000161863,2.11,7
9606.ENSP00000363929,2.11,3
9606.ENSP00000369126,2.1,2
9606.ENSP00000380467,2.1,2
9606.ENSP00000216373,2.1,6
9606.ENSP00000371327,2.1,1
9606.ENSP00000378635,2.1,2
9606.ENSP00000268638,2.1,1
9606.ENSP00000375986,2.1,4
9606.ENSP00000490744,2.1,2
9606.ENSP00000463254,2.09,6
9606.ENSP00000372023,2.09,1
9606.ENSP00000490119,2.08,3
9606.ENSP00000331532,2.08,3
9606.ENSP00000269397,2.07,1
9606.ENSP00000379267,2.07,1
9606.ENSP00000360065,2.07,1
9606.ENSP00000351100,2.06,1
9606.ENSP00000305494,2.06,1
9606.ENSP00000430344,2.06,1
9606.ENSP00000251496,2.06,2
9606.ENSP00000443021,2.05,2
9606.ENSP00000314348,2.05,3
9606.ENSP00000367930,2.05,1
9606.ENSP00000280904,2.05,2
9606.ENSP00000419005,2.05,1
9606.ENSP00000224140,2.05,6
9606.ENSP00000319829,2.05,2
9606.ENSP00000025008,2.05,4
9606.ENSP00000326869,2.04,1
9606.ENSP00000377724,2.04,1
9606.ENSP00000358596,2.04,5
9606.ENSP00000417418,2.04,1
9606.ENSP00000287394,2.04,3
9606.ENSP00000225737,2.04,1
9606.ENSP00000078429,2.04,2
9606.ENSP00000365172,2.04,2
9606.ENSP00000413029,2.03,1
9606.ENSP00000378320,2.03,2
9606.ENSP00000480601,2.03,2
9606.ENSP00000261637,2.02,5
9606.ENSP00000402060,2.02,3
9606.ENSP00000435460,2.02,1
9606.ENSP00000251108,2.02,1
9606.ENSP00000354158,2.02,3
9606.ENSP00000476948,2.02,2
9606.ENSP00000216446,2.02,1
9606.ENSP00000498786,2.02,1
9606.ENSP00000306185,2.02,1
9606.ENSP00000285667,2.02,1
9606.ENSP00000412363,2.02,2
9606.ENSP00000366271,2.01,4
9606.ENSP00000310788,2.01,2
9606.ENSP00000269945,2.01,3
9606.ENSP00000257017,2.01,1
9606.ENSP00000381795,2.01,2
9606.ENSP00000365959,2,2
9606.ENSP00000469863,2,3
9606.ENSP00000280551,2,1
9606.ENSP00000367644,2,5
9606.ENSP00000390535,2,3
9606.ENSP00000265742,2,1
9606.ENSP00000365938,2,11
9606.ENSP00000004531,1.99,10
9606.ENSP00000480221,1.99,4
9606.ENSP00000296785,1.99,1
9606.ENSP00000357811,1.99,2
9606.ENSP00000387010,1.99,2
9606.ENSP00000401112,1.98,4
9606.ENSP00000377616,1.98,6
9606.ENSP00000391381,1.98,4
9606.ENSP00000361557,1.98,1
9606.ENSP00000322775,1.98,2
9606.ENSP00000262365,1.98,1
9606.ENSP00000314193,1.98,1
9606.ENSP00000257248,1.98,3
9606.ENSP00000310620,1.97,1
9606.ENSP00000418379,1.97,10
9606.ENSP00000387822,1.97,6
9606.ENSP00000460274,1.97,2
9606.ENSP00000483424,1.97,7
9606.ENSP00000478892,1.96,3
9606.ENSP00000448073,1.95,3
9606.ENSP00000372160,1.95,1
9606.ENSP00000268053,1.94,1
9606.ENSP00000328169,1.93,7
9606.ENSP00000281419,1.93,3
9606.ENSP00000170447,1.93,1
9606.ENSP00000310520,1.93,3
9606.ENSP00000446242,1.92,1
9606.ENSP00000354487,1.92,3
9606.ENSP00000374212,1.92,5
9606.ENSP00000005226,1.92,13
9606.ENSP00000226730,1.92,1
9606.ENSP00000441641,1.91,1
9606.ENSP00000222792,1.91,2
9606.ENSP00000367406,1.9,19
9606.ENSP00000401596,1.9,1
9606.ENSP00000324842,1.9,3
9606.ENSP00000355316,1.9,1
9606.ENSP00000347845,1.9,4
9606.ENSP00000403042,1.9,9
9606.ENSP00000370288,1.9,1
9606.ENSP00000417451,1.9,7
9606.ENSP00000472160,1.89,4
9606.ENSP00000277517,1.88,1
9606.ENSP00000257700,1.88,2
9606.ENSP00000356771,1.88,4
9606.ENSP00000309741,1.88,1
9606.ENSP00000380495,1.88,1
9606.ENSP00000417898,1.88,2
9606.ENSP00000379500,1.87,1
9606.ENSP00000493026,1.87,1
9606.ENSP00000257694,1.87,5
9606.ENSP00000275730,1.87,1
9606.ENSP00000472445,1.87,7
9606.ENSP00000431748,1.87,1
9606.ENSP00000324527,1.87,4
9606.ENSP00000264080,1.86,1
9606.ENSP00000288207,1.86,1
9606.ENSP00000484852,1.86,4
9606.ENSP00000408697,1.85,7
9606.ENSP00000359783,1.85,4
9606.ENSP00000382805,1.85,3
9606.ENSP00000363103,1.85,5
9606.ENSP00000360938,1.85,2
9606.ENSP00000265723,1.85,7
9606.ENSP00000261789,1.85,1
9606.ENSP00000358999,1.85,1
9606.ENSP00000444743,1.85,1
9606.ENSP00000428657,1.84,3
9606.ENSP00000422496,1.84,2
9606.ENSP00000261866,1.84,7
9606.ENSP00000397026,1.83,1
9606.ENSP00000497784,1.83,7
9606.ENSP00000452877,1.83,3
9606.ENSP00000247003,1.83,1
9606.ENSP00000493161,1.83,1
9606.ENSP00000354560,1.83,3
9606.ENSP00000366984,1.83,9
9606.ENSP00000484121,1.83,1
9606.ENSP00000334642,1.82,1
9606.ENSP00000434614,1.82,1
9606.ENSP00000334294,1.82,4
9606.ENSP00000013070,1.81,1
9606.ENSP00000255380,1.81,1
9606.ENSP00000477973,1.81,8
9606.ENSP00000434887,1.81,1
9606.ENSP00000264381,1.81,2
9606.ENSP00000267859,1.8,1
9606.ENSP00000374234,1.8,1
9606.ENSP00000417901,1.8,1
9606.ENSP00000327763,1.8,1
9606.ENSP00000262894,1.8,4
9606.ENSP00000429084,1.8,5
9606.ENSP00000425809,1.79,1
9606.ENSP00000272430,1.79,2
9606.ENSP00000313811,1.79,1
9606.ENSP00000374633,1.79,2
9606.ENSP00000337991,1.79,1
9606.ENSP00000378077,1.78,1
9606.ENSP00000265382,1.78,2
9606.ENSP00000303997,1.78,1
9606.ENSP00000256637,1.78,1
9606.ENSP00000373828,1.78,2
9606.ENSP00000306678,1.77,11
9606.ENSP00000287878,1.77,2
9606.ENSP00000325017,1.77,2
9606.ENSP00000324056,1.76,1
9606.ENSP00000258499,1.76,1
9606.ENSP00000371535,1.76,1
9606.ENSP00000427802,1.75,1
9606.ENSP00000401513,1.75,10
9606.ENSP00000405726,1.75,2
9606.ENSP00000378230,1.75,12
9606.ENSP00000264451,1.74,4
9606.ENSP00000413572,1.74,1
9606.ENSP00000347742,1.74,4
9606.ENSP00000366641,1.74,2
9606.ENSP00000378464,1.73,1
9606.ENSP00000445868,1.73,1
9606.ENSP00000301015,1.73,3
9606.ENSP00000347730,1.73,6
9606.ENSP00000316589,1.73,1
9606.ENSP00000406286,1.73,2
9606.ENSP00000356925,1.72,3
9606.ENSP00000323099,1.72,1
9606.ENSP00000296099,1.72,1
9606.ENSP00000232603,1.72,2
9606.ENSP00000351536,1.71,1
9606.ENSP00000276440,1.7,7
9606.ENSP00000256362,1.7,4
9606.ENSP00000385610,1.7,4
9606.ENSP00000303028,1.7,2
9606.ENSP00000263857,1.69,3
9606.ENSP00000436926,1.69,2
9606.ENSP00000425130,1.69,1
9606.ENSP00000308000,1.69,2
9606.ENSP00000495614,1.69,2
9606.ENSP00000361423,1.69,1
9606.ENSP00000293414,1.68,3
9606.ENSP00000262290,1.68,5
9606.ENSP00000456480,1.68,4
9606.ENSP00000364864,1.67,2
9606.ENSP00000394248,1.67,5
9606.ENSP00000471646,1.67,1
9606.ENSP00000264709,1.66,1
9606.ENSP00000170150,1.66,5
9606.ENSP00000369465,1.66,1
9606.ENSP00000263960,1.66,1
9606.ENSP00000314992,1.66,2
9606.ENSP00000253699,1.66,1
9606.ENSP00000365643,1.66,13
9606.ENSP00000440100,1.65,2
9606.ENSP00000385808,1.65,2
9606.ENSP00000348573,1.65,11
9606.ENSP00000362643,1.65,4
9606.ENSP00000358159,1.65,4
9606.ENSP00000356658,1.65,2
9606.ENSP00000377250,1.65,8
9606.ENSP00000420875,1.65,1
9606.ENSP00000334564,1.64,2
9606.ENSP00000363092,1.64,1
9606.ENSP00000362332,1.64,2
9606.ENSP00000482313,1.64,2
9606.ENSP00000337907,1.64,1
9606.ENSP00000362942,1.64,1
9606.ENSP00000398890,1.64,1
9606.ENSP00000448419,1.64,5
9606.ENSP00000433157,1.63,1
9606.ENSP00000216133,1.63,1
9606.ENSP00000243077,1.63,6
9606.ENSP00000263088,1.63,3
9606.ENSP00000357883,1.62,2
9606.ENSP00000382688,1.62,2
9606.ENSP00000376135,1.62,2
9606.ENSP00000380697,1.62,3
9606.ENSP00000440066,1.62,1
9606.ENSP00000219905,1.62,26
9606.ENSP00000346065,1.62,21
9606.ENSP00000271139,1.6,2
9606.ENSP00000336769,1.6,2
9606.ENSP00000300283,1.6,8
9606.ENSP00000406577,1.6,8
9606.ENSP00000379621,1.6,1
9606.ENSP00000341963,1.6,1
9606.ENSP00000386711,1.6,8
9606.ENSP00000300146,1.59,2
9606.ENSP00000314129,1.59,3
9606.ENSP00000223023,1.59,1
9606.ENSP00000351706,1.59,3
9606.ENSP00000003084,1.59,3
9606.ENSP00000359339,1.59,1
9606.ENSP00000379011,1.59,3
9606.ENSP00000418268,1.59,5
9606.ENSP00000405514,1.58,3
9606.ENSP00000352358,1.58,8
9606.ENSP00000284031,1.58,1
9606.ENSP00000492384,1.58,1
9606.ENSP00000368253,1.58,9
9606.ENSP00000313158,1.56,9
9606.ENSP00000376849,1.56,1
9606.ENSP00000359799,1.56,1
9606.ENSP00000397050,1.56,1
9606.ENSP00000362746,1.56,2
9606.ENSP00000240618,1.55,2
9606.ENSP00000299192,1.55,1
9606.ENSP00000358092,1.55,2
9606.ENSP00000306772,1.55,3
9606.ENSP00000473091,1.55,11
9606.ENSP00000410269,1.55,2
9606.ENSP00000358716,1.54,2
9606.ENSP00000322469,1.54,1
9606.ENSP00000339659,1.54,1
9606.ENSP00000429367,1.54,2
9606.ENSP00000340271,1.54,1
9606.ENSP00000345731,1.54,1
9606.ENSP00000299638,1.53,1
9606.ENSP00000385006,1.53,1
9606.ENSP00000348959,1.52,1
9606.ENSP00000253458,1.51,5
9606.ENSP00000420387,1.51,1
9606.ENSP00000358813,1.51,1
9606.ENSP00000440850,1.51,3
9606.ENSP00000228641,1.5,2
9606.ENSP00000499803,1.5,1
9606.ENSP00000341171,1.5,3
9606.ENSP00000355249,1.5,1
9606.ENSP00000366288,1.5,4
9606.ENSP00000248846,1.49,5
9606.ENSP00000335655,1.49,9
9606.ENSP00000351407,1.49,1
9606.ENSP00000321475,1.49,1
9606.ENSP00000384018,1.49,6
9606.ENSP00000291759,1.48,2
9606.ENSP00000368017,1.48,6
9606.ENSP00000328977,1.48,4
9606.ENSP00000321195,1.47,2
9606.ENSP00000297265,1.47,1
9606.ENSP00000409016,1.47,2
9606.ENSP00000379684,1.47,12
9606.ENSP00000358497,1.47,3
9606.ENSP00000234701,1.47,4
9606.ENSP00000221086,1.47,1
9606.ENSP00000357904,1.46,1
9606.ENSP00000357474,1.46,8
9606.ENSP00000259711,1.46,6
9606.ENSP00000372193,1.45,1
9606.ENSP00000362392,1.45,2
9606.ENSP00000331727,1.45,1
9606.ENSP00000485216,1.45,1
9606.ENSP00000406665,1.45,5
9606.ENSP00000344749,1.45,1
9606.ENSP00000393963,1.45,9
9606.ENSP00000308895,1.44,3
9606.ENSP00000385995,1.44,11
9606.ENSP00000434515,1.44,2
9606.ENSP00000492446,1.44,1
9606.ENSP00000160373,1.44,21
9606.ENSP00000420659,1.44,1
9606.ENSP00000427514,1.44,1
9606.ENSP00000307272,1.44,2
9606.ENSP00000411084,1.43,8
9606.ENSP00000275820,1.43,1
9606.ENSP00000493946,1.43,6
9606.ENSP00000456218,1.43,1
9606.ENSP00000414150,1.43,3
9606.ENSP00000364591,1.43,1
9606.ENSP00000366863,1.43,1
9606.ENSP00000337335,1.43,1
9606.ENSP00000276416,1.42,1
9606.ENSP00000409542,1.42,2
9606.ENSP00000344545,1.42,1
9606.ENSP00000363064,1.42,1
9606.ENSP00000482245,1.42,5
9606.ENSP00000476792,1.42,2
9606.ENSP00000381204,1.42,1
9606.ENSP00000350249,1.42,1
9606.ENSP00000303192,1.41,1
9606.ENSP00000311816,1.41,1
9606.ENSP00000335595,1.41,1
9606.ENSP00000223095,1.4,2
9606.ENSP00000249700,1.4,1
9606.ENSP00000350267,1.4,6
9606.ENSP00000265007,1.39,2
9606.ENSP00000364035,1.39,3
9606.ENSP00000223210,1.39,1
9606.ENSP00000404203,1.39,8
9606.ENSP00000401888,1.38,3
9606.ENSP00000301732,1.38,7
9606.ENSP00000273153,1.37,3
9606.ENSP00000473153,1.37,5
9606.ENSP00000397351,1.37,7
9606.ENSP00000377492,1.37,2
9606.ENSP00000377027,1.37,2
9606.ENSP00000449535,1.36,1
9606.ENSP00000264606,1.36,4
9606.ENSP00000255641,1.36,2
9606.ENSP00000359607,1.36,1
9606.ENSP00000255409,1.36,2
9606.ENSP00000274181,1.36,1
9606.ENSP00000410811,1.36,4
9606.ENSP00000174618,1.35,2
9606.ENSP00000375821,1.35,3
9606.ENSP00000433205,1.35,3
9606.ENSP00000276925,1.35,2
9606.ENSP00000377796,1.35,1
9606.ENSP00000386212,1.35,1
9606.ENSP00000494480,1.35,6
9606.ENSP00000480524,1.34,5
9606.ENSP00000390661,1.34,5
9606.ENSP00000265381,1.34,2
9606.ENSP00000282276,1.34,1
9606.ENSP00000340507,1.33,1
9606.ENSP00000410198,1.33,2
9606.ENSP00000386881,1.33,12
9606.ENSP00000307183,1.33,1
9606.ENSP00000289547,1.33,2
9606.ENSP00000406723,1.32,5
9606.ENSP00000443631,1.32,2
9606.ENSP00000444052,1.32,1
9606.ENSP00000381693,1.31,1
9606.ENSP00000379602,1.31,1
9606.ENSP00000270593,1.31,1
9606.ENSP00000250416,1.31,2
9606.ENSP00000300105,1.31,3
9606.ENSP00000322845,1.31,2
9606.ENSP00000349781,1.3,4
9606.ENSP00000483640,1.3,32
9606.ENSP00000253693,1.3,3
9606.ENSP00000490940,1.3,2
9606.ENSP00000336528,1.3,3
9606.ENSP00000004982,1.3,3
9606.ENSP00000472919,1.3,5
9606.ENSP00000495112,1.3,2
9606.ENSP00000267291,1.3,1
9606.ENSP00000263707,1.3,1
9606.ENSP00000337133,1.3,2
9606.ENSP00000388910,1.29,8
9606.ENSP00000354964,1.29,3
9606.ENSP00000363492,1.28,3
9606.ENSP00000306760,1.28,3
9606.ENSP00000297954,1.28,6
9606.ENSP00000335677,1.28,2
9606.ENSP00000440246,1.28,2
9606.ENSP00000436836,1.28,1
9606.ENSP00000359240,1.28,4
9606.ENSP00000359567,1.28,1
9606.ENSP00000261721,1.27,4
9606.ENSP00000419901,1.27,4
9606.ENSP00000430031,1.27,2
9606.ENSP00000349143,1.27,5
9606.ENSP00000438262,1.27,2
9606.ENSP00000265077,1.27,3
9606.ENSP00000379891,1.26,1
9606.ENSP00000501277,1.26,3
9606.ENSP00000481780,1.26,4
9606.ENSP00000417498,1.26,1
9606.ENSP00000384490,1.26,3
9606.ENSP00000269586,1.25,1
9606.ENSP00000334008,1.25,2
9606.ENSP00000374443,1.25,8
9606.ENSP00000379689,1.25,12
9606.ENSP00000212355,1.24,1
9606.ENSP00000444076,1.24,7
9606.ENSP00000420860,1.24,1
9606.ENSP00000311273,1.24,7
9606.ENSP00000248879,1.24,1
9606.ENSP00000331681,1.24,1
9606.ENSP00000482514,1.24,1
9606.ENSP00000396995,1.24,2
9606.ENSP00000362057,1.24,2
9606.ENSP00000321370,1.23,3
9606.ENSP00000440504,1.23,3
9606.ENSP00000356436,1.23,1
9606.ENSP00000496593,1.23,5
9606.ENSP00000271332,1.23,2
9606.ENSP00000383199,1.23,5
9606.ENSP00000315035,1.23,1
9606.ENSP00000481570,1.22,1
9606.ENSP00000381654,1.22,1
9606.ENSP00000427342,1.22,1
9606.ENSP00000482241,1.22,1
9606.ENSP00000470185,1.22,1
9606.ENSP00000479608,1.22,1
9606.ENSP00000471418,1.22,1
9606.ENSP00000263776,1.22,1
9606.ENSP00000422067,1.22,2
9606.ENSP00000417696,1.21,12
9606.ENSP00000248071,1.21,1
9606.ENSP00000264187,1.21,1
9606.ENSP00000362217,1.21,5
9606.ENSP00000299752,1.21,1
9606.ENSP00000405111,1.21,7
9606.ENSP00000355133,1.21,5
9606.ENSP00000497720,1.21,1
9606.ENSP00000314709,1.21,1
9606.ENSP00000288490,1.21,2
9606.ENSP00000404911,1.21,2
9606.ENSP00000320509,1.2,1
9606.ENSP00000430110,1.2,4
9606.ENSP00000276570,1.2,1
9606.ENSP00000329933,1.19,1
9606.ENSP00000354972,1.19,1
9606.ENSP00000444889,1.19,1
9606.ENSP00000288710,1.19,2
9606.ENSP00000383301,1.19,3
9606.ENSP00000357118,1.19,1
9606.ENSP00000482107,1.19,2
9606.ENSP00000291576,1.19,2
9606.ENSP00000285398,1.19,1
9606.ENSP00000357199,1.18,6
9606.ENSP00000317272,1.18,4
9606.ENSP00000196061,1.18,1
9606.ENSP00000425556,1.18,1
9606.ENSP00000389009,1.18,3
9606.ENSP00000299088,1.18,2
9606.ENSP00000411096,1.17,22
9606.ENSP00000352572,1.17,5
9606.ENSP00000297107,1.17,1
9606.ENSP00000384670,1.17,1
9606.ENSP00000420321,1.17,1
9606.ENSP00000271889,1.17,2
9606.ENSP00000203630,1.17,2
9606.ENSP00000470381,1.17,13
9606.ENSP00000370653,1.17,1
9606.ENSP00000361959,1.17,1
9606.ENSP00000372750,1.17,1
9606.ENSP00000322915,1.17,9
9606.ENSP00000270357,1.17,1
9606.ENSP00000342023,1.17,1
9606.ENSP00000489869,1.17,3
9606.ENSP00000222115,1.17,1
9606.ENSP00000229330,1.16,3
9606.ENSP00000361177,1.16,6
9606.ENSP00000366283,1.16,1
9606.ENSP00000287239,1.16,2
9606.ENSP00000262210,1.16,6
9606.ENSP00000356560,1.16,2
9606.ENSP00000394794,1.15,11
9606.ENSP00000356984,1.15,6
9606.ENSP00000296280,1.15,1
9606.ENSP00000493780,1.15,2
9606.ENSP00000340510,1.15,1
9606.ENSP00000410890,1.15,4
9606.ENSP00000354305,1.15,2
9606.ENSP00000321345,1.15,2
9606.ENSP00000497274,1.15,1
9606.ENSP00000384115,1.15,1
9606.ENSP00000383909,1.14,3
9606.ENSP00000465676,1.13,1
9606.ENSP00000496315,1.13,1
9606.ENSP00000398410,1.13,2
9606.ENSP00000340088,1.13,2
9606.ENSP00000347046,1.13,1
9606.ENSP00000441802,1.13,1
9606.ENSP00000375810,1.13,3
9606.ENSP00000383421,1.13,1
9606.ENSP00000295201,1.13,3
9606.ENSP00000392906,1.12,2
9606.ENSP00000421185,1.12,3
9606.ENSP00000444339,1.12,11
9606.ENSP00000265295,1.12,3
9606.ENSP00000283006,1.12,1
9606.ENSP00000263073,1.12,4
9606.ENSP00000449079,1.12,1
9606.ENSP00000346839,1.12,5
9606.ENSP00000263265,1.11,7
9606.ENSP00000405963,1.11,3
9606.ENSP00000435582,1.11,1
9606.ENSP00000290974,1.11,1
9606.ENSP00000481893,1.11,2
9606.ENSP00000402460,1.11,5
9606.ENSP00000301459,1.11,3
9606.ENSP00000392066,1.1,11
9606.ENSP00000406478,1.1,1
9606.ENSP00000416037,1.1,4
9606.ENSP00000210187,1.1,3
9606.ENSP00000340608,1.1,3
9606.ENSP00000353904,1.1,2
9606.ENSP00000316054,1.1,1
9606.ENSP00000397598,1.1,1
9606.ENSP00000379612,1.1,3
9606.ENSP00000436604,1.1,5
9606.ENSP00000355607,1.1,1
9606.ENSP00000409423,1.09,2
9606.ENSP00000379654,1.09,16
9606.ENSP00000498260,1.09,4
9606.ENSP00000281282,1.09,5
9606.ENSP00000447852,1.09,5
9606.ENSP00000362027,1.09,1
9606.ENSP00000417960,1.09,1
9606.ENSP00000335040,1.09,1
9606.ENSP00000286639,1.09,1
9606.ENSP00000371110,1.09,3
9606.ENSP00000485033,1.08,13
9606.ENSP00000216259,1.08,1
9606.ENSP00000262962,1.08,1
9606.ENSP00000362768,1.08,1
9606.ENSP00000381364,1.08,2
9606.ENSP00000498616,1.08,1
9606.ENSP00000301159,1.08,1
9606.ENSP00000313809,1.08,4
9606.ENSP00000263791,1.08,2
9606.ENSP00000422037,1.08,2
9606.ENSP00000481920,1.07,3
9606.ENSP00000438574,1.07,1
9606.ENSP00000381970,1.07,2
9606.ENSP00000373565,1.07,1
9606.ENSP00000344446,1.07,2
9606.ENSP00000290583,1.06,2
9606.ENSP00000260947,1.06,1
9606.ENSP00000382342,1.06,2
9606.ENSP00000353104,1.06,3
9606.ENSP00000356438,1.06,2
9606.ENSP00000456927,1.06,2
9606.ENSP00000334040,1.06,1
9606.ENSP00000295878,1.06,2
9606.ENSP00000277554,1.06,1
9606.ENSP00000364398,1.06,1
9606.ENSP00000387239,1.06,1
9606.ENSP00000495214,1.06,7
9606.ENSP00000490424,1.06,1
9606.ENSP00000333490,1.06,2
9606.ENSP00000221455,1.05,1
9606.ENSP00000343577,1.05,2
9606.ENSP00000407685,1.05,1
9606.ENSP00000256343,1.05,2
9606.ENSP00000281441,1.05,2
9606.ENSP00000497422,1.05,1
9606.ENSP00000334851,1.04,1
9606.ENSP00000369976,1.04,4
9606.ENSP00000351605,1.04,1
9606.ENSP00000312368,1.04,3
9606.ENSP00000380120,1.04,2
9606.ENSP00000265239,1.04,3
9606.ENSP00000493121,1.04,1
9606.ENSP00000272647,1.03,5
9606.ENSP00000450832,1.03,2
9606.ENSP00000360793,1.03,8
9606.ENSP00000361010,1.03,3
9606.ENSP00000452037,1.03,2
9606.ENSP00000432481,1.03,3
9606.ENSP00000292450,1.03,11
9606.ENSP00000361043,1.03,1
9606.ENSP00000309457,1.03,1
9606.ENSP00000489442,1.03,1
9606.ENSP00000359925,1.03,1
9606.ENSP00000257215,1.03,8
9606.ENSP00000437188,1.03,2
9606.ENSP00000496954,1.03,6
9606.ENSP00000371711,1.03,2
9606.ENSP00000489407,1.03,3
9606.ENSP00000482743,1.02,2
9606.ENSP00000368356,1.02,4
9606.ENSP00000465630,1.02,6
9606.ENSP00000373347,1.02,1
9606.ENSP00000358200,1.02,2
9606.ENSP00000356696,1.02,1
9606.ENSP00000459216,1.02,12
9606.ENSP00000315247,1.02,2
9606.ENSP00000243326,1.02,4
9606.ENSP00000249344,1.02,2
9606.ENSP00000382004,1.02,1
9606.ENSP00000284061,1.01,3
9606.ENSP00000370849,1.01,1
9606.ENSP00000417492,1.01,2
9606.ENSP00000296657,1.01,3
9606.ENSP00000474204,1.01,3
9606.ENSP00000474388,1.01,3
9606.ENSP00000443176,1.01,1
9606.ENSP00000164133,1.01,2
9606.ENSP00000311492,1.01,1
9606.ENSP00000357152,1.01,1
9606.ENSP00000220478,1.01,1
9606.ENSP00000346927,1.01,1
9606.ENSP00000330148,1.01,7
9606.ENSP00000459615,1,2
9606.ENSP00000414597,1,4
9606.ENSP00000437464,1,3
9606.ENSP00000350377,1,2
9606.ENSP00000299237,1,2
9606.ENSP00000422907,0.999,1
9606.ENSP00000478290,0.997,1
9606.ENSP00000308032,0.997,1
9606.ENSP00000499241,0.993,2
9606.ENSP00000315006,0.993,2
9606.ENSP00000377699,0.992,4
9606.ENSP00000316845,0.991,2
9606.ENSP00000242257,0.991,1
9606.ENSP00000314544,0.99,2
9606.ENSP00000325681,0.99,2
9606.ENSP00000385780,0.989,1
9606.ENSP00000347823,0.989,9
9606.ENSP00000321711,0.987,1
9606.ENSP00000360829,0.986,2
9606.ENSP00000406157,0.983,1
9606.ENSP00000498251,0.983,2
9606.ENSP00000252992,0.982,1
9606.ENSP00000500409,0.98,2
9606.ENSP00000379387,0.979,3
9606.ENSP00000274400,0.979,1
9606.ENSP00000264036,0.975,3
9606.ENSP00000261839,0.975,9
9606.ENSP00000341342,0.973,5
9606.ENSP00000350676,0.971,2
9606.ENSP00000251372,0.97,1
9606.ENSP00000248668,0.969,3
9606.ENSP00000324560,0.968,4
9606.ENSP00000368868,0.968,3
9606.ENSP00000377570,0.966,6
9606.ENSP00000296564,0.966,7
9606.ENSP00000295408,0.964,3
9606.ENSP00000263056,0.961,3
9606.ENSP00000340874,0.959,1
9606.ENSP00000393312,0.958,1
9606.ENSP00000237201,0.956,3
9606.ENSP00000366240,0.956,1
9606.ENSP00000338967,0.955,2
9606.ENSP00000364694,0.953,3
9606.ENSP00000370443,0.952,2
9606.ENSP00000453095,0.949,1
9606.ENSP00000331258,0.949,1
9606.ENSP00000397693,0.948,12
9606.ENSP00000305465,0.945,2
9606.ENSP00000384004,0.944,5
9606.ENSP00000019103,0.94,4
9606.ENSP00000262715,0.939,4
9606.ENSP00000444565,0.936,1
9606.ENSP00000436453,0.936,2
9606.ENSP00000383067,0.936,2
9606.ENSP00000380044,0.936,2
9606.ENSP00000173229,0.935,1
9606.ENSP00000385215,0.929,4
9606.ENSP00000290200,0.929,1
9606.ENSP00000362547,0.928,6
9606.ENSP00000379310,0.928,2
9606.ENSP00000260526,0.928,4
9606.ENSP00000353608,0.925,1
9606.ENSP00000340409,0.925,2
9606.ENSP00000476510,0.925,1
9606.ENSP00000425133,0.923,1
9606.ENSP00000297767,0.922,2
9606.ENSP00000300504,0.922,1
9606.ENSP00000320648,0.922,7
9606.ENSP00000354498,0.921,2
9606.ENSP00000355944,0.915,3
9606.ENSP00000395244,0.915,2
9606.ENSP00000358815,0.914,3
9606.ENSP00000272847,0.913,3
9606.ENSP00000322937,0.913,1
9606.ENSP00000361405,0.913,5
9606.ENSP00000304713,0.913,2
9606.ENSP00000426964,0.912,2
9606.ENSP00000253697,0.91,3
9606.ENSP00000489320,0.907,2
9606.ENSP00000359206,0.907,1
9606.ENSP00000386444,0.906,1
9606.ENSP00000442308,0.906,1
9606.ENSP00000282226,0.903,2
9606.ENSP00000371940,0.899,2
9606.ENSP00000386041,0.899,25
9606.ENSP00000377372,0.899,1
9606.ENSP00000488251,0.899,4
9606.ENSP00000380679,0.899,6
9606.ENSP00000266037,0.897,9
9606.ENSP00000471239,0.895,1
9606.ENSP00000364912,0.889,3
9606.ENSP00000358482,0.889,1
9606.ENSP00000451000,0.888,1
9606.ENSP00000322361,0.887,1
9606.ENSP00000392812,0.885,1
9606.ENSP00000233535,0.885,1
9606.ENSP00000273450,0.884,2
9606.ENSP00000271640,0.884,1
9606.ENSP00000283441,0.884,1
9606.ENSP00000350295,0.882,11
9606.ENSP00000352962,0.88,2
9606.ENSP00000484288,0.879,1
9606.ENSP00000365720,0.879,3
9606.ENSP00000414670,0.878,4
9606.ENSP00000419945,0.875,3
9606.ENSP00000402515,0.874,15
9606.ENSP00000311778,0.874,1
9606.ENSP00000420237,0.873,2
9606.ENSP00000304586,0.873,4
9606.ENSP00000395204,0.872,2
9606.ENSP00000363161,0.872,1
9606.ENSP00000329170,0.871,2
9606.ENSP00000291860,0.867,1
9606.ENSP00000488117,0.866,4
9606.ENSP00000333802,0.865,11
9606.ENSP00000489774,0.865,3
9606.ENSP00000248929,0.864,1
9606.ENSP00000398481,0.862,3
9606.ENSP00000472109,0.862,3
9606.ENSP00000439625,0.859,5
9606.ENSP00000436773,0.858,2
9606.ENSP00000343200,0.857,2
9606.ENSP00000266579,0.856,4
9606.ENSP00000355140,0.855,1
9606.ENSP00000501150,0.854,3
9606.ENSP00000482335,0.854,2
9606.ENSP00000257118,0.853,1
9606.ENSP00000455229,0.853,7
9606.ENSP00000264346,0.851,2
9606.ENSP00000227451,0.851,3
9606.ENSP00000350162,0.851,1
9606.ENSP00000381773,0.85,1
9606.ENSP00000262482,0.849,1
9606.ENSP00000300571,0.848,1
9606.ENSP00000407442,0.848,5
9606.ENSP00000319851,0.848,7
9606.ENSP00000356024,0.846,10
9606.ENSP00000395587,0.846,3
9606.ENSP00000350547,0.845,1
9606.ENSP00000275358,0.845,4
9606.ENSP00000307959,0.845,23
9606.ENSP00000239374,0.841,7
9606.ENSP00000457788,0.84,1
9606.ENSP00000281543,0.84,1
9606.ENSP00000216037,0.839,1
9606.ENSP00000373274,0.838,11
9606.ENSP00000391311,0.836,1
9606.ENSP00000489149,0.836,1
9606.ENSP00000465992,0.834,6
9606.ENSP00000450857,0.834,1
9606.ENSP00000289248,0.832,2
9606.ENSP00000356104,0.831,4
9606.ENSP00000347338,0.831,3
9606.ENSP00000217381,0.829,2
9606.ENSP00000466542,0.828,3
9606.ENSP00000294600,0.823,1
9606.ENSP00000416015,0.822,5
9606.ENSP00000444411,0.822,1
9606.ENSP00000365016,0.822,2
9606.ENSP00000242315,0.822,5
9606.ENSP00000495726,0.82,2
9606.ENSP00000351957,0.819,4
9606.ENSP00000314879,0.817,2
9606.ENSP00000367815,0.815,1
9606.ENSP00000440896,0.814,2
9606.ENSP00000382815,0.814,1
9606.ENSP00000393333,0.812,4
9606.ENSP00000294618,0.811,5
9606.ENSP00000432695,0.811,2
9606.ENSP00000217289,0.809,3
9606.ENSP00000420686,0.807,2
9606.ENSP00000491567,0.804,11
9606.ENSP00000457718,0.804,1
9606.ENSP00000304360,0.804,1
9606.ENSP00000465231,0.804,2
9606.ENSP00000332296,0.803,3
9606.ENSP00000280155,0.803,1
9606.ENSP00000357905,0.801,2
9606.ENSP00000359683,0.8,1
9606.ENSP00000296585,0.799,1
9606.ENSP00000410042,0.799,3
9606.ENSP00000342858,0.797,3
9606.ENSP00000480763,0.796,7
9606.ENSP00000342793,0.796,1
9606.ENSP00000223167,0.793,1
9606.ENSP00000396593,0.793,2
9606.ENSP00000314444,0.791,4
9606.ENSP00000444747,0.791,3
9606.ENSP00000394757,0.79,1
9606.ENSP00000280020,0.789,1
9606.ENSP00000497777,0.789,2
9606.ENSP00000494896,0.788,1
9606.ENSP00000377823,0.788,2
9606.ENSP00000442307,0.787,2
9606.ENSP00000355499,0.787,1
9606.ENSP00000456401,0.785,1
9606.ENSP00000345988,0.781,2
9606.ENSP00000353538,0.781,3
9606.ENSP00000432973,0.781,1
9606.ENSP00000316543,0.781,2
9606.ENSP00000467123,0.78,4
9606.ENSP00000267594,0.779,1
9606.ENSP00000356202,0.779,1
9606.ENSP00000254066,0.778,3
9606.ENSP00000250003,0.778,1
9606.ENSP00000005260,0.777,2
9606.ENSP00000356574,0.776,1
9606.ENSP00000347198,0.775,2
9606.ENSP00000361298,0.775,2
9606.ENSP00000262891,0.774,3
9606.ENSP00000007735,0.774,6
9606.ENSP00000351209,0.772,1
9606.ENSP00000385021,0.772,1
9606.ENSP00000376227,0.771,2
9606.ENSP00000226319,0.768,1
9606.ENSP00000352846,0.766,12
9606.ENSP00000264316,0.766,1
9606.ENSP00000262764,0.763,3
9606.ENSP00000360797,0.763,1
9606.ENSP00000258243,0.761,3
9606.ENSP00000334836,0.76,2
9606.ENSP00000287143,0.76,1
9606.ENSP00000339916,0.76,3
9606.ENSP00000302913,0.76,2
9606.ENSP00000446830,0.759,1
9606.ENSP00000346809,0.758,1
9606.ENSP00000287474,0.755,3
9606.ENSP00000278070,0.755,3
9606.ENSP00000407761,0.754,1
9606.ENSP00000292035,0.751,1
9606.ENSP00000348888,0.75,1
9606.ENSP00000397172,0.747,1
9606.ENSP00000261584,0.746,2
9606.ENSP00000344155,0.745,13
9606.ENSP00000383295,0.742,4
9606.ENSP00000350718,0.741,1
9606.ENSP00000496939,0.74,2
9606.ENSP00000342144,0.74,1
9606.ENSP00000257626,0.738,1
9606.ENSP00000460380,0.737,2
9606.ENSP00000493386,0.737,2
9606.ENSP00000347507,0.733,20
9606.ENSP00000468927,0.731,1
9606.ENSP00000390232,0.73,1
9606.ENSP00000301305,0.728,1
9606.ENSP00000492971,0.727,2
9606.ENSP00000438468,0.725,1
9606.ENSP00000385450,0.725,3
9606.ENSP00000366070,0.724,1
9606.ENSP00000343331,0.724,3
9606.ENSP00000391488,0.722,3
9606.ENSP00000389841,0.722,11
9606.ENSP00000266712,0.72,1
9606.ENSP00000447378,0.719,3
9606.ENSP00000457715,0.717,3
9606.ENSP00000381036,0.716,1
9606.ENSP00000497896,0.715,1
9606.ENSP00000388311,0.715,12
9606.ENSP00000371886,0.715,2
9606.ENSP00000456894,0.714,1
9606.ENSP00000285039,0.712,5
9606.ENSP00000387982,0.712,1
9606.ENSP00000367104,0.71,8
9606.ENSP00000363349,0.71,1
9606.ENSP00000424838,0.71,2
9606.ENSP00000370242,0.71,3
9606.ENSP00000399851,0.708,4
9606.ENSP00000265379,0.706,11
9606.ENSP00000358932,0.706,5
9606.ENSP00000280758,0.704,7
9606.ENSP00000327459,0.704,1
9606.ENSP00000335325,0.704,2
9606.ENSP00000309245,0.701,2
9606.ENSP00000367922,0.701,10
9606.ENSP00000301336,0.698,2
9606.ENSP00000365433,0.698,1
9606.ENSP00000376443,0.698,3
9606.ENSP00000379738,0.695,1
9606.ENSP00000349131,0.693,1
9606.ENSP00000295887,0.693,1
9606.ENSP00000470478,0.692,6
9606.ENSP00000311135,0.692,1
9606.ENSP00000412461,0.691,3
9606.ENSP00000349490,0.689,3
9606.ENSP00000243776,0.689,6
9606.ENSP00000378198,0.687,1
9606.ENSP00000275072,0.686,1
9606.ENSP00000497110,0.686,2
9606.ENSP00000367691,0.685,1
9606.ENSP00000423820,0.685,11
9606.ENSP00000392410,0.685,4
9606.ENSP00000286298,0.683,3
9606.ENSP00000298139,0.683,7
9606.ENSP00000361998,0.683,1
9606.ENSP00000227756,0.682,2
9606.ENSP00000274000,0.682,1
9606.ENSP00000376609,0.68,3
9606.ENSP00000364430,0.679,3
9606.ENSP00000206513,0.679,1
9606.ENSP00000239587,0.678,3
9606.ENSP00000438209,0.677,3
9606.ENSP00000292586,0.677,1
9606.ENSP00000363972,0.676,3
9606.ENSP00000493327,0.674,2
9606.ENSP00000327246,0.674,4
9606.ENSP00000375582,0.673,4
9606.ENSP00000309767,0.673,5
9606.ENSP00000321735,0.672,1
9606.ENSP00000358698,0.671,1
9606.ENSP00000295759,0.67,1
9606.ENSP00000311319,0.67,4
9606.ENSP00000343129,0.669,2
9606.ENSP00000336923,0.669,1
9606.ENSP00000255324,0.668,5
9606.ENSP00000380763,0.668,1
9606.ENSP00000312700,0.666,1
9606.ENSP00000334140,0.666,1
9606.ENSP00000480056,0.666,1
9606.ENSP00000260682,0.666,1
9606.ENSP00000355731,0.663,2
9606.ENSP00000297477,0.663,1
9606.ENSP00000475939,0.661,4
9606.ENSP00000248306,0.658,3
9606.ENSP00000355536,0.656,1
9606.ENSP00000479884,0.655,11
9606.ENSP00000448012,0.653,3
9606.ENSP00000363068,0.652,9
9606.ENSP00000446880,0.652,1
9606.ENSP00000347444,0.652,3
9606.ENSP00000259803,0.651,2
9606.ENSP00000467740,0.65,2
9606.ENSP00000273320,0.649,11
9606.ENSP00000484390,0.649,2
9606.ENSP00000288774,0.649,4
9606.ENSP00000424474,0.648,1
9606.ENSP00000297029,0.648,3
9606.ENSP00000335055,0.647,1
9606.ENSP00000366715,0.647,2
9606.ENSP00000396915,0.647,1
9606.ENSP00000328598,0.647,1
9606.ENSP00000263921,0.646,1
9606.ENSP00000345492,0.646,2
9606.ENSP00000392423,0.645,10
9606.ENSP00000269141,0.643,1
9606.ENSP00000263576,0.642,1
9606.ENSP00000358207,0.642,3
9606.ENSP00000225983,0.64,1
9606.ENSP00000346667,0.639,2
9606.ENSP00000416193,0.639,1
9606.ENSP00000374183,0.637,1
9606.ENSP00000367346,0.636,2
9606.ENSP00000378312,0.635,2
9606.ENSP00000349824,0.634,1
9606.ENSP00000254528,0.633,1
9606.ENSP00000365080,0.632,2
9606.ENSP00000265565,0.631,4
9606.ENSP00000261195,0.631,1
9606.ENSP00000368698,0.631,1
9606.ENSP00000309189,0.63,3
9606.ENSP00000370021,0.628,3
9606.ENSP00000457748,0.628,4
9606.ENSP00000408792,0.628,3
9606.ENSP00000263408,0.627,2
9606.ENSP00000369599,0.627,1
9606.ENSP00000462745,0.625,1
9606.ENSP00000494009,0.624,3
9606.ENSP00000360916,0.624,4
9606.ENSP00000402152,0.623,2
9606.ENSP00000371686,0.623,2
9606.ENSP00000291906,0.623,2
9606.ENSP00000450856,0.623,1
9606.ENSP00000264661,0.619,1
9606.ENSP00000454973,0.619,1
9606.ENSP00000370698,0.618,3
9606.ENSP00000334928,0.617,5
9606.ENSP00000370077,0.617,3
9606.ENSP00000332750,0.617,1
9606.ENSP00000300619,0.616,11
9606.ENSP00000333097,0.614,1
9606.ENSP00000417196,0.614,1
9606.ENSP00000469315,0.613,1
9606.ENSP00000378914,0.61,1
9606.ENSP00000358739,0.609,1
9606.ENSP00000259470,0.608,1
9606.ENSP00000345479,0.608,4
9606.ENSP00000334329,0.607,1
9606.ENSP00000364277,0.607,4
9606.ENSP00000360485,0.607,1
9606.ENSP00000345972,0.607,3
9606.ENSP00000321812,0.607,4
9606.ENSP00000367476,0.603,1
9606.ENSP00000345295,0.601,2
9606.ENSP00000383431,0.6,2
9606.ENSP00000319651,0.6,2
9606.ENSP00000378058,0.599,1
9606.ENSP00000281092,0.599,1
9606.ENSP00000290894,0.599,2
9606.ENSP00000380690,0.598,1
9606.ENSP00000259963,0.598,1
9606.ENSP00000436786,0.597,3
9606.ENSP00000321455,0.597,2
9606.ENSP00000449137,0.596,2
9606.ENSP00000372199,0.596,2
9606.ENSP00000345133,0.595,8
9606.ENSP00000387075,0.594,2
9606.ENSP00000340677,0.592,1
9606.ENSP00000354991,0.592,3
9606.ENSP00000370826,0.591,6
9606.ENSP00000360372,0.59,1
9606.ENSP00000494260,0.589,1
9606.ENSP00000334474,0.588,1
9606.ENSP00000481149,0.585,3
9606.ENSP00000309572,0.585,4
9606.ENSP00000356579,0.584,3
9606.ENSP00000265140,0.584,1
9606.ENSP00000458977,0.583,2
9606.ENSP00000357565,0.582,3
9606.ENSP00000486291,0.582,1
9606.ENSP00000281437,0.582,3
9606.ENSP00000386502,0.581,1
9606.ENSP00000333539,0.581,1
9606.ENSP00000381129,0.58,1
9606.ENSP00000420267,0.579,1
9606.ENSP00000282466,0.579,5
9606.ENSP00000479816,0.578,1
9606.ENSP00000280614,0.577,1
9606.ENSP00000310561,0.576,4
9606.ENSP00000303915,0.576,1
9606.ENSP00000419153,0.576,3
9606.ENSP00000338627,0.575,1
9606.ENSP00000299320,0.574,5
9606.ENSP00000264380,0.574,1
9606.ENSP00000475700,0.573,1
9606.ENSP00000501254,0.573,3
9606.ENSP00000353646,0.573,4
9606.ENSP00000351327,0.573,5
9606.ENSP00000190165,0.572,2
9606.ENSP00000280057,0.571,1
9606.ENSP00000271636,0.57,1
9606.ENSP00000365884,0.569,3
9606.ENSP00000253063,0.568,2
9606.ENSP00000358896,0.567,3
9606.ENSP00000335246,0.567,1
9606.ENSP00000490579,0.566,1
9606.ENSP00000314724,0.566,4
9606.ENSP00000306888,0.566,2
9606.ENSP00000310688,0.565,1
9606.ENSP00000301019,0.561,1
9606.ENSP00000329499,0.56,1
9606.ENSP00000255198,0.56,2
9606.ENSP00000451263,0.559,1
9606.ENSP00000388001,0.559,2
9606.ENSP00000494277,0.558,2
9606.ENSP00000386988,0.556,1
9606.ENSP00000397968,0.555,4
9606.ENSP00000345374,0.555,1
9606.ENSP00000257408,0.554,5
9606.ENSP00000405222,0.554,1
9606.ENSP00000261226,0.554,1
9606.ENSP00000216237,0.552,1
9606.ENSP00000370522,0.552,1
9606.ENSP00000355720,0.55,5
9606.ENSP00000471252,0.55,3
9606.ENSP00000354723,0.549,1
9606.ENSP00000446680,0.549,1
9606.ENSP00000316109,0.547,1
9606.ENSP00000411821,0.547,3
9606.ENSP00000370719,0.547,3
9606.ENSP00000349244,0.545,3
9606.ENSP00000466829,0.543,1
9606.ENSP00000282018,0.543,2
9606.ENSP00000232766,0.542,1
9606.ENSP00000364847,0.542,5
9606.ENSP00000403459,0.542,1
9606.ENSP00000396445,0.542,1
9606.ENSP00000311505,0.541,2
9606.ENSP00000302895,0.54,2
9606.ENSP00000481728,0.54,1
9606.ENSP00000370303,0.538,2
9606.ENSP00000264995,0.538,1
9606.ENSP00000463151,0.537,1
9606.ENSP00000359691,0.536,1
9606.ENSP00000357362,0.536,3
9606.ENSP00000378418,0.536,3
9606.ENSP00000493715,0.535,2
9606.ENSP00000292174,0.535,1
9606.ENSP00000371018,0.534,1
9606.ENSP00000448062,0.534,4
9606.ENSP00000353767,0.533,2
9606.ENSP00000355155,0.533,1
9606.ENSP00000259486,0.532,2
9606.ENSP00000321706,0.531,1
9606.ENSP00000297063,0.531,2
9606.ENSP00000379804,0.531,2
9606.ENSP00000442788,0.53,5
9606.ENSP00000289746,0.53,3
9606.ENSP00000373827,0.53,5
9606.ENSP00000376955,0.53,2
9606.ENSP00000369291,0.53,1
9606.ENSP00000352608,0.529,8
9606.ENSP00000323945,0.528,1
9606.ENSP00000357927,0.526,1
9606.ENSP00000317790,0.526,14
9606.ENSP00000490280,0.526,1
9606.ENSP00000284142,0.525,2
9606.ENSP00000259371,0.524,4
9606.ENSP00000498994,0.523,6
9606.ENSP00000377793,0.523,1
9606.ENSP00000428780,0.522,2
9606.ENSP00000366058,0.522,2
9606.ENSP00000296474,0.522,2
9606.ENSP00000307831,0.521,2
9606.ENSP00000292140,0.521,1
9606.ENSP00000265713,0.52,1
9606.ENSP00000493985,0.519,2
9606.ENSP00000450853,0.519,4
9606.ENSP00000288840,0.519,1
9606.ENSP00000477567,0.518,5
9606.ENSP00000356832,0.518,2
9606.ENSP00000385936,0.517,2
9606.ENSP00000457689,0.516,4
9606.ENSP00000456953,0.516,4
9606.ENSP00000459580,0.516,1
9606.ENSP00000391101,0.515,4
9606.ENSP00000325285,0.514,2
9606.ENSP00000290015,0.514,1
9606.ENSP00000310431,0.514,4
9606.ENSP00000380367,0.513,17
9606.ENSP00000344791,0.512,8
9606.ENSP00000262126,0.511,1
9606.ENSP00000285670,0.511,1
9606.ENSP00000381270,0.511,1
9606.ENSP00000366475,0.509,1
9606.ENSP00000362272,0.509,2
9606.ENSP00000425631,0.508,4
9606.ENSP00000260723,0.508,1
9606.ENSP00000397073,0.508,1
9606.ENSP00000173898,0.508,5
9606.ENSP00000342604,0.507,7
9606.ENSP00000226207,0.506,17
9606.ENSP00000496394,0.505,1
9606.ENSP00000426387,0.505,2
9606.ENSP00000472277,0.505,1
9606.ENSP00000409667,0.504,2
9606.ENSP00000324701,0.504,1
9606.ENSP00000369251,0.504,1
9606.ENSP00000383145,0.504,1
9606.ENSP00000497070,0.502,2
9606.ENSP00000496151,0.501,1
9606.ENSP00000222271,0.5,3
9606.ENSP00000490842,0.5,1
9606.ENSP00000216471,0.499,2
9606.ENSP00000199936,0.499,1
9606.ENSP00000359532,0.498,1
9606.ENSP00000280612,0.498,4
9606.ENSP00000368964,0.498,1
9606.ENSP00000349640,0.497,2
9606.ENSP00000257566,0.497,1
9606.ENSP00000246801,0.497,1
9606.ENSP00000437256,0.496,1
9606.ENSP00000384801,0.496,7
9606.ENSP00000361467,0.495,3
9606.ENSP00000357494,0.495,3
9606.ENSP00000357080,0.495,1
9606.ENSP00000400887,0.494,5
9606.ENSP00000349856,0.493,4
9606.ENSP00000331062,0.491,1
9606.ENSP00000379702,0.491,2
9606.ENSP00000384376,0.491,6
9606.ENSP00000328269,0.49,1
9606.ENSP00000312455,0.49,1
9606.ENSP00000332592,0.489,2
9606.ENSP00000483103,0.487,4
9606.ENSP00000317144,0.487,2
9606.ENSP00000368547,0.487,2
9606.ENSP00000365908,0.487,2
9606.ENSP00000410689,0.486,2
9606.ENSP00000259154,0.486,1
9606.ENSP00000304782,0.486,1
9606.ENSP00000485577,0.485,2
9606.ENSP00000385357,0.485,2
9606.ENSP00000366936,0.484,2
9606.ENSP00000348416,0.484,3
9606.ENSP00000263379,0.484,2
9606.ENSP00000404079,0.481,1
9606.ENSP00000428280,0.481,7
9606.ENSP00000433666,0.48,8
9606.ENSP00000240328,0.477,1
9606.ENSP00000294244,0.476,3
9606.ENSP00000229771,0.476,1
9606.ENSP00000340610,0.474,4
9606.ENSP00000483764,0.474,3
9606.ENSP00000315569,0.474,2
9606.ENSP00000371070,0.474,1
9606.ENSP00000382871,0.473,2
9606.ENSP00000440556,0.472,1
9606.ENSP00000363985,0.472,5
9606.ENSP00000269299,0.471,4
9606.ENSP00000414909,0.471,1
9606.ENSP00000367882,0.47,1
9606.ENSP00000351856,0.47,4
9606.ENSP00000484715,0.469,1
9606.ENSP00000391692,0.468,2
9606.ENSP00000478796,0.467,4
9606.ENSP00000421280,0.467,2
9606.ENSP00000293255,0.467,2
9606.ENSP00000384330,0.463,15
9606.ENSP00000333926,0.463,4
9606.ENSP00000419654,0.461,2
9606.ENSP00000445043,0.461,3
9606.ENSP00000262765,0.459,4
9606.ENSP00000345151,0.459,1
9606.ENSP00000392936,0.459,1
9606.ENSP00000255381,0.459,15
9606.ENSP00000400921,0.459,2
9606.ENSP00000229304,0.459,1
9606.ENSP00000490760,0.458,1
9606.ENSP00000216629,0.458,2
9606.ENSP00000332969,0.456,3
9606.ENSP00000384164,0.456,3
9606.ENSP00000264230,0.455,3
9606.ENSP00000243440,0.455,1
9606.ENSP00000315614,0.455,1
9606.ENSP00000265807,0.455,4
9606.ENSP00000360293,0.454,2
9606.ENSP00000404570,0.453,15
9606.ENSP00000442460,0.453,1
9606.ENSP00000491846,0.453,2
9606.ENSP00000262961,0.453,3
9606.ENSP00000342499,0.453,1
9606.ENSP00000464317,0.452,15
9606.ENSP00000419539,0.452,2
9606.ENSP00000369996,0.452,3
9606.ENSP00000375248,0.452,1
9606.ENSP00000354733,0.452,1
9606.ENSP00000294016,0.452,2
9606.ENSP00000309606,0.451,2
9606.ENSP00000385763,0.451,1
9606.ENSP00000427555,0.451,1
9606.ENSP00000362139,0.45,5
9606.ENSP00000302189,0.45,1
9606.ENSP00000381876,0.449,6
9606.ENSP00000496007,0.449,3
9606.ENSP00000264249,0.447,1
9606.ENSP00000307411,0.447,1
9606.ENSP00000361608,0.447,4
9606.ENSP00000261534,0.447,2
9606.ENSP00000363089,0.446,3
9606.ENSP00000263798,0.445,3
9606.ENSP00000312946,0.445,3
9606.ENSP00000262096,0.445,1
9606.ENSP00000340954,0.444,2
9606.ENSP00000204604,0.444,2
9606.ENSP00000302562,0.444,1
9606.ENSP00000296955,0.443,1
9606.ENSP00000330278,0.443,2
9606.ENSP00000348842,0.443,3
9606.ENSP00000337804,0.442,1
9606.ENSP00000382241,0.442,2
9606.ENSP00000456477,0.442,1
9606.ENSP00000249750,0.442,4
9606.ENSP00000321386,0.441,1
9606.ENSP00000269499,0.441,2
9606.ENSP00000498627,0.44,5
9606.ENSP00000485238,0.44,8
9606.ENSP00000417289,0.439,2
9606.ENSP00000331907,0.439,2
9606.ENSP00000442008,0.439,3
9606.ENSP00000355510,0.437,2
9606.ENSP00000322251,0.437,1
9606.ENSP00000365407,0.435,2
9606.ENSP00000305769,0.434,1
9606.ENSP00000353114,0.434,10
9606.ENSP00000332791,0.434,2
9606.ENSP00000353128,0.434,7
9606.ENSP00000369131,0.433,1
9606.ENSP00000353922,0.433,1
9606.ENSP00000297293,0.433,2
9606.ENSP00000355082,0.431,4
9606.ENSP00000377934,0.431,4
9606.ENSP00000336775,0.43,5
9606.ENSP00000362399,0.429,1
9606.ENSP00000286732,0.428,1
9606.ENSP00000384198,0.427,1
9606.ENSP00000315070,0.426,1
9606.ENSP00000384015,0.425,1
9606.ENSP00000327323,0.424,1
9606.ENSP00000263991,0.423,2
9606.ENSP00000450040,0.422,4
9606.ENSP00000334319,0.422,4
9606.ENSP00000450337,0.421,1
9606.ENSP00000320688,0.419,1
9606.ENSP00000428182,0.418,4
9606.ENSP00000364498,0.418,3
9606.ENSP00000379242,0.418,3
9606.ENSP00000402849,0.418,4
9606.ENSP00000296420,0.418,1
9606.ENSP00000239462,0.417,2
9606.ENSP00000481078,0.416,1
9606.ENSP00000359370,0.416,4
9606.ENSP00000410545,0.416,4
9606.ENSP00000312158,0.416,4
9606.ENSP00000364711,0.414,2
9606.ENSP00000264360,0.414,2
9606.ENSP00000355837,0.414,2
9606.ENSP00000412673,0.414,2
9606.ENSP00000290418,0.413,1
9606.ENSP00000245680,0.412,1
9606.ENSP00000274695,0.412,1
9606.ENSP00000250405,0.411,1
9606.ENSP00000402576,0.411,1
9606.ENSP00000399392,0.411,6
9606.ENSP00000498611,0.411,3
9606.ENSP00000370293,0.411,1
9606.ENSP00000281741,0.41,1
9606.ENSP00000328426,0.409,3
9606.ENSP00000353874,0.408,1
9606.ENSP00000350195,0.408,3
9606.ENSP00000352927,0.406,1
9606.ENSP00000363895,0.406,1
9606.ENSP00000234389,0.404,3
9606.ENSP00000495266,0.403,1
9606.ENSP00000381553,0.403,1
9606.ENSP00000390423,0.402,1
9606.ENSP00000358081,0.4,1
9606.ENSP00000489898,0.4,1
9606.ENSP00000473047,0.4,1
9606.ENSP00000339730,0.4,3
9606.ENSP00000223795,0.4,1
9606.ENSP00000263388,0.398,2
9606.ENSP00000477613,0.396,1
9606.ENSP00000316482,0.396,1
9606.ENSP00000440207,0.394,1
9606.ENSP00000282282,0.394,1
9606.ENSP00000354453,0.393,1
9606.ENSP00000317175,0.393,3
9606.ENSP00000469391,0.392,1
9606.ENSP00000265018,0.391,4
9606.ENSP00000364476,0.39,1
9606.ENSP00000304127,0.389,2
9606.ENSP00000264690,0.388,2
9606.ENSP00000221891,0.388,6
9606.ENSP00000254816,0.387,1
9606.ENSP00000331845,0.385,1
9606.ENSP00000280098,0.383,3
9606.ENSP00000368278,0.382,1
9606.ENSP00000356814,0.382,1
9606.ENSP00000332256,0.382,3
9606.ENSP00000276449,0.382,1
9606.ENSP00000370962,0.381,2
9606.ENSP00000498424,0.38,1
9606.ENSP00000356899,0.379,2
9606.ENSP00000480376,0.379,2
9606.ENSP00000478478,0.379,2
9606.ENSP00000233202,0.379,1
9606.ENSP00000373539,0.379,2
9606.ENSP00000434241,0.378,1
9606.ENSP00000337797,0.378,1
9606.ENSP00000453940,0.377,1
9606.ENSP00000320821,0.377,1
9606.ENSP00000479362,0.375,1
9606.ENSP00000333593,0.375,2
9606.ENSP00000488929,0.374,2
9606.ENSP00000295727,0.372,1
9606.ENSP00000341944,0.372,1
9606.ENSP00000381007,0.371,5
9606.ENSP00000303015,0.371,1
9606.ENSP00000390590,0.371,1
9606.ENSP00000388510,0.37,1
9606.ENSP00000380450,0.369,1
9606.ENSP00000298355,0.368,1
9606.ENSP00000243389,0.368,1
9606.ENSP00000295709,0.368,2
9606.ENSP00000395220,0.368,1
9606.ENSP00000268624,0.368,2
9606.ENSP00000258991,0.367,2
9606.ENSP00000378265,0.367,1
9606.ENSP00000450895,0.367,1
9606.ENSP00000290943,0.366,1
9606.ENSP00000330753,0.366,2
9606.ENSP00000306864,0.366,1
9606.ENSP00000328397,0.366,4
9606.ENSP00000386660,0.365,1
9606.ENSP00000244043,0.365,1
9606.ENSP00000496779,0.365,2
9606.ENSP00000357603,0.365,1
9606.ENSP00000385019,0.365,6
9606.ENSP00000489829,0.364,2
9606.ENSP00000356172,0.364,1
9606.ENSP00000427793,0.363,1
9606.ENSP00000276282,0.362,2
9606.ENSP00000445772,0.362,1
9606.ENSP00000384964,0.362,2
9606.ENSP00000233242,0.361,12
9606.ENSP00000361072,0.36,1
9606.ENSP00000363339,0.36,2
9606.ENSP00000269967,0.359,1
9606.ENSP00000411032,0.359,1
9606.ENSP00000448387,0.358,1
9606.ENSP00000352069,0.357,1
9606.ENSP00000272895,0.356,2
9606.ENSP00000483140,0.356,1
9606.ENSP00000317289,0.356,1
9606.ENSP00000497613,0.356,2
9606.ENSP00000308938,0.355,4
9606.ENSP00000297625,0.355,1
9606.ENSP00000329918,0.355,1
9606.ENSP00000338185,0.354,2
9606.ENSP00000498602,0.354,1
9606.ENSP00000419465,0.353,2
9606.ENSP00000484634,0.352,1
9606.ENSP00000449038,0.352,1
9606.ENSP00000468897,0.351,1
9606.ENSP00000423354,0.351,2
9606.ENSP00000318423,0.351,1
9606.ENSP00000324587,0.351,2
9606.ENSP00000496496,0.351,1
9606.ENSP00000312126,0.35,1
9606.ENSP00000468643,0.35,4
9606.ENSP00000385235,0.35,1
9606.ENSP00000415769,0.348,1
9606.ENSP00000468678,0.347,5
9606.ENSP00000324127,0.346,1
9606.ENSP00000256737,0.346,1
9606.ENSP00000421586,0.345,1
9606.ENSP00000370057,0.345,3
9606.ENSP00000295872,0.344,3
9606.ENSP00000348912,0.343,1
9606.ENSP00000362330,0.343,4
9606.ENSP00000301050,0.342,1
9606.ENSP00000474720,0.341,1
9606.ENSP00000318585,0.341,1
9606.ENSP00000327197,0.34,1
9606.ENSP00000371785,0.34,1
9606.ENSP00000258385,0.34,1
9606.ENSP00000243903,0.339,1
9606.ENSP00000483673,0.339,2
9606.ENSP00000381008,0.339,17
9606.ENSP00000293441,0.338,2
9606.ENSP00000413632,0.337,2
9606.ENSP00000306157,0.337,1
9606.ENSP00000276893,0.336,3
9606.ENSP00000262626,0.335,1
9606.ENSP00000265104,0.335,4
9606.ENSP00000355261,0.333,1
9606.ENSP00000364831,0.333,1
9606.ENSP00000368397,0.333,1
9606.ENSP00000378195,0.332,1
9606.ENSP00000365318,0.332,1
9606.ENSP00000381340,0.332,1
9606.ENSP00000483038,0.331,1
9606.ENSP00000356825,0.331,5
9606.ENSP00000483154,0.331,1
9606.ENSP00000441831,0.33,2
9606.ENSP00000380349,0.329,1
9606.ENSP00000493823,0.329,1
9606.ENSP00000313172,0.329,1
9606.ENSP00000263468,0.328,1
9606.ENSP00000410746,0.327,7
9606.ENSP00000335575,0.327,1
9606.ENSP00000440365,0.326,4
9606.ENSP00000377043,0.326,1
9606.ENSP00000373566,0.325,6
9606.ENSP00000251535,0.324,2
9606.ENSP00000355736,0.322,1
9606.ENSP00000493555,0.322,5
9606.ENSP00000265131,0.32,1
9606.ENSP00000303178,0.319,1
9606.ENSP00000302968,0.319,1
9606.ENSP00000364632,0.319,1
9606.ENSP00000365807,0.319,1
9606.ENSP00000358535,0.317,2
9606.ENSP00000287647,0.317,2
9606.ENSP00000272371,0.316,6
9606.ENSP00000333363,0.316,3
9606.ENSP00000395929,0.315,3
9606.ENSP00000313443,0.314,4
9606.ENSP00000341083,0.314,3
9606.ENSP00000501317,0.314,2
9606.ENSP00000234488,0.313,1
9606.ENSP00000451172,0.313,3
9606.ENSP00000240874,0.313,3
9606.ENSP00000355958,0.313,3
9606.ENSP00000434830,0.312,3
9606.ENSP00000222250,0.312,1
9606.ENSP00000402280,0.312,1
9606.ENSP00000441273,0.312,1
9606.ENSP00000377840,0.311,1
9606.ENSP00000487183,0.311,1
9606.ENSP00000310405,0.311,1
9606.ENSP00000258229,0.311,7
9606.ENSP00000355028,0.311,4
9606.ENSP00000334910,0.31,1
9606.ENSP00000438949,0.309,1
9606.ENSP00000401678,0.308,2
9606.ENSP00000320232,0.308,5
9606.ENSP00000380759,0.307,2
9606.ENSP00000299162,0.307,1
9606.ENSP00000453273,0.307,1
9606.ENSP00000354414,0.306,4
9606.ENSP00000386488,0.306,1
9606.ENSP00000479598,0.305,2
9606.ENSP00000381577,0.305,1
9606.ENSP00000354923,0.305,10
9606.ENSP00000254190,0.304,1
9606.ENSP00000271277,0.304,1
9606.ENSP00000302629,0.304,1
9606.ENSP00000263934,0.303,3
9606.ENSP00000333920,0.302,1
9606.ENSP00000312273,0.302,1
9606.ENSP00000290399,0.302,1
9606.ENSP00000262198,0.301,1
9606.ENSP00000357643,0.301,3
9606.ENSP00000252744,0.3,1
9606.ENSP00000370343,0.299,1
9606.ENSP00000394380,0.299,4
9606.ENSP00000355922,0.298,4
9606.ENSP00000266269,0.298,1
9606.ENSP00000379025,0.297,3
9606.ENSP00000309163,0.297,2
9606.ENSP00000480484,0.296,1
9606.ENSP00000343140,0.296,1
9606.ENSP00000334223,0.296,1
9606.ENSP00000337081,0.295,2
9606.ENSP00000442954,0.295,4
9606.ENSP00000386959,0.294,1
9606.ENSP00000484804,0.293,1
9606.ENSP00000373399,0.293,1
9606.ENSP00000427130,0.293,1
9606.ENSP00000324419,0.292,2
9606.ENSP00000351138,0.291,1
9606.ENSP00000321221,0.291,1
9606.ENSP00000383376,0.291,4
9606.ENSP00000323880,0.291,1
9606.ENSP00000220676,0.289,4
9606.ENSP00000358894,0.289,1
9606.ENSP00000366522,0.289,3
9606.ENSP00000221496,0.288,5
9606.ENSP00000371923,0.287,2
9606.ENSP00000478345,0.287,2
9606.ENSP00000390158,0.287,6
9606.ENSP00000358765,0.286,1
9606.ENSP00000365844,0.285,1
9606.ENSP00000485378,0.285,1
9606.ENSP00000389237,0.285,1
9606.ENSP00000368727,0.285,3
9606.ENSP00000421917,0.284,3
9606.ENSP00000273353,0.284,4
9606.ENSP00000261245,0.283,2
9606.ENSP00000007414,0.283,1
9606.ENSP00000220822,0.283,1
9606.ENSP00000356621,0.282,3
9606.ENSP00000311429,0.282,1
9606.ENSP00000371233,0.282,1
9606.ENSP00000317310,0.282,2
9606.ENSP00000360167,0.281,6
9606.ENSP00000302222,0.281,4
9606.ENSP00000385675,0.28,1
9606.ENSP00000267328,0.279,1
9606.ENSP00000369774,0.279,4
9606.ENSP00000353393,0.279,1
9606.ENSP00000365441,0.279,4
9606.ENSP00000351416,0.278,2
9606.ENSP00000298282,0.278,1
9606.ENSP00000296051,0.277,2
9606.ENSP00000481859,0.277,2
9606.ENSP00000309501,0.277,1
9606.ENSP00000308179,0.277,1
9606.ENSP00000498215,0.276,1
9606.ENSP00000322956,0.276,1
9606.ENSP00000365024,0.276,1
9606.ENSP00000307508,0.275,1
9606.ENSP00000266025,0.275,4
9606.ENSP00000437872,0.275,2
9606.ENSP00000327513,0.274,2
9606.ENSP00000323300,0.274,4
9606.ENSP00000367356,0.273,2
9606.ENSP00000338013,0.272,2
9606.ENSP00000427679,0.271,1
9606.ENSP00000379057,0.271,1
9606.ENSP00000381272,0.271,1
9606.ENSP00000367315,0.27,2
9606.ENSP00000352111,0.27,3
9606.ENSP00000343064,0.27,3
9606.ENSP00000418525,0.27,1
9606.ENSP00000480318,0.268,1
9606.ENSP00000356265,0.268,7
9606.ENSP00000454407,0.268,2
9606.ENSP00000296473,0.267,1
9606.ENSP00000249330,0.267,4
9606.ENSP00000371729,0.267,6
9606.ENSP00000417277,0.266,1
9606.ENSP00000233826,0.266,2
9606.ENSP00000467286,0.266,4
9606.ENSP00000342818,0.265,4
9606.ENSP00000284322,0.265,1
9606.ENSP00000421489,0.265,1
9606.ENSP00000373700,0.265,3
9606.ENSP00000369755,0.264,1
9606.ENSP00000431418,0.263,1
9606.ENSP00000382140,0.263,3
9606.ENSP00000252826,0.263,1
9606.ENSP00000280606,0.263,1
9606.ENSP00000254323,0.262,1
9606.ENSP00000419313,0.262,1
9606.ENSP00000348349,0.262,2
9606.ENSP00000314556,0.262,2
9606.ENSP00000372955,0.261,1
9606.ENSP00000376204,0.261,2
9606.ENSP00000347712,0.26,1
9606.ENSP00000300213,0.26,1
9606.ENSP00000447931,0.259,4
9606.ENSP00000385523,0.259,1
9606.ENSP00000353717,0.259,2
9606.ENSP00000339004,0.259,1
9606.ENSP00000360120,0.259,2
9606.ENSP00000440402,0.258,2
9606.ENSP00000417061,0.258,2
9606.ENSP00000376534,0.257,2
9606.ENSP00000429190,0.257,1
9606.ENSP00000339577,0.257,2
9606.ENSP00000265806,0.257,1
9606.ENSP00000370128,0.256,2
9606.ENSP00000448047,0.256,1
9606.ENSP00000369198,0.254,1
9606.ENSP00000237455,0.253,3
9606.ENSP00000417138,0.253,2
9606.ENSP00000298119,0.252,1
9606.ENSP00000304956,0.252,2
9606.ENSP00000311579,0.251,2
9606.ENSP00000293725,0.251,4
9606.ENSP00000354995,0.251,1
9606.ENSP00000313500,0.25,1
9606.ENSP00000479745,0.25,2
9606.ENSP00000472118,0.25,2
9606.ENSP00000421861,0.25,2
9606.ENSP00000468153,0.249,5
9606.ENSP00000282003,0.249,2
9606.ENSP00000347821,0.249,1
9606.ENSP00000281321,0.248,2
9606.ENSP00000363417,0.247,2
9606.ENSP00000295900,0.247,1
9606.ENSP00000406482,0.246,6
9606.ENSP00000364023,0.246,1
9606.ENSP00000422185,0.246,3
9606.ENSP00000303540,0.245,2
9606.ENSP00000265276,0.245,2
9606.ENSP00000341565,0.245,3
9606.ENSP00000292928,0.245,5
9606.ENSP00000291582,0.244,1
9606.ENSP00000217188,0.244,1
9606.ENSP00000256190,0.244,3
9606.ENSP00000342169,0.244,2
9606.ENSP00000261609,0.243,9
9606.ENSP00000480157,0.243,2
9606.ENSP00000363868,0.242,1
9606.ENSP00000350874,0.242,1
9606.ENSP00000367913,0.242,2
9606.ENSP00000416002,0.241,1
9606.ENSP00000438388,0.241,2
9606.ENSP00000376703,0.241,2
9606.ENSP00000219406,0.241,5
9606.ENSP00000330633,0.24,1
9606.ENSP00000442563,0.24,6
9606.ENSP00000444136,0.24,1
9606.ENSP00000249044,0.239,2
9606.ENSP00000266376,0.239,4
9606.ENSP00000398211,0.239,2
9606.ENSP00000385428,0.239,1
9606.ENSP00000305373,0.238,5
9606.ENSP00000342974,0.238,4
9606.ENSP00000329056,0.237,1
9606.ENSP00000305077,0.237,4
9606.ENSP00000445595,0.236,1
9606.ENSP00000284629,0.236,1
9606.ENSP00000293404,0.236,1
9606.ENSP00000458762,0.235,1
9606.ENSP00000372351,0.235,1
9606.ENSP00000380911,0.235,1
9606.ENSP00000312706,0.234,1
9606.ENSP00000357869,0.233,3
9606.ENSP00000349147,0.233,2
9606.ENSP00000264229,0.233,2
9606.ENSP00000367638,0.233,1
9606.ENSP00000159087,0.233,1
9606.ENSP00000238789,0.233,1
9606.ENSP00000478298,0.233,1
9606.ENSP00000340514,0.232,4
9606.ENSP00000357206,0.232,2
9606.ENSP00000393392,0.232,1
9606.ENSP00000354483,0.231,2
9606.ENSP00000425394,0.231,1
9606.ENSP00000384040,0.231,3
9606.ENSP00000290607,0.231,4
9606.ENSP00000338964,0.231,2
9606.ENSP00000368173,0.231,2
9606.ENSP00000407118,0.229,1
9606.ENSP00000357069,0.229,1
9606.ENSP00000465121,0.228,1
9606.ENSP00000439585,0.228,1
9606.ENSP00000362018,0.228,1
9606.ENSP00000479071,0.227,1
9606.ENSP00000424226,0.226,4
9606.ENSP00000352882,0.226,3
9606.ENSP00000265148,0.226,6
9606.ENSP00000369604,0.226,1
9606.ENSP00000374490,0.226,4
9606.ENSP00000355551,0.226,2
9606.ENSP00000380840,0.226,4
9606.ENSP00000404127,0.226,4
9606.ENSP00000358519,0.225,1
9606.ENSP00000289166,0.225,1
9606.ENSP00000355237,0.225,2
9606.ENSP00000379176,0.225,1
9606.ENSP00000350224,0.225,2
9606.ENSP00000267116,0.224,1
9606.ENSP00000324856,0.224,1
9606.ENSP00000360329,0.224,1
9606.ENSP00000299164,0.224,2
9606.ENSP00000355927,0.224,1
9606.ENSP00000310928,0.224,1
9606.ENSP00000378690,0.224,1
9606.ENSP00000358210,0.223,1
9606.ENSP00000288139,0.223,4
9606.ENSP00000268125,0.223,2
9606.ENSP00000266041,0.222,2
9606.ENSP00000345395,0.222,5
9606.ENSP00000491655,0.221,1
9606.ENSP00000367705,0.221,3
9606.ENSP00000349396,0.22,2
9606.ENSP00000335437,0.22,4
9606.ENSP00000343838,0.22,1
9606.ENSP00000402723,0.22,2
9606.ENSP00000291547,0.219,1
9606.ENSP00000261180,0.218,1
9606.ENSP00000321179,0.218,1
9606.ENSP00000380559,0.218,2
9606.ENSP00000482599,0.218,1
9606.ENSP00000356607,0.218,1
9606.ENSP00000325836,0.218,1
9606.ENSP00000357909,0.217,1
9606.ENSP00000344162,0.217,4
9606.ENSP00000398655,0.217,1
9606.ENSP00000327251,0.217,1
9606.ENSP00000482202,0.217,1
9606.ENSP00000250615,0.216,1
9606.ENSP00000378089,0.216,1
9606.ENSP00000217026,0.216,1
9606.ENSP00000258080,0.215,1
9606.ENSP00000358001,0.215,6
9606.ENSP00000243878,0.215,1
9606.ENSP00000370912,0.214,1
9606.ENSP00000264198,0.214,1
9606.ENSP00000361473,0.214,3
9606.ENSP00000355925,0.214,1
9606.ENSP00000362479,0.214,6
9606.ENSP00000424757,0.214,1
9606.ENSP00000353942,0.213,1
9606.ENSP00000376457,0.213,2
9606.ENSP00000264956,0.212,4
9606.ENSP00000417601,0.212,2
9606.ENSP00000387007,0.211,1
9606.ENSP00000261590,0.211,2
9606.ENSP00000364919,0.21,1
9606.ENSP00000328228,0.21,2
9606.ENSP00000316338,0.21,1
9606.ENSP00000358495,0.21,2
9606.ENSP00000344729,0.21,1
9606.ENSP00000476145,0.21,2
9606.ENSP00000455826,0.21,1
9606.ENSP00000261707,0.209,1
9606.ENSP00000239367,0.209,2
9606.ENSP00000435389,0.209,1
9606.ENSP00000264712,0.209,1
9606.ENSP00000337816,0.209,1
9606.ENSP00000366182,0.208,1
9606.ENSP00000418875,0.208,4
9606.ENSP00000326598,0.208,4
9606.ENSP00000358120,0.208,1
9606.ENSP00000367950,0.208,2
9606.ENSP00000380421,0.208,4
9606.ENSP00000299492,0.207,4
9606.ENSP00000292841,0.207,2
9606.ENSP00000299798,0.207,1
9606.ENSP00000442795,0.207,1
9606.ENSP00000264601,0.207,1
9606.ENSP00000346768,0.206,1
9606.ENSP00000263702,0.206,1
9606.ENSP00000451162,0.205,2
9606.ENSP00000333660,0.205,5
9606.ENSP00000306340,0.205,1
9606.ENSP00000257336,0.205,1
9606.ENSP00000493790,0.205,1
9606.ENSP00000371291,0.204,1
9606.ENSP00000252338,0.204,1
9606.ENSP00000270645,0.204,4
9606.ENSP00000465759,0.204,1
9606.ENSP00000390630,0.203,1
9606.ENSP00000479326,0.203,1
9606.ENSP00000349568,0.203,2
9606.ENSP00000299871,0.203,2
9606.ENSP00000361048,0.202,2
9606.ENSP00000483386,0.202,1
9606.ENSP00000265967,0.202,1
9606.ENSP00000419834,0.201,2
9606.ENSP00000361027,0.201,1
9606.ENSP00000311521,0.2,4
9606.ENSP00000370222,0.199,1
9606.ENSP00000354622,0.199,1
9606.ENSP00000381758,0.199,2
9606.ENSP00000231121,0.199,1
9606.ENSP00000260810,0.199,1
9606.ENSP00000296266,0.199,1
9606.ENSP00000319053,0.198,4
9606.ENSP00000392028,0.198,3
9606.ENSP00000362525,0.198,1
9606.ENSP00000354583,0.198,1
9606.ENSP00000302455,0.198,2
9606.ENSP00000362549,0.197,1
9606.ENSP00000368007,0.197,1
9606.ENSP00000464231,0.197,1
9606.ENSP00000228741,0.197,1
9606.ENSP00000410186,0.197,5
9606.ENSP00000379964,0.197,1
9606.ENSP00000347649,0.197,2
9606.ENSP00000383851,0.197,1
9606.ENSP00000368314,0.197,1
9606.ENSP00000364526,0.196,1
9606.ENSP00000343633,0.196,1
9606.ENSP00000363533,0.196,1
9606.ENSP00000460825,0.196,1
9606.ENSP00000261588,0.196,1
9606.ENSP00000496564,0.196,2
9606.ENSP00000491257,0.195,1
9606.ENSP00000342637,0.195,2
9606.ENSP00000398789,0.195,1
9606.ENSP00000349768,0.195,3
9606.ENSP00000390394,0.195,4
9606.ENSP00000313933,0.194,1
9606.ENSP00000384290,0.194,3
9606.ENSP00000347792,0.194,1
9606.ENSP00000353344,0.194,1
9606.ENSP00000380256,0.194,1
9606.ENSP00000363921,0.193,1
9606.ENSP00000445381,0.193,2
9606.ENSP00000334379,0.193,4
9606.ENSP00000381498,0.192,1
9606.ENSP00000266058,0.192,1
9606.ENSP00000282041,0.192,2
9606.ENSP00000339299,0.191,3
9606.ENSP00000359353,0.191,1
9606.ENSP00000206423,0.191,1
9606.ENSP00000368079,0.191,1
9606.ENSP00000498700,0.19,1
9606.ENSP00000397297,0.19,2
9606.ENSP00000334418,0.189,1
9606.ENSP00000310565,0.189,1
9606.ENSP00000356940,0.188,1
9606.ENSP00000359864,0.188,2
9606.ENSP00000317971,0.188,3
9606.ENSP00000492902,0.187,1
9606.ENSP00000356936,0.187,1
9606.ENSP00000353332,0.187,1
9606.ENSP00000451812,0.187,1
9606.ENSP00000231706,0.187,2
9606.ENSP00000443133,0.187,2
9606.ENSP00000286355,0.186,2
9606.ENSP00000332034,0.186,1
9606.ENSP00000379228,0.186,1
9606.ENSP00000263578,0.186,1
9606.ENSP00000289004,0.184,1
9606.ENSP00000389072,0.184,1
9606.ENSP00000326581,0.184,1
9606.ENSP00000477999,0.184,2
9606.ENSP00000330658,0.183,1
9606.ENSP00000255977,0.183,1
9606.ENSP00000315731,0.183,1
9606.ENSP00000386503,0.183,1
9606.ENSP00000394352,0.182,2
9606.ENSP00000358532,0.182,1
9606.ENSP00000354916,0.181,3
9606.ENSP00000303696,0.181,4
9606.ENSP00000320025,0.18,1
9606.ENSP00000340004,0.18,4
9606.ENSP00000360966,0.18,1
9606.ENSP00000261883,0.18,4
9606.ENSP00000404122,0.18,2
9606.ENSP00000293879,0.18,1
9606.ENSP00000257290,0.179,2
9606.ENSP00000426421,0.179,1
9606.ENSP00000273962,0.179,1
9606.ENSP00000386200,0.179,1
9606.ENSP00000254722,0.179,2
9606.ENSP00000353854,0.179,1
9606.ENSP00000467723,0.179,4
9606.ENSP00000322545,0.178,5
9606.ENSP00000373304,0.178,1
9606.ENSP00000284509,0.178,1
9606.ENSP00000445688,0.178,1
9606.ENSP00000481626,0.178,1
9606.ENSP00000385143,0.178,1
9606.ENSP00000344432,0.176,2
9606.ENSP00000501265,0.176,1
9606.ENSP00000364164,0.176,1
9606.ENSP00000461830,0.176,1
9606.ENSP00000492905,0.176,1
9606.ENSP00000484687,0.176,1
9606.ENSP00000380999,0.175,4
9606.ENSP00000244333,0.175,4
9606.ENSP00000308578,0.175,1
9606.ENSP00000322649,0.174,1
9606.ENSP00000449629,0.174,2
9606.ENSP00000479449,0.174,4
9606.ENSP00000254442,0.174,4
9606.ENSP00000221980,0.173,1
9606.ENSP00000369921,0.173,2
9606.ENSP00000428746,0.172,3
9606.ENSP00000006526,0.171,2
9606.ENSP00000376178,0.171,1
9606.ENSP00000324403,0.171,1
9606.ENSP00000357345,0.171,1
9606.ENSP00000491450,0.17,2
9606.ENSP00000314407,0.17,1
9606.ENSP00000371116,0.17,1
9606.ENSP00000384708,0.17,1
9606.ENSP00000406012,0.17,1
9606.ENSP00000414390,0.17,1
9606.ENSP00000386543,0.17,1
9606.ENSP00000371607,0.169,1
9606.ENSP00000345491,0.169,6
9606.ENSP00000384582,0.168,6
9606.ENSP00000248643,0.168,1
9606.ENSP00000317027,0.168,1
9606.ENSP00000409318,0.168,1
9606.ENSP00000495537,0.168,2
9606.ENSP00000362179,0.168,2
9606.ENSP00000296755,0.168,2
9606.ENSP00000265459,0.167,1
9606.ENSP00000402510,0.167,1
9606.ENSP00000263674,0.167,1
9606.ENSP00000373752,0.167,1
9606.ENSP00000348419,0.167,4
9606.ENSP00000366827,0.167,4
9606.ENSP00000355924,0.166,1
9606.ENSP00000352299,0.166,1
9606.ENSP00000498589,0.166,4
9606.ENSP00000226247,0.166,1
9606.ENSP00000493354,0.165,1
9606.ENSP00000334068,0.165,1
9606.ENSP00000265843,0.165,2
9606.ENSP00000303634,0.165,1
9606.ENSP00000379208,0.164,4
9606.ENSP00000343288,0.164,1
9606.ENSP00000341045,0.164,1
9606.ENSP00000440464,0.164,4
9606.ENSP00000340683,0.163,4
9606.ENSP00000490609,0.163,1
9606.ENSP00000339767,0.163,4
9606.ENSP00000325296,0.162,2
9606.ENSP00000308944,0.162,1
9606.ENSP00000386213,0.162,1
9606.ENSP00000206595,0.162,1
9606.ENSP00000361663,0.162,1
9606.ENSP00000287996,0.162,1
9606.ENSP00000378557,0.162,2
9606.ENSP00000483599,0.161,1
9606.ENSP00000242804,0.161,4
9606.ENSP00000474385,0.161,1
9606.ENSP00000420616,0.161,1
9606.ENSP00000347454,0.161,1
9606.ENSP00000395738,0.16,1
9606.ENSP00000320401,0.16,1
9606.ENSP00000384484,0.16,4
9606.ENSP00000383840,0.16,1
9606.ENSP00000320794,0.16,1
9606.ENSP00000286031,0.159,1
9606.ENSP00000500986,0.159,1
9606.ENSP00000355384,0.159,2
9606.ENSP00000301067,0.158,5
9606.ENSP00000261374,0.158,1
9606.ENSP00000366923,0.158,1
9606.ENSP00000485659,0.158,1
9606.ENSP00000360431,0.157,3
9606.ENSP00000354213,0.157,1
9606.ENSP00000469591,0.157,1
9606.ENSP00000363193,0.156,2
9606.ENSP00000427123,0.156,3
9606.ENSP00000412886,0.156,1
9606.ENSP00000432586,0.156,1
9606.ENSP00000345001,0.156,1
9606.ENSP00000358142,0.155,1
9606.ENSP00000354777,0.155,1
9606.ENSP00000285805,0.154,1
9606.ENSP00000369816,0.154,4
9606.ENSP00000388864,0.154,1
9606.ENSP00000356470,0.154,3
9606.ENSP00000478104,0.154,1
9606.ENSP00000297848,0.154,1
9606.ENSP00000354085,0.154,2
9606.ENSP00000498934,0.154,2
9606.ENSP00000306390,0.154,1
9606.ENSP00000345193,0.154,1
9606.ENSP00000349320,0.153,1
9606.ENSP00000284601,0.153,1
9606.ENSP00000478179,0.153,1
9606.ENSP00000424565,0.153,1
9606.ENSP00000265334,0.153,1
9606.ENSP00000366340,0.152,1
9606.ENSP00000350630,0.152,1
9606.ENSP00000386807,0.152,2
9606.ENSP00000418647,0.152,1
9606.ENSP00000356674,0.152,1
9606.ENSP00000291900,0.152,1
9606.ENSP00000345716,0.151,1
9606.ENSP00000284110,0.151,1
9606.ENSP00000479773,0.151,2
9606.ENSP00000356581,0.151,1
9606.ENSP00000334853,0.151,4
9606.ENSP00000327738,0.151,1
9606.ENSP00000341819,0.15,1
9606.ENSP00000440982,0.15,3
9606.ENSP00000358886,0.15,2
9606.ENSP00000261837,0.15,1
9606.ENSP00000222511,0.149,2
9606.ENSP00000330442,0.149,2
9606.ENSP00000276185,0.149,1
9606.ENSP00000345751,0.149,1
9606.ENSP00000320815,0.149,1
9606.ENSP00000259365,0.148,1
9606.ENSP00000482396,0.148,1
9606.ENSP00000458355,0.147,4
9606.ENSP00000253115,0.147,4
9606.ENSP00000259467,0.147,1
9606.ENSP00000444628,0.147,1
9606.ENSP00000493691,0.146,2
9606.ENSP00000324763,0.146,4
9606.ENSP00000361120,0.146,2
9606.ENSP00000318615,0.146,1
9606.ENSP00000480439,0.146,1
9606.ENSP00000490806,0.146,2
9606.ENSP00000432016,0.145,2
9606.ENSP00000326301,0.145,1
9606.ENSP00000361397,0.145,1
9606.ENSP00000340776,0.144,1
9606.ENSP00000225276,0.144,1
9606.ENSP00000495481,0.144,4
9606.ENSP00000435550,0.144,1
9606.ENSP00000257934,0.144,6
9606.ENSP00000497585,0.143,1
9606.ENSP00000267853,0.143,1
9606.ENSP00000282292,0.143,1
9606.ENSP00000262940,0.143,3
9606.ENSP00000371126,0.143,1
9606.ENSP00000293761,0.142,1
9606.ENSP00000380321,0.142,1
9606.ENSP00000351346,0.141,4
9606.ENSP00000407521,0.141,1
9606.ENSP00000295317,0.141,1
9606.ENSP00000404991,0.14,1
9606.ENSP00000330606,0.14,1
9606.ENSP00000461032,0.14,4
9606.ENSP00000316881,0.14,2
9606.ENSP00000451998,0.139,2
9606.ENSP00000423660,0.139,1
9606.ENSP00000376110,0.139,1
9606.ENSP00000437590,0.138,4
9606.ENSP00000438526,0.138,1
9606.ENSP00000462980,0.138,1
9606.ENSP00000428968,0.138,1
9606.ENSP00000450607,0.138,2
9606.ENSP00000394623,0.138,1
9606.ENSP00000498410,0.137,4
9606.ENSP00000369989,0.137,1
9606.ENSP00000301547,0.137,4
9606.ENSP00000403802,0.137,1
9606.ENSP00000484803,0.137,1
9606.ENSP00000385886,0.137,1
9606.ENSP00000279441,0.137,1
9606.ENSP00000300231,0.136,1
9606.ENSP00000437271,0.136,2
9606.ENSP00000253719,0.136,1
9606.ENSP00000302530,0.136,2
9606.ENSP00000234831,0.136,1
9606.ENSP00000495965,0.136,1
9606.ENSP00000401947,0.135,1
9606.ENSP00000251864,0.135,1
9606.ENSP00000358582,0.135,3
9606.ENSP00000381034,0.134,1
9606.ENSP00000251119,0.134,2
9606.ENSP00000266505,0.134,1
9606.ENSP00000438264,0.133,1
9606.ENSP00000482325,0.133,1
9606.ENSP00000366826,0.133,1
9606.ENSP00000385899,0.133,1
9606.ENSP00000386248,0.133,1
9606.ENSP00000417235,0.132,1
9606.ENSP00000346599,0.132,1
9606.ENSP00000245105,0.132,1
9606.ENSP00000321334,0.132,4
9606.ENSP00000351015,0.132,2
9606.ENSP00000220616,0.131,2
9606.ENSP00000253262,0.131,1
9606.ENSP00000367794,0.131,4
9606.ENSP00000392024,0.131,4
9606.ENSP00000265728,0.131,1
9606.ENSP00000364839,0.131,2
9606.ENSP00000364000,0.131,1
9606.ENSP00000312506,0.131,2
9606.ENSP00000291890,0.131,1
9606.ENSP00000465776,0.131,1
9606.ENSP00000477695,0.13,1
9606.ENSP00000293190,0.13,1
9606.ENSP00000500237,0.129,4
9606.ENSP00000349891,0.129,1
9606.ENSP00000371532,0.129,1
9606.ENSP00000266014,0.129,1
9606.ENSP00000236925,0.129,1
9606.ENSP00000421339,0.129,1
9606.ENSP00000467141,0.129,20
9606.ENSP00000355988,0.129,1
9606.ENSP00000247815,0.129,3
9606.ENSP00000375822,0.128,1
9606.ENSP00000474725,0.128,1
9606.ENSP00000338783,0.128,2
9606.ENSP00000385163,0.128,1
9606.ENSP00000494147,0.128,1
9606.ENSP00000297814,0.128,1
9606.ENSP00000335463,0.127,4
9606.ENSP00000276218,0.127,1
9606.ENSP00000338927,0.127,1
9606.ENSP00000343377,0.126,1
9606.ENSP00000295728,0.126,1
9606.ENSP00000383115,0.126,1
9606.ENSP00000483720,0.125,1
9606.ENSP00000340474,0.125,1
9606.ENSP00000445492,0.125,1
9606.ENSP00000233838,0.124,1
9606.ENSP00000359630,0.124,1
9606.ENSP00000304268,0.124,1
9606.ENSP00000070846,0.124,6
9606.ENSP00000305941,0.124,8
9606.ENSP00000341942,0.124,1
9606.ENSP00000374273,0.124,2
9606.ENSP00000268676,0.123,1
9606.ENSP00000370710,0.123,1
9606.ENSP00000324203,0.123,1
9606.ENSP00000351422,0.122,2
9606.ENSP00000254260,0.122,1
9606.ENSP00000396345,0.122,2
9606.ENSP00000482968,0.122,2
9606.ENSP00000264399,0.122,1
9606.ENSP00000306522,0.122,1
9606.ENSP00000436004,0.122,1
9606.ENSP00000331831,0.122,1
9606.ENSP00000358310,0.121,1
9606.ENSP00000295488,0.121,1
9606.ENSP00000383178,0.121,1
9606.ENSP00000493124,0.121,1
9606.ENSP00000358677,0.121,1
9606.ENSP00000046087,0.121,1
9606.ENSP00000462879,0.12,1
9606.ENSP00000290039,0.12,1
9606.ENSP00000450244,0.12,1
9606.ENSP00000365256,0.12,1
9606.ENSP00000436424,0.12,1
9606.ENSP00000405289,0.12,4
9606.ENSP00000382390,0.119,3
9606.ENSP00000359292,0.119,1
9606.ENSP00000331242,0.119,1
9606.ENSP00000490245,0.119,1
9606.ENSP00000319305,0.119,1
9606.ENSP00000260323,0.119,3
9606.ENSP00000312326,0.119,1
9606.ENSP00000322801,0.119,1
9606.ENSP00000271835,0.118,1
9606.ENSP00000403768,0.118,1
9606.ENSP00000349945,0.118,1
9606.ENSP00000364550,0.118,1
9606.ENSP00000362485,0.118,1
9606.ENSP00000328983,0.118,2
9606.ENSP00000376686,0.118,1
9606.ENSP00000354377,0.117,1
9606.ENSP00000235372,0.117,2
9606.ENSP00000340519,0.117,1
9606.ENSP00000402797,0.117,1
9606.ENSP00000350576,0.117,4
9606.ENSP00000294339,0.117,1
9606.ENSP00000379174,0.117,1
9606.ENSP00000355771,0.116,1
9606.ENSP00000359446,0.116,1
9606.ENSP00000256858,0.116,2
9606.ENSP00000469981,0.116,1
9606.ENSP00000381430,0.115,1
9606.ENSP00000358994,0.115,2
9606.ENSP00000264824,0.115,1
9606.ENSP00000261254,0.115,1
9606.ENSP00000307297,0.114,1
9606.ENSP00000289272,0.114,1
9606.ENSP00000261726,0.114,2
9606.ENSP00000479735,0.114,1
9606.ENSP00000171887,0.114,1
9606.ENSP00000403441,0.114,1
9606.ENSP00000399229,0.114,1
9606.ENSP00000392206,0.113,1
9606.ENSP00000396085,0.113,1
9606.ENSP00000039007,0.113,1
9606.ENSP00000259895,0.113,1
9606.ENSP00000382204,0.113,1
9606.ENSP00000264674,0.113,1
9606.ENSP00000376930,0.113,1
9606.ENSP00000477716,0.113,1
9606.ENSP00000347915,0.113,2
9606.ENSP00000401477,0.113,2
9606.ENSP00000045083,0.112,1
9606.ENSP00000398837,0.112,4
9606.ENSP00000282296,0.112,1
9606.ENSP00000159111,0.112,1
9606.ENSP00000376865,0.112,2
9606.ENSP00000250024,0.112,1
9606.ENSP00000479811,0.112,1
9606.ENSP00000335017,0.112,1
9606.ENSP00000258886,0.112,1
9606.ENSP00000355114,0.112,1
9606.ENSP00000332788,0.111,1
9606.ENSP00000490032,0.111,1
9606.ENSP00000339823,0.111,4
9606.ENSP00000224721,0.111,2
9606.ENSP00000252032,0.11,1
9606.ENSP00000256999,0.11,1
9606.ENSP00000369725,0.11,1
9606.ENSP00000374409,0.11,1
9606.ENSP00000295797,0.11,1
9606.ENSP00000470746,0.11,1
9606.ENSP00000500374,0.109,1
9606.ENSP00000357265,0.109,2
9606.ENSP00000339182,0.109,1
9606.ENSP00000357669,0.109,6
9606.ENSP00000394770,0.109,7
9606.ENSP00000373215,0.109,2
9606.ENSP00000437849,0.108,1
9606.ENSP00000300896,0.108,1
9606.ENSP00000303490,0.108,1
9606.ENSP00000493298,0.108,1
9606.ENSP00000366939,0.108,1
9606.ENSP00000392513,0.108,1
9606.ENSP00000363207,0.108,1
9606.ENSP00000175238,0.107,1
9606.ENSP00000298532,0.107,4
9606.ENSP00000426354,0.107,1
9606.ENSP00000268070,0.105,1
9606.ENSP00000334002,0.105,1
9606.ENSP00000272203,0.105,2
9606.ENSP00000298910,0.105,2
9606.ENSP00000265195,0.104,1
9606.ENSP00000353249,0.104,1
9606.ENSP00000199447,0.104,1
9606.ENSP00000337368,0.103,1
9606.ENSP00000336127,0.103,2
9606.ENSP00000217086,0.103,1
9606.ENSP00000349588,0.103,2
9606.ENSP00000492892,0.102,1
9606.ENSP00000321498,0.102,1
9606.ENSP00000301318,0.102,4
9606.ENSP00000357966,0.102,1
9606.ENSP00000322408,0.102,2
9606.ENSP00000343479,0.102,1
9606.ENSP00000491504,0.101,1
9606.ENSP00000254657,0.101,1
9606.ENSP00000387266,0.101,1
9606.ENSP00000307634,0.101,1
9606.ENSP00000378784,0.1,1
9606.ENSP00000379226,0.1,2
9606.ENSP00000403954,0.1,2
9606.ENSP00000251269,0.1,1
9606.ENSP00000338629,0.1,1
9606.ENSP00000303830,0.1,1
9606.ENSP00000263317,0.1,2
9606.ENSP00000284669,0.1,1
9606.ENSP00000348314,0.1,1
9606.ENSP00000299001,0.1,1
9606.ENSP00000366314,0.1,1
9606.ENSP00000156626,0.099,1
9606.ENSP00000324920,0.099,1
9606.ENSP00000278550,0.099,2
9606.ENSP00000454012,0.099,1
9606.ENSP00000419377,0.098,4
9606.ENSP00000286063,0.098,1
9606.ENSP00000360526,0.098,2
9606.ENSP00000333938,0.098,1
9606.ENSP00000386181,0.098,2
9606.ENSP00000225719,0.098,1
9606.ENSP00000420727,0.098,1
9606.ENSP00000436042,0.097,1
9606.ENSP00000436812,0.097,5
9606.ENSP00000496870,0.097,1
9606.ENSP00000478561,0.097,1
9606.ENSP00000422591,0.096,1
9606.ENSP00000351484,0.096,2
9606.ENSP00000362776,0.096,1
9606.ENSP00000353331,0.096,1
9606.ENSP00000370519,0.096,1
9606.ENSP00000482119,0.096,1
9606.ENSP00000482410,0.096,1
9606.ENSP00000377428,0.096,2
9606.ENSP00000312411,0.095,1
9606.ENSP00000398076,0.095,1
9606.ENSP00000497249,0.095,1
9606.ENSP00000366582,0.095,2
9606.ENSP00000364464,0.095,1
9606.ENSP00000386190,0.094,1
9606.ENSP00000329846,0.094,1
9606.ENSP00000397679,0.094,2
9606.ENSP00000330338,0.094,1
9606.ENSP00000363524,0.094,1
9606.ENSP00000458570,0.093,1
9606.ENSP00000378611,0.093,1
9606.ENSP00000348089,0.092,2
9606.ENSP00000495242,0.092,3
9606.ENSP00000402584,0.092,1
9606.ENSP00000318716,0.092,1
9606.ENSP00000326708,0.092,3
9606.ENSP00000294964,0.092,1
9606.ENSP00000334941,0.092,1
9606.ENSP00000360583,0.091,1
9606.ENSP00000481127,0.091,1
9606.ENSP00000364389,0.091,1
9606.ENSP00000250076,0.091,1
9606.ENSP00000266383,0.091,1
9606.ENSP00000262189,0.091,2
9606.ENSP00000272322,0.09,1
9606.ENSP00000442982,0.09,1
9606.ENSP00000358400,0.09,2
9606.ENSP00000499021,0.09,1
9606.ENSP00000333813,0.089,1
9606.ENSP00000257430,0.089,1
9606.ENSP00000346151,0.089,3
9606.ENSP00000378063,0.089,1
9606.ENSP00000499069,0.089,1
9606.ENSP00000354006,0.088,2
9606.ENSP00000349577,0.088,1
9606.ENSP00000351310,0.087,3
9606.ENSP00000252999,0.087,2
9606.ENSP00000336524,0.087,1
9606.ENSP00000498499,0.086,1
9606.ENSP00000303468,0.085,1
9606.ENSP00000342188,0.085,1
9606.ENSP00000234739,0.085,1
9606.ENSP00000288135,0.084,4
9606.ENSP00000455566,0.084,1
9606.ENSP00000443113,0.084,1
9606.ENSP00000400365,0.083,1
9606.ENSP00000351190,0.083,1
9606.ENSP00000312767,0.083,1
9606.ENSP00000298050,0.083,1
9606.ENSP00000484342,0.083,1
9606.ENSP00000357169,0.082,1
9606.ENSP00000222345,0.082,2
9606.ENSP00000493190,0.081,1
9606.ENSP00000497679,0.081,1
9606.ENSP00000406191,0.081,2
9606.ENSP00000426070,0.081,1
9606.ENSP00000340688,0.081,1
9606.ENSP00000305302,0.081,2
9606.ENSP00000255224,0.081,1
9606.ENSP00000417710,0.08,1
9606.ENSP00000439250,0.08,1
9606.ENSP00000257749,0.08,1
9606.ENSP00000350856,0.08,1
9606.ENSP00000384084,0.08,1
9606.ENSP00000344758,0.08,2
9606.ENSP00000299687,0.08,1
9606.ENSP00000314484,0.08,1
9606.ENSP00000378504,0.079,1
9606.ENSP00000496731,0.079,1
9606.ENSP00000261336,0.079,1
9606.ENSP00000287380,0.079,1
9606.ENSP00000411242,0.078,1
9606.ENSP00000291182,0.078,1
9606.ENSP00000424737,0.078,4
9606.ENSP00000260184,0.078,1
9606.ENSP00000228705,0.078,1
9606.ENSP00000493338,0.078,1
9606.ENSP00000335060,0.078,1
9606.ENSP00000488696,0.077,1
9606.ENSP00000441032,0.077,1
9606.ENSP00000369325,0.077,1
9606.ENSP00000263093,0.077,1
9606.ENSP00000317997,0.077,2
9606.ENSP00000427882,0.077,3
9606.ENSP00000322570,0.077,1
9606.ENSP00000161559,0.077,1
9606.ENSP00000260128,0.077,1
9606.ENSP00000338766,0.077,1
9606.ENSP00000400252,0.077,1
9606.ENSP00000254166,0.076,2
9606.ENSP00000275560,0.076,1
9606.ENSP00000302978,0.076,1
9606.ENSP00000405405,0.076,2
9606.ENSP00000342755,0.076,1
9606.ENSP00000313699,0.075,1
9606.ENSP00000361995,0.075,1
9606.ENSP00000324648,0.075,2
9606.ENSP00000282869,0.075,1
9606.ENSP00000482950,0.075,1
9606.ENSP00000286744,0.075,1
9606.ENSP00000394484,0.074,2
9606.ENSP00000313034,0.074,1
9606.ENSP00000424725,0.074,1
9606.ENSP00000397655,0.074,1
9606.ENSP00000479266,0.074,1
9606.ENSP00000261799,0.074,2
9606.ENSP00000261205,0.074,1
9606.ENSP00000445135,0.074,1
9606.ENSP00000370896,0.074,1
9606.ENSP00000452948,0.074,1
9606.ENSP00000274532,0.074,1
9606.ENSP00000304945,0.074,1
9606.ENSP00000419652,0.073,1
9606.ENSP00000377086,0.073,1
9606.ENSP00000387228,0.073,1
9606.ENSP00000323047,0.073,1
9606.ENSP00000356237,0.073,1
9606.ENSP00000311684,0.072,2
9606.ENSP00000401907,0.072,2
9606.ENSP00000353007,0.072,1
9606.ENSP00000367398,0.072,1
9606.ENSP00000361107,0.072,2
9606.ENSP00000369497,0.071,1
9606.ENSP00000246535,0.071,2
9606.ENSP00000326759,0.071,1
9606.ENSP00000371000,0.071,2
9606.ENSP00000243349,0.071,2
9606.ENSP00000357409,0.071,1
9606.ENSP00000271588,0.071,3
9606.ENSP00000329102,0.071,1
9606.ENSP00000346265,0.071,1
9606.ENSP00000368109,0.071,1
9606.ENSP00000386942,0.07,2
9606.ENSP00000320038,0.07,1
9606.ENSP00000395012,0.069,1
9606.ENSP00000359485,0.068,1
9606.ENSP00000499371,0.068,1
9606.ENSP00000356545,0.068,3
9606.ENSP00000447297,0.068,2
9606.ENSP00000477344,0.068,1
9606.ENSP00000269392,0.068,1
9606.ENSP00000376647,0.068,2
9606.ENSP00000383303,0.067,2
9606.ENSP00000341489,0.067,1
9606.ENSP00000386616,0.067,2
9606.ENSP00000464162,0.066,1
9606.ENSP00000375733,0.066,1
9606.ENSP00000262659,0.066,1
9606.ENSP00000351770,0.066,2
9606.ENSP00000438788,0.066,1
9606.ENSP00000278612,0.065,1
9606.ENSP00000322532,0.065,1
9606.ENSP00000500891,0.065,2
9606.ENSP00000352941,0.065,1
9606.ENSP00000378313,0.065,1
9606.ENSP00000267460,0.065,1
9606.ENSP00000441214,0.065,1
9606.ENSP00000455426,0.065,1
9606.ENSP00000286827,0.065,2
9606.ENSP00000374135,0.065,4
9606.ENSP00000360822,0.065,1
9606.ENSP00000356329,0.064,1
9606.ENSP00000381250,0.064,1
9606.ENSP00000353010,0.064,1
9606.ENSP00000353058,0.064,1
9606.ENSP00000376013,0.064,1
9606.ENSP00000271532,0.064,1
9606.ENSP00000264159,0.064,1
9606.ENSP00000439402,0.064,1
9606.ENSP00000281923,0.064,2
9606.ENSP00000380351,0.064,1
9606.ENSP00000475028,0.064,1
9606.ENSP00000400908,0.063,1
9606.ENSP00000479716,0.063,1
9606.ENSP00000482870,0.063,1
9606.ENSP00000257909,0.063,1
9606.ENSP00000377601,0.063,1
9606.ENSP00000498074,0.062,1
9606.ENSP00000328968,0.062,2
9606.ENSP00000264162,0.062,1
9606.ENSP00000410552,0.062,1
9606.ENSP00000417401,0.062,1
9606.ENSP00000384537,0.061,1
9606.ENSP00000262150,0.061,1
9606.ENSP00000316681,0.061,4
9606.ENSP00000369328,0.061,1
9606.ENSP00000399903,0.061,1
9606.ENSP00000328059,0.061,1
9606.ENSP00000370299,0.061,1
9606.ENSP00000435637,0.061,1
9606.ENSP00000382237,0.06,1
9606.ENSP00000415822,0.06,1
9606.ENSP00000263932,0.06,1
9606.ENSP00000268989,0.06,1
9606.ENSP00000472530,0.059,1
9606.ENSP00000485586,0.059,1
9606.ENSP00000343581,0.059,1
9606.ENSP00000357315,0.059,1
9606.ENSP00000347451,0.059,1
9606.ENSP00000237536,0.059,2
9606.ENSP00000391504,0.059,1
9606.ENSP00000284288,0.059,1
9606.ENSP00000347043,0.059,1
9606.ENSP00000358478,0.059,1
9606.ENSP00000333836,0.058,2
9606.ENSP00000435565,0.058,2
9606.ENSP00000427874,0.058,1
9606.ENSP00000304811,0.058,1
9606.ENSP00000254579,0.057,3
9606.ENSP00000288368,0.057,1
9606.ENSP00000420449,0.057,1
9606.ENSP00000379911,0.057,1
9606.ENSP00000267889,0.057,1
9606.ENSP00000340279,0.056,1
9606.ENSP00000324020,0.056,1
9606.ENSP00000406318,0.056,1
9606.ENSP00000383212,0.056,1
9606.ENSP00000493232,0.056,1
9606.ENSP00000413660,0.056,1
9606.ENSP00000333374,0.055,2
9606.ENSP00000410466,0.055,1
9606.ENSP00000459962,0.055,1
9606.ENSP00000257548,0.055,1
9606.ENSP00000395733,0.055,1
9606.ENSP00000415203,0.055,2
9606.ENSP00000240123,0.055,1
9606.ENSP00000342019,0.055,1
9606.ENSP00000264350,0.055,1
9606.ENSP00000375593,0.055,1
9606.ENSP00000466051,0.055,1
9606.ENSP00000360216,0.054,1
9606.ENSP00000387128,0.054,1
9606.ENSP00000379030,0.054,1
9606.ENSP00000321848,0.054,1
9606.ENSP00000360323,0.054,1
9606.ENSP00000418960,0.054,1
9606.ENSP00000340914,0.054,1
9606.ENSP00000264596,0.054,1
9606.ENSP00000383599,0.053,1
9606.ENSP00000269703,0.053,1
9606.ENSP00000364346,0.053,1
9606.ENSP00000263026,0.053,1
9606.ENSP00000254691,0.053,1
9606.ENSP00000320924,0.053,1
9606.ENSP00000374328,0.052,1
9606.ENSP00000228567,0.052,1
9606.ENSP00000295124,0.052,1
9606.ENSP00000498382,0.052,1
9606.ENSP00000311899,0.052,1
9606.ENSP00000295550,0.052,1
9606.ENSP00000222399,0.052,2
9606.ENSP00000444201,0.051,1
9606.ENSP00000310829,0.051,2
9606.ENSP00000498408,0.051,1
9606.ENSP00000351280,0.051,1
9606.ENSP00000492719,0.051,1
9606.ENSP00000485357,0.051,2
9606.ENSP00000300128,0.05,1
9606.ENSP00000489770,0.05,1
9606.ENSP00000351185,0.05,1
9606.ENSP00000326249,0.05,1
9606.ENSP00000259883,0.05,1
9606.ENSP00000374309,0.05,2
9606.ENSP00000364379,0.05,1
9606.ENSP00000403888,0.05,1
9606.ENSP00000350418,0.05,1
9606.ENSP00000296091,0.05,1
9606.ENSP00000356959,0.049,1
9606.ENSP00000334879,0.049,2
9606.ENSP00000477392,0.049,1
9606.ENSP00000222823,0.049,2
9606.ENSP00000415332,0.048,1
9606.ENSP00000336783,0.048,2
9606.ENSP00000336894,0.048,1
9606.ENSP00000425497,0.048,1
9606.ENSP00000369346,0.048,1
9606.ENSP00000384363,0.047,1
9606.ENSP00000431759,0.047,2
9606.ENSP00000389998,0.047,1
9606.ENSP00000238561,0.047,1
9606.ENSP00000400997,0.047,1
9606.ENSP00000232892,0.047,1
9606.ENSP00000413001,0.046,1
9606.ENSP00000216180,0.046,1
9606.ENSP00000363317,0.046,2
9606.ENSP00000367686,0.046,1
9606.ENSP00000471000,0.046,1
9606.ENSP00000360147,0.046,1
9606.ENSP00000354721,0.046,2
9606.ENSP00000498374,0.045,1
9606.ENSP00000205557,0.045,2
9606.ENSP00000346990,0.045,2
9606.ENSP00000287152,0.045,1
9606.ENSP00000384588,0.044,1
9606.ENSP00000294725,0.044,1
9606.ENSP00000401306,0.044,2
9606.ENSP00000251691,0.043,1
9606.ENSP00000333735,0.042,1
9606.ENSP00000281142,0.042,1
9606.ENSP00000262395,0.042,1
9606.ENSP00000293805,0.042,1
9606.ENSP00000261647,0.042,1
9606.ENSP00000344989,0.041,1
9606.ENSP00000292579,0.041,1
9606.ENSP00000355250,0.041,1
9606.ENSP00000309597,0.041,1
9606.ENSP00000304437,0.041,1
9606.ENSP00000422834,0.04,1
9606.ENSP00000295888,0.04,1
9606.ENSP00000495860,0.04,1
9606.ENSP00000292562,0.039,1
9606.ENSP00000354691,0.039,1
9606.ENSP00000296257,0.039,1
9606.ENSP00000312082,0.039,1
9606.ENSP00000381026,0.039,1
9606.ENSP00000369419,0.039,1
9606.ENSP00000222644,0.039,1
9606.ENSP00000369530,0.039,1
9606.ENSP00000345809,0.039,1
9606.ENSP00000437616,0.038,1
9606.ENSP00000329093,0.038,1
9606.ENSP00000402861,0.038,1
9606.ENSP00000227065,0.038,1
9606.ENSP00000469582,0.038,1
9606.ENSP00000346534,0.038,1
9606.ENSP00000297323,0.038,1
9606.ENSP00000412999,0.038,1
9606.ENSP00000164227,0.038,1
9606.ENSP00000328478,0.038,1
9606.ENSP00000237596,0.037,1
9606.ENSP00000420525,0.037,2
9606.ENSP00000497185,0.037,1
9606.ENSP00000364349,0.037,1
9606.ENSP00000472808,0.037,1
9606.ENSP00000498071,0.036,1
9606.ENSP00000360997,0.036,1
9606.ENSP00000391641,0.036,1
9606.ENSP00000343818,0.036,1
9606.ENSP00000310547,0.036,1
9606.ENSP00000349458,0.036,1
9606.ENSP00000355090,0.036,1
9606.ENSP00000325146,0.036,2
9606.ENSP00000455507,0.036,2
9606.ENSP00000261800,0.035,1
9606.ENSP00000263095,0.035,1
9606.ENSP00000242067,0.035,1
9606.ENSP00000497174,0.035,4
9606.ENSP00000353670,0.034,1
9606.ENSP00000375951,0.034,2
9606.ENSP00000384763,0.034,1
9606.ENSP00000364397,0.034,1
9606.ENSP00000456543,0.034,2
9606.ENSP00000366783,0.034,3
9606.ENSP00000493252,0.034,1
9606.ENSP00000479261,0.033,1
9606.ENSP00000310472,0.033,1
9606.ENSP00000367229,0.033,1
9606.ENSP00000406201,0.033,1
9606.ENSP00000390600,0.033,1
9606.ENSP00000384371,0.033,1
9606.ENSP00000296721,0.033,1
9606.ENSP00000325527,0.033,2
9606.ENSP00000354360,0.033,2
9606.ENSP00000353030,0.032,1
9606.ENSP00000321427,0.032,1
9606.ENSP00000477841,0.032,1
9606.ENSP00000425040,0.031,1
9606.ENSP00000343741,0.031,2
9606.ENSP00000345502,0.031,1
9606.ENSP00000386862,0.03,1
9606.ENSP00000464976,0.03,1
9606.ENSP00000379678,0.03,1
9606.ENSP00000441913,0.03,2
9606.ENSP00000282406,0.03,1
9606.ENSP00000332247,0.03,2
9606.ENSP00000299698,0.029,1
9606.ENSP00000367069,0.029,2
9606.ENSP00000347834,0.029,1
9606.ENSP00000287097,0.029,1
9606.ENSP00000323929,0.029,1
9606.ENSP00000263094,0.028,1
9606.ENSP00000278836,0.028,1
9606.ENSP00000367655,0.028,1
9606.ENSP00000332809,0.028,1
9606.ENSP00000432163,0.028,1
9606.ENSP00000377123,0.027,1
9606.ENSP00000403465,0.027,1
9606.ENSP00000363529,0.027,1
9606.ENSP00000370337,0.027,1
9606.ENSP00000280886,0.027,1
9606.ENSP00000385510,0.027,1
9606.ENSP00000264431,0.027,1
9606.ENSP00000470239,0.026,1
9606.ENSP00000420295,0.026,1
9606.ENSP00000386227,0.025,1
9606.ENSP00000334314,0.025,1
9606.ENSP00000362734,0.025,2
9606.ENSP00000306015,0.025,1
9606.ENSP00000402527,0.025,1
9606.ENSP00000376522,0.025,1
9606.ENSP00000280481,0.024,1
9606.ENSP00000303058,0.024,1
9606.ENSP00000262442,0.023,1
9606.ENSP00000387593,0.023,1
9606.ENSP00000402644,0.023,1
9606.ENSP00000378578,0.022,1
9606.ENSP00000355192,0.021,1
9606.ENSP00000401514,0.021,2
9606.ENSP00000384048,0.021,1
9606.ENSP00000355026,0.02,1
9606.ENSP00000252087,0.02,1
9606.ENSP00000298032,0.02,1
9606.ENSP00000441858,0.019,1
9606.ENSP00000265026,0.019,1
9606.ENSP00000374045,0.019,1
9606.ENSP00000355589,0.019,1
9606.ENSP00000491507,0.019,2
9606.ENSP00000467537,0.018,1
9606.ENSP00000359489,0.018,1
9606.ENSP00000376306,0.018,1
9606.ENSP00000385727,0.017,1
9606.ENSP00000365255,0.017,1
9606.ENSP00000359245,0.017,2
9606.ENSP00000403302,0.017,1
9606.ENSP00000351318,0.016,1
9606.ENSP00000376910,0.016,1
9606.ENSP00000415090,0.015,1
9606.ENSP00000334198,0.015,1
9606.ENSP00000341988,0.015,1
9606.ENSP00000360423,0.015,1
9606.ENSP00000352011,0.014,1
9606.ENSP00000261383,0.014,1
9606.ENSP00000437968,0.014,1
9606.ENSP00000421377,0.014,1
9606.ENSP00000258888,0.013,1
9606.ENSP00000489675,0.012,1
9606.ENSP00000386840,0.012,1
9606.ENSP00000353422,0.012,1
9606.ENSP00000365637,0.011,1
9606.ENSP00000386869,0.01,1
9606.ENSP00000296452,0.01,2
9606.ENSP00000359655,0.008,1
9606.ENSP00000406229,0.007,1
9606.ENSP00000252050,0.007,1
9606.ENSP00000377862,0.005,1
