string_external_id,abundance,raw_spectral_count
9606.ENSP00000357721,26400,1128
9606.ENSP00000357727,19408,1055
9606.ENSP00000494750,8944,2745
9606.ENSP00000458162,8944,2745
9606.ENSP00000261623,7219,196
9606.ENSP00000446007,7163,1477
9606.ENSP00000225655,6482,412
9606.ENSP00000380070,5973,522
9606.ENSP00000495530,5500,903
9606.ENSP00000270792,4931,82
9606.ENSP00000381581,4731,1375
9606.ENSP00000261267,4598,245
9606.ENSP00000228945,4231,184
9606.ENSP00000273258,3919,99
9606.ENSP00000391481,3898,496
9606.ENSP00000225275,3867,1295
9606.ENSP00000236850,3618,454
9606.ENSP00000419425,3317,244
9606.ENSP00000265983,3208,423
9606.ENSP00000303276,3051,80
9606.ENSP00000320866,3001,263
9606.ENSP00000216181,2953,2098
9606.ENSP00000466090,2866,148
9606.ENSP00000362413,2863,423
9606.ENSP00000381607,2699,200
9606.ENSP00000364935,2609,197
9606.ENSP00000366694,2558,252
9606.ENSP00000215909,2515,154
9606.ENSP00000365227,2435,58
9606.ENSP00000261366,2365,498
9606.ENSP00000433999,2357,376
9606.ENSP00000357704,2329,74
9606.ENSP00000367851,2317,411
9606.ENSP00000385519,2225,192
9606.ENSP00000237014,2203,61
9606.ENSP00000320171,2175,427
9606.ENSP00000259396,2147,195
9606.ENSP00000234347,2136,121
9606.ENSP00000379287,2132,232
9606.ENSP00000323929,2101,925
9606.ENSP00000353408,2067,439
9606.ENSP00000262428,2047,85
9606.ENSP00000361930,2017,215
9606.ENSP00000367220,1975,207
9606.ENSP00000229270,1973,253
9606.ENSP00000262746,1953,151
9606.ENSP00000357801,1951,39
9606.ENSP00000356969,1951,51
9606.ENSP00000321259,1945,224
9606.ENSP00000312999,1935,302
9606.ENSP00000228740,1931,452
9606.ENSP00000358866,1915,1519
9606.ENSP00000273784,1910,106
9606.ENSP00000380948,1901,616
9606.ENSP00000262030,1894,364
9606.ENSP00000370115,1866,249
9606.ENSP00000270142,1851,52
9606.ENSP00000372155,1836,217
9606.ENSP00000366109,1832,198
9606.ENSP00000339063,1830,317
9606.ENSP00000346694,1826,192
9606.ENSP00000219150,1825,181
9606.ENSP00000346032,1812,246
9606.ENSP00000362308,1809,80
9606.ENSP00000432660,1789,135
9606.ENSP00000367265,1705,379
9606.ENSP00000245907,1688,899
9606.ENSP00000421725,1683,221
9606.ENSP00000365147,1644,123
9606.ENSP00000249071,1641,139
9606.ENSP00000263238,1631,221
9606.ENSP00000247461,1630,266
9606.ENSP00000295685,1624,169
9606.ENSP00000327801,1589,341
9606.ENSP00000429150,1583,204
9606.ENSP00000493536,1572,391
9606.ENSP00000345347,1569,65
9606.ENSP00000264335,1556,215
9606.ENSP00000359991,1534,173
9606.ENSP00000496166,1531,334
9606.ENSP00000263100,1530,158
9606.ENSP00000270776,1510,219
9606.ENSP00000362820,1496,59
9606.ENSP00000290378,1492,1317
9606.ENSP00000355645,1492,1317
9606.ENSP00000357726,1468,25
9606.ENSP00000388107,1444,235
9606.ENSP00000224784,1436,1247
9606.ENSP00000265062,1423,147
9606.ENSP00000410452,1421,57
9606.ENSP00000386857,1416,1244
9606.ENSP00000427687,1415,203
9606.ENSP00000485952,1413,319
9606.ENSP00000479606,1410,889
9606.ENSP00000354876,1401,62
9606.ENSP00000405573,1396,241
9606.ENSP00000339001,1367,551
9606.ENSP00000304229,1347,31
9606.ENSP00000450540,1338,209
9606.ENSP00000205948,1334,114
9606.ENSP00000378786,1332,91
9606.ENSP00000446955,1331,112
9606.ENSP00000357123,1326,157
9606.ENSP00000306099,1299,217
9606.ENSP00000464849,1292,82
9606.ENSP00000305556,1284,116
9606.ENSP00000381736,1276,214
9606.ENSP00000356864,1274,42
9606.ENSP00000241052,1257,255
9606.ENSP00000371194,1254,119
9606.ENSP00000411355,1249,522
9606.ENSP00000263867,1240,105
9606.ENSP00000486361,1237,40
9606.ENSP00000296503,1235,71
9606.ENSP00000339467,1229,87
9606.ENSP00000263168,1226,109
9606.ENSP00000327070,1225,154
9606.ENSP00000272317,1207,241
9606.ENSP00000463559,1205,141
9606.ENSP00000271638,1204,40
9606.ENSP00000346550,1200,285
9606.ENSP00000426909,1197,130
9606.ENSP00000360671,1196,215
9606.ENSP00000216802,1184,90
9606.ENSP00000263368,1183,68
9606.ENSP00000228318,1166,153
9606.ENSP00000319713,1163,41
9606.ENSP00000336799,1163,759
9606.ENSP00000354532,1154,148
9606.ENSP00000336829,1153,178
9606.ENSP00000252699,1151,619
9606.ENSP00000340278,1134,66
9606.ENSP00000350425,1119,168
9606.ENSP00000497382,1115,31
9606.ENSP00000464359,1106,141
9606.ENSP00000248437,1101,603
9606.ENSP00000371267,1097,153
9606.ENSP00000325905,1096,47
9606.ENSP00000354632,1093,17
9606.ENSP00000309565,1092,16
9606.ENSP00000324173,1089,216
9606.ENSP00000498577,1082,156
9606.ENSP00000203407,1073,144
9606.ENSP00000359675,1072,11
9606.ENSP00000375649,1069,56
9606.ENSP00000346954,1068,34
9606.ENSP00000360609,1068,365
9606.ENSP00000298510,1062,98
9606.ENSP00000324422,1061,142
9606.ENSP00000401010,1061,102
9606.ENSP00000367196,1061,42
9606.ENSP00000367263,1060,2302
9606.ENSP00000291568,1060,35
9606.ENSP00000264613,1052,268
9606.ENSP00000357981,1052,112
9606.ENSP00000358727,1051,86
9606.ENSP00000378394,1044,186
9606.ENSP00000394936,1044,121
9606.ENSP00000261733,1042,209
9606.ENSP00000366525,1040,53
9606.ENSP00000299427,1039,148
9606.ENSP00000340019,1038,192
9606.ENSP00000252244,1036,292
9606.ENSP00000477639,1036,141
9606.ENSP00000300289,1035,202
9606.ENSP00000307940,1030,266
9606.ENSP00000233997,1026,90
9606.ENSP00000360871,1024,98
9606.ENSP00000331901,1019,162
9606.ENSP00000439020,1018,713
9606.ENSP00000377941,1017,584
9606.ENSP00000338413,993,320
9606.ENSP00000331897,991,159
9606.ENSP00000370808,989,201
9606.ENSP00000438689,982,274
9606.ENSP00000271308,982,70
9606.ENSP00000341289,981,526
9606.ENSP00000497733,979,74
9606.ENSP00000457513,970,65
9606.ENSP00000289473,969,142
9606.ENSP00000222005,967,68
9606.ENSP00000433760,966,22
9606.ENSP00000445175,965,173
9606.ENSP00000379038,959,154
9606.ENSP00000391592,956,228
9606.ENSP00000342026,955,94
9606.ENSP00000225665,951,103
9606.ENSP00000437125,950,250
9606.ENSP00000362924,946,140
9606.ENSP00000237530,928,129
9606.ENSP00000325376,920,207
9606.ENSP00000463939,915,52
9606.ENSP00000316029,912,646
9606.ENSP00000356671,912,149
9606.ENSP00000300026,911,69
9606.ENSP00000232003,909,110
9606.ENSP00000340466,903,259
9606.ENSP00000297258,900,37
9606.ENSP00000439189,899,1140
9606.ENSP00000344547,899,22
9606.ENSP00000303145,897,76
9606.ENSP00000496959,894,381
9606.ENSP00000376345,892,75
9606.ENSP00000242285,884,17
9606.ENSP00000320176,877,86
9606.ENSP00000342056,876,118
9606.ENSP00000465356,874,10
9606.ENSP00000365458,866,133
9606.ENSP00000296255,865,191
9606.ENSP00000362592,864,83
9606.ENSP00000263864,863,30
9606.ENSP00000295897,862,205
9606.ENSP00000296930,854,48
9606.ENSP00000363641,853,39
9606.ENSP00000420641,853,20
9606.ENSP00000466818,852,28
9606.ENSP00000422473,849,55
9606.ENSP00000385385,848,85
9606.ENSP00000258962,848,68
9606.ENSP00000308541,846,162
9606.ENSP00000415743,845,92
9606.ENSP00000431240,840,27
9606.ENSP00000433138,838,104
9606.ENSP00000349181,836,51
9606.ENSP00000278407,832,119
9606.ENSP00000221130,827,107
9606.ENSP00000268099,825,41
9606.ENSP00000498019,824,32
9606.ENSP00000356399,823,301
9606.ENSP00000268182,823,395
9606.ENSP00000254301,823,49
9606.ENSP00000357076,820,85
9606.ENSP00000369538,819,182
9606.ENSP00000499935,818,79
9606.ENSP00000348056,813,31
9606.ENSP00000422176,813,127
9606.ENSP00000463393,811,65
9606.ENSP00000375632,808,47
9606.ENSP00000337060,805,82
9606.ENSP00000443475,800,723
9606.ENSP00000361883,799,129
9606.ENSP00000353720,797,185
9606.ENSP00000449328,796,66
9606.ENSP00000310226,794,110
9606.ENSP00000354511,792,51
9606.ENSP00000493701,791,193
9606.ENSP00000289902,789,16
9606.ENSP00000377192,782,186
9606.ENSP00000296511,778,94
9606.ENSP00000301522,777,59
9606.ENSP00000351777,777,206
9606.ENSP00000400433,777,103
9606.ENSP00000451291,775,100
9606.ENSP00000299767,773,213
9606.ENSP00000444357,765,63
9606.ENSP00000499067,764,149
9606.ENSP00000333298,762,81
9606.ENSP00000347872,761,74
9606.ENSP00000385958,759,20
9606.ENSP00000269576,759,176
9606.ENSP00000349168,757,114
9606.ENSP00000265073,749,36
9606.ENSP00000336702,747,40
9606.ENSP00000264710,746,74
9606.ENSP00000364813,743,22
9606.ENSP00000294742,743,27
9606.ENSP00000290541,743,38
9606.ENSP00000331368,741,136
9606.ENSP00000268379,738,95
9606.ENSP00000354394,734,213
9606.ENSP00000498596,729,70
9606.ENSP00000323856,729,1360
9606.ENSP00000250559,728,80
9606.ENSP00000369314,727,18
9606.ENSP00000379512,723,27
9606.ENSP00000385479,722,157
9606.ENSP00000333277,722,157
9606.ENSP00000358154,722,157
9606.ENSP00000400175,721,68
9606.ENSP00000300060,719,238
9606.ENSP00000369757,717,33
9606.ENSP00000302324,716,37
9606.ENSP00000262193,715,53
9606.ENSP00000254810,711,150
9606.ENSP00000355780,711,150
9606.ENSP00000463154,707,38
9606.ENSP00000381216,707,127
9606.ENSP00000330074,706,45
9606.ENSP00000230085,705,37
9606.ENSP00000354468,704,65
9606.ENSP00000261313,700,36
9606.ENSP00000292147,698,59
9606.ENSP00000389649,695,24
9606.ENSP00000253024,693,100
9606.ENSP00000221418,692,83
9606.ENSP00000367872,692,76
9606.ENSP00000217182,692,201
9606.ENSP00000417653,692,104
9606.ENSP00000466134,691,89
9606.ENSP00000247470,690,55
9606.ENSP00000482639,688,15
9606.ENSP00000448785,687,48
9606.ENSP00000347495,687,88
9606.ENSP00000468253,686,33
9606.ENSP00000340983,682,38
9606.ENSP00000264071,681,396
9606.ENSP00000221957,679,84
9606.ENSP00000449270,677,22
9606.ENSP00000308938,676,145
9606.ENSP00000291295,676,89
9606.ENSP00000499797,676,89
9606.ENSP00000276390,674,156
9606.ENSP00000317331,674,35
9606.ENSP00000385616,672,138
9606.ENSP00000335153,670,302
9606.ENSP00000437402,669,198
9606.ENSP00000428085,668,28
9606.ENSP00000325136,665,81
9606.ENSP00000375978,663,141
9606.ENSP00000387286,663,101
9606.ENSP00000357709,663,21
9606.ENSP00000376886,662,82
9606.ENSP00000493985,661,138
9606.ENSP00000228825,660,45
9606.ENSP00000499717,660,89
9606.ENSP00000333547,659,101
9606.ENSP00000306330,658,116
9606.ENSP00000494125,656,114
9606.ENSP00000290949,655,60
9606.ENSP00000413436,652,24
9606.ENSP00000480514,651,33
9606.ENSP00000484095,647,159
9606.ENSP00000484658,647,159
9606.ENSP00000366999,647,159
9606.ENSP00000358160,647,159
9606.ENSP00000480826,647,159
9606.ENSP00000483283,647,159
9606.ENSP00000489282,647,159
9606.ENSP00000484841,647,159
9606.ENSP00000352252,647,159
9606.ENSP00000484638,647,159
9606.ENSP00000479106,646,310
9606.ENSP00000479794,646,310
9606.ENSP00000367034,646,310
9606.ENSP00000489236,646,310
9606.ENSP00000479461,646,310
9606.ENSP00000462667,646,310
9606.ENSP00000244537,646,310
9606.ENSP00000366974,646,310
9606.ENSP00000481486,646,310
9606.ENSP00000462355,646,310
9606.ENSP00000443017,646,310
9606.ENSP00000484789,646,310
9606.ENSP00000480960,646,310
9606.ENSP00000347168,646,310
9606.ENSP00000479488,642,72
9606.ENSP00000297185,640,155
9606.ENSP00000390265,640,106
9606.ENSP00000292401,639,65
9606.ENSP00000398610,637,86
9606.ENSP00000428845,635,56
9606.ENSP00000447730,634,35
9606.ENSP00000283290,633,42
9606.ENSP00000394842,629,34
9606.ENSP00000301587,628,36
9606.ENSP00000364585,627,118
9606.ENSP00000160262,627,101
9606.ENSP00000361057,626,44
9606.ENSP00000225698,625,35
9606.ENSP00000382982,623,541
9606.ENSP00000326042,623,541
9606.ENSP00000376472,622,174
9606.ENSP00000279227,621,157
9606.ENSP00000266718,619,62
9606.ENSP00000423563,618,73
9606.ENSP00000378972,615,106
9606.ENSP00000315130,612,76
9606.ENSP00000361635,611,62
9606.ENSP00000420443,606,6
9606.ENSP00000393316,605,43
9606.ENSP00000497910,605,19
9606.ENSP00000451206,601,31
9606.ENSP00000217426,599,81
9606.ENSP00000250124,598,24
9606.ENSP00000216336,593,61
9606.ENSP00000399457,593,98
9606.ENSP00000356520,591,240
9606.ENSP00000339883,591,75
9606.ENSP00000376276,589,26
9606.ENSP00000265462,589,57
9606.ENSP00000303222,588,51
9606.ENSP00000477781,587,34
9606.ENSP00000345672,586,80
9606.ENSP00000479284,585,452
9606.ENSP00000388909,584,30
9606.ENSP00000324105,584,172
9606.ENSP00000431984,582,136
9606.ENSP00000420065,581,38
9606.ENSP00000482674,580,457
9606.ENSP00000476136,580,457
9606.ENSP00000358151,580,457
9606.ENSP00000477527,580,457
9606.ENSP00000269848,576,121
9606.ENSP00000295640,576,144
9606.ENSP00000273283,576,124
9606.ENSP00000307275,571,29
9606.ENSP00000261416,570,88
9606.ENSP00000318197,570,484
9606.ENSP00000346839,569,290
9606.ENSP00000265132,566,54
9606.ENSP00000366618,563,451
9606.ENSP00000300935,563,77
9606.ENSP00000368959,563,23
9606.ENSP00000256433,562,12
9606.ENSP00000306010,562,75
9606.ENSP00000261735,559,41
9606.ENSP00000289316,559,456
9606.ENSP00000477907,559,456
9606.ENSP00000489317,559,456
9606.ENSP00000348924,559,456
9606.ENSP00000321744,559,456
9606.ENSP00000479169,559,456
9606.ENSP00000483903,559,456
9606.ENSP00000366962,559,456
9606.ENSP00000349430,559,456
9606.ENSP00000445633,559,456
9606.ENSP00000359098,559,13
9606.ENSP00000379601,558,66
9606.ENSP00000389414,558,109
9606.ENSP00000352257,557,107
9606.ENSP00000293831,557,113
9606.ENSP00000457539,555,176
9606.ENSP00000417864,555,35
9606.ENSP00000313199,555,50
9606.ENSP00000246662,553,107
9606.ENSP00000491341,553,449
9606.ENSP00000481622,553,449
9606.ENSP00000305260,551,70
9606.ENSP00000379888,546,40
9606.ENSP00000264474,546,19
9606.ENSP00000346037,546,10
9606.ENSP00000345179,545,36
9606.ENSP00000332887,545,13
9606.ENSP00000278671,543,38
9606.ENSP00000293288,543,52
9606.ENSP00000332790,542,49
9606.ENSP00000075120,541,95
9606.ENSP00000472249,539,45
9606.ENSP00000355011,536,66
9606.ENSP00000376297,536,26
9606.ENSP00000477310,536,26
9606.ENSP00000355657,533,155
9606.ENSP00000378731,533,73
9606.ENSP00000379563,533,24
9606.ENSP00000411825,532,144
9606.ENSP00000265016,532,69
9606.ENSP00000349748,530,96
9606.ENSP00000307786,529,20
9606.ENSP00000478771,529,231
9606.ENSP00000233242,528,810
9606.ENSP00000266041,528,143
9606.ENSP00000245932,528,62
9606.ENSP00000374332,526,44
9606.ENSP00000348163,525,330
9606.ENSP00000286788,525,123
9606.ENSP00000286371,522,43
9606.ENSP00000445831,521,456
9606.ENSP00000424707,521,14
9606.ENSP00000357535,519,50
9606.ENSP00000340836,516,29
9606.ENSP00000356465,515,63
9606.ENSP00000259818,515,407
9606.ENSP00000307863,514,44
9606.ENSP00000329219,513,173
9606.ENSP00000381844,509,90
9606.ENSP00000238508,509,82
9606.ENSP00000261890,509,86
9606.ENSP00000415941,509,429
9606.ENSP00000358723,509,65
9606.ENSP00000416706,507,444
9606.ENSP00000252603,507,41
9606.ENSP00000250092,507,10
9606.ENSP00000341826,505,112
9606.ENSP00000236671,504,112
9606.ENSP00000497225,504,34
9606.ENSP00000262646,504,75
9606.ENSP00000305995,503,131
9606.ENSP00000498441,503,127
9606.ENSP00000248975,502,99
9606.ENSP00000316176,501,35
9606.ENSP00000363559,499,26
9606.ENSP00000240617,499,83
9606.ENSP00000350090,498,102
9606.ENSP00000362334,498,43
9606.ENSP00000369703,495,404
9606.ENSP00000472469,495,11
9606.ENSP00000429707,495,14
9606.ENSP00000376309,495,47
9606.ENSP00000295006,493,93
9606.ENSP00000378487,493,62
9606.ENSP00000359345,493,36
9606.ENSP00000338934,492,178
9606.ENSP00000222120,490,88
9606.ENSP00000278572,490,57
9606.ENSP00000312734,489,69
9606.ENSP00000263672,489,32
9606.ENSP00000355627,487,62
9606.ENSP00000373312,485,30
9606.ENSP00000252486,484,61
9606.ENSP00000358867,484,122
9606.ENSP00000378760,484,125
9606.ENSP00000249923,483,176
9606.ENSP00000388169,483,67
9606.ENSP00000479202,483,45
9606.ENSP00000215829,482,16
9606.ENSP00000216714,482,50
9606.ENSP00000307705,481,54
9606.ENSP00000318195,478,63
9606.ENSP00000427985,478,132
9606.ENSP00000377298,477,363
9606.ENSP00000357906,476,14
9606.ENSP00000217131,475,43
9606.ENSP00000376889,475,102
9606.ENSP00000445306,475,179
9606.ENSP00000396688,474,416
9606.ENSP00000362010,473,56
9606.ENSP00000258424,470,26
9606.ENSP00000290158,469,113
9606.ENSP00000365261,468,9
9606.ENSP00000262947,468,23
9606.ENSP00000363899,467,57
9606.ENSP00000358140,467,156
9606.ENSP00000009530,467,32
9606.ENSP00000291565,466,47
9606.ENSP00000262613,465,51
9606.ENSP00000334448,464,14
9606.ENSP00000351022,462,90
9606.ENSP00000263697,461,14
9606.ENSP00000362946,460,46
9606.ENSP00000362463,460,26
9606.ENSP00000267113,459,152
9606.ENSP00000466379,459,47
9606.ENSP00000264161,457,104
9606.ENSP00000256854,457,67
9606.ENSP00000234313,455,30
9606.ENSP00000389631,453,77
9606.ENSP00000329757,453,7
9606.ENSP00000354947,452,58
9606.ENSP00000464813,451,10
9606.ENSP00000418401,449,48
9606.ENSP00000296130,448,32
9606.ENSP00000360522,446,37
9606.ENSP00000440005,446,102
9606.ENSP00000256682,446,102
9606.ENSP00000478763,446,76
9606.ENSP00000349687,446,28
9606.ENSP00000309591,443,75
9606.ENSP00000265686,442,115
9606.ENSP00000371193,441,45
9606.ENSP00000463058,441,16
9606.ENSP00000339720,440,13
9606.ENSP00000216254,440,108
9606.ENSP00000419545,439,48
9606.ENSP00000321853,438,56
9606.ENSP00000205402,437,66
9606.ENSP00000368646,437,62
9606.ENSP00000341524,437,41
9606.ENSP00000353259,436,27
9606.ENSP00000389351,435,32
9606.ENSP00000226004,435,34
9606.ENSP00000348849,435,10
9606.ENSP00000351035,435,52
9606.ENSP00000242786,435,77
9606.ENSP00000325548,432,70
9606.ENSP00000273398,431,96
9606.ENSP00000264933,431,25
9606.ENSP00000354111,430,15
9606.ENSP00000425031,430,38
9606.ENSP00000482075,430,24
9606.ENSP00000416269,429,102
9606.ENSP00000303366,429,47
9606.ENSP00000285093,428,41
9606.ENSP00000276079,428,52
9606.ENSP00000227525,427,26
9606.ENSP00000250498,426,15
9606.ENSP00000364212,425,14
9606.ENSP00000434103,424,43
9606.ENSP00000415151,423,19
9606.ENSP00000398632,422,73
9606.ENSP00000452697,422,33
9606.ENSP00000479870,421,26
9606.ENSP00000230050,421,22
9606.ENSP00000299300,420,79
9606.ENSP00000451080,419,12
9606.ENSP00000244520,419,12
9606.ENSP00000413861,418,44
9606.ENSP00000226218,418,57
9606.ENSP00000044462,417,26
9606.ENSP00000296412,416,37
9606.ENSP00000242776,416,101
9606.ENSP00000358737,415,49
9606.ENSP00000346050,415,43
9606.ENSP00000318646,414,27
9606.ENSP00000356505,414,79
9606.ENSP00000491215,413,87
9606.ENSP00000274764,413,371
9606.ENSP00000385757,413,43
9606.ENSP00000264663,413,130
9606.ENSP00000310491,412,55
9606.ENSP00000430706,412,30
9606.ENSP00000305692,411,88
9606.ENSP00000275603,410,68
9606.ENSP00000420195,409,22
9606.ENSP00000431800,406,37
9606.ENSP00000475168,405,21
9606.ENSP00000260010,405,113
9606.ENSP00000357189,405,38
9606.ENSP00000416066,405,61
9606.ENSP00000292432,404,127
9606.ENSP00000299138,401,127
9606.ENSP00000412189,401,70
9606.ENSP00000425759,400,11
9606.ENSP00000313420,400,572
9606.ENSP00000263354,397,58
9606.ENSP00000215727,397,66
9606.ENSP00000253413,396,32
9606.ENSP00000351190,396,90
9606.ENSP00000301764,395,146
9606.ENSP00000470972,395,21
9606.ENSP00000348461,394,78
9606.ENSP00000364016,394,52
9606.ENSP00000311430,394,44
9606.ENSP00000363017,393,20
9606.ENSP00000325240,391,30
9606.ENSP00000375857,391,84
9606.ENSP00000265753,389,18
9606.ENSP00000370010,389,6
9606.ENSP00000481886,388,22
9606.ENSP00000000233,388,76
9606.ENSP00000370023,388,82
9606.ENSP00000222271,387,61
9606.ENSP00000494175,387,56
9606.ENSP00000264657,386,104
9606.ENSP00000359910,386,37
9606.ENSP00000215567,385,33
9606.ENSP00000299166,385,20
9606.ENSP00000351314,384,18
9606.ENSP00000349252,384,108
9606.ENSP00000262027,383,101
9606.ENSP00000320043,383,26
9606.ENSP00000301329,383,34
9606.ENSP00000303908,383,49
9606.ENSP00000360184,383,48
9606.ENSP00000380033,382,134
9606.ENSP00000361777,382,30
9606.ENSP00000296754,379,122
9606.ENSP00000302728,379,52
9606.ENSP00000223029,378,33
9606.ENSP00000360697,378,26
9606.ENSP00000353099,377,32
9606.ENSP00000445929,377,90
9606.ENSP00000292475,377,28
9606.ENSP00000221419,376,75
9606.ENSP00000447053,376,59
9606.ENSP00000211998,376,140
9606.ENSP00000413697,376,40
9606.ENSP00000302886,375,65
9606.ENSP00000277865,375,91
9606.ENSP00000273550,375,32
9606.ENSP00000361140,375,51
9606.ENSP00000436049,374,45
9606.ENSP00000298316,373,24
9606.ENSP00000327054,373,87
9606.ENSP00000207549,371,108
9606.ENSP00000363976,371,8
9606.ENSP00000320295,370,325
9606.ENSP00000354739,370,23
9606.ENSP00000367154,369,24
9606.ENSP00000377148,369,83
9606.ENSP00000378368,369,70
9606.ENSP00000345848,368,25
9606.ENSP00000371152,368,59
9606.ENSP00000399168,367,56
9606.ENSP00000225792,367,106
9606.ENSP00000168216,366,34
9606.ENSP00000312250,366,31
9606.ENSP00000363745,365,99
9606.ENSP00000264870,365,96
9606.ENSP00000389103,365,13
9606.ENSP00000484343,364,68
9606.ENSP00000384863,364,127
9606.ENSP00000367123,363,68
9606.ENSP00000308753,363,40
9606.ENSP00000346762,363,119
9606.ENSP00000350199,362,133
9606.ENSP00000264932,361,60
9606.ENSP00000258418,360,54
9606.ENSP00000373477,360,24
9606.ENSP00000274496,360,7
9606.ENSP00000215832,359,63
9606.ENSP00000217121,358,30
9606.ENSP00000365012,357,96
9606.ENSP00000333326,357,339
9606.ENSP00000380008,356,20
9606.ENSP00000363117,355,67
9606.ENSP00000408411,353,49
9606.ENSP00000358635,353,86
9606.ENSP00000359988,353,24
9606.ENSP00000370724,353,60
9606.ENSP00000262629,352,11
9606.ENSP00000316042,352,22
9606.ENSP00000379042,352,64
9606.ENSP00000377833,351,63
9606.ENSP00000352438,350,57
9606.ENSP00000377958,347,59
9606.ENSP00000217456,347,54
9606.ENSP00000252102,346,9
9606.ENSP00000362339,346,27
9606.ENSP00000359804,346,58
9606.ENSP00000362329,345,32
9606.ENSP00000330945,344,49
9606.ENSP00000272217,344,36
9606.ENSP00000341885,344,35
9606.ENSP00000386786,343,844
9606.ENSP00000345656,341,22
9606.ENSP00000496494,340,94
9606.ENSP00000358921,340,39
9606.ENSP00000349078,340,39
9606.ENSP00000404121,339,81
9606.ENSP00000336741,338,97
9606.ENSP00000233893,337,20
9606.ENSP00000350757,336,25
9606.ENSP00000228136,336,8
9606.ENSP00000220003,336,75
9606.ENSP00000376800,336,9
9606.ENSP00000392270,334,47
9606.ENSP00000456206,334,206
9606.ENSP00000231572,333,78
9606.ENSP00000441875,333,36
9606.ENSP00000391211,332,64
9606.ENSP00000451172,331,48
9606.ENSP00000377696,331,34
9606.ENSP00000315768,331,97
9606.ENSP00000365402,329,52
9606.ENSP00000416959,328,20
9606.ENSP00000329374,328,47
9606.ENSP00000431391,327,56
9606.ENSP00000342374,327,12
9606.ENSP00000324804,326,80
9606.ENSP00000468897,326,20
9606.ENSP00000254722,325,37
9606.ENSP00000235835,325,33
9606.ENSP00000261263,325,35
9606.ENSP00000392330,324,33
9606.ENSP00000496414,324,156
9606.ENSP00000280326,324,61
9606.ENSP00000353600,324,69
9606.ENSP00000378570,324,69
9606.ENSP00000401508,324,50
9606.ENSP00000356037,323,51
9606.ENSP00000259469,323,5
9606.ENSP00000370074,321,72
9606.ENSP00000354982,321,7
9606.ENSP00000227667,320,14
9606.ENSP00000222381,320,30
9606.ENSP00000371393,320,72
9606.ENSP00000357055,319,12
9606.ENSP00000392718,318,766
9606.ENSP00000377640,318,15
9606.ENSP00000381237,318,45
9606.ENSP00000434516,318,68
9606.ENSP00000295770,318,104
9606.ENSP00000259953,317,28
9606.ENSP00000315474,316,27
9606.ENSP00000281456,316,112
9606.ENSP00000231487,316,24
9606.ENSP00000364721,316,28
9606.ENSP00000435096,315,10
9606.ENSP00000244763,315,23
9606.ENSP00000326706,314,25
9606.ENSP00000233468,314,14
9606.ENSP00000416561,314,122
9606.ENSP00000454746,313,24
9606.ENSP00000285735,313,44
9606.ENSP00000434024,312,157
9606.ENSP00000442920,312,33
9606.ENSP00000378992,311,78
9606.ENSP00000258091,311,64
9606.ENSP00000308430,311,12
9606.ENSP00000364801,310,163
9606.ENSP00000364802,310,163
9606.ENSP00000352401,310,15
9606.ENSP00000338039,310,19
9606.ENSP00000495750,310,48
9606.ENSP00000349428,309,42
9606.ENSP00000244137,309,55
9606.ENSP00000226355,309,61
9606.ENSP00000483254,309,41
9606.ENSP00000365411,309,34
9606.ENSP00000349359,308,23
9606.ENSP00000410992,308,76
9606.ENSP00000219789,308,17
9606.ENSP00000263559,307,41
9606.ENSP00000260118,307,30
9606.ENSP00000446215,307,23
9606.ENSP00000401645,306,32
9606.ENSP00000229340,306,31
9606.ENSP00000355518,306,37
9606.ENSP00000466775,304,8
9606.ENSP00000436455,304,44
9606.ENSP00000313432,304,24
9606.ENSP00000364114,304,33
9606.ENSP00000383003,302,9
9606.ENSP00000357858,302,24
9606.ENSP00000361927,300,57
9606.ENSP00000396937,300,50
9606.ENSP00000262306,300,20
9606.ENSP00000301785,299,71
9606.ENSP00000314067,299,46
9606.ENSP00000263408,299,54
9606.ENSP00000356918,299,22
9606.ENSP00000317257,299,29
9606.ENSP00000309474,299,82
9606.ENSP00000005587,298,42
9606.ENSP00000280154,298,43
9606.ENSP00000494550,298,109
9606.ENSP00000436585,298,38
9606.ENSP00000408910,298,34
9606.ENSP00000424183,297,14
9606.ENSP00000262455,297,39
9606.ENSP00000489910,296,93
9606.ENSP00000368688,296,11
9606.ENSP00000408025,295,39
9606.ENSP00000394496,294,37
9606.ENSP00000498852,294,29
9606.ENSP00000243253,294,37
9606.ENSP00000331602,294,66
9606.ENSP00000456019,293,78
9606.ENSP00000387262,293,67
9606.ENSP00000330389,293,11
9606.ENSP00000257860,293,153
9606.ENSP00000388806,293,32
9606.ENSP00000362110,293,34
9606.ENSP00000469811,292,20
9606.ENSP00000375863,291,58
9606.ENSP00000483786,291,42
9606.ENSP00000387164,291,51
9606.ENSP00000418695,290,55
9606.ENSP00000302833,290,37
9606.ENSP00000279022,290,54
9606.ENSP00000298159,289,47
9606.ENSP00000339795,289,23
9606.ENSP00000309415,288,13
9606.ENSP00000356972,287,47
9606.ENSP00000364635,287,61
9606.ENSP00000451560,286,325
9606.ENSP00000337261,285,83
9606.ENSP00000264904,285,79
9606.ENSP00000258787,285,109
9606.ENSP00000379975,285,41
9606.ENSP00000355228,285,4
9606.ENSP00000384886,284,20
9606.ENSP00000248342,284,25
9606.ENSP00000333769,283,25
9606.ENSP00000387176,283,576
9606.ENSP00000225972,283,25
9606.ENSP00000296674,282,10
9606.ENSP00000486901,282,76
9606.ENSP00000463784,280,16
9606.ENSP00000428223,280,16
9606.ENSP00000251047,280,32
9606.ENSP00000245615,280,32
9606.ENSP00000376330,279,48
9606.ENSP00000355361,279,23
9606.ENSP00000220849,279,63
9606.ENSP00000309334,279,14
9606.ENSP00000223369,278,22
9606.ENSP00000310129,278,97
9606.ENSP00000000412,277,20
9606.ENSP00000429283,277,174
9606.ENSP00000347197,277,19
9606.ENSP00000495672,277,6
9606.ENSP00000381448,277,13
9606.ENSP00000267257,275,48
9606.ENSP00000484998,275,35
9606.ENSP00000227524,274,25
9606.ENSP00000368458,274,22
9606.ENSP00000471191,274,21
9606.ENSP00000222247,273,15
9606.ENSP00000318697,273,183
9606.ENSP00000356982,272,9
9606.ENSP00000409738,272,8
9606.ENSP00000356828,272,29
9606.ENSP00000359540,272,22
9606.ENSP00000261479,271,33
9606.ENSP00000387699,271,8
9606.ENSP00000365081,271,10
9606.ENSP00000216392,271,82
9606.ENSP00000297012,270,154
9606.ENSP00000270625,270,14
9606.ENSP00000469194,270,12
9606.ENSP00000223642,269,136
9606.ENSP00000419665,269,16
9606.ENSP00000429986,269,4
9606.ENSP00000054666,269,14
9606.ENSP00000387282,268,18
9606.ENSP00000422607,268,72
9606.ENSP00000359871,267,33
9606.ENSP00000457421,267,89
9606.ENSP00000218340,267,24
9606.ENSP00000305230,267,11
9606.ENSP00000308405,266,153
9606.ENSP00000296417,266,153
9606.ENSP00000295688,266,47
9606.ENSP00000300688,265,16
9606.ENSP00000426167,265,11
9606.ENSP00000236959,265,56
9606.ENSP00000244534,265,38
9606.ENSP00000326305,264,27
9606.ENSP00000364183,264,10
9606.ENSP00000341094,264,160
9606.ENSP00000483842,264,160
9606.ENSP00000355656,264,160
9606.ENSP00000303373,264,160
9606.ENSP00000369081,263,33
9606.ENSP00000382731,262,45
9606.ENSP00000378769,262,60
9606.ENSP00000215882,262,28
9606.ENSP00000358312,262,27
9606.ENSP00000298556,262,25
9606.ENSP00000326031,260,68
9606.ENSP00000400717,260,51
9606.ENSP00000366679,260,160
9606.ENSP00000367022,260,160
9606.ENSP00000352627,260,160
9606.ENSP00000328484,260,160
9606.ENSP00000351589,260,160
9606.ENSP00000482538,260,160
9606.ENSP00000482431,260,160
9606.ENSP00000352119,260,160
9606.ENSP00000358155,260,160
9606.ENSP00000475814,260,160
9606.ENSP00000348965,259,472
9606.ENSP00000216455,259,29
9606.ENSP00000496250,259,13
9606.ENSP00000481038,259,161
9606.ENSP00000319281,258,20
9606.ENSP00000364119,258,30
9606.ENSP00000302160,257,6
9606.ENSP00000450353,257,45
9606.ENSP00000245620,257,32
9606.ENSP00000440485,256,18
9606.ENSP00000400142,255,17
9606.ENSP00000480270,255,34
9606.ENSP00000360124,255,65
9606.ENSP00000297785,255,51
9606.ENSP00000418447,254,56
9606.ENSP00000380378,254,40
9606.ENSP00000478121,254,10
9606.ENSP00000431049,254,25
9606.ENSP00000356275,254,14
9606.ENSP00000445829,254,11
9606.ENSP00000305480,253,26
9606.ENSP00000335632,253,15
9606.ENSP00000225430,252,6
9606.ENSP00000350937,252,41
9606.ENSP00000333551,252,25
9606.ENSP00000261712,252,45
9606.ENSP00000446252,252,33
9606.ENSP00000310861,252,123
9606.ENSP00000378409,252,28
9606.ENSP00000463057,251,84
9606.ENSP00000340736,251,24
9606.ENSP00000346300,250,26
9606.ENSP00000259037,250,11
9606.ENSP00000297290,249,4
9606.ENSP00000439601,249,60
9606.ENSP00000274242,249,5
9606.ENSP00000392094,249,83
9606.ENSP00000317159,249,22
9606.ENSP00000254108,249,24
9606.ENSP00000253496,248,31
9606.ENSP00000352522,247,51
9606.ENSP00000438553,247,154
9606.ENSP00000332194,247,154
9606.ENSP00000470059,247,54
9606.ENSP00000417580,246,16
9606.ENSP00000346206,246,57
9606.ENSP00000229268,246,55
9606.ENSP00000225371,246,140
9606.ENSP00000370125,246,8
9606.ENSP00000478877,245,15
9606.ENSP00000450909,245,12
9606.ENSP00000351646,245,50
9606.ENSP00000276689,245,14
9606.ENSP00000231368,245,109
9606.ENSP00000228506,244,31
9606.ENSP00000394071,244,72
9606.ENSP00000363993,244,20
9606.ENSP00000252711,244,30
9606.ENSP00000226299,244,58
9606.ENSP00000379364,243,37
9606.ENSP00000296456,243,36
9606.ENSP00000216330,243,18
9606.ENSP00000478479,243,28
9606.ENSP00000328325,243,5
9606.ENSP00000351926,243,98
9606.ENSP00000385035,243,38
9606.ENSP00000367038,242,79
9606.ENSP00000411719,242,26
9606.ENSP00000317334,242,49
9606.ENSP00000495192,242,219
9606.ENSP00000435289,242,8
9606.ENSP00000217195,242,19
9606.ENSP00000336687,241,14
9606.ENSP00000403172,241,21
9606.ENSP00000219169,241,10
9606.ENSP00000452762,241,30
9606.ENSP00000440502,240,48
9606.ENSP00000499129,240,55
9606.ENSP00000220764,240,28
9606.ENSP00000360664,240,8
9606.ENSP00000194214,240,6
9606.ENSP00000462309,238,16
9606.ENSP00000491073,238,71
9606.ENSP00000483688,238,16
9606.ENSP00000313050,237,21
9606.ENSP00000264001,237,3
9606.ENSP00000382595,237,36
9606.ENSP00000475750,236,18
9606.ENSP00000317955,236,115
9606.ENSP00000304283,236,57
9606.ENSP00000227266,236,34
9606.ENSP00000472998,236,23
9606.ENSP00000338703,235,42
9606.ENSP00000325448,235,41
9606.ENSP00000369424,235,53
9606.ENSP00000303147,234,23
9606.ENSP00000391583,234,26
9606.ENSP00000251166,234,72
9606.ENSP00000278483,234,6
9606.ENSP00000307889,234,15
9606.ENSP00000255040,234,16
9606.ENSP00000246006,233,34
9606.ENSP00000355493,233,27
9606.ENSP00000455114,233,46
9606.ENSP00000299855,233,38
9606.ENSP00000346015,232,12
9606.ENSP00000301939,232,2
9606.ENSP00000494664,231,75
9606.ENSP00000428924,231,67
9606.ENSP00000256383,231,35
9606.ENSP00000329419,231,74
9606.ENSP00000341779,231,64
9606.ENSP00000360281,231,46
9606.ENSP00000401564,230,16
9606.ENSP00000317780,230,18
9606.ENSP00000337838,229,53
9606.ENSP00000221138,229,50
9606.ENSP00000498227,229,14
9606.ENSP00000410059,229,46
9606.ENSP00000393241,228,12
9606.ENSP00000343885,228,29
9606.ENSP00000471493,227,24
9606.ENSP00000378812,226,6
9606.ENSP00000184266,226,7
9606.ENSP00000318804,226,28
9606.ENSP00000312618,226,46
9606.ENSP00000414398,225,24
9606.ENSP00000469035,225,23
9606.ENSP00000481054,225,43
9606.ENSP00000442318,224,93
9606.ENSP00000364898,224,52
9606.ENSP00000356541,223,8
9606.ENSP00000438507,223,83
9606.ENSP00000357113,223,54
9606.ENSP00000414359,223,23
9606.ENSP00000381057,223,5
9606.ENSP00000481029,223,36
9606.ENSP00000431284,223,18
9606.ENSP00000466214,222,14
9606.ENSP00000499089,222,60
9606.ENSP00000392709,221,54
9606.ENSP00000313829,221,14
9606.ENSP00000302621,221,20
9606.ENSP00000223321,220,21
9606.ENSP00000367498,220,38
9606.ENSP00000346103,220,19
9606.ENSP00000367992,220,25
9606.ENSP00000404854,220,18
9606.ENSP00000362744,219,22
9606.ENSP00000307241,219,33
9606.ENSP00000361207,219,22
9606.ENSP00000261303,218,31
9606.ENSP00000379366,218,37
9606.ENSP00000377036,218,21
9606.ENSP00000011473,218,15
9606.ENSP00000340211,218,19
9606.ENSP00000408342,217,73
9606.ENSP00000373706,217,90
9606.ENSP00000229795,217,27
9606.ENSP00000260408,216,57
9606.ENSP00000363512,216,48
9606.ENSP00000383949,216,10
9606.ENSP00000325594,216,47
9606.ENSP00000261407,215,27
9606.ENSP00000416683,215,38
9606.ENSP00000253108,215,16
9606.ENSP00000450385,214,33
9606.ENSP00000328729,214,14
9606.ENSP00000254193,214,15
9606.ENSP00000356591,214,26
9606.ENSP00000403701,214,31
9606.ENSP00000358939,214,41
9606.ENSP00000495273,214,10
9606.ENSP00000359211,213,71
9606.ENSP00000428112,213,32
9606.ENSP00000483185,212,100
9606.ENSP00000361892,212,50
9606.ENSP00000497260,212,95
9606.ENSP00000347916,212,21
9606.ENSP00000477538,212,20
9606.ENSP00000349727,212,25
9606.ENSP00000274364,212,107
9606.ENSP00000362576,212,45
9606.ENSP00000261427,211,26
9606.ENSP00000479861,211,25
9606.ENSP00000457733,211,36
9606.ENSP00000463419,211,78
9606.ENSP00000485638,211,78
9606.ENSP00000439444,211,78
9606.ENSP00000381293,211,83
9606.ENSP00000274217,211,31
9606.ENSP00000362688,210,28
9606.ENSP00000252071,210,35
9606.ENSP00000282486,210,15
9606.ENSP00000369286,209,9
9606.ENSP00000181383,209,20
9606.ENSP00000290299,209,24
9606.ENSP00000363071,208,124
9606.ENSP00000400010,208,82
9606.ENSP00000265641,208,62
9606.ENSP00000354791,208,83
9606.ENSP00000263413,207,48
9606.ENSP00000410815,207,160
9606.ENSP00000360525,207,25
9606.ENSP00000364597,207,34
9606.ENSP00000434359,207,29
9606.ENSP00000331019,206,8
9606.ENSP00000499044,206,8
9606.ENSP00000360473,206,6
9606.ENSP00000325369,205,14
9606.ENSP00000258145,205,29
9606.ENSP00000479669,205,35
9606.ENSP00000234396,205,71
9606.ENSP00000352071,204,69
9606.ENSP00000378163,203,5
9606.ENSP00000480853,203,16
9606.ENSP00000380920,203,8
9606.ENSP00000297283,203,52
9606.ENSP00000287295,202,43
9606.ENSP00000349259,202,199
9606.ENSP00000320324,202,68
9606.ENSP00000498807,202,28
9606.ENSP00000348442,202,35
9606.ENSP00000318297,201,28
9606.ENSP00000306003,201,6
9606.ENSP00000388996,201,40
9606.ENSP00000430282,201,34
9606.ENSP00000405926,201,31
9606.ENSP00000454623,201,89
9606.ENSP00000379506,200,10
9606.ENSP00000376475,200,28
9606.ENSP00000322524,200,12
9606.ENSP00000380869,199,49
9606.ENSP00000376055,199,18
9606.ENSP00000333779,199,23
9606.ENSP00000478061,199,17
9606.ENSP00000260447,199,5
9606.ENSP00000377233,198,78
9606.ENSP00000251595,198,15
9606.ENSP00000322421,198,15
9606.ENSP00000470176,198,11
9606.ENSP00000367615,198,16
9606.ENSP00000467600,197,18
9606.ENSP00000481646,197,14
9606.ENSP00000485206,197,78
9606.ENSP00000464619,197,78
9606.ENSP00000319240,196,25
9606.ENSP00000363638,196,8
9606.ENSP00000367323,196,26
9606.ENSP00000310572,196,36
9606.ENSP00000440045,196,70
9606.ENSP00000264108,195,17
9606.ENSP00000233025,195,2
9606.ENSP00000326381,195,60
9606.ENSP00000290349,195,27
9606.ENSP00000293362,195,22
9606.ENSP00000323889,195,44
9606.ENSP00000479153,195,59
9606.ENSP00000306320,195,4
9606.ENSP00000304102,195,13
9606.ENSP00000216038,195,33
9606.ENSP00000418572,194,11
9606.ENSP00000349238,194,88
9606.ENSP00000321070,194,36
9606.ENSP00000367893,193,18
9606.ENSP00000322061,193,44
9606.ENSP00000458770,193,10
9606.ENSP00000247665,193,11
9606.ENSP00000364794,192,88
9606.ENSP00000361803,191,13
9606.ENSP00000369965,191,6
9606.ENSP00000233202,191,10
9606.ENSP00000233078,191,15
9606.ENSP00000365505,191,10
9606.ENSP00000443216,191,2
9606.ENSP00000362873,190,11
9606.ENSP00000346012,190,8
9606.ENSP00000356056,190,7
9606.ENSP00000263025,190,42
9606.ENSP00000272519,190,9
9606.ENSP00000293350,189,26
9606.ENSP00000292609,189,25
9606.ENSP00000364649,189,24
9606.ENSP00000355094,189,18
9606.ENSP00000494697,189,12
9606.ENSP00000307567,189,62
9606.ENSP00000294785,189,44
9606.ENSP00000364076,189,19
9606.ENSP00000263246,188,26
9606.ENSP00000250101,188,12
9606.ENSP00000379133,188,21
9606.ENSP00000385923,188,34
9606.ENSP00000429374,188,6
9606.ENSP00000366156,188,22
9606.ENSP00000477602,188,10
9606.ENSP00000354499,188,3
9606.ENSP00000253039,187,29
9606.ENSP00000301729,187,15
9606.ENSP00000493382,187,31
9606.ENSP00000408410,187,14
9606.ENSP00000362803,187,10
9606.ENSP00000278353,186,16
9606.ENSP00000310668,186,57
9606.ENSP00000323328,185,24
9606.ENSP00000460885,185,70
9606.ENSP00000368831,185,42
9606.ENSP00000413606,185,37
9606.ENSP00000261700,185,16
9606.ENSP00000365569,185,37
9606.ENSP00000332706,185,4
9606.ENSP00000263579,185,20
9606.ENSP00000311469,184,36
9606.ENSP00000223129,184,8
9606.ENSP00000312185,184,40
9606.ENSP00000259253,184,86
9606.ENSP00000362058,183,8
9606.ENSP00000338235,183,26
9606.ENSP00000345445,183,30
9606.ENSP00000418529,182,22
9606.ENSP00000262407,182,45
9606.ENSP00000350278,182,15
9606.ENSP00000432279,182,6
9606.ENSP00000225614,182,17
9606.ENSP00000223641,181,7
9606.ENSP00000392147,181,17
9606.ENSP00000253023,181,14
9606.ENSP00000310670,181,46
9606.ENSP00000417378,181,10
9606.ENSP00000359446,181,18
9606.ENSP00000306920,181,33
9606.ENSP00000356953,181,9
9606.ENSP00000493153,181,14
9606.ENSP00000363031,180,36
9606.ENSP00000279387,180,25
9606.ENSP00000427463,180,9
9606.ENSP00000267814,180,24
9606.ENSP00000321691,180,10
9606.ENSP00000290921,180,21
9606.ENSP00000346437,180,48
9606.ENSP00000321260,180,6
9606.ENSP00000280097,179,16
9606.ENSP00000315263,179,14
9606.ENSP00000381104,179,31
9606.ENSP00000262982,179,71
9606.ENSP00000262225,179,14
9606.ENSP00000430494,179,12
9606.ENSP00000356807,179,16
9606.ENSP00000290401,178,20
9606.ENSP00000389297,178,14
9606.ENSP00000474560,178,14
9606.ENSP00000354961,178,12
9606.ENSP00000322439,178,39
9606.ENSP00000303992,178,29
9606.ENSP00000359393,177,15
9606.ENSP00000356652,177,16
9606.ENSP00000489311,177,160
9606.ENSP00000216129,177,36
9606.ENSP00000264896,176,40
9606.ENSP00000419879,175,17
9606.ENSP00000265729,175,12
9606.ENSP00000365891,175,19
9606.ENSP00000360939,175,16
9606.ENSP00000286713,175,19
9606.ENSP00000494708,175,36
9606.ENSP00000444271,174,40
9606.ENSP00000318861,174,36
9606.ENSP00000386881,174,131
9606.ENSP00000358840,174,6
9606.ENSP00000379680,173,24
9606.ENSP00000343742,173,17
9606.ENSP00000464383,173,11
9606.ENSP00000363500,173,19
9606.ENSP00000354458,173,23
9606.ENSP00000176763,173,47
9606.ENSP00000441543,173,231
9606.ENSP00000264028,173,30
9606.ENSP00000295822,173,14
9606.ENSP00000296028,172,12
9606.ENSP00000329920,172,22
9606.ENSP00000355206,172,2
9606.ENSP00000373905,171,53
9606.ENSP00000377015,171,34
9606.ENSP00000308720,171,26
9606.ENSP00000346827,171,37
9606.ENSP00000363322,171,4
9606.ENSP00000497641,171,27
9606.ENSP00000339328,170,18
9606.ENSP00000348316,170,6
9606.ENSP00000335321,170,57
9606.ENSP00000313007,170,64
9606.ENSP00000265866,170,21
9606.ENSP00000388183,170,55
9606.ENSP00000327268,170,18
9606.ENSP00000361926,170,16
9606.ENSP00000388552,169,16
9606.ENSP00000435365,169,32
9606.ENSP00000370736,169,12
9606.ENSP00000364289,169,42
9606.ENSP00000359629,169,24
9606.ENSP00000270586,169,14
9606.ENSP00000346340,168,8
9606.ENSP00000463842,168,22
9606.ENSP00000343966,168,19
9606.ENSP00000276062,168,6
9606.ENSP00000383365,168,32
9606.ENSP00000441158,167,237
9606.ENSP00000286648,167,16
9606.ENSP00000487444,167,165
9606.ENSP00000470262,166,9
9606.ENSP00000429931,166,22
9606.ENSP00000362456,166,12
9606.ENSP00000215793,166,40
9606.ENSP00000264690,166,43
9606.ENSP00000423673,166,17
9606.ENSP00000157812,166,26
9606.ENSP00000421592,166,12
9606.ENSP00000429824,166,22
9606.ENSP00000234160,166,13
9606.ENSP00000444810,165,26
9606.ENSP00000310726,165,4
9606.ENSP00000306397,165,13
9606.ENSP00000499422,165,6
9606.ENSP00000378199,164,92
9606.ENSP00000319096,164,18
9606.ENSP00000361076,164,12
9606.ENSP00000356030,163,20
9606.ENSP00000346483,163,12
9606.ENSP00000367938,163,8
9606.ENSP00000311747,163,26
9606.ENSP00000262134,163,31
9606.ENSP00000333667,163,29
9606.ENSP00000333664,163,14
9606.ENSP00000229314,163,6
9606.ENSP00000454786,162,32
9606.ENSP00000345957,162,7
9606.ENSP00000305790,162,61
9606.ENSP00000487693,162,16
9606.ENSP00000467423,162,32
9606.ENSP00000273986,162,10
9606.ENSP00000316809,162,19
9606.ENSP00000354762,161,6
9606.ENSP00000266732,161,38
9606.ENSP00000378058,161,26
9606.ENSP00000262288,161,19
9606.ENSP00000356448,161,101
9606.ENSP00000377446,161,12
9606.ENSP00000361626,161,18
9606.ENSP00000472985,161,10
9606.ENSP00000496129,161,45
9606.ENSP00000279146,161,16
9606.ENSP00000357005,161,10
9606.ENSP00000397552,161,20
9606.ENSP00000221515,161,9
9606.ENSP00000380460,161,42
9606.ENSP00000421566,161,42
9606.ENSP00000343405,160,46
9606.ENSP00000356540,160,19
9606.ENSP00000466259,160,67
9606.ENSP00000290246,160,40
9606.ENSP00000260665,159,93
9606.ENSP00000414321,159,10
9606.ENSP00000428426,159,20
9606.ENSP00000392985,159,14
9606.ENSP00000244573,159,30
9606.ENSP00000220325,159,44
9606.ENSP00000493515,159,26
9606.ENSP00000225174,159,16
9606.ENSP00000318822,159,13
9606.ENSP00000353032,159,19
9606.ENSP00000369042,159,39
9606.ENSP00000384273,159,18
9606.ENSP00000387180,158,6
9606.ENSP00000281031,158,12
9606.ENSP00000254719,158,29
9606.ENSP00000263774,158,18
9606.ENSP00000477590,158,37
9606.ENSP00000215071,158,18
9606.ENSP00000427424,157,11
9606.ENSP00000314606,157,26
9606.ENSP00000497402,157,18
9606.ENSP00000293373,157,67
9606.ENSP00000306614,157,15
9606.ENSP00000223061,157,24
9606.ENSP00000266544,157,43
9606.ENSP00000385432,156,17
9606.ENSP00000335304,156,22
9606.ENSP00000356218,156,13
9606.ENSP00000410339,156,11
9606.ENSP00000246024,155,15
9606.ENSP00000443965,155,23
9606.ENSP00000356231,155,7
9606.ENSP00000392896,155,4
9606.ENSP00000480946,155,22
9606.ENSP00000356602,155,10
9606.ENSP00000261889,155,37
9606.ENSP00000337358,154,14
9606.ENSP00000435777,154,10
9606.ENSP00000229390,154,14
9606.ENSP00000244020,154,32
9606.ENSP00000493805,154,39
9606.ENSP00000355759,154,41
9606.ENSP00000233143,154,6
9606.ENSP00000441980,153,14
9606.ENSP00000339566,153,35
9606.ENSP00000453801,153,10
9606.ENSP00000318016,153,71
9606.ENSP00000430548,152,23
9606.ENSP00000261973,152,26
9606.ENSP00000452746,152,17
9606.ENSP00000359719,152,46
9606.ENSP00000424417,152,20
9606.ENSP00000480332,152,10
9606.ENSP00000378588,151,6
9606.ENSP00000380638,151,64
9606.ENSP00000247153,151,12
9606.ENSP00000419325,151,24
9606.ENSP00000386636,151,22
9606.ENSP00000369915,150,18
9606.ENSP00000461945,150,21
9606.ENSP00000410798,150,14
9606.ENSP00000314733,150,12
9606.ENSP00000302486,150,24
9606.ENSP00000365950,150,6
9606.ENSP00000482486,150,19
9606.ENSP00000387710,149,44
9606.ENSP00000385714,149,16
9606.ENSP00000364815,149,62
9606.ENSP00000388658,149,50
9606.ENSP00000282272,148,54
9606.ENSP00000303942,148,9
9606.ENSP00000296029,148,8
9606.ENSP00000406162,148,23
9606.ENSP00000427421,147,2
9606.ENSP00000378856,147,32
9606.ENSP00000480836,147,18
9606.ENSP00000264595,147,12
9606.ENSP00000356263,147,16
9606.ENSP00000271373,147,9
9606.ENSP00000460348,147,118
9606.ENSP00000296581,147,4
9606.ENSP00000350708,147,15
9606.ENSP00000342850,146,14
9606.ENSP00000343412,146,17
9606.ENSP00000292782,146,10
9606.ENSP00000383168,146,33
9606.ENSP00000474096,146,23
9606.ENSP00000216218,146,13
9606.ENSP00000410964,146,24
9606.ENSP00000300291,146,11
9606.ENSP00000312082,146,61
9606.ENSP00000361231,146,10
9606.ENSP00000311677,145,12
9606.ENSP00000046794,145,22
9606.ENSP00000316007,145,4
9606.ENSP00000379181,145,16
9606.ENSP00000292363,145,7
9606.ENSP00000264059,145,29
9606.ENSP00000376506,145,10
9606.ENSP00000358501,144,6
9606.ENSP00000217971,144,8
9606.ENSP00000416739,144,32
9606.ENSP00000438349,143,8
9606.ENSP00000218388,143,11
9606.ENSP00000294435,143,8
9606.ENSP00000354649,143,15
9606.ENSP00000269373,143,14
9606.ENSP00000299299,143,7
9606.ENSP00000369860,143,25
9606.ENSP00000363041,142,6
9606.ENSP00000254508,142,75
9606.ENSP00000498653,142,18
9606.ENSP00000378721,142,41
9606.ENSP00000386541,142,14
9606.ENSP00000313967,142,10
9606.ENSP00000232564,141,35
9606.ENSP00000370882,141,11
9606.ENSP00000349142,141,16
9606.ENSP00000282412,141,21
9606.ENSP00000497587,141,20
9606.ENSP00000360683,141,21
9606.ENSP00000272067,141,6
9606.ENSP00000252599,141,30
9606.ENSP00000316905,141,20
9606.ENSP00000328570,141,6
9606.ENSP00000498336,141,50
9606.ENSP00000469468,141,6
9606.ENSP00000261574,140,59
9606.ENSP00000386165,140,4
9606.ENSP00000378725,140,69
9606.ENSP00000487719,140,85
9606.ENSP00000014930,140,8
9606.ENSP00000324573,140,59
9606.ENSP00000302961,140,55
9606.ENSP00000406209,139,10
9606.ENSP00000476252,139,29
9606.ENSP00000319255,139,14
9606.ENSP00000415769,139,35
9606.ENSP00000278412,139,33
9606.ENSP00000216500,138,13
9606.ENSP00000386911,138,34
9606.ENSP00000363852,138,28
9606.ENSP00000379616,138,268
9606.ENSP00000215375,138,4
9606.ENSP00000296557,138,16
9606.ENSP00000308193,138,10
9606.ENSP00000494360,137,16
9606.ENSP00000377681,137,18
9606.ENSP00000367939,137,6
9606.ENSP00000360498,136,6
9606.ENSP00000456436,136,12
9606.ENSP00000339835,136,84
9606.ENSP00000353741,136,27
9606.ENSP00000204566,136,19
9606.ENSP00000375730,136,8
9606.ENSP00000360687,136,5
9606.ENSP00000312262,136,50
9606.ENSP00000421076,136,9
9606.ENSP00000205061,135,52
9606.ENSP00000360635,135,24
9606.ENSP00000480421,135,31
9606.ENSP00000469240,135,4
9606.ENSP00000341625,135,6
9606.ENSP00000321584,135,19
9606.ENSP00000256644,134,6
9606.ENSP00000404236,134,10
9606.ENSP00000250617,134,40
9606.ENSP00000220166,134,14
9606.ENSP00000366604,133,22
9606.ENSP00000399679,133,47
9606.ENSP00000346001,133,15
9606.ENSP00000354125,133,32
9606.ENSP00000005257,133,6
9606.ENSP00000336914,133,27
9606.ENSP00000246151,133,12
9606.ENSP00000380921,133,32
9606.ENSP00000451962,132,5
9606.ENSP00000373918,132,29
9606.ENSP00000259457,132,10
9606.ENSP00000428209,132,17
9606.ENSP00000325002,132,49
9606.ENSP00000358045,131,23
9606.ENSP00000425634,131,26
9606.ENSP00000345837,131,6
9606.ENSP00000222286,131,64
9606.ENSP00000468236,131,5
9606.ENSP00000414202,131,19
9606.ENSP00000264033,131,39
9606.ENSP00000210444,131,13
9606.ENSP00000260818,131,96
9606.ENSP00000362900,130,20
9606.ENSP00000238497,130,18
9606.ENSP00000357633,130,14
9606.ENSP00000409581,130,17
9606.ENSP00000400101,130,40
9606.ENSP00000273359,130,14
9606.ENSP00000387356,130,35
9606.ENSP00000332287,130,5
9606.ENSP00000265838,130,16
9606.ENSP00000354335,130,23
9606.ENSP00000299367,130,56
9606.ENSP00000268058,130,41
9606.ENSP00000379350,129,36
9606.ENSP00000262187,129,6
9606.ENSP00000410833,129,27
9606.ENSP00000271857,129,20
9606.ENSP00000362314,129,2
9606.ENSP00000496713,129,178
9606.ENSP00000419970,128,28
9606.ENSP00000346088,128,4
9606.ENSP00000303423,128,17
9606.ENSP00000494040,128,57
9606.ENSP00000385828,128,19
9606.ENSP00000304802,128,16
9606.ENSP00000315997,128,31
9606.ENSP00000327694,128,62
9606.ENSP00000333266,127,34
9606.ENSP00000430774,127,6
9606.ENSP00000385080,127,21
9606.ENSP00000360034,127,18
9606.ENSP00000354346,127,56
9606.ENSP00000378284,127,56
9606.ENSP00000242784,127,4
9606.ENSP00000234038,127,20
9606.ENSP00000267103,127,18
9606.ENSP00000344504,127,6
9606.ENSP00000378323,127,30
9606.ENSP00000222968,126,6
9606.ENSP00000287156,126,7
9606.ENSP00000357384,126,4
9606.ENSP00000246117,126,21
9606.ENSP00000248958,126,6
9606.ENSP00000222553,126,22
9606.ENSP00000372139,126,10
9606.ENSP00000372136,126,10
9606.ENSP00000328359,126,10
9606.ENSP00000356632,126,4
9606.ENSP00000215754,126,6
9606.ENSP00000311399,126,14
9606.ENSP00000356481,126,26
9606.ENSP00000395473,125,43
9606.ENSP00000255409,125,16
9606.ENSP00000484175,125,11
9606.ENSP00000381386,125,16
9606.ENSP00000347532,125,22
9606.ENSP00000365576,125,16
9606.ENSP00000275730,125,30
9606.ENSP00000306881,125,31
9606.ENSP00000370984,125,6
9606.ENSP00000217407,124,16
9606.ENSP00000413507,124,25
9606.ENSP00000404833,124,17
9606.ENSP00000497444,124,12
9606.ENSP00000468367,124,40
9606.ENSP00000377470,124,17
9606.ENSP00000365131,124,29
9606.ENSP00000366819,124,12
9606.ENSP00000400333,123,22
9606.ENSP00000358554,123,8
9606.ENSP00000249269,123,21
9606.ENSP00000434511,123,6
9606.ENSP00000309830,122,2
9606.ENSP00000369816,122,11
9606.ENSP00000426906,122,17
9606.ENSP00000322716,122,20
9606.ENSP00000240851,122,6
9606.ENSP00000479919,122,12
9606.ENSP00000353444,122,29
9606.ENSP00000369456,122,6
9606.ENSP00000417748,121,12
9606.ENSP00000479089,121,8
9606.ENSP00000435210,121,24
9606.ENSP00000297338,121,22
9606.ENSP00000317468,121,6
9606.ENSP00000377055,121,13
9606.ENSP00000345083,121,20
9606.ENSP00000256637,121,27
9606.ENSP00000288266,121,28
9606.ENSP00000358165,121,26
9606.ENSP00000416255,121,46
9606.ENSP00000331915,121,4
9606.ENSP00000378131,120,46
9606.ENSP00000466639,120,12
9606.ENSP00000314299,120,23
9606.ENSP00000265395,120,10
9606.ENSP00000280706,120,54
9606.ENSP00000264170,120,22
9606.ENSP00000269159,120,10
9606.ENSP00000322276,120,13
9606.ENSP00000310219,120,78
9606.ENSP00000493607,120,44
9606.ENSP00000332646,120,15
9606.ENSP00000217402,120,6
9606.ENSP00000357048,120,61
9606.ENSP00000216190,120,12
9606.ENSP00000420213,119,156
9606.ENSP00000264639,119,29
9606.ENSP00000464087,119,248
9606.ENSP00000217133,119,119
9606.ENSP00000450085,119,10
9606.ENSP00000320485,119,55
9606.ENSP00000261758,118,10
9606.ENSP00000312442,118,34
9606.ENSP00000274712,118,2
9606.ENSP00000216117,118,14
9606.ENSP00000348381,118,23
9606.ENSP00000358777,118,24
9606.ENSP00000336712,118,40
9606.ENSP00000359295,118,6
9606.ENSP00000463379,118,22
9606.ENSP00000267935,118,8
9606.ENSP00000264758,118,24
9606.ENSP00000378426,118,7
9606.ENSP00000246194,118,10
9606.ENSP00000327821,118,36
9606.ENSP00000379339,117,4
9606.ENSP00000295119,117,8
9606.ENSP00000309689,117,23
9606.ENSP00000272645,117,6
9606.ENSP00000355890,117,58
9606.ENSP00000478754,117,31
9606.ENSP00000368970,117,2
9606.ENSP00000375629,117,35
9606.ENSP00000262494,117,57
9606.ENSP00000349437,117,94
9606.ENSP00000221801,116,12
9606.ENSP00000273130,116,22
9606.ENSP00000353590,116,211
9606.ENSP00000331504,116,32
9606.ENSP00000394888,116,83
9606.ENSP00000266735,116,2
9606.ENSP00000261893,116,18
9606.ENSP00000360613,116,2
9606.ENSP00000360798,116,32
9606.ENSP00000389160,116,12
9606.ENSP00000216554,115,12
9606.ENSP00000357876,115,10
9606.ENSP00000365606,115,35
9606.ENSP00000217244,115,26
9606.ENSP00000310803,115,5
9606.ENSP00000363018,114,10
9606.ENSP00000411960,114,31
9606.ENSP00000300134,114,24
9606.ENSP00000415283,114,13
9606.ENSP00000370745,114,28
9606.ENSP00000261875,114,14
9606.ENSP00000353098,114,25
9606.ENSP00000393566,114,9
9606.ENSP00000413625,114,22
9606.ENSP00000360532,114,26
9606.ENSP00000360688,113,10
9606.ENSP00000262710,113,31
9606.ENSP00000495274,113,34
9606.ENSP00000216780,113,28
9606.ENSP00000264279,113,22
9606.ENSP00000468424,113,16
9606.ENSP00000286175,113,10
9606.ENSP00000499582,113,10
9606.ENSP00000452763,113,8
9606.ENSP00000305193,113,10
9606.ENSP00000362273,113,10
9606.ENSP00000370376,113,10
9606.ENSP00000289228,113,19
9606.ENSP00000410769,113,9
9606.ENSP00000240185,113,7
9606.ENSP00000367208,113,15
9606.ENSP00000313875,113,10
9606.ENSP00000363770,112,9
9606.ENSP00000449770,112,13
9606.ENSP00000448598,112,10
9606.ENSP00000451300,112,14
9606.ENSP00000216479,112,10
9606.ENSP00000360141,112,30
9606.ENSP00000362807,111,6
9606.ENSP00000277903,111,16
9606.ENSP00000432472,111,4
9606.ENSP00000306362,111,6
9606.ENSP00000317123,111,94
9606.ENSP00000375618,111,26
9606.ENSP00000326219,111,8
9606.ENSP00000256447,110,13
9606.ENSP00000451976,110,6
9606.ENSP00000369948,110,5
9606.ENSP00000363661,110,12
9606.ENSP00000498872,110,18
9606.ENSP00000304592,110,79
9606.ENSP00000278222,110,8
9606.ENSP00000329662,110,10
9606.ENSP00000296702,110,26
9606.ENSP00000285930,110,17
9606.ENSP00000430432,110,27
9606.ENSP00000484431,109,11
9606.ENSP00000402346,109,38
9606.ENSP00000473172,109,23
9606.ENSP00000338844,109,31
9606.ENSP00000264167,109,21
9606.ENSP00000369038,109,10
9606.ENSP00000400882,109,29
9606.ENSP00000346027,109,4
9606.ENSP00000366032,109,12
9606.ENSP00000353129,109,36
9606.ENSP00000348886,109,10
9606.ENSP00000379873,109,23
9606.ENSP00000354837,109,34
9606.ENSP00000389277,109,6
9606.ENSP00000478303,109,6
9606.ENSP00000405338,109,51
9606.ENSP00000256078,109,22
9606.ENSP00000308770,109,10
9606.ENSP00000351159,108,9
9606.ENSP00000362649,108,29
9606.ENSP00000226796,108,7
9606.ENSP00000305422,108,8
9606.ENSP00000347005,108,21
9606.ENSP00000252542,108,28
9606.ENSP00000428184,108,8
9606.ENSP00000371155,108,6
9606.ENSP00000394183,108,4
9606.ENSP00000472929,108,30
9606.ENSP00000500990,108,3
9606.ENSP00000319169,107,17
9606.ENSP00000428657,107,48
9606.ENSP00000356382,107,22
9606.ENSP00000370258,107,63
9606.ENSP00000290291,107,20
9606.ENSP00000332604,107,63
9606.ENSP00000278823,107,34
9606.ENSP00000370517,107,33
9606.ENSP00000415034,107,83
9606.ENSP00000354554,107,5
9606.ENSP00000348565,107,8
9606.ENSP00000403039,107,16
9606.ENSP00000308610,106,30
9606.ENSP00000452123,106,9
9606.ENSP00000304376,106,10
9606.ENSP00000283027,106,8
9606.ENSP00000261854,106,11
9606.ENSP00000221494,106,9
9606.ENSP00000393845,106,39
9606.ENSP00000273308,106,17
9606.ENSP00000263401,105,8
9606.ENSP00000433664,105,26
9606.ENSP00000500193,105,16
9606.ENSP00000272233,105,21
9606.ENSP00000382779,105,14
9606.ENSP00000365312,105,14
9606.ENSP00000363054,105,7
9606.ENSP00000425561,105,10
9606.ENSP00000261868,105,12
9606.ENSP00000370750,105,11
9606.ENSP00000430598,105,4
9606.ENSP00000496942,105,5
9606.ENSP00000386023,104,6
9606.ENSP00000470246,104,12
9606.ENSP00000265872,104,30
9606.ENSP00000264670,104,27
9606.ENSP00000357679,104,4
9606.ENSP00000345494,103,5
9606.ENSP00000360541,103,25
9606.ENSP00000352288,103,73
9606.ENSP00000306788,103,5
9606.ENSP00000346634,103,21
9606.ENSP00000265388,103,31
9606.ENSP00000260356,103,43
9606.ENSP00000416158,103,35
9606.ENSP00000482773,103,10
9606.ENSP00000433209,103,11
9606.ENSP00000418287,102,8
9606.ENSP00000403362,102,19
9606.ENSP00000224807,102,13
9606.ENSP00000273047,102,28
9606.ENSP00000404042,102,14
9606.ENSP00000447001,102,5
9606.ENSP00000340305,102,22
9606.ENSP00000358548,102,25
9606.ENSP00000252512,101,42
9606.ENSP00000331201,101,13
9606.ENSP00000361845,101,10
9606.ENSP00000251968,101,10
9606.ENSP00000265077,101,87
9606.ENSP00000345895,101,14
9606.ENSP00000351490,101,4
9606.ENSP00000450731,101,6
9606.ENSP00000377303,101,13
9606.ENSP00000259667,101,6
9606.ENSP00000446743,101,23
9606.ENSP00000216297,101,30
9606.ENSP00000385927,100,10
9606.ENSP00000305699,100,23
9606.ENSP00000433919,100,6
9606.ENSP00000356989,100,6
9606.ENSP00000393541,100,6
9606.ENSP00000389745,100,4
9606.ENSP00000388713,100,11
9606.ENSP00000362041,100,6
9606.ENSP00000455047,100,29
9606.ENSP00000292823,99.8,16
9606.ENSP00000340989,99.7,63
9606.ENSP00000216185,99.6,4
9606.ENSP00000245552,99.6,8
9606.ENSP00000221566,99.4,12
9606.ENSP00000214869,99.3,4
9606.ENSP00000209875,98.8,12
9606.ENSP00000429243,98.7,13
9606.ENSP00000348170,98.7,17
9606.ENSP00000345195,98.6,16
9606.ENSP00000424655,98.6,16
9606.ENSP00000395590,98.5,12
9606.ENSP00000267859,98.4,11
9606.ENSP00000364032,98.4,30
9606.ENSP00000369822,98.3,9
9606.ENSP00000253047,98.3,4
9606.ENSP00000324122,98,10
9606.ENSP00000261336,98,65
9606.ENSP00000293328,98,39
9606.ENSP00000261601,98,17
9606.ENSP00000299518,97.9,13
9606.ENSP00000337598,97.9,25
9606.ENSP00000285419,97.7,6
9606.ENSP00000053867,97.7,18
9606.ENSP00000356421,97.6,14
9606.ENSP00000225726,97.6,14
9606.ENSP00000359645,97.6,20
9606.ENSP00000421965,97.5,7
9606.ENSP00000423674,97.4,16
9606.ENSP00000378306,97.4,25
9606.ENSP00000265857,97.4,11
9606.ENSP00000358089,97.4,10
9606.ENSP00000313490,97.3,31
9606.ENSP00000340427,97.3,28
9606.ENSP00000341214,97.2,28
9606.ENSP00000284856,97.2,2
9606.ENSP00000281828,97,20
9606.ENSP00000358851,96.9,23
9606.ENSP00000479719,96.9,92
9606.ENSP00000323421,96.8,38
9606.ENSP00000369134,96.8,17
9606.ENSP00000217515,96.7,9
9606.ENSP00000210313,96.6,19
9606.ENSP00000488422,96.6,13
9606.ENSP00000354522,96.5,27
9606.ENSP00000253363,96.4,19
9606.ENSP00000380308,96.2,12
9606.ENSP00000012443,96,17
9606.ENSP00000361009,96,47
9606.ENSP00000333203,95.8,15
9606.ENSP00000312304,95.6,14
9606.ENSP00000494373,95.6,10
9606.ENSP00000360569,95.4,16
9606.ENSP00000264993,95.3,6
9606.ENSP00000496014,95.3,67
9606.ENSP00000347464,95.2,26
9606.ENSP00000325690,94.9,12
9606.ENSP00000357288,94.9,6
9606.ENSP00000306548,94.6,8
9606.ENSP00000262291,94.6,6
9606.ENSP00000275428,94.4,12
9606.ENSP00000256593,94.3,21
9606.ENSP00000362057,94.2,36
9606.ENSP00000281589,94.2,42
9606.ENSP00000270225,94.2,12
9606.ENSP00000262262,94.1,10
9606.ENSP00000355599,94.1,9
9606.ENSP00000362409,94,20
9606.ENSP00000377374,93.8,6
9606.ENSP00000286548,93.8,13
9606.ENSP00000367050,93.6,35
9606.ENSP00000383382,93.6,5
9606.ENSP00000364805,93.2,74
9606.ENSP00000426455,93.2,21
9606.ENSP00000355777,93,12
9606.ENSP00000243077,92.8,144
9606.ENSP00000452634,92.8,29
9606.ENSP00000282382,92.6,31
9606.ENSP00000370194,92.6,12
9606.ENSP00000365220,92.6,30
9606.ENSP00000334308,92.6,39
9606.ENSP00000396467,92.5,13
9606.ENSP00000401470,92.5,18
9606.ENSP00000481022,92.4,6
9606.ENSP00000350949,92.4,8
9606.ENSP00000265350,92.3,6
9606.ENSP00000480150,92.1,32
9606.ENSP00000398803,92,12
9606.ENSP00000262213,92,11
9606.ENSP00000416330,91.9,19
9606.ENSP00000350310,91.7,32
9606.ENSP00000366396,91.6,22
9606.ENSP00000318177,91.5,23
9606.ENSP00000233575,91.5,16
9606.ENSP00000480004,91.4,17
9606.ENSP00000249647,91.4,8
9606.ENSP00000327589,91.3,45
9606.ENSP00000311449,91.2,12
9606.ENSP00000380427,90.9,51
9606.ENSP00000262507,90.8,8
9606.ENSP00000341268,90.8,8
9606.ENSP00000266679,90.8,12
9606.ENSP00000360682,90.6,8
9606.ENSP00000341743,90.6,4
9606.ENSP00000438248,90.5,8
9606.ENSP00000326806,90.2,4
9606.ENSP00000281154,90.1,42
9606.ENSP00000426548,89.9,45
9606.ENSP00000389168,89.7,20
9606.ENSP00000346173,89.7,12
9606.ENSP00000463978,89.6,13
9606.ENSP00000371230,89.5,8
9606.ENSP00000419782,89.5,39
9606.ENSP00000270879,89.4,9
9606.ENSP00000369176,89.4,2
9606.ENSP00000262640,89.4,13
9606.ENSP00000400906,89.3,12
9606.ENSP00000382697,89.2,48
9606.ENSP00000355632,89,21
9606.ENSP00000417138,89,15
9606.ENSP00000377954,88.9,34
9606.ENSP00000262633,88.9,6
9606.ENSP00000354720,88.8,36
9606.ENSP00000230461,88.8,12
9606.ENSP00000499501,88.7,92
9606.ENSP00000313921,88.6,8
9606.ENSP00000245206,88.5,14
9606.ENSP00000320949,88.3,80
9606.ENSP00000419449,88.3,4
9606.ENSP00000440905,88.2,9
9606.ENSP00000353375,88.1,26
9606.ENSP00000280377,87.9,35
9606.ENSP00000246548,87.9,16
9606.ENSP00000256460,87.9,14
9606.ENSP00000417142,87.9,4
9606.ENSP00000216639,87.7,10
9606.ENSP00000363411,87.7,4
9606.ENSP00000347408,87.6,13
9606.ENSP00000215570,87.5,4
9606.ENSP00000355537,87.4,123
9606.ENSP00000268261,87.4,8
9606.ENSP00000256001,87.2,37
9606.ENSP00000394107,87.2,16
9606.ENSP00000315357,87.1,5
9606.ENSP00000365757,87.1,12
9606.ENSP00000449089,87,23
9606.ENSP00000380178,86.9,4
9606.ENSP00000422375,86.9,11
9606.ENSP00000418037,86.8,15
9606.ENSP00000444408,86.8,9
9606.ENSP00000325425,86.8,10
9606.ENSP00000275364,86.8,23
9606.ENSP00000485450,86.6,47
9606.ENSP00000478017,86.6,47
9606.ENSP00000377914,86.6,9
9606.ENSP00000375622,86.5,8
9606.ENSP00000219252,86.5,6
9606.ENSP00000345774,86.5,18
9606.ENSP00000040663,86.4,10
9606.ENSP00000340454,86.4,18
9606.ENSP00000259512,86.4,7
9606.ENSP00000215730,86.2,8
9606.ENSP00000363614,86.2,10
9606.ENSP00000487365,86.2,29
9606.ENSP00000231498,86,34
9606.ENSP00000386935,86,15
9606.ENSP00000477920,85.9,25
9606.ENSP00000261461,85.9,16
9606.ENSP00000497305,85.7,37
9606.ENSP00000359305,85.6,5
9606.ENSP00000219313,85.6,8
9606.ENSP00000361562,85.5,11
9606.ENSP00000263202,85.4,8
9606.ENSP00000356385,85.3,10
9606.ENSP00000264649,85.2,18
9606.ENSP00000345361,85,4
9606.ENSP00000230036,85,22
9606.ENSP00000478766,84.9,7
9606.ENSP00000336831,84.8,87
9606.ENSP00000365401,84.8,20
9606.ENSP00000317376,84.8,4
9606.ENSP00000437073,84.7,55
9606.ENSP00000262506,84.5,18
9606.ENSP00000333697,84,4
9606.ENSP00000278568,84,15
9606.ENSP00000248594,83.9,18
9606.ENSP00000203556,83.8,21
9606.ENSP00000365522,83.8,12
9606.ENSP00000457723,83.7,6
9606.ENSP00000365370,83.7,47
9606.ENSP00000479203,83.7,47
9606.ENSP00000367806,83.6,5
9606.ENSP00000279036,83.5,17
9606.ENSP00000326261,83.4,13
9606.ENSP00000350102,83.4,12
9606.ENSP00000262053,83.4,4
9606.ENSP00000338348,83.3,2
9606.ENSP00000489597,82.9,20
9606.ENSP00000348054,82.8,4
9606.ENSP00000216034,82.7,5
9606.ENSP00000346148,82.3,17
9606.ENSP00000261776,82.2,22
9606.ENSP00000313877,82.1,6
9606.ENSP00000261636,81.9,7
9606.ENSP00000352208,81.9,79
9606.ENSP00000265029,81.6,6
9606.ENSP00000325074,81.5,18
9606.ENSP00000205636,81.4,4
9606.ENSP00000246337,81.3,8
9606.ENSP00000221855,81.3,10
9606.ENSP00000378483,81.3,7
9606.ENSP00000385269,81.3,10
9606.ENSP00000357564,81.1,23
9606.ENSP00000368030,81,24
9606.ENSP00000370589,80.9,20
9606.ENSP00000430684,80.7,29
9606.ENSP00000305653,80.6,19
9606.ENSP00000473990,80.4,20
9606.ENSP00000473553,80.3,22
9606.ENSP00000363591,80.3,6
9606.ENSP00000391942,80.3,6
9606.ENSP00000445806,80.3,10
9606.ENSP00000437783,80.2,32
9606.ENSP00000417229,80,17
9606.ENSP00000377783,79.9,12
9606.ENSP00000216727,79.7,8
9606.ENSP00000263212,79.5,10
9606.ENSP00000433488,79.4,10
9606.ENSP00000266771,79.4,11
9606.ENSP00000379651,79.3,13
9606.ENSP00000354718,79.3,53
9606.ENSP00000216962,79.3,36
9606.ENSP00000222256,79.2,42
9606.ENSP00000386284,79.1,8
9606.ENSP00000405574,79.1,16
9606.ENSP00000371594,79,2
9606.ENSP00000337354,78.9,6
9606.ENSP00000386894,78.8,10
9606.ENSP00000274606,78.8,4
9606.ENSP00000352738,78.7,10
9606.ENSP00000258415,78.6,16
9606.ENSP00000370395,78.6,8
9606.ENSP00000363162,78.5,4
9606.ENSP00000355991,78.4,10
9606.ENSP00000283131,78.4,35
9606.ENSP00000472710,78.4,9
9606.ENSP00000301457,78.3,4
9606.ENSP00000264705,78.1,51
9606.ENSP00000378165,77.9,8
9606.ENSP00000341657,77.9,8
9606.ENSP00000298248,77.8,9
9606.ENSP00000307188,77.7,12
9606.ENSP00000476412,77.7,6
9606.ENSP00000274569,77.7,8
9606.ENSP00000261396,77.7,22
9606.ENSP00000470142,77.5,34
9606.ENSP00000363286,77.5,4
9606.ENSP00000312066,77.4,17
9606.ENSP00000399888,77.4,2
9606.ENSP00000223136,77.4,4
9606.ENSP00000354525,77.3,6
9606.ENSP00000359911,77.3,12
9606.ENSP00000364858,77.2,9
9606.ENSP00000447537,77.2,6
9606.ENSP00000350512,77,6
9606.ENSP00000262776,77,13
9606.ENSP00000473348,76.9,18
9606.ENSP00000319464,76.9,9
9606.ENSP00000222547,76.7,4
9606.ENSP00000366998,76.4,12
9606.ENSP00000476672,76.4,7
9606.ENSP00000398722,76,10
9606.ENSP00000436005,76,8
9606.ENSP00000435412,76,29
9606.ENSP00000456851,76,2
9606.ENSP00000319664,76,10
9606.ENSP00000343325,75.9,25
9606.ENSP00000261739,75.9,13
9606.ENSP00000345096,75.8,10
9606.ENSP00000302935,75.8,29
9606.ENSP00000480140,75.6,11
9606.ENSP00000355574,75.6,4
9606.ENSP00000488437,75.6,11
9606.ENSP00000324287,75.6,18
9606.ENSP00000393313,75.6,24
9606.ENSP00000325313,75.4,16
9606.ENSP00000448165,75.4,31
9606.ENSP00000495845,75.4,4
9606.ENSP00000266542,75.3,11
9606.ENSP00000307078,75.3,36
9606.ENSP00000416534,75.3,30
9606.ENSP00000264832,75.1,10
9606.ENSP00000254667,75.1,22
9606.ENSP00000499020,75.1,25
9606.ENSP00000366927,75.1,19
9606.ENSP00000369810,74.9,20
9606.ENSP00000431076,74.7,12
9606.ENSP00000301396,74.6,21
9606.ENSP00000450873,74.6,4
9606.ENSP00000498362,74.5,2
9606.ENSP00000296370,74.5,2
9606.ENSP00000365042,74.5,9
9606.ENSP00000339495,74.5,15
9606.ENSP00000359693,74.5,2
9606.ENSP00000420311,74.4,6
9606.ENSP00000359664,74.3,9
9606.ENSP00000479889,74.2,13
9606.ENSP00000485525,74.1,13
9606.ENSP00000355486,74,4
9606.ENSP00000360365,74,9
9606.ENSP00000378191,74,8
9606.ENSP00000309432,73.9,10
9606.ENSP00000363999,73.9,4
9606.ENSP00000300249,73.8,6
9606.ENSP00000447650,73.8,4
9606.ENSP00000378563,73.8,4
9606.ENSP00000482457,73.8,35
9606.ENSP00000414921,73.6,17
9606.ENSP00000281243,73.6,6
9606.ENSP00000436318,73.5,5
9606.ENSP00000339787,73.5,20
9606.ENSP00000260746,73.5,4
9606.ENSP00000416429,73.4,2
9606.ENSP00000326366,73.4,7
9606.ENSP00000291572,73.3,8
9606.ENSP00000334538,73.3,9
9606.ENSP00000271375,73,3
9606.ENSP00000387471,73,2
9606.ENSP00000294360,73,4
9606.ENSP00000263228,72.9,6
9606.ENSP00000294189,72.8,2
9606.ENSP00000262554,72.6,8
9606.ENSP00000223500,72.6,2
9606.ENSP00000355467,72.6,8
9606.ENSP00000321544,72.6,13
9606.ENSP00000357452,72.6,6
9606.ENSP00000422896,72.5,17
9606.ENSP00000493623,72.5,14
9606.ENSP00000371018,72.4,18
9606.ENSP00000251143,72.3,27
9606.ENSP00000359531,72.2,8
9606.ENSP00000364080,72.1,8
9606.ENSP00000431371,72.1,7
9606.ENSP00000369383,72.1,4
9606.ENSP00000356015,72,7
9606.ENSP00000219302,72,4
9606.ENSP00000381601,71.9,18
9606.ENSP00000360727,71.9,13
9606.ENSP00000226574,71.9,22
9606.ENSP00000319531,71.9,2
9606.ENSP00000498321,71.9,6
9606.ENSP00000343535,71.8,26
9606.ENSP00000233055,71.8,13
9606.ENSP00000389445,71.7,10
9606.ENSP00000315774,71.5,6
9606.ENSP00000332073,71.4,11
9606.ENSP00000365514,71.3,6
9606.ENSP00000299259,71.3,12
9606.ENSP00000254436,71.1,12
9606.ENSP00000295682,70.9,2
9606.ENSP00000470615,70.8,8
9606.ENSP00000357000,70.8,2
9606.ENSP00000428056,70.8,16
9606.ENSP00000286733,70.8,10
9606.ENSP00000370588,70.7,2
9606.ENSP00000336866,70.5,4
9606.ENSP00000376142,70.5,6
9606.ENSP00000263102,70.5,10
9606.ENSP00000284719,70.5,10
9606.ENSP00000344218,70.5,3
9606.ENSP00000356016,70.5,66
9606.ENSP00000244040,70.3,13
9606.ENSP00000361949,70.1,24
9606.ENSP00000368710,70,12
9606.ENSP00000270538,70,12
9606.ENSP00000269143,70,18
9606.ENSP00000497326,69.9,14
9606.ENSP00000216252,69.8,2
9606.ENSP00000394316,69.7,12
9606.ENSP00000254950,69.7,14
9606.ENSP00000359233,69.7,17
9606.ENSP00000261714,69.6,14
9606.ENSP00000464814,69.5,8
9606.ENSP00000315299,69.5,17
9606.ENSP00000391806,69.4,28
9606.ENSP00000492441,69.3,14
9606.ENSP00000311121,69.3,10
9606.ENSP00000500695,69.2,8
9606.ENSP00000301740,69.2,40
9606.ENSP00000363040,69.1,10
9606.ENSP00000262094,69.1,19
9606.ENSP00000249806,69,5
9606.ENSP00000353072,69,37
9606.ENSP00000262919,68.9,23
9606.ENSP00000358071,68.9,14
9606.ENSP00000497744,68.9,13
9606.ENSP00000281187,68.8,12
9606.ENSP00000393324,68.7,4
9606.ENSP00000363228,68.7,16
9606.ENSP00000368927,68.6,4
9606.ENSP00000353284,68.4,44
9606.ENSP00000364613,68.3,5
9606.ENSP00000471455,68.3,4
9606.ENSP00000369674,68.2,4
9606.ENSP00000342710,68.2,68
9606.ENSP00000376317,67.9,16
9606.ENSP00000389814,67.9,4
9606.ENSP00000284320,67.9,10
9606.ENSP00000330737,67.8,4
9606.ENSP00000330696,67.8,16
9606.ENSP00000361993,67.7,2
9606.ENSP00000443654,67.6,10
9606.ENSP00000419628,67.5,7
9606.ENSP00000478249,67.5,6
9606.ENSP00000326424,67.4,16
9606.ENSP00000493560,67.3,88
9606.ENSP00000439856,67.3,14
9606.ENSP00000416250,67.1,8
9606.ENSP00000359504,67.1,14
9606.ENSP00000360718,67.1,38
9606.ENSP00000370718,67.1,8
9606.ENSP00000339992,67,13
9606.ENSP00000402935,67,14
9606.ENSP00000361042,67,4
9606.ENSP00000282878,66.9,40
9606.ENSP00000398568,66.8,11
9606.ENSP00000327191,66.8,24
9606.ENSP00000408695,66.8,23
9606.ENSP00000371253,66.7,16
9606.ENSP00000351473,66.6,12
9606.ENSP00000401371,66.5,8
9606.ENSP00000342148,66.5,2
9606.ENSP00000355046,66.5,3
9606.ENSP00000366135,66.3,20
9606.ENSP00000256545,66.3,2
9606.ENSP00000342778,66.3,10
9606.ENSP00000305107,66.2,16
9606.ENSP00000313603,66.2,18
9606.ENSP00000318868,66.2,9
9606.ENSP00000246792,66.2,9
9606.ENSP00000287600,66.2,2
9606.ENSP00000309430,66.1,10
9606.ENSP00000397269,66.1,4
9606.ENSP00000452549,66,12
9606.ENSP00000300181,66,10
9606.ENSP00000362532,66,6
9606.ENSP00000273920,65.8,6
9606.ENSP00000366430,65.8,2
9606.ENSP00000321971,65.7,12
9606.ENSP00000359297,65.6,8
9606.ENSP00000262948,65.3,15
9606.ENSP00000452786,65.3,15
9606.ENSP00000312946,65.3,62
9606.ENSP00000001008,65.2,16
9606.ENSP00000497104,65.1,22
9606.ENSP00000358391,65.1,16
9606.ENSP00000359497,65,14
9606.ENSP00000362381,64.9,10
9606.ENSP00000332049,64.8,4
9606.ENSP00000215770,64.8,12
9606.ENSP00000229812,64.8,12
9606.ENSP00000490225,64.8,8
9606.ENSP00000226279,64.6,10
9606.ENSP00000380336,64.6,12
9606.ENSP00000478059,64.5,16
9606.ENSP00000292314,64.4,2
9606.ENSP00000381504,64.4,13
9606.ENSP00000277010,64.4,3
9606.ENSP00000254322,64.4,6
9606.ENSP00000499465,64.3,18
9606.ENSP00000272638,64.3,4
9606.ENSP00000390783,64.2,12
9606.ENSP00000219596,64.1,14
9606.ENSP00000277165,64.1,27
9606.ENSP00000379503,64.1,12
9606.ENSP00000459943,64.1,23
9606.ENSP00000357087,64,6
9606.ENSP00000361731,64,10
9606.ENSP00000387362,63.8,22
9606.ENSP00000326531,63.7,8
9606.ENSP00000359042,63.7,8
9606.ENSP00000315630,63.6,12
9606.ENSP00000264331,63.5,40
9606.ENSP00000407336,63.5,4
9606.ENSP00000253794,63.5,4
9606.ENSP00000367890,63.3,8
9606.ENSP00000359045,63.2,17
9606.ENSP00000296140,63.2,6
9606.ENSP00000493302,63.2,6
9606.ENSP00000346196,63.1,8
9606.ENSP00000386655,63.1,6
9606.ENSP00000280557,63,4
9606.ENSP00000323063,63,18
9606.ENSP00000221859,62.9,2
9606.ENSP00000252252,62.8,71
9606.ENSP00000303057,62.8,11
9606.ENSP00000407586,62.7,21
9606.ENSP00000319831,62.7,19
9606.ENSP00000358423,62.6,15
9606.ENSP00000440222,62.6,17
9606.ENSP00000311032,62.6,6
9606.ENSP00000483989,62.5,9
9606.ENSP00000220509,62.4,18
9606.ENSP00000235090,62.4,7
9606.ENSP00000387050,62.2,9
9606.ENSP00000401980,62.2,8
9606.ENSP00000367299,62.2,12
9606.ENSP00000429744,62.2,25
9606.ENSP00000298428,62.1,16
9606.ENSP00000313454,62.1,22
9606.ENSP00000338788,62.1,6
9606.ENSP00000374529,61.7,7
9606.ENSP00000476119,61.7,6
9606.ENSP00000284292,61.6,2
9606.ENSP00000388638,61.6,10
9606.ENSP00000341208,61.4,31
9606.ENSP00000285379,61.4,6
9606.ENSP00000358857,61.3,6
9606.ENSP00000426638,61.2,12
9606.ENSP00000227471,61,8
9606.ENSP00000323967,60.9,8
9606.ENSP00000480313,60.8,10
9606.ENSP00000291577,60.8,10
9606.ENSP00000304467,60.8,10
9606.ENSP00000356946,60.8,4
9606.ENSP00000339157,60.7,8
9606.ENSP00000290354,60.5,11
9606.ENSP00000264954,60.5,5
9606.ENSP00000360876,60.4,8
9606.ENSP00000268717,60.3,7
9606.ENSP00000320309,60.3,8
9606.ENSP00000248598,60.3,11
9606.ENSP00000039007,60.2,10
9606.ENSP00000354688,60.1,8
9606.ENSP00000471896,60,6
9606.ENSP00000266069,60,4
9606.ENSP00000313851,59.9,33
9606.ENSP00000222008,59.9,2
9606.ENSP00000301671,59.8,8
9606.ENSP00000306220,59.8,1
9606.ENSP00000305647,59.7,2
9606.ENSP00000497280,59.6,8
9606.ENSP00000290776,59.5,23
9606.ENSP00000261667,59.5,6
9606.ENSP00000267615,59.4,6
9606.ENSP00000356355,59.4,8
9606.ENSP00000483570,59.3,17
9606.ENSP00000363836,59.2,10
9606.ENSP00000387261,59.1,8
9606.ENSP00000483345,58.9,10
9606.ENSP00000498879,58.9,3
9606.ENSP00000450436,58.9,10
9606.ENSP00000346890,58.8,27
9606.ENSP00000362566,58.8,18
9606.ENSP00000366024,58.6,16
9606.ENSP00000279242,58.6,4
9606.ENSP00000309555,58.6,22
9606.ENSP00000354201,58.6,6
9606.ENSP00000340648,58.5,72
9606.ENSP00000261233,58.5,13
9606.ENSP00000348395,58.4,8
9606.ENSP00000260508,58.4,8
9606.ENSP00000301464,58.3,3
9606.ENSP00000485552,58.2,8
9606.ENSP00000238616,58.2,17
9606.ENSP00000246115,58.1,7
9606.ENSP00000377060,58.1,8
9606.ENSP00000494831,58.1,21
9606.ENSP00000412566,58.1,21
9606.ENSP00000317904,58,15
9606.ENSP00000265563,58,10
9606.ENSP00000364486,57.9,10
9606.ENSP00000293379,57.7,18
9606.ENSP00000267082,57.6,40
9606.ENSP00000416293,57.5,26
9606.ENSP00000456336,57.5,3
9606.ENSP00000325827,57.5,25
9606.ENSP00000376390,57.3,12
9606.ENSP00000296292,57.3,12
9606.ENSP00000289968,57.2,12
9606.ENSP00000483276,57.2,2
9606.ENSP00000418563,57.1,16
9606.ENSP00000383059,57.1,2
9606.ENSP00000422007,57,108
9606.ENSP00000363714,57,7
9606.ENSP00000483825,56.9,10
9606.ENSP00000356070,56.8,12
9606.ENSP00000263383,56.8,9
9606.ENSP00000325677,56.8,20
9606.ENSP00000261813,56.5,2
9606.ENSP00000263847,56.4,16
9606.ENSP00000378046,56.4,6
9606.ENSP00000498991,56.4,6
9606.ENSP00000493594,56.4,133
9606.ENSP00000339730,56.3,17
9606.ENSP00000341597,56.3,10
9606.ENSP00000254480,56.2,21
9606.ENSP00000366746,56,8
9606.ENSP00000300648,56,59
9606.ENSP00000384359,56,10
9606.ENSP00000233057,55.9,10
9606.ENSP00000497053,55.9,67
9606.ENSP00000466845,55.9,8
9606.ENSP00000366237,55.9,10
9606.ENSP00000365730,55.8,12
9606.ENSP00000342278,55.6,12
9606.ENSP00000341483,55.5,9
9606.ENSP00000345292,55.5,6
9606.ENSP00000380241,55.4,4
9606.ENSP00000354340,55.4,8
9606.ENSP00000356110,55.3,4
9606.ENSP00000312981,55.3,12
9606.ENSP00000311713,55.2,9
9606.ENSP00000449386,55,17
9606.ENSP00000444688,54.9,55
9606.ENSP00000387996,54.9,13
9606.ENSP00000327116,54.8,31
9606.ENSP00000303356,54.8,7
9606.ENSP00000501135,54.7,2
9606.ENSP00000242465,54.6,2
9606.ENSP00000318128,54.6,4
9606.ENSP00000416583,54.6,8
9606.ENSP00000344831,54.5,6
9606.ENSP00000266079,54.5,18
9606.ENSP00000400057,54.4,6
9606.ENSP00000355568,54.3,12
9606.ENSP00000461324,54.3,14
9606.ENSP00000252934,54.3,10
9606.ENSP00000434442,54.2,8
9606.ENSP00000267484,54.2,10
9606.ENSP00000420387,54.1,18
9606.ENSP00000344166,54.1,22
9606.ENSP00000452454,54,2
9606.ENSP00000351446,53.9,6
9606.ENSP00000247970,53.9,2
9606.ENSP00000238738,53.9,18
9606.ENSP00000389026,53.9,2
9606.ENSP00000271450,53.8,4
9606.ENSP00000314615,53.7,6
9606.ENSP00000330488,53.5,6
9606.ENSP00000243662,53.4,16
9606.ENSP00000398350,53.3,6
9606.ENSP00000335193,53.3,20
9606.ENSP00000342276,53.3,9
9606.ENSP00000349722,53.2,3
9606.ENSP00000381717,53.2,3
9606.ENSP00000245544,53.2,10
9606.ENSP00000216122,53.1,12
9606.ENSP00000337513,53.1,4
9606.ENSP00000297056,53.1,11
9606.ENSP00000253408,53.1,80
9606.ENSP00000378965,53,11
9606.ENSP00000481314,53,6
9606.ENSP00000477572,52.9,8
9606.ENSP00000351273,52.9,12
9606.ENSP00000320236,52.9,2
9606.ENSP00000342331,52.8,2
9606.ENSP00000394227,52.7,8
9606.ENSP00000381429,52.5,4
9606.ENSP00000310448,52.4,14
9606.ENSP00000376919,52.4,7
9606.ENSP00000296411,52.4,8
9606.ENSP00000265000,52.3,11
9606.ENSP00000484855,52.1,15
9606.ENSP00000278618,52.1,4
9606.ENSP00000354742,51.7,12
9606.ENSP00000486540,51.6,6
9606.ENSP00000367721,51.6,21
9606.ENSP00000362092,51.6,15
9606.ENSP00000262215,51.5,35
9606.ENSP00000307260,51.5,8
9606.ENSP00000266556,51.4,6
9606.ENSP00000351682,51.4,10
9606.ENSP00000326603,51.4,34
9606.ENSP00000359890,51.4,6
9606.ENSP00000326804,51.3,16
9606.ENSP00000265560,51.3,14
9606.ENSP00000408146,51.2,7
9606.ENSP00000342222,51.2,12
9606.ENSP00000356574,51.2,13
9606.ENSP00000239882,51.1,6
9606.ENSP00000243346,51.1,6
9606.ENSP00000331342,50.9,20
9606.ENSP00000319412,50.9,6
9606.ENSP00000400168,50.8,28
9606.ENSP00000385746,50.8,6
9606.ENSP00000326888,50.8,18
9606.ENSP00000198536,50.7,4
9606.ENSP00000351132,50.7,11
9606.ENSP00000288014,50.6,5
9606.ENSP00000218099,50.4,8
9606.ENSP00000276420,50.4,8
9606.ENSP00000398495,50.3,8
9606.ENSP00000499058,50.3,8
9606.ENSP00000359507,50.3,4
9606.ENSP00000460070,50.3,12
9606.ENSP00000362144,50.3,4
9606.ENSP00000298283,50.3,6
9606.ENSP00000421801,50.2,8
9606.ENSP00000390941,50.2,6
9606.ENSP00000337632,50.2,5
9606.ENSP00000438677,50.2,4
9606.ENSP00000436422,50.1,8
9606.ENSP00000468690,50,4
9606.ENSP00000309477,50,10
9606.ENSP00000216484,49.9,11
9606.ENSP00000325312,49.8,10
9606.ENSP00000219070,49.8,10
9606.ENSP00000347206,49.8,6
9606.ENSP00000370377,49.8,17
9606.ENSP00000386156,49.7,4
9606.ENSP00000391249,49.7,9
9606.ENSP00000413156,49.7,6
9606.ENSP00000358099,49.7,4
9606.ENSP00000386458,49.5,10
9606.ENSP00000319781,49.5,5
9606.ENSP00000400459,49.5,17
9606.ENSP00000263780,49.5,2
9606.ENSP00000354280,49.4,11
9606.ENSP00000356107,49.4,13
9606.ENSP00000360250,49.4,6
9606.ENSP00000358814,49.3,16
9606.ENSP00000253382,49.3,10
9606.ENSP00000300605,49.3,4
9606.ENSP00000265986,49.3,15
9606.ENSP00000382341,49.2,12
9606.ENSP00000158771,49.2,2
9606.ENSP00000353826,49.1,14
9606.ENSP00000297071,49.1,3
9606.ENSP00000445920,49.1,4
9606.ENSP00000262139,49,4
9606.ENSP00000364490,49,10
9606.ENSP00000420357,48.9,2
9606.ENSP00000327506,48.9,4
9606.ENSP00000455607,48.9,6
9606.ENSP00000296003,48.9,13
9606.ENSP00000259989,48.8,5
9606.ENSP00000250495,48.7,2
9606.ENSP00000350170,48.7,10
9606.ENSP00000380251,48.6,4
9606.ENSP00000343435,48.6,3
9606.ENSP00000442464,48.6,6
9606.ENSP00000376077,48.5,2
9606.ENSP00000343657,48.5,12
9606.ENSP00000274963,48.3,16
9606.ENSP00000386717,48.3,2
9606.ENSP00000250784,48.2,8
9606.ENSP00000370473,48.1,4
9606.ENSP00000232607,48.1,10
9606.ENSP00000245816,48.1,4
9606.ENSP00000331209,48,8
9606.ENSP00000414302,48,6
9606.ENSP00000332449,47.9,2
9606.ENSP00000317714,47.8,5
9606.ENSP00000246747,47.8,4
9606.ENSP00000351990,47.8,7
9606.ENSP00000242351,47.8,14
9606.ENSP00000356416,47.8,10
9606.ENSP00000326817,47.6,4
9606.ENSP00000261772,47.5,15
9606.ENSP00000420714,47.4,2
9606.ENSP00000499074,47.3,8
9606.ENSP00000379838,47.3,2
9606.ENSP00000388001,47.1,6
9606.ENSP00000295025,47.1,8
9606.ENSP00000351141,47.1,6
9606.ENSP00000449396,47.1,19
9606.ENSP00000439937,47.1,4
9606.ENSP00000290573,47,30
9606.ENSP00000482548,47,8
9606.ENSP00000296543,47,12
9606.ENSP00000358451,46.9,8
9606.ENSP00000262105,46.9,13
9606.ENSP00000481762,46.9,12
9606.ENSP00000330918,46.9,5
9606.ENSP00000483375,46.7,4
9606.ENSP00000286428,46.7,6
9606.ENSP00000326342,46.7,6
9606.ENSP00000254695,46.7,8
9606.ENSP00000348216,46.7,8
9606.ENSP00000446099,46.6,12
9606.ENSP00000319501,46.6,8
9606.ENSP00000374265,46.6,6
9606.ENSP00000485630,46.5,10
9606.ENSP00000370114,46.5,8
9606.ENSP00000474534,46.5,10
9606.ENSP00000461433,46.4,2
9606.ENSP00000496921,46.4,6
9606.ENSP00000371554,46.3,3
9606.ENSP00000307850,46.3,2
9606.ENSP00000367086,46.3,7
9606.ENSP00000335203,46.2,2
9606.ENSP00000294119,46.2,2
9606.ENSP00000285968,46.2,39
9606.ENSP00000238831,46.2,4
9606.ENSP00000355651,46.1,6
9606.ENSP00000359025,46.1,10
9606.ENSP00000349575,45.9,3
9606.ENSP00000499232,45.8,11
9606.ENSP00000280571,45.6,6
9606.ENSP00000454437,45.6,7
9606.ENSP00000304891,45.5,8
9606.ENSP00000264254,45.5,4
9606.ENSP00000199814,45.5,6
9606.ENSP00000312634,45.5,8
9606.ENSP00000295767,45.4,2
9606.ENSP00000403077,45.4,4
9606.ENSP00000376167,45.4,6
9606.ENSP00000233668,45.4,6
9606.ENSP00000326858,45.3,8
9606.ENSP00000365861,45.3,7
9606.ENSP00000288050,45.3,12
9606.ENSP00000299608,45.2,6
9606.ENSP00000358547,45,6
9606.ENSP00000478490,45,6
9606.ENSP00000356992,45,17
9606.ENSP00000271628,45,4
9606.ENSP00000468312,44.9,11
9606.ENSP00000240079,44.9,4
9606.ENSP00000216968,44.9,2
9606.ENSP00000316454,44.9,11
9606.ENSP00000296577,44.8,10
9606.ENSP00000435844,44.8,2
9606.ENSP00000215565,44.8,2
9606.ENSP00000386538,44.7,6
9606.ENSP00000246957,44.7,12
9606.ENSP00000357998,44.7,11
9606.ENSP00000464036,44.6,20
9606.ENSP00000309142,44.5,7
9606.ENSP00000484580,44.5,2
9606.ENSP00000319739,44.5,4
9606.ENSP00000315931,44.5,16
9606.ENSP00000369899,44.4,7
9606.ENSP00000352408,44.4,5
9606.ENSP00000298875,44.4,11
9606.ENSP00000310998,44.4,7
9606.ENSP00000368439,44.3,8
9606.ENSP00000417052,44.3,4
9606.ENSP00000419475,44.1,4
9606.ENSP00000408526,44.1,4
9606.ENSP00000312671,44,28
9606.ENSP00000364949,44,3
9606.ENSP00000358474,43.9,6
9606.ENSP00000318318,43.9,6
9606.ENSP00000264414,43.9,14
9606.ENSP00000252242,43.9,53
9606.ENSP00000343158,43.8,12
9606.ENSP00000158762,43.7,10
9606.ENSP00000230640,43.6,16
9606.ENSP00000266126,43.6,11
9606.ENSP00000324628,43.5,4
9606.ENSP00000317473,43.5,6
9606.ENSP00000296597,43.5,2
9606.ENSP00000265097,43.5,6
9606.ENSP00000448035,43.3,6
9606.ENSP00000311825,43.2,14
9606.ENSP00000429323,43.1,7
9606.ENSP00000355964,43.1,6
9606.ENSP00000218089,43.1,24
9606.ENSP00000259873,43.1,2
9606.ENSP00000262498,43,3
9606.ENSP00000264381,43,7
9606.ENSP00000242592,42.9,6
9606.ENSP00000295633,42.9,8
9606.ENSP00000369419,42.9,6
9606.ENSP00000326052,42.9,1
9606.ENSP00000275015,42.8,6
9606.ENSP00000495128,42.8,11
9606.ENSP00000322991,42.8,6
9606.ENSP00000283415,42.7,9
9606.ENSP00000452479,42.7,8
9606.ENSP00000314030,42.7,4
9606.ENSP00000319141,42.6,2
9606.ENSP00000294179,42.6,3
9606.ENSP00000327145,42.6,104
9606.ENSP00000357218,42.6,4
9606.ENSP00000334373,42.5,4
9606.ENSP00000364320,42.5,4
9606.ENSP00000308717,42.5,2
9606.ENSP00000418008,42.5,6
9606.ENSP00000376272,42.4,6
9606.ENSP00000321606,42.4,21
9606.ENSP00000085068,42.4,2
9606.ENSP00000349970,42.3,3
9606.ENSP00000414906,42.3,4
9606.ENSP00000483521,42.2,1
9606.ENSP00000359939,42.2,2
9606.ENSP00000409126,42.1,14
9606.ENSP00000270176,42.1,10
9606.ENSP00000309092,42.1,4
9606.ENSP00000442682,42.1,9
9606.ENSP00000366800,42,8
9606.ENSP00000479322,42,20
9606.ENSP00000414982,42,18
9606.ENSP00000479130,41.8,5
9606.ENSP00000357459,41.8,18
9606.ENSP00000257181,41.7,4
9606.ENSP00000484713,41.7,18
9606.ENSP00000280800,41.7,8
9606.ENSP00000377225,41.6,4
9606.ENSP00000353165,41.5,2
9606.ENSP00000421380,41.4,4
9606.ENSP00000292672,41.4,2
9606.ENSP00000265717,41.4,6
9606.ENSP00000245838,41.3,24
9606.ENSP00000387654,41.3,8
9606.ENSP00000356905,41.3,6
9606.ENSP00000359258,41.3,4
9606.ENSP00000302289,41.3,5
9606.ENSP00000358062,41.2,16
9606.ENSP00000054950,41.2,8
9606.ENSP00000491657,41.2,6
9606.ENSP00000394331,41.2,4
9606.ENSP00000440167,41.1,5
9606.ENSP00000475615,41.1,2
9606.ENSP00000417677,41.1,2
9606.ENSP00000357928,41,10
9606.ENSP00000497569,41,10
9606.ENSP00000440542,40.9,20
9606.ENSP00000425824,40.9,15
9606.ENSP00000261600,40.8,10
9606.ENSP00000258301,40.7,4
9606.ENSP00000352706,40.7,6
9606.ENSP00000363894,40.7,10
9606.ENSP00000307288,40.6,10
9606.ENSP00000320376,40.6,5
9606.ENSP00000227322,40.5,6
9606.ENSP00000269195,40.5,11
9606.ENSP00000354490,40.5,44
9606.ENSP00000446039,40.4,4
9606.ENSP00000323065,40.4,4
9606.ENSP00000370372,40.3,10
9606.ENSP00000345102,40.3,4
9606.ENSP00000267202,40.3,2
9606.ENSP00000298299,40.2,2
9606.ENSP00000461879,40.2,10
9606.ENSP00000263918,40.1,10
9606.ENSP00000414287,40.1,10
9606.ENSP00000319060,40.1,15
9606.ENSP00000425915,40,5
9606.ENSP00000345719,40,6
9606.ENSP00000257347,40,6
9606.ENSP00000401076,39.9,18
9606.ENSP00000261183,39.9,14
9606.ENSP00000369299,39.9,4
9606.ENSP00000331849,39.9,2
9606.ENSP00000256398,39.8,6
9606.ENSP00000305255,39.8,4
9606.ENSP00000378830,39.7,4
9606.ENSP00000227880,39.7,4
9606.ENSP00000369897,39.6,12
9606.ENSP00000481721,39.6,11
9606.ENSP00000346671,39.6,19
9606.ENSP00000269886,39.6,2
9606.ENSP00000317578,39.6,22
9606.ENSP00000265070,39.5,6
9606.ENSP00000349016,39.5,4
9606.ENSP00000237822,39.5,6
9606.ENSP00000263904,39.4,8
9606.ENSP00000438204,39.4,2
9606.ENSP00000253861,39.4,14
9606.ENSP00000336994,39.3,8
9606.ENSP00000348984,39.2,13
9606.ENSP00000300030,39.2,3
9606.ENSP00000356988,39.1,5
9606.ENSP00000378624,39.1,12
9606.ENSP00000359484,39.1,2
9606.ENSP00000221954,39,2
9606.ENSP00000329715,39,8
9606.ENSP00000327255,38.9,9
9606.ENSP00000425864,38.9,2
9606.ENSP00000260197,38.8,31
9606.ENSP00000372193,38.8,8
9606.ENSP00000253083,38.6,15
9606.ENSP00000355340,38.6,3
9606.ENSP00000265260,38.6,2
9606.ENSP00000358283,38.6,13
9606.ENSP00000455145,38.6,2
9606.ENSP00000348429,38.6,8
9606.ENSP00000252268,38.6,4
9606.ENSP00000377494,38.6,6
9606.ENSP00000489189,38.6,4
9606.ENSP00000363412,38.5,4
9606.ENSP00000323313,38.5,4
9606.ENSP00000263377,38.5,10
9606.ENSP00000378360,38.4,8
9606.ENSP00000280346,38.4,9
9606.ENSP00000224073,38.4,2
9606.ENSP00000325863,38.4,8
9606.ENSP00000167586,38.3,48
9606.ENSP00000321546,38.3,4
9606.ENSP00000349658,38.2,11
9606.ENSP00000348278,38.1,6
9606.ENSP00000380598,38.1,3
9606.ENSP00000216121,38.1,3
9606.ENSP00000366395,38.1,10
9606.ENSP00000424595,38,10
9606.ENSP00000353575,37.9,6
9606.ENSP00000265174,37.9,6
9606.ENSP00000303427,37.9,22
9606.ENSP00000330825,37.9,2
9606.ENSP00000355325,37.9,4
9606.ENSP00000306864,37.7,5
9606.ENSP00000379999,37.6,3
9606.ENSP00000216487,37.6,10
9606.ENSP00000295065,37.6,4
9606.ENSP00000228463,37.5,3
9606.ENSP00000257245,37.5,2
9606.ENSP00000295079,37.5,5
9606.ENSP00000359518,37.4,2
9606.ENSP00000350012,37.4,10
9606.ENSP00000418910,37.4,3
9606.ENSP00000323678,37.4,4
9606.ENSP00000354040,37.4,6
9606.ENSP00000291552,37.4,5
9606.ENSP00000485022,37.4,5
9606.ENSP00000361512,37.3,8
9606.ENSP00000380734,37.3,6
9606.ENSP00000480359,37.3,8
9606.ENSP00000466718,37.3,2
9606.ENSP00000316032,37.2,17
9606.ENSP00000368884,37.2,19
9606.ENSP00000244061,37.1,2
9606.ENSP00000265056,37.1,12
9606.ENSP00000414624,37.1,6
9606.ENSP00000464050,37.1,12
9606.ENSP00000321347,37,10
9606.ENSP00000314807,37,11
9606.ENSP00000315564,36.9,17
9606.ENSP00000081029,36.9,4
9606.ENSP00000364589,36.9,16
9606.ENSP00000371362,36.9,6
9606.ENSP00000368605,36.8,10
9606.ENSP00000361918,36.8,9
9606.ENSP00000353270,36.8,4
9606.ENSP00000364709,36.7,6
9606.ENSP00000385428,36.7,14
9606.ENSP00000370625,36.6,14
9606.ENSP00000329967,36.6,10
9606.ENSP00000358464,36.6,4
9606.ENSP00000484689,36.6,2
9606.ENSP00000294053,36.6,8
9606.ENSP00000355377,36.5,9
9606.ENSP00000364902,36.5,4
9606.ENSP00000444156,36.5,4
9606.ENSP00000346886,36.5,4
9606.ENSP00000295448,36.4,7
9606.ENSP00000240922,36.4,4
9606.ENSP00000462998,36.3,2
9606.ENSP00000378485,36.3,14
9606.ENSP00000329932,36.3,17
9606.ENSP00000245046,36.1,3
9606.ENSP00000338728,36.1,27
9606.ENSP00000282633,35.9,18
9606.ENSP00000355279,35.8,4
9606.ENSP00000329471,35.8,3
9606.ENSP00000376565,35.7,1
9606.ENSP00000354813,35.7,2
9606.ENSP00000196371,35.7,6
9606.ENSP00000368452,35.6,2
9606.ENSP00000356978,35.6,13
9606.ENSP00000369127,35.6,4
9606.ENSP00000337053,35.6,8
9606.ENSP00000220966,35.5,2
9606.ENSP00000302046,35.5,2
9606.ENSP00000370695,35.5,8
9606.ENSP00000358799,35.4,8
9606.ENSP00000259808,35.4,8
9606.ENSP00000258457,35.4,2
9606.ENSP00000339398,35.4,3
9606.ENSP00000264156,35.4,10
9606.ENSP00000261439,35.3,15
9606.ENSP00000379691,35.3,10
9606.ENSP00000338607,35.3,3
9606.ENSP00000302393,35.2,20
9606.ENSP00000254029,35.2,12
9606.ENSP00000383042,35.2,10
9606.ENSP00000481842,35.2,4
9606.ENSP00000428564,35,8
9606.ENSP00000380702,35,2
9606.ENSP00000339479,35,10
9606.ENSP00000461295,35,10
9606.ENSP00000490083,35,4
9606.ENSP00000351832,35,17
9606.ENSP00000416515,34.9,6
9606.ENSP00000354681,34.9,14
9606.ENSP00000251372,34.8,11
9606.ENSP00000469049,34.8,2
9606.ENSP00000424381,34.8,6
9606.ENSP00000309163,34.8,2
9606.ENSP00000412457,34.7,4
9606.ENSP00000382707,34.7,2
9606.ENSP00000364568,34.7,2
9606.ENSP00000386651,34.7,2
9606.ENSP00000295266,34.6,7
9606.ENSP00000358510,34.6,2
9606.ENSP00000468633,34.6,3
9606.ENSP00000259053,34.6,2
9606.ENSP00000485698,34.6,2
9606.ENSP00000486252,34.5,8
9606.ENSP00000320663,34.4,12
9606.ENSP00000399970,34.4,10
9606.ENSP00000305069,34.4,2
9606.ENSP00000420608,34.3,12
9606.ENSP00000373277,34.3,4
9606.ENSP00000336747,34.3,11
9606.ENSP00000494965,34.3,12
9606.ENSP00000258080,34.2,6
9606.ENSP00000436679,34.2,6
9606.ENSP00000293872,34.2,6
9606.ENSP00000369317,34.2,59
9606.ENSP00000252250,34.2,59
9606.ENSP00000407552,34.1,4
9606.ENSP00000423602,34.1,5
9606.ENSP00000316476,34.1,2
9606.ENSP00000228928,34.1,9
9606.ENSP00000498358,34.1,4
9606.ENSP00000412733,34,7
9606.ENSP00000357360,34,5
9606.ENSP00000252593,34,2
9606.ENSP00000258526,34,23
9606.ENSP00000488668,34,14
9606.ENSP00000364578,34,4
9606.ENSP00000384400,33.9,4
9606.ENSP00000347719,33.8,12
9606.ENSP00000228251,33.8,8
9606.ENSP00000444029,33.8,14
9606.ENSP00000404375,33.8,6
9606.ENSP00000306752,33.8,4
9606.ENSP00000331127,33.8,4
9606.ENSP00000347714,33.8,3
9606.ENSP00000384906,33.7,1
9606.ENSP00000373364,33.7,5
9606.ENSP00000390625,33.7,10
9606.ENSP00000338814,33.7,6
9606.ENSP00000276692,33.7,4
9606.ENSP00000454229,33.6,2
9606.ENSP00000318641,33.6,10
9606.ENSP00000373153,33.6,3
9606.ENSP00000249299,33.5,2
9606.ENSP00000246069,33.5,3
9606.ENSP00000325958,33.5,4
9606.ENSP00000368767,33.5,6
9606.ENSP00000497160,33.5,6
9606.ENSP00000316924,33.4,6
9606.ENSP00000279281,33.4,9
9606.ENSP00000367900,33.3,18
9606.ENSP00000419413,33.3,8
9606.ENSP00000230449,33.2,12
9606.ENSP00000264265,33.2,2
9606.ENSP00000363313,33.2,6
9606.ENSP00000342351,33.1,2
9606.ENSP00000221930,33.1,4
9606.ENSP00000257915,33.1,6
9606.ENSP00000256429,33.1,3
9606.ENSP00000243611,33.1,3
9606.ENSP00000414147,33.1,4
9606.ENSP00000225519,33.1,4
9606.ENSP00000446184,33.1,12
9606.ENSP00000384109,33.1,18
9606.ENSP00000362116,33,1
9606.ENSP00000263239,33,8
9606.ENSP00000381785,33,4
9606.ENSP00000217109,33,4
9606.ENSP00000439065,33,18
9606.ENSP00000420200,33,4
9606.ENSP00000312002,33,2
9606.ENSP00000293217,32.8,4
9606.ENSP00000362824,32.8,10
9606.ENSP00000486676,32.8,4
9606.ENSP00000217455,32.8,2
9606.ENSP00000373772,32.7,16
9606.ENSP00000369784,32.7,56
9606.ENSP00000319104,32.6,18
9606.ENSP00000481126,32.6,8
9606.ENSP00000397459,32.5,3
9606.ENSP00000399805,32.5,4
9606.ENSP00000301364,32.5,6
9606.ENSP00000355889,32.5,13
9606.ENSP00000294904,32.4,4
9606.ENSP00000381250,32.4,3
9606.ENSP00000251607,32.4,4
9606.ENSP00000301202,32.4,4
9606.ENSP00000360850,32.4,4
9606.ENSP00000301653,32.4,47
9606.ENSP00000006275,32.3,2
9606.ENSP00000327459,32.3,10
9606.ENSP00000263150,32.3,8
9606.ENSP00000419851,32.3,10
9606.ENSP00000359848,32.2,5
9606.ENSP00000457411,32.2,5
9606.ENSP00000264263,32.2,8
9606.ENSP00000255194,32.2,10
9606.ENSP00000478767,32.1,8
9606.ENSP00000340329,32.1,4
9606.ENSP00000349291,32,13
9606.ENSP00000248098,32,2
9606.ENSP00000387170,31.9,8
9606.ENSP00000193322,31.9,2
9606.ENSP00000345206,31.8,6
9606.ENSP00000479064,31.8,2
9606.ENSP00000261503,31.8,15
9606.ENSP00000420484,31.8,2
9606.ENSP00000398882,31.7,2
9606.ENSP00000265564,31.7,3
9606.ENSP00000265164,31.7,4
9606.ENSP00000229195,31.7,4
9606.ENSP00000308351,31.7,6
9606.ENSP00000298910,31.7,30
9606.ENSP00000377390,31.7,12
9606.ENSP00000407182,31.6,17
9606.ENSP00000440765,31.6,2
9606.ENSP00000449404,31.5,69
9606.ENSP00000337194,31.5,8
9606.ENSP00000264065,31.5,13
9606.ENSP00000419027,31.5,6
9606.ENSP00000288235,31.4,26
9606.ENSP00000473391,31.4,9
9606.ENSP00000479664,31.3,6
9606.ENSP00000311833,31.3,3
9606.ENSP00000442770,31.3,2
9606.ENSP00000360305,31.2,4
9606.ENSP00000296792,31.2,6
9606.ENSP00000499734,31.1,32
9606.ENSP00000323867,31.1,6
9606.ENSP00000254730,31,8
9606.ENSP00000261798,31,4
9606.ENSP00000495563,31,8
9606.ENSP00000297347,31,2
9606.ENSP00000357748,31,4
9606.ENSP00000366557,31,10
9606.ENSP00000379869,30.9,2
9606.ENSP00000292614,30.9,4
9606.ENSP00000309262,30.8,10
9606.ENSP00000351811,30.7,13
9606.ENSP00000318176,30.7,2
9606.ENSP00000311344,30.7,11
9606.ENSP00000380227,30.7,8
9606.ENSP00000366488,30.6,12
9606.ENSP00000292301,30.6,2
9606.ENSP00000366997,30.6,12
9606.ENSP00000475957,30.5,6
9606.ENSP00000361965,30.5,6
9606.ENSP00000206542,30.5,4
9606.ENSP00000316357,30.5,37
9606.ENSP00000355231,30.5,6
9606.ENSP00000438886,30.5,8
9606.ENSP00000284322,30.5,9
9606.ENSP00000388942,30.5,4
9606.ENSP00000221233,30.4,2
9606.ENSP00000306670,30.3,4
9606.ENSP00000373669,30.3,4
9606.ENSP00000363603,30.2,5
9606.ENSP00000337691,30.1,10
9606.ENSP00000368965,30.1,4
9606.ENSP00000347655,30.1,4
9606.ENSP00000339826,30.1,6
9606.ENSP00000361642,30.1,4
9606.ENSP00000365837,30,6
9606.ENSP00000225729,29.9,4
9606.ENSP00000463334,29.9,2
9606.ENSP00000371638,29.8,15
9606.ENSP00000309945,29.8,2
9606.ENSP00000268389,29.8,2
9606.ENSP00000499466,29.8,2
9606.ENSP00000262302,29.8,2
9606.ENSP00000483328,29.7,4
9606.ENSP00000296490,29.7,4
9606.ENSP00000396452,29.7,2
9606.ENSP00000311997,29.7,47
9606.ENSP00000363506,29.7,4
9606.ENSP00000457492,29.6,2
9606.ENSP00000482228,29.6,4
9606.ENSP00000311360,29.6,2
9606.ENSP00000362680,29.6,20
9606.ENSP00000179259,29.5,2
9606.ENSP00000356515,29.5,31
9606.ENSP00000419503,29.5,2
9606.ENSP00000319992,29.4,2
9606.ENSP00000226524,29.4,4
9606.ENSP00000313504,29.4,12
9606.ENSP00000216160,29.4,6
9606.ENSP00000399208,29.4,15
9606.ENSP00000321348,29.3,12
9606.ENSP00000379836,29.3,2
9606.ENSP00000259632,29.3,2
9606.ENSP00000222305,29.2,2
9606.ENSP00000419243,29.2,2
9606.ENSP00000386738,29.1,2
9606.ENSP00000315702,29.1,4
9606.ENSP00000352264,29,6
9606.ENSP00000291386,28.9,2
9606.ENSP00000370503,28.9,4
9606.ENSP00000262241,28.9,4
9606.ENSP00000276202,28.8,21
9606.ENSP00000357980,28.7,3
9606.ENSP00000470252,28.7,10
9606.ENSP00000221265,28.7,6
9606.ENSP00000331614,28.7,7
9606.ENSP00000380027,28.7,4
9606.ENSP00000258648,28.6,2
9606.ENSP00000323076,28.5,2
9606.ENSP00000345259,28.5,9
9606.ENSP00000296786,28.5,4
9606.ENSP00000221486,28.5,4
9606.ENSP00000417517,28.4,21
9606.ENSP00000254654,28.4,4
9606.ENSP00000479494,28.3,6
9606.ENSP00000326550,28.3,4
9606.ENSP00000429344,28.3,4
9606.ENSP00000373627,28.2,11
9606.ENSP00000358865,28.2,46
9606.ENSP00000353401,28.2,16
9606.ENSP00000259951,28.2,5
9606.ENSP00000303754,28.2,9
9606.ENSP00000223293,28.1,4
9606.ENSP00000349877,28.1,12
9606.ENSP00000374455,28.1,2
9606.ENSP00000315791,28.1,8
9606.ENSP00000380334,28,6
9606.ENSP00000402060,28,2
9606.ENSP00000361634,28,4
9606.ENSP00000229332,28,2
9606.ENSP00000295971,28,4
9606.ENSP00000301281,28,2
9606.ENSP00000245304,28,8
9606.ENSP00000384259,28,4
9606.ENSP00000306117,27.9,15
9606.ENSP00000259335,27.9,19
9606.ENSP00000416126,27.9,1
9606.ENSP00000455106,27.9,4
9606.ENSP00000338864,27.9,6
9606.ENSP00000445725,27.8,2
9606.ENSP00000360638,27.8,4
9606.ENSP00000374205,27.7,7
9606.ENSP00000403396,27.7,4
9606.ENSP00000007699,27.7,8
9606.ENSP00000381102,27.7,2
9606.ENSP00000305682,27.6,3
9606.ENSP00000325398,27.6,2
9606.ENSP00000410269,27.6,2
9606.ENSP00000455813,27.5,15
9606.ENSP00000327436,27.5,6
9606.ENSP00000258317,27.5,4
9606.ENSP00000471700,27.5,5
9606.ENSP00000429309,27.4,2
9606.ENSP00000206513,27.4,2
9606.ENSP00000290277,27.4,9
9606.ENSP00000366410,27.3,3
9606.ENSP00000314499,27.2,12
9606.ENSP00000349205,27.2,10
9606.ENSP00000483313,27.2,4
9606.ENSP00000458954,27.1,6
9606.ENSP00000315017,27.1,4
9606.ENSP00000285670,27.1,6
9606.ENSP00000473631,27,4
9606.ENSP00000355084,27,2
9606.ENSP00000317985,27,16
9606.ENSP00000379256,27,11
9606.ENSP00000263702,27,2
9606.ENSP00000377867,27,10
9606.ENSP00000239891,26.9,4
9606.ENSP00000430128,26.9,2
9606.ENSP00000378917,26.9,4
9606.ENSP00000368062,26.8,9
9606.ENSP00000217901,26.8,4
9606.ENSP00000431040,26.8,2
9606.ENSP00000226798,26.7,2
9606.ENSP00000347457,26.7,17
9606.ENSP00000357292,26.6,4
9606.ENSP00000291458,26.6,2
9606.ENSP00000355587,26.6,2
9606.ENSP00000233627,26.5,2
9606.ENSP00000480240,26.5,2
9606.ENSP00000406463,26.5,6
9606.ENSP00000359956,26.5,2
9606.ENSP00000301656,26.4,21
9606.ENSP00000360797,26.4,6
9606.ENSP00000370288,26.4,4
9606.ENSP00000398131,26.3,8
9606.ENSP00000333657,26.3,9
9606.ENSP00000276585,26.3,2
9606.ENSP00000436864,26.3,4
9606.ENSP00000252818,26.3,2
9606.ENSP00000262584,26.2,2
9606.ENSP00000261965,26.2,8
9606.ENSP00000320563,26.2,24
9606.ENSP00000425587,26.2,6
9606.ENSP00000309741,26.2,4
9606.ENSP00000263681,26.2,4
9606.ENSP00000290216,26.1,2
9606.ENSP00000254624,26.1,6
9606.ENSP00000360966,26.1,3
9606.ENSP00000222800,26.1,2
9606.ENSP00000285208,26,6
9606.ENSP00000347933,26,4
9606.ENSP00000352458,26,4
9606.ENSP00000384957,25.9,7
9606.ENSP00000479860,25.9,2
9606.ENSP00000369274,25.9,7
9606.ENSP00000256319,25.8,2
9606.ENSP00000260803,25.8,6
9606.ENSP00000215904,25.7,3
9606.ENSP00000303909,25.6,10
9606.ENSP00000312356,25.6,6
9606.ENSP00000338727,25.6,9
9606.ENSP00000306565,25.6,2
9606.ENSP00000357838,25.6,4
9606.ENSP00000359990,25.6,6
9606.ENSP00000357320,25.6,4
9606.ENSP00000265651,25.5,2
9606.ENSP00000223127,25.5,8
9606.ENSP00000417963,25.5,10
9606.ENSP00000234310,25.5,2
9606.ENSP00000253329,25.5,4
9606.ENSP00000482169,25.5,46
9606.ENSP00000373854,25.5,28
9606.ENSP00000285420,25.4,2
9606.ENSP00000340896,25.4,4
9606.ENSP00000363043,25.4,2
9606.ENSP00000377665,25.4,10
9606.ENSP00000332444,25.3,9
9606.ENSP00000404676,25.3,4
9606.ENSP00000353864,25.3,13
9606.ENSP00000229179,25.3,8
9606.ENSP00000378338,25.2,14
9606.ENSP00000239690,25.2,6
9606.ENSP00000296424,25.1,2
9606.ENSP00000376184,25.1,4
9606.ENSP00000370083,25.1,2
9606.ENSP00000370119,25.1,2
9606.ENSP00000442699,25.1,6
9606.ENSP00000421544,25.1,2
9606.ENSP00000354850,25,6
9606.ENSP00000216277,25,8
9606.ENSP00000335371,25,6
9606.ENSP00000265433,24.9,6
9606.ENSP00000296220,24.9,7
9606.ENSP00000288937,24.9,2
9606.ENSP00000376808,24.9,10
9606.ENSP00000268206,24.8,6
9606.ENSP00000249442,24.8,2
9606.ENSP00000268482,24.8,8
9606.ENSP00000385751,24.7,8
9606.ENSP00000287957,24.7,2
9606.ENSP00000485627,24.7,2
9606.ENSP00000264883,24.7,6
9606.ENSP00000440847,24.7,7
9606.ENSP00000407685,24.7,5
9606.ENSP00000371051,24.7,24
9606.ENSP00000439120,24.6,2
9606.ENSP00000232424,24.6,2
9606.ENSP00000254630,24.6,4
9606.ENSP00000221922,24.6,2
9606.ENSP00000264005,24.6,4
9606.ENSP00000350874,24.6,2
9606.ENSP00000325919,24.6,2
9606.ENSP00000369681,24.6,6
9606.ENSP00000484669,24.5,12
9606.ENSP00000360782,24.5,4
9606.ENSP00000448182,24.5,7
9606.ENSP00000376395,24.5,2
9606.ENSP00000320246,24.5,3
9606.ENSP00000359539,24.5,4
9606.ENSP00000386456,24.4,6
9606.ENSP00000291707,24.4,6
9606.ENSP00000363773,24.3,2
9606.ENSP00000459019,24.3,1
9606.ENSP00000346466,24.2,4
9606.ENSP00000359000,24.2,24
9606.ENSP00000434279,24.2,13
9606.ENSP00000496597,24.1,18
9606.ENSP00000408295,24.1,4
9606.ENSP00000480186,24,4
9606.ENSP00000363419,24,2
9606.ENSP00000383996,24,6
9606.ENSP00000263461,24,10
9606.ENSP00000329915,23.9,2
9606.ENSP00000200135,23.9,8
9606.ENSP00000451792,23.9,4
9606.ENSP00000361287,23.9,4
9606.ENSP00000383433,23.9,3
9606.ENSP00000497574,23.9,4
9606.ENSP00000288532,23.9,4
9606.ENSP00000276590,23.8,3
9606.ENSP00000375836,23.8,12
9606.ENSP00000373684,23.8,6
9606.ENSP00000329243,23.8,57
9606.ENSP00000296328,23.8,4
9606.ENSP00000381652,23.8,3
9606.ENSP00000345575,23.7,4
9606.ENSP00000265421,23.7,4
9606.ENSP00000379267,23.7,4
9606.ENSP00000368952,23.7,6
9606.ENSP00000258770,23.6,4
9606.ENSP00000286186,23.6,4
9606.ENSP00000306902,23.6,2
9606.ENSP00000225964,23.6,11
9606.ENSP00000366460,23.6,4
9606.ENSP00000433343,23.5,2
9606.ENSP00000387111,23.5,2
9606.ENSP00000441828,23.5,8
9606.ENSP00000364403,23.5,39
9606.ENSP00000452181,23.4,4
9606.ENSP00000278980,23.4,3
9606.ENSP00000488838,23.4,2
9606.ENSP00000263694,23.4,3
9606.ENSP00000465685,23.4,9
9606.ENSP00000359488,23.4,4
9606.ENSP00000262932,23.4,2
9606.ENSP00000377936,23.3,8
9606.ENSP00000343497,23.3,2
9606.ENSP00000255120,23.3,9
9606.ENSP00000367787,23.2,12
9606.ENSP00000199320,23.2,2
9606.ENSP00000249396,23.2,4
9606.ENSP00000363794,23.2,2
9606.ENSP00000454038,23.1,4
9606.ENSP00000445757,23.1,3
9606.ENSP00000409952,23.1,6
9606.ENSP00000368565,23,4
9606.ENSP00000414516,23,1
9606.ENSP00000305263,23,35
9606.ENSP00000370208,23,4
9606.ENSP00000479580,23,2
9606.ENSP00000426941,23,4
9606.ENSP00000462468,22.9,21
9606.ENSP00000254528,22.9,6
9606.ENSP00000355955,22.9,2
9606.ENSP00000351052,22.9,4
9606.ENSP00000312311,22.9,2
9606.ENSP00000354722,22.9,2
9606.ENSP00000324792,22.9,2
9606.ENSP00000380793,22.8,3
9606.ENSP00000371419,22.8,10
9606.ENSP00000345412,22.8,2
9606.ENSP00000255631,22.8,2
9606.ENSP00000359818,22.8,6
9606.ENSP00000398890,22.8,4
9606.ENSP00000280551,22.8,4
9606.ENSP00000480987,22.7,7
9606.ENSP00000294383,22.7,21
9606.ENSP00000378854,22.7,2
9606.ENSP00000216832,22.7,4
9606.ENSP00000379802,22.7,7
9606.ENSP00000368237,22.7,6
9606.ENSP00000262942,22.6,5
9606.ENSP00000362728,22.5,8
9606.ENSP00000498524,22.5,4
9606.ENSP00000319726,22.5,2
9606.ENSP00000296582,22.5,2
9606.ENSP00000405424,22.5,6
9606.ENSP00000382239,22.4,7
9606.ENSP00000361186,22.4,2
9606.ENSP00000467024,22.4,4
9606.ENSP00000334785,22.4,2
9606.ENSP00000471457,22.4,20
9606.ENSP00000385057,22.3,4
9606.ENSP00000357283,22.3,11
9606.ENSP00000348211,22.3,2
9606.ENSP00000343445,22.2,21
9606.ENSP00000382382,22.2,8
9606.ENSP00000380666,22.2,8
9606.ENSP00000322396,22.2,2
9606.ENSP00000377633,22.2,3
9606.ENSP00000417273,22.1,4
9606.ENSP00000294952,22.1,4
9606.ENSP00000362298,22.1,4
9606.ENSP00000466025,22,2
9606.ENSP00000308275,22,4
9606.ENSP00000358770,22,9
9606.ENSP00000295619,21.9,2
9606.ENSP00000368100,21.9,20
9606.ENSP00000372689,21.9,14
9606.ENSP00000360162,21.8,16
9606.ENSP00000478874,21.8,8
9606.ENSP00000344666,21.8,30
9606.ENSP00000309457,21.8,6
9606.ENSP00000485513,21.7,14
9606.ENSP00000377771,21.7,6
9606.ENSP00000443631,21.7,6
9606.ENSP00000258198,21.7,6
9606.ENSP00000361245,21.6,6
9606.ENSP00000354581,21.6,5
9606.ENSP00000283195,21.6,50
9606.ENSP00000379282,21.5,3
9606.ENSP00000452007,21.5,2
9606.ENSP00000259569,21.4,14
9606.ENSP00000357453,21.4,4
9606.ENSP00000320566,21.4,2
9606.ENSP00000267199,21.4,6
9606.ENSP00000253686,21.4,2
9606.ENSP00000343690,21.3,10
9606.ENSP00000380877,21.3,4
9606.ENSP00000486357,21.3,8
9606.ENSP00000376652,21.3,4
9606.ENSP00000316729,21.2,12
9606.ENSP00000299957,21.2,3
9606.ENSP00000343023,21.2,6
9606.ENSP00000261942,21.2,4
9606.ENSP00000262013,21.2,8
9606.ENSP00000343515,21.2,4
9606.ENSP00000283752,21.2,21
9606.ENSP00000349351,21.1,8
9606.ENSP00000374399,21.1,2
9606.ENSP00000322020,21.1,2
9606.ENSP00000269701,21,2
9606.ENSP00000261483,21,8
9606.ENSP00000377703,21,6
9606.ENSP00000301788,21,2
9606.ENSP00000498684,20.9,2
9606.ENSP00000258201,20.9,8
9606.ENSP00000431840,20.9,2
9606.ENSP00000481699,20.9,21
9606.ENSP00000493664,20.8,17
9606.ENSP00000443459,20.8,2
9606.ENSP00000352248,20.8,11
9606.ENSP00000317674,20.8,2
9606.ENSP00000272433,20.8,2
9606.ENSP00000342434,20.8,10
9606.ENSP00000310723,20.7,8
9606.ENSP00000349456,20.7,5
9606.ENSP00000387911,20.6,4
9606.ENSP00000351813,20.6,2
9606.ENSP00000491596,20.6,18
9606.ENSP00000295550,20.6,25
9606.ENSP00000466664,20.5,5
9606.ENSP00000347184,20.5,18
9606.ENSP00000343398,20.5,2
9606.ENSP00000349595,20.5,13
9606.ENSP00000498603,20.5,4
9606.ENSP00000325377,20.4,8
9606.ENSP00000371798,20.4,4
9606.ENSP00000299626,20.3,4
9606.ENSP00000365625,20.3,8
9606.ENSP00000247001,20.3,4
9606.ENSP00000231061,20.3,2
9606.ENSP00000369045,20.3,2
9606.ENSP00000376249,20.3,2
9606.ENSP00000344577,20.3,2
9606.ENSP00000371084,20.2,6
9606.ENSP00000256178,20.2,2
9606.ENSP00000418194,20.1,10
9606.ENSP00000368119,20.1,4
9606.ENSP00000309031,20.1,10
9606.ENSP00000349860,20.1,8
9606.ENSP00000386531,20.1,7
9606.ENSP00000438993,20,3
9606.ENSP00000500386,20,11
9606.ENSP00000216044,20,4
9606.ENSP00000494678,20,4
9606.ENSP00000315397,20,2
9606.ENSP00000351742,19.9,2
9606.ENSP00000369071,19.9,5
9606.ENSP00000310596,19.9,2
9606.ENSP00000358482,19.9,8
9606.ENSP00000295083,19.8,2
9606.ENSP00000282516,19.8,17
9606.ENSP00000328023,19.8,5
9606.ENSP00000267812,19.8,2
9606.ENSP00000410402,19.8,4
9606.ENSP00000305632,19.8,2
9606.ENSP00000173527,19.7,2
9606.ENSP00000421736,19.7,10
9606.ENSP00000304408,19.7,10
9606.ENSP00000501254,19.6,12
9606.ENSP00000326563,19.6,8
9606.ENSP00000380514,19.6,3
9606.ENSP00000348775,19.6,6
9606.ENSP00000493232,19.5,2
9606.ENSP00000360290,19.5,4
9606.ENSP00000355800,19.5,4
9606.ENSP00000377262,19.5,4
9606.ENSP00000401831,19.5,4
9606.ENSP00000490163,19.4,9
9606.ENSP00000241337,19.4,6
9606.ENSP00000455064,19.4,7
9606.ENSP00000370748,19.4,2
9606.ENSP00000229329,19.4,2
9606.ENSP00000417602,19.4,2
9606.ENSP00000276052,19.3,44
9606.ENSP00000348099,19.3,3
9606.ENSP00000257951,19.3,51
9606.ENSP00000380019,19.3,2
9606.ENSP00000264409,19.3,3
9606.ENSP00000318480,19.2,4
9606.ENSP00000315476,19.2,2
9606.ENSP00000260563,19.2,2
9606.ENSP00000311962,19.2,2
9606.ENSP00000327650,19.2,4
9606.ENSP00000295588,19.1,2
9606.ENSP00000257829,19.1,6
9606.ENSP00000326411,19.1,6
9606.ENSP00000263897,19.1,2
9606.ENSP00000346120,19.1,6
9606.ENSP00000310573,19.1,17
9606.ENSP00000223023,19,4
9606.ENSP00000460871,19,2
9606.ENSP00000496699,19,6
9606.ENSP00000473290,18.9,4
9606.ENSP00000294728,18.9,6
9606.ENSP00000216442,18.9,2
9606.ENSP00000494538,18.9,4
9606.ENSP00000426632,18.9,12
9606.ENSP00000321703,18.9,4
9606.ENSP00000359935,18.8,4
9606.ENSP00000366748,18.8,2
9606.ENSP00000501053,18.8,6
9606.ENSP00000432768,18.8,12
9606.ENSP00000446242,18.8,7
9606.ENSP00000336666,18.8,4
9606.ENSP00000499211,18.8,2
9606.ENSP00000233379,18.7,2
9606.ENSP00000360464,18.7,2
9606.ENSP00000375777,18.7,4
9606.ENSP00000297591,18.7,11
9606.ENSP00000328835,18.7,10
9606.ENSP00000177742,18.7,2
9606.ENSP00000258969,18.6,2
9606.ENSP00000078429,18.6,4
9606.ENSP00000330032,18.6,2
9606.ENSP00000286398,18.6,8
9606.ENSP00000350266,18.5,2
9606.ENSP00000256366,18.5,2
9606.ENSP00000262644,18.5,2
9606.ENSP00000285848,18.4,2
9606.ENSP00000493768,18.3,3
9606.ENSP00000240423,18.3,4
9606.ENSP00000274643,18.3,10
9606.ENSP00000357644,18.3,4
9606.ENSP00000358072,18.2,2
9606.ENSP00000418582,18.2,1
9606.ENSP00000226230,18.2,1
9606.ENSP00000401264,18.1,4
9606.ENSP00000407487,18.1,6
9606.ENSP00000370139,18,2
9606.ENSP00000053468,18,2
9606.ENSP00000317000,18,1
9606.ENSP00000260247,17.9,2
9606.ENSP00000231509,17.9,6
9606.ENSP00000359958,17.9,2
9606.ENSP00000265052,17.9,2
9606.ENSP00000278616,17.9,21
9606.ENSP00000233121,17.9,4
9606.ENSP00000358810,17.9,7
9606.ENSP00000238721,17.8,2
9606.ENSP00000497767,17.8,15
9606.ENSP00000243045,17.8,2
9606.ENSP00000273317,17.7,4
9606.ENSP00000431482,17.7,2
9606.ENSP00000338057,17.7,2
9606.ENSP00000350071,17.7,4
9606.ENSP00000438399,17.7,2
9606.ENSP00000251496,17.7,6
9606.ENSP00000435460,17.7,2
9606.ENSP00000498402,17.6,2
9606.ENSP00000382177,17.6,14
9606.ENSP00000251412,17.5,2
9606.ENSP00000331544,17.5,3
9606.ENSP00000302640,17.5,4
9606.ENSP00000496695,17.5,2
9606.ENSP00000360869,17.5,4
9606.ENSP00000414095,17.5,8
9606.ENSP00000376024,17.5,2
9606.ENSP00000261167,17.5,4
9606.ENSP00000497948,17.4,10
9606.ENSP00000371728,17.4,3
9606.ENSP00000413908,17.3,2
9606.ENSP00000279441,17.3,6
9606.ENSP00000368881,17.3,4
9606.ENSP00000298912,17.3,4
9606.ENSP00000417764,17.3,2
9606.ENSP00000341382,17.2,8
9606.ENSP00000298492,17.2,2
9606.ENSP00000253237,17.2,6
9606.ENSP00000348380,17.2,4
9606.ENSP00000266970,17.2,31
9606.ENSP00000433071,17.2,4
9606.ENSP00000383938,17.2,2
9606.ENSP00000218516,17.2,4
9606.ENSP00000305810,17.2,2
9606.ENSP00000252996,17.2,6
9606.ENSP00000444935,17.2,2
9606.ENSP00000392043,17.2,10
9606.ENSP00000229264,17.2,7
9606.ENSP00000498888,17.2,6
9606.ENSP00000221166,17.2,46
9606.ENSP00000315568,17.1,4
9606.ENSP00000312367,17.1,3
9606.ENSP00000424328,17.1,2
9606.ENSP00000263578,17.1,2
9606.ENSP00000337688,17.1,2
9606.ENSP00000238112,17.1,6
9606.ENSP00000495202,17.1,6
9606.ENSP00000265594,17.1,4
9606.ENSP00000251993,17.1,4
9606.ENSP00000362300,17.1,6
9606.ENSP00000427108,17.1,4
9606.ENSP00000264515,17.1,4
9606.ENSP00000341905,17.1,6
9606.ENSP00000327246,17.1,2
9606.ENSP00000280357,17.1,2
9606.ENSP00000434776,17,4
9606.ENSP00000410561,17,31
9606.ENSP00000252677,17,4
9606.ENSP00000412324,16.9,7
9606.ENSP00000292476,16.9,2
9606.ENSP00000422435,16.9,19
9606.ENSP00000357873,16.9,2
9606.ENSP00000181796,16.9,2
9606.ENSP00000301050,16.9,6
9606.ENSP00000255136,16.8,12
9606.ENSP00000385689,16.8,4
9606.ENSP00000270066,16.8,2
9606.ENSP00000216124,16.8,2
9606.ENSP00000421491,16.8,3
9606.ENSP00000333837,16.8,2
9606.ENSP00000330898,16.8,2
9606.ENSP00000312318,16.7,2
9606.ENSP00000233813,16.7,1
9606.ENSP00000248248,16.7,4
9606.ENSP00000261191,16.7,11
9606.ENSP00000410818,16.6,5
9606.ENSP00000406478,16.6,5
9606.ENSP00000185206,16.6,9
9606.ENSP00000254799,16.6,2
9606.ENSP00000382274,16.5,24
9606.ENSP00000352400,16.5,8
9606.ENSP00000266659,16.5,1
9606.ENSP00000337641,16.5,4
9606.ENSP00000302768,16.5,2
9606.ENSP00000287667,16.5,24
9606.ENSP00000447000,16.5,5
9606.ENSP00000439170,16.5,6
9606.ENSP00000348019,16.4,2
9606.ENSP00000248901,16.4,2
9606.ENSP00000164139,16.4,15
9606.ENSP00000218104,16.3,4
9606.ENSP00000429900,16.3,8
9606.ENSP00000262623,16.3,22
9606.ENSP00000298717,16.3,4
9606.ENSP00000274306,16.3,2
9606.ENSP00000261994,16.2,2
9606.ENSP00000498864,16.2,2
9606.ENSP00000363216,16.2,12
9606.ENSP00000495631,16.1,10
9606.ENSP00000341292,16.1,7
9606.ENSP00000406598,16.1,2
9606.ENSP00000365817,16.1,8
9606.ENSP00000359050,16,4
9606.ENSP00000296679,16,2
9606.ENSP00000420588,16,2
9606.ENSP00000464522,16,2
9606.ENSP00000318629,16,2
9606.ENSP00000375809,16,5
9606.ENSP00000412869,15.9,5
9606.ENSP00000477502,15.9,24
9606.ENSP00000345341,15.9,2
9606.ENSP00000373696,15.9,10
9606.ENSP00000339867,15.8,5
9606.ENSP00000361900,15.8,2
9606.ENSP00000482133,15.8,2
9606.ENSP00000269298,15.8,1
9606.ENSP00000306185,15.8,3
9606.ENSP00000416097,15.8,5
9606.ENSP00000362340,15.8,4
9606.ENSP00000500094,15.8,9
9606.ENSP00000467579,15.7,1
9606.ENSP00000434513,15.7,6
9606.ENSP00000363211,15.7,2
9606.ENSP00000322832,15.7,2
9606.ENSP00000323036,15.7,2
9606.ENSP00000273541,15.7,2
9606.ENSP00000362730,15.7,2
9606.ENSP00000337289,15.7,10
9606.ENSP00000359423,15.7,4
9606.ENSP00000331487,15.7,4
9606.ENSP00000286835,15.6,2
9606.ENSP00000252100,15.6,2
9606.ENSP00000354597,15.6,4
9606.ENSP00000385749,15.6,6
9606.ENSP00000344208,15.5,2
9606.ENSP00000371221,15.5,4
9606.ENSP00000340975,15.5,2
9606.ENSP00000274813,15.5,4
9606.ENSP00000399982,15.4,4
9606.ENSP00000156471,15.4,8
9606.ENSP00000252595,15.4,4
9606.ENSP00000379500,15.4,2
9606.ENSP00000308452,15.4,34
9606.ENSP00000412178,15.3,4
9606.ENSP00000355652,15.3,2
9606.ENSP00000482445,15.3,1
9606.ENSP00000256404,15.2,1
9606.ENSP00000417175,15.2,1
9606.ENSP00000298767,15.2,6
9606.ENSP00000354920,15.2,4
9606.ENSP00000401435,15.1,4
9606.ENSP00000434412,15.1,2
9606.ENSP00000308117,15.1,2
9606.ENSP00000393840,15.1,4
9606.ENSP00000263245,15.1,2
9606.ENSP00000263440,15.1,2
9606.ENSP00000215574,15.1,2
9606.ENSP00000255882,15.1,13
9606.ENSP00000384700,15.1,6
9606.ENSP00000303709,15.1,8
9606.ENSP00000256196,15.1,2
9606.ENSP00000403645,15,2
9606.ENSP00000344562,15,4
9606.ENSP00000294973,14.9,2
9606.ENSP00000355968,14.9,2
9606.ENSP00000242067,14.9,2
9606.ENSP00000365477,14.9,4
9606.ENSP00000405635,14.9,1
9606.ENSP00000384183,14.8,5
9606.ENSP00000325748,14.8,4
9606.ENSP00000363779,14.8,6
9606.ENSP00000354669,14.8,2
9606.ENSP00000311005,14.7,2
9606.ENSP00000447942,14.7,2
9606.ENSP00000353959,14.7,8
9606.ENSP00000358824,14.7,1
9606.ENSP00000295321,14.7,4
9606.ENSP00000291759,14.7,6
9606.ENSP00000274498,14.6,4
9606.ENSP00000319883,14.6,3
9606.ENSP00000346635,14.6,6
9606.ENSP00000356405,14.6,4
9606.ENSP00000318351,14.6,2
9606.ENSP00000343001,14.5,5
9606.ENSP00000238823,14.5,2
9606.ENSP00000392617,14.5,7
9606.ENSP00000465261,14.5,2
9606.ENSP00000343701,14.5,6
9606.ENSP00000349596,14.4,2
9606.ENSP00000410446,14.4,2
9606.ENSP00000369075,14.4,2
9606.ENSP00000246635,14.4,22
9606.ENSP00000379931,14.3,8
9606.ENSP00000292896,14.3,8
9606.ENSP00000378402,14.3,6
9606.ENSP00000364037,14.3,3
9606.ENSP00000340900,14.2,9
9606.ENSP00000291744,14.2,5
9606.ENSP00000299415,14.2,2
9606.ENSP00000360985,14.1,13
9606.ENSP00000353025,14.1,1
9606.ENSP00000276201,14.1,2
9606.ENSP00000472847,14.1,4
9606.ENSP00000269593,14.1,1
9606.ENSP00000271764,14.1,2
9606.ENSP00000315386,14.1,2
9606.ENSP00000389810,14.1,2
9606.ENSP00000333680,14,1
9606.ENSP00000428263,14,5
9606.ENSP00000365725,14,3
9606.ENSP00000267328,14,2
9606.ENSP00000339933,14,7
9606.ENSP00000316512,14,16
9606.ENSP00000384182,14,10
9606.ENSP00000482732,14,5
9606.ENSP00000357047,14,7
9606.ENSP00000251413,13.9,2
9606.ENSP00000377969,13.9,2
9606.ENSP00000411822,13.9,2
9606.ENSP00000309968,13.9,3
9606.ENSP00000377486,13.9,2
9606.ENSP00000497720,13.8,4
9606.ENSP00000382021,13.8,2
9606.ENSP00000314508,13.8,2
9606.ENSP00000335082,13.8,4
9606.ENSP00000267838,13.7,2
9606.ENSP00000342267,13.7,1
9606.ENSP00000440704,13.7,2
9606.ENSP00000406885,13.7,1
9606.ENSP00000309640,13.7,2
9606.ENSP00000392782,13.7,15
9606.ENSP00000259698,13.7,6
9606.ENSP00000384651,13.6,13
9606.ENSP00000296161,13.6,4
9606.ENSP00000497594,13.6,4
9606.ENSP00000417654,13.6,2
9606.ENSP00000023939,13.6,2
9606.ENSP00000457788,13.6,5
9606.ENSP00000306887,13.5,1
9606.ENSP00000009041,13.5,1
9606.ENSP00000348596,13.5,2
9606.ENSP00000364731,13.4,1
9606.ENSP00000276440,13.4,10
9606.ENSP00000271555,13.4,2
9606.ENSP00000002165,13.4,2
9606.ENSP00000262887,13.3,5
9606.ENSP00000267163,13.3,5
9606.ENSP00000298229,13.2,7
9606.ENSP00000403323,13.2,2
9606.ENSP00000292431,13.2,2
9606.ENSP00000366563,13.1,8
9606.ENSP00000262265,13.1,2
9606.ENSP00000283629,13.1,2
9606.ENSP00000262850,13.1,4
9606.ENSP00000386229,13.1,2
9606.ENSP00000327431,13.1,8
9606.ENSP00000338082,13.1,8
9606.ENSP00000368273,13.1,4
9606.ENSP00000310120,13.1,5
9606.ENSP00000363944,13.1,4
9606.ENSP00000218230,13,5
9606.ENSP00000484710,13,6
9606.ENSP00000286301,13,2
9606.ENSP00000378877,13,1
9606.ENSP00000266483,12.9,5
9606.ENSP00000394560,12.9,4
9606.ENSP00000333896,12.9,4
9606.ENSP00000357052,12.9,2
9606.ENSP00000362621,12.9,5
9606.ENSP00000362618,12.9,5
9606.ENSP00000411532,12.9,15
9606.ENSP00000362702,12.8,2
9606.ENSP00000262290,12.8,13
9606.ENSP00000438085,12.8,2
9606.ENSP00000379842,12.8,2
9606.ENSP00000261884,12.7,2
9606.ENSP00000293760,12.7,3
9606.ENSP00000357552,12.7,6
9606.ENSP00000259021,12.7,2
9606.ENSP00000356395,12.7,1
9606.ENSP00000440850,12.7,8
9606.ENSP00000357122,12.7,6
9606.ENSP00000473623,12.7,8
9606.ENSP00000255305,12.7,5
9606.ENSP00000362107,12.7,1
9606.ENSP00000296464,12.6,8
9606.ENSP00000423463,12.6,12
9606.ENSP00000272252,12.6,2
9606.ENSP00000278422,12.6,2
9606.ENSP00000252245,12.5,39
9606.ENSP00000385000,12.5,2
9606.ENSP00000495556,12.5,6
9606.ENSP00000289749,12.5,1
9606.ENSP00000450842,12.5,4
9606.ENSP00000349824,12.5,2
9606.ENSP00000352925,12.5,18
9606.ENSP00000461269,12.4,2
9606.ENSP00000263629,12.4,2
9606.ENSP00000342793,12.4,4
9606.ENSP00000355880,12.4,2
9606.ENSP00000074304,12.4,4
9606.ENSP00000336721,12.4,4
9606.ENSP00000359552,12.4,4
9606.ENSP00000354376,12.4,5
9606.ENSP00000482753,12.3,2
9606.ENSP00000359385,12.3,2
9606.ENSP00000332973,12.3,4
9606.ENSP00000363891,12.3,4
9606.ENSP00000287844,12.3,6
9606.ENSP00000357448,12.2,3
9606.ENSP00000361967,12.2,2
9606.ENSP00000348635,12.2,2
9606.ENSP00000262848,12.2,6
9606.ENSP00000315013,12.2,2
9606.ENSP00000307265,12.1,2
9606.ENSP00000360776,12.1,2
9606.ENSP00000334100,12.1,4
9606.ENSP00000358019,12.1,2
9606.ENSP00000364501,12.1,2
9606.ENSP00000371451,12.1,2
9606.ENSP00000361486,12.1,2
9606.ENSP00000260402,12.1,4
9606.ENSP00000262160,12,4
9606.ENSP00000271732,12,2
9606.ENSP00000335029,12,4
9606.ENSP00000480364,12,2
9606.ENSP00000226730,12,2
9606.ENSP00000420418,12,4
9606.ENSP00000359464,12,2
9606.ENSP00000261745,12,3
9606.ENSP00000331313,12,2
9606.ENSP00000345793,12,4
9606.ENSP00000263277,12,11
9606.ENSP00000377546,12,33
9606.ENSP00000360916,12,9
9606.ENSP00000360183,11.9,2
9606.ENSP00000258739,11.9,2
9606.ENSP00000282026,11.9,5
9606.ENSP00000289371,11.9,4
9606.ENSP00000472465,11.9,4
9606.ENSP00000273077,11.9,1
9606.ENSP00000245934,11.9,5
9606.ENSP00000464275,11.9,2
9606.ENSP00000330101,11.9,42
9606.ENSP00000305529,11.9,4
9606.ENSP00000395983,11.8,9
9606.ENSP00000382104,11.8,10
9606.ENSP00000454264,11.8,2
9606.ENSP00000300107,11.8,4
9606.ENSP00000343171,11.8,2
9606.ENSP00000496470,11.8,8
9606.ENSP00000472445,11.8,6
9606.ENSP00000369192,11.7,2
9606.ENSP00000380878,11.7,12
9606.ENSP00000284274,11.7,2
9606.ENSP00000458075,11.7,2
9606.ENSP00000252674,11.7,2
9606.ENSP00000229922,11.7,6
9606.ENSP00000361658,11.7,6
9606.ENSP00000312081,11.6,3
9606.ENSP00000263063,11.6,2
9606.ENSP00000222388,11.6,6
9606.ENSP00000360860,11.5,2
9606.ENSP00000420306,11.5,4
9606.ENSP00000329097,11.5,2
9606.ENSP00000373979,11.5,4
9606.ENSP00000362153,11.5,2
9606.ENSP00000254770,11.5,2
9606.ENSP00000478783,11.5,7
9606.ENSP00000362361,11.5,29
9606.ENSP00000347041,11.4,1
9606.ENSP00000340841,11.4,2
9606.ENSP00000484903,11.4,2
9606.ENSP00000497997,11.3,2
9606.ENSP00000371169,11.3,2
9606.ENSP00000238647,11.3,6
9606.ENSP00000221543,11.3,2
9606.ENSP00000346112,11.2,9
9606.ENSP00000357542,11.1,1
9606.ENSP00000357060,11.1,21
9606.ENSP00000497422,11.1,4
9606.ENSP00000451818,11.1,2
9606.ENSP00000367028,11,4
9606.ENSP00000373343,11,17
9606.ENSP00000323696,11,4
9606.ENSP00000261883,11,4
9606.ENSP00000306625,11,2
9606.ENSP00000295095,11,2
9606.ENSP00000419260,11,6
9606.ENSP00000420161,11,1
9606.ENSP00000414856,11,3
9606.ENSP00000253577,11,3
9606.ENSP00000253048,10.9,6
9606.ENSP00000269980,10.9,4
9606.ENSP00000262865,10.9,1
9606.ENSP00000261622,10.9,7
9606.ENSP00000265827,10.9,2
9606.ENSP00000419395,10.9,2
9606.ENSP00000365162,10.9,10
9606.ENSP00000483619,10.9,2
9606.ENSP00000481184,10.9,2
9606.ENSP00000483637,10.9,2
9606.ENSP00000347244,10.9,4
9606.ENSP00000320291,10.9,4
9606.ENSP00000334801,10.8,2
9606.ENSP00000296137,10.8,6
9606.ENSP00000269228,10.8,3
9606.ENSP00000343054,10.8,2
9606.ENSP00000482826,10.8,3
9606.ENSP00000264313,10.8,2
9606.ENSP00000257904,10.8,29
9606.ENSP00000377577,10.7,6
9606.ENSP00000297268,10.7,4
9606.ENSP00000348554,10.7,2
9606.ENSP00000397249,10.7,4
9606.ENSP00000264930,10.7,3
9606.ENSP00000355388,10.6,2
9606.ENSP00000495112,10.6,2
9606.ENSP00000348838,10.6,8
9606.ENSP00000329380,10.6,2
9606.ENSP00000373301,10.6,2
9606.ENSP00000380747,10.6,1
9606.ENSP00000342812,10.6,21
9606.ENSP00000251363,10.6,8
9606.ENSP00000443204,10.5,4
9606.ENSP00000294066,10.5,2
9606.ENSP00000281156,10.5,2
9606.ENSP00000292246,10.5,2
9606.ENSP00000329748,10.5,17
9606.ENSP00000262461,10.5,2
9606.ENSP00000363492,10.5,2
9606.ENSP00000271688,10.5,1
9606.ENSP00000396301,10.4,2
9606.ENSP00000337746,10.4,1
9606.ENSP00000496044,10.4,2
9606.ENSP00000482264,10.4,1
9606.ENSP00000263636,10.4,10
9606.ENSP00000432786,10.4,4
9606.ENSP00000371858,10.4,2
9606.ENSP00000397942,10.4,2
9606.ENSP00000299045,10.3,4
9606.ENSP00000448220,10.3,34
9606.ENSP00000479844,10.3,2
9606.ENSP00000299192,10.3,2
9606.ENSP00000330289,10.3,1
9606.ENSP00000454303,10.3,2
9606.ENSP00000328358,10.3,34
9606.ENSP00000459615,10.3,4
9606.ENSP00000377428,10.2,6
9606.ENSP00000387334,10.2,4
9606.ENSP00000243563,10.2,2
9606.ENSP00000324463,10.2,4
9606.ENSP00000265734,10.1,29
9606.ENSP00000234420,10.1,4
9606.ENSP00000343896,10.1,7
9606.ENSP00000363079,10.1,1
9606.ENSP00000351113,10.1,12
9606.ENSP00000333633,10.1,8
9606.ENSP00000370889,10.1,2
9606.ENSP00000362036,10.1,2
9606.ENSP00000349436,10,3
9606.ENSP00000334051,10,5
9606.ENSP00000379457,10,2
9606.ENSP00000475384,10,6
9606.ENSP00000330694,9.94,2
9606.ENSP00000222330,9.93,4
9606.ENSP00000443246,9.92,4
9606.ENSP00000348772,9.92,6
9606.ENSP00000244751,9.92,17
9606.ENSP00000351908,9.91,6
9606.ENSP00000323687,9.9,4
9606.ENSP00000375616,9.88,2
9606.ENSP00000254286,9.84,2
9606.ENSP00000347444,9.83,4
9606.ENSP00000413929,9.82,2
9606.ENSP00000369292,9.8,8
9606.ENSP00000265271,9.78,6
9606.ENSP00000476603,9.77,4
9606.ENSP00000362244,9.76,2
9606.ENSP00000265351,9.76,4
9606.ENSP00000355124,9.75,31
9606.ENSP00000437041,9.75,4
9606.ENSP00000359364,9.74,2
9606.ENSP00000491014,9.73,8
9606.ENSP00000358064,9.73,4
9606.ENSP00000262367,9.73,15
9606.ENSP00000469880,9.73,2
9606.ENSP00000483059,9.7,2
9606.ENSP00000259963,9.67,6
9606.ENSP00000321334,9.65,9
9606.ENSP00000268613,9.64,2
9606.ENSP00000365804,9.62,2
9606.ENSP00000464121,9.62,4
9606.ENSP00000241453,9.61,5
9606.ENSP00000321320,9.61,2
9606.ENSP00000369213,9.6,4
9606.ENSP00000246071,9.58,2
9606.ENSP00000442600,9.57,2
9606.ENSP00000394163,9.56,3
9606.ENSP00000334008,9.54,2
9606.ENSP00000409131,9.54,4
9606.ENSP00000339692,9.51,2
9606.ENSP00000435565,9.51,5
9606.ENSP00000383234,9.49,11
9606.ENSP00000355877,9.48,2
9606.ENSP00000327889,9.47,3
9606.ENSP00000442060,9.43,2
9606.ENSP00000310842,9.43,12
9606.ENSP00000248071,9.43,3
9606.ENSP00000370621,9.42,4
9606.ENSP00000349486,9.4,5
9606.ENSP00000287322,9.37,2
9606.ENSP00000320658,9.37,2
9606.ENSP00000446093,9.29,2
9606.ENSP00000378699,9.28,29
9606.ENSP00000368984,9.27,1
9606.ENSP00000482358,9.25,1
9606.ENSP00000321617,9.25,2
9606.ENSP00000306253,9.24,13
9606.ENSP00000323099,9.23,2
9606.ENSP00000299633,9.2,2
9606.ENSP00000359490,9.19,2
9606.ENSP00000261845,9.18,11
9606.ENSP00000325485,9.17,2
9606.ENSP00000399696,9.12,2
9606.ENSP00000433967,9.1,4
9606.ENSP00000438406,9.08,4
9606.ENSP00000379173,9.08,2
9606.ENSP00000473233,9.07,2
9606.ENSP00000300146,9.07,2
9606.ENSP00000450864,9.04,2
9606.ENSP00000362751,9.03,2
9606.ENSP00000451129,8.97,2
9606.ENSP00000417556,8.96,1
9606.ENSP00000414237,8.95,2
9606.ENSP00000419502,8.95,1
9606.ENSP00000246166,8.93,2
9606.ENSP00000159060,8.92,5
9606.ENSP00000319635,8.9,1
9606.ENSP00000369411,8.87,2
9606.ENSP00000484472,8.86,35
9606.ENSP00000449381,8.84,2
9606.ENSP00000409231,8.84,2
9606.ENSP00000456480,8.84,5
9606.ENSP00000344903,8.83,2
9606.ENSP00000255390,8.81,1
9606.ENSP00000454836,8.8,2
9606.ENSP00000362441,8.79,6
9606.ENSP00000295414,8.78,4
9606.ENSP00000262960,8.78,4
9606.ENSP00000384515,8.74,2
9606.ENSP00000249842,8.74,1
9606.ENSP00000299237,8.72,6
9606.ENSP00000275034,8.7,4
9606.ENSP00000427900,8.68,4
9606.ENSP00000465039,8.67,2
9606.ENSP00000377027,8.67,2
9606.ENSP00000348769,8.66,2
9606.ENSP00000486725,8.63,2
9606.ENSP00000361180,8.63,2
9606.ENSP00000499786,8.59,5
9606.ENSP00000281038,8.58,2
9606.ENSP00000274793,8.56,1
9606.ENSP00000263549,8.51,2
9606.ENSP00000275216,8.5,2
9606.ENSP00000372042,8.49,4
9606.ENSP00000302579,8.48,2
9606.ENSP00000351255,8.45,9
9606.ENSP00000353538,8.45,4
9606.ENSP00000384262,8.43,2
9606.ENSP00000256785,8.4,2
9606.ENSP00000196061,8.4,2
9606.ENSP00000354573,8.38,14
9606.ENSP00000400646,8.38,2
9606.ENSP00000254442,8.37,4
9606.ENSP00000441369,8.36,5
9606.ENSP00000257177,8.35,16
9606.ENSP00000232888,8.34,2
9606.ENSP00000440915,8.28,2
9606.ENSP00000276570,8.27,2
9606.ENSP00000251775,8.25,2
9606.ENSP00000328287,8.25,4
9606.ENSP00000297135,8.23,2
9606.ENSP00000453508,8.23,18
9606.ENSP00000294353,8.2,2
9606.ENSP00000394751,8.19,2
9606.ENSP00000364591,8.18,2
9606.ENSP00000280700,8.18,2
9606.ENSP00000292524,8.18,2
9606.ENSP00000377796,8.16,2
9606.ENSP00000364543,8.14,4
9606.ENSP00000357131,8.14,2
9606.ENSP00000266068,8.12,2
9606.ENSP00000354158,8.08,2
9606.ENSP00000374280,8.06,2
9606.ENSP00000378974,8.05,2
9606.ENSP00000373489,8.04,19
9606.ENSP00000383690,8.04,2
9606.ENSP00000312455,8.04,2
9606.ENSP00000396527,8.03,2
9606.ENSP00000379721,8.02,2
9606.ENSP00000350369,8.02,2
9606.ENSP00000375220,7.99,4
9606.ENSP00000357362,7.98,2
9606.ENSP00000325017,7.97,6
9606.ENSP00000406472,7.97,29
9606.ENSP00000337168,7.95,4
9606.ENSP00000283441,7.94,3
9606.ENSP00000394757,7.91,4
9606.ENSP00000377401,7.91,1
9606.ENSP00000396225,7.87,3
9606.ENSP00000324806,7.86,4
9606.ENSP00000355013,7.85,2
9606.ENSP00000492220,7.83,4
9606.ENSP00000297044,7.83,3
9606.ENSP00000378288,7.81,10
9606.ENSP00000483408,7.81,2
9606.ENSP00000386593,7.8,4
9606.ENSP00000379098,7.78,4
9606.ENSP00000384367,7.77,2
9606.ENSP00000052754,7.76,1
9606.ENSP00000369390,7.74,29
9606.ENSP00000339340,7.74,2
9606.ENSP00000325708,7.74,1
9606.ENSP00000274341,7.66,1
9606.ENSP00000297990,7.63,2
9606.ENSP00000452871,7.63,4
9606.ENSP00000368305,7.62,2
9606.ENSP00000352956,7.61,3
9606.ENSP00000386609,7.6,4
9606.ENSP00000310260,7.58,2
9606.ENSP00000204726,7.56,4
9606.ENSP00000303394,7.56,2
9606.ENSP00000369756,7.54,2
9606.ENSP00000257604,7.54,2
9606.ENSP00000238789,7.54,4
9606.ENSP00000370981,7.53,1
9606.ENSP00000473383,7.49,2
9606.ENSP00000366243,7.47,4
9606.ENSP00000307975,7.47,3
9606.ENSP00000437256,7.46,6
9606.ENSP00000409107,7.45,4
9606.ENSP00000244571,7.44,2
9606.ENSP00000382342,7.41,4
9606.ENSP00000493357,7.39,3
9606.ENSP00000355465,7.38,4
9606.ENSP00000254101,7.35,5
9606.ENSP00000262866,7.33,2
9606.ENSP00000261308,7.33,2
9606.ENSP00000266594,7.32,2
9606.ENSP00000341247,7.32,4
9606.ENSP00000302790,7.32,3
9606.ENSP00000328169,7.3,9
9606.ENSP00000371859,7.3,4
9606.ENSP00000379891,7.29,2
9606.ENSP00000478417,7.27,2
9606.ENSP00000308695,7.27,2
9606.ENSP00000163416,7.25,2
9606.ENSP00000362082,7.24,3
9606.ENSP00000389095,7.22,3
9606.ENSP00000378503,7.21,1
9606.ENSP00000413098,7.21,2
9606.ENSP00000384211,7.19,4
9606.ENSP00000261211,7.19,29
9606.ENSP00000260385,7.18,2
9606.ENSP00000338173,7.18,2
9606.ENSP00000328720,7.17,2
9606.ENSP00000196489,7.17,4
9606.ENSP00000233146,7.17,2
9606.ENSP00000365770,7.16,2
9606.ENSP00000339637,7.15,4
9606.ENSP00000489687,7.14,2
9606.ENSP00000401720,7.14,2
9606.ENSP00000301190,7.13,3
9606.ENSP00000265131,7.13,5
9606.ENSP00000342538,7.13,2
9606.ENSP00000355607,7.13,2
9606.ENSP00000284690,7.12,2
9606.ENSP00000381654,7.12,2
9606.ENSP00000269385,7.11,4
9606.ENSP00000348708,7.11,4
9606.ENSP00000423665,7.1,29
9606.ENSP00000322159,7.1,2
9606.ENSP00000328848,7.1,2
9606.ENSP00000261789,7.09,2
9606.ENSP00000334798,7.07,9
9606.ENSP00000484525,7.07,2
9606.ENSP00000225927,7.07,2
9606.ENSP00000312143,7.06,2
9606.ENSP00000413479,7.05,33
9606.ENSP00000371061,7.01,1
9606.ENSP00000185150,7.01,2
9606.ENSP00000345243,7,1
9606.ENSP00000477841,6.99,4
9606.ENSP00000383333,6.99,2
9606.ENSP00000317327,6.97,2
9606.ENSP00000447121,6.97,2
9606.ENSP00000497550,6.96,1
9606.ENSP00000304669,6.96,2
9606.ENSP00000319673,6.96,2
9606.ENSP00000358233,6.96,2
9606.ENSP00000307513,6.95,3
9606.ENSP00000475724,6.93,4
9606.ENSP00000260762,6.9,2
9606.ENSP00000470087,6.89,2
9606.ENSP00000407726,6.86,2
9606.ENSP00000277540,6.85,3
9606.ENSP00000498737,6.84,4
9606.ENSP00000300456,6.82,2
9606.ENSP00000217961,6.81,2
9606.ENSP00000353512,6.8,2
9606.ENSP00000489123,6.76,2
9606.ENSP00000300086,6.76,2
9606.ENSP00000318374,6.76,2
9606.ENSP00000263707,6.73,2
9606.ENSP00000389600,6.72,2
9606.ENSP00000411012,6.7,2
9606.ENSP00000343629,6.69,4
9606.ENSP00000395738,6.69,2
9606.ENSP00000264554,6.67,2
9606.ENSP00000372924,6.65,2
9606.ENSP00000263433,6.64,2
9606.ENSP00000358695,6.64,2
9606.ENSP00000318086,6.62,2
9606.ENSP00000263519,6.6,6
9606.ENSP00000408979,6.58,10
9606.ENSP00000403104,6.58,1
9606.ENSP00000292879,6.56,2
9606.ENSP00000009105,6.56,6
9606.ENSP00000402537,6.56,2
9606.ENSP00000359606,6.54,2
9606.ENSP00000323511,6.54,2
9606.ENSP00000382805,6.53,2
9606.ENSP00000343103,6.52,2
9606.ENSP00000285928,6.51,4
9606.ENSP00000341243,6.51,2
9606.ENSP00000356047,6.5,2
9606.ENSP00000261778,6.48,2
9606.ENSP00000297440,6.47,2
9606.ENSP00000332576,6.47,2
9606.ENSP00000294409,6.46,2
9606.ENSP00000478878,6.46,15
9606.ENSP00000338512,6.42,4
9606.ENSP00000395574,6.41,2
9606.ENSP00000251643,6.39,14
9606.ENSP00000391723,6.38,2
9606.ENSP00000286523,6.38,3
9606.ENSP00000385936,6.37,9
9606.ENSP00000340373,6.34,2
9606.ENSP00000347498,6.33,4
9606.ENSP00000256497,6.33,7
9606.ENSP00000294724,6.31,4
9606.ENSP00000385312,6.3,1
9606.ENSP00000440440,6.29,2
9606.ENSP00000355944,6.29,8
9606.ENSP00000355500,6.24,4
9606.ENSP00000366007,6.2,2
9606.ENSP00000425133,6.2,2
9606.ENSP00000419060,6.2,4
9606.ENSP00000261716,6.2,4
9606.ENSP00000397435,6.19,2
9606.ENSP00000499655,6.19,4
9606.ENSP00000336752,6.18,2
9606.ENSP00000379392,6.17,2
9606.ENSP00000361219,6.17,2
9606.ENSP00000419446,6.16,2
9606.ENSP00000430031,6.14,3
9606.ENSP00000257017,6.14,2
9606.ENSP00000484736,6.12,1
9606.ENSP00000355751,6.1,4
9606.ENSP00000294309,6.1,2
9606.ENSP00000364398,6.09,2
9606.ENSP00000362115,6.07,2
9606.ENSP00000263253,6.06,13
9606.ENSP00000469242,6.06,14
9606.ENSP00000264651,6.06,19
9606.ENSP00000343658,6.04,2
9606.ENSP00000263686,6.03,5
9606.ENSP00000331044,6.02,3
9606.ENSP00000352516,6.01,4
9606.ENSP00000360120,5.98,2
9606.ENSP00000362634,5.96,4
9606.ENSP00000349629,5.96,5
9606.ENSP00000337445,5.96,2
9606.ENSP00000231751,5.96,2
9606.ENSP00000328992,5.95,4
9606.ENSP00000401303,5.93,2
9606.ENSP00000313158,5.92,13
9606.ENSP00000440077,5.9,15
9606.ENSP00000490038,5.87,2
9606.ENSP00000387006,5.87,2
9606.ENSP00000233099,5.86,6
9606.ENSP00000346603,5.84,3
9606.ENSP00000437738,5.83,2
9606.ENSP00000408697,5.83,8
9606.ENSP00000355747,5.82,2
9606.ENSP00000411099,5.82,8
9606.ENSP00000386414,5.82,2
9606.ENSP00000229266,5.81,2
9606.ENSP00000419088,5.81,1
9606.ENSP00000211287,5.79,1
9606.ENSP00000268933,5.79,2
9606.ENSP00000393596,5.78,6
9606.ENSP00000365756,5.78,1
9606.ENSP00000328923,5.78,2
9606.ENSP00000265627,5.77,1
9606.ENSP00000308369,5.75,2
9606.ENSP00000357791,5.75,3
9606.ENSP00000356436,5.75,2
9606.ENSP00000354932,5.75,2
9606.ENSP00000262752,5.74,7
9606.ENSP00000430493,5.7,4
9606.ENSP00000407509,5.7,2
9606.ENSP00000357927,5.68,4
9606.ENSP00000312770,5.67,1
9606.ENSP00000371897,5.67,2
9606.ENSP00000389383,5.66,2
9606.ENSP00000265081,5.66,2
9606.ENSP00000268720,5.65,15
9606.ENSP00000438024,5.65,1
9606.ENSP00000487164,5.65,2
9606.ENSP00000455643,5.65,2
9606.ENSP00000469863,5.61,2
9606.ENSP00000417078,5.6,2
9606.ENSP00000445408,5.59,2
9606.ENSP00000356381,5.59,6
9606.ENSP00000472109,5.59,6
9606.ENSP00000377724,5.58,1
9606.ENSP00000326869,5.58,1
9606.ENSP00000378167,5.57,1
9606.ENSP00000258874,5.57,2
9606.ENSP00000280057,5.56,3
9606.ENSP00000370803,5.55,2
9606.ENSP00000482647,5.55,4
9606.ENSP00000202677,5.55,5
9606.ENSP00000295851,5.54,2
9606.ENSP00000384421,5.53,2
9606.ENSP00000265562,5.52,3
9606.ENSP00000362550,5.52,2
9606.ENSP00000331258,5.5,2
9606.ENSP00000331736,5.5,4
9606.ENSP00000346643,5.48,8
9606.ENSP00000401888,5.45,4
9606.ENSP00000336724,5.44,2
9606.ENSP00000311648,5.43,2
9606.ENSP00000364361,5.42,2
9606.ENSP00000256079,5.39,4
9606.ENSP00000317128,5.38,7
9606.ENSP00000413520,5.38,2
9606.ENSP00000363590,5.35,1
9606.ENSP00000431010,5.32,3
9606.ENSP00000349823,5.3,2
9606.ENSP00000306261,5.29,27
9606.ENSP00000361264,5.29,2
9606.ENSP00000393379,5.29,8
9606.ENSP00000321711,5.28,2
9606.ENSP00000444596,5.25,8
9606.ENSP00000393963,5.24,2
9606.ENSP00000338171,5.21,8
9606.ENSP00000333300,5.21,3
9606.ENSP00000427130,5.2,2
9606.ENSP00000416338,5.2,2
9606.ENSP00000497290,5.2,1
9606.ENSP00000481859,5.15,3
9606.ENSP00000476820,5.13,7
9606.ENSP00000265990,5.11,4
9606.ENSP00000322788,5.1,4
9606.ENSP00000428714,5.08,3
9606.ENSP00000428787,5.08,2
9606.ENSP00000263431,5.07,2
9606.ENSP00000355925,5.07,8
9606.ENSP00000369887,5.06,2
9606.ENSP00000386810,5.06,20
9606.ENSP00000299601,5.04,2
9606.ENSP00000386588,5.03,20
9606.ENSP00000311492,5.03,2
9606.ENSP00000351137,5.02,2
9606.ENSP00000297504,5.02,3
9606.ENSP00000299314,5.02,2
9606.ENSP00000423309,5,2
9606.ENSP00000361653,4.95,3
9606.ENSP00000440125,4.95,3
9606.ENSP00000261721,4.94,4
9606.ENSP00000384015,4.94,1
9606.ENSP00000431885,4.91,2
9606.ENSP00000259365,4.9,2
9606.ENSP00000487174,4.9,2
9606.ENSP00000385823,4.89,6
9606.ENSP00000291576,4.86,2
9606.ENSP00000482107,4.86,2
9606.ENSP00000374212,4.85,4
9606.ENSP00000321195,4.84,4
9606.ENSP00000233154,4.82,2
9606.ENSP00000316842,4.81,2
9606.ENSP00000259711,4.81,2
9606.ENSP00000383145,4.81,2
9606.ENSP00000218548,4.78,12
9606.ENSP00000219476,4.78,4
9606.ENSP00000346453,4.76,2
9606.ENSP00000251507,4.75,2
9606.ENSP00000374443,4.7,6
9606.ENSP00000334216,4.7,2
9606.ENSP00000358200,4.69,2
9606.ENSP00000255087,4.67,7
9606.ENSP00000339208,4.66,4
9606.ENSP00000285873,4.63,2
9606.ENSP00000248923,4.62,3
9606.ENSP00000383232,4.62,3
9606.ENSP00000355900,4.62,2
9606.ENSP00000262741,4.6,4
9606.ENSP00000358716,4.6,2
9606.ENSP00000449428,4.58,3
9606.ENSP00000365908,4.56,2
9606.ENSP00000338093,4.55,4
9606.ENSP00000354543,4.54,2
9606.ENSP00000249750,4.54,10
9606.ENSP00000372067,4.53,2
9606.ENSP00000355060,4.53,2
9606.ENSP00000439913,4.53,4
9606.ENSP00000459799,4.49,6
9606.ENSP00000250111,4.49,2
9606.ENSP00000359216,4.48,3
9606.ENSP00000480914,4.48,2
9606.ENSP00000262462,4.47,2
9606.ENSP00000355605,4.45,2
9606.ENSP00000418823,4.44,2
9606.ENSP00000440826,4.44,5
9606.ENSP00000359729,4.44,1
9606.ENSP00000478892,4.44,2
9606.ENSP00000358262,4.43,2
9606.ENSP00000225550,4.41,16
9606.ENSP00000405514,4.39,4
9606.ENSP00000332592,4.39,4
9606.ENSP00000450444,4.37,2
9606.ENSP00000382269,4.37,4
9606.ENSP00000451828,4.37,3
9606.ENSP00000378414,4.34,5
9606.ENSP00000288078,4.33,2
9606.ENSP00000360268,4.32,2
9606.ENSP00000376776,4.32,1
9606.ENSP00000283006,4.31,3
9606.ENSP00000379773,4.29,2
9606.ENSP00000325421,4.29,1
9606.ENSP00000411821,4.28,8
9606.ENSP00000263991,4.24,5
9606.ENSP00000209873,4.23,1
9606.ENSP00000385721,4.22,3
9606.ENSP00000362306,4.16,2
9606.ENSP00000497829,4.13,1
9606.ENSP00000352785,4.13,1
9606.ENSP00000325285,4.13,4
9606.ENSP00000379804,4.13,3
9606.ENSP00000263956,4.11,2
9606.ENSP00000365201,4.07,2
9606.ENSP00000353582,4.05,2
9606.ENSP00000348215,4.05,2
9606.ENSP00000375892,4.04,3
9606.ENSP00000441858,4.04,6
9606.ENSP00000361097,4.03,1
9606.ENSP00000332256,4.03,10
9606.ENSP00000262043,4.03,2
9606.ENSP00000249344,4.01,3
9606.ENSP00000261892,3.98,2
9606.ENSP00000363827,3.95,5
9606.ENSP00000262519,3.94,2
9606.ENSP00000370968,3.94,2
9606.ENSP00000303507,3.93,4
9606.ENSP00000246646,3.92,16
9606.ENSP00000371067,3.91,2
9606.ENSP00000347845,3.91,2
9606.ENSP00000349781,3.9,2
9606.ENSP00000356746,3.88,4
9606.ENSP00000355837,3.87,6
9606.ENSP00000362590,3.85,2
9606.ENSP00000358896,3.82,8
9606.ENSP00000398880,3.81,29
9606.ENSP00000435582,3.81,3
9606.ENSP00000304290,3.79,2
9606.ENSP00000387239,3.77,3
9606.ENSP00000357177,3.76,2
9606.ENSP00000279907,3.75,2
9606.ENSP00000257894,3.75,2
9606.ENSP00000387365,3.75,2
9606.ENSP00000282226,3.74,3
9606.ENSP00000366070,3.74,2
9606.ENSP00000298694,3.74,2
9606.ENSP00000356925,3.72,2
9606.ENSP00000283206,3.7,1
9606.ENSP00000263054,3.7,4
9606.ENSP00000359512,3.69,2
9606.ENSP00000366288,3.68,3
9606.ENSP00000374274,3.68,2
9606.ENSP00000296280,3.68,1
9606.ENSP00000371475,3.67,2
9606.ENSP00000262450,3.67,4
9606.ENSP00000348510,3.66,2
9606.ENSP00000348453,3.66,1
9606.ENSP00000463254,3.64,4
9606.ENSP00000254928,3.63,5
9606.ENSP00000280734,3.63,2
9606.ENSP00000302805,3.62,4
9606.ENSP00000324763,3.62,2
9606.ENSP00000491227,3.6,1
9606.ENSP00000400376,3.59,1
9606.ENSP00000324527,3.57,4
9606.ENSP00000401277,3.57,2
9606.ENSP00000369349,3.57,21
9606.ENSP00000368716,3.56,4
9606.ENSP00000384899,3.56,2
9606.ENSP00000499846,3.55,2
9606.ENSP00000388731,3.53,2
9606.ENSP00000368017,3.52,11
9606.ENSP00000251636,3.5,2
9606.ENSP00000237172,3.5,1
9606.ENSP00000397911,3.49,2
9606.ENSP00000342188,3.49,2
9606.ENSP00000423325,3.49,2
9606.ENSP00000400099,3.45,2
9606.ENSP00000353414,3.44,4
9606.ENSP00000396068,3.42,2
9606.ENSP00000354090,3.4,2
9606.ENSP00000263966,3.38,2
9606.ENSP00000308012,3.37,2
9606.ENSP00000436975,3.36,2
9606.ENSP00000261839,3.35,4
9606.ENSP00000444533,3.34,21
9606.ENSP00000399403,3.34,2
9606.ENSP00000419692,3.34,2
9606.ENSP00000436604,3.33,2
9606.ENSP00000257901,3.33,21
9606.ENSP00000501150,3.33,4
9606.ENSP00000483667,3.32,2
9606.ENSP00000348821,3.32,4
9606.ENSP00000424566,3.32,1
9606.ENSP00000270517,3.31,2
9606.ENSP00000429367,3.31,2
9606.ENSP00000268070,3.28,4
9606.ENSP00000325941,3.27,1
9606.ENSP00000377344,3.25,2
9606.ENSP00000417196,3.25,2
9606.ENSP00000417955,3.24,2
9606.ENSP00000181839,3.24,29
9606.ENSP00000356584,3.24,1
9606.ENSP00000389998,3.23,4
9606.ENSP00000402515,3.22,15
9606.ENSP00000374484,3.22,1
9606.ENSP00000483523,3.21,3
9606.ENSP00000441953,3.21,2
9606.ENSP00000329165,3.2,16
9606.ENSP00000251645,3.18,16
9606.ENSP00000389381,3.17,1
9606.ENSP00000246801,3.16,7
9606.ENSP00000221459,3.15,1
9606.ENSP00000360882,3.15,1
9606.ENSP00000363817,3.15,2
9606.ENSP00000261866,3.14,3
9606.ENSP00000225899,3.13,16
9606.ENSP00000281092,3.13,2
9606.ENSP00000409667,3.13,2
9606.ENSP00000356437,3.13,2
9606.ENSP00000293670,3.12,21
9606.ENSP00000328236,3.11,2
9606.ENSP00000477713,3.11,3
9606.ENSP00000448419,3.11,3
9606.ENSP00000327213,3.11,5
9606.ENSP00000352900,3.1,2
9606.ENSP00000386433,3.09,2
9606.ENSP00000493323,3.09,1
9606.ENSP00000274008,3.09,2
9606.ENSP00000447852,3.08,2
9606.ENSP00000250113,3.07,2
9606.ENSP00000335655,3.06,4
9606.ENSP00000405963,3.05,2
9606.ENSP00000304713,3.03,1
9606.ENSP00000321706,3.02,2
9606.ENSP00000305918,3.02,2
9606.ENSP00000359691,3.01,2
9606.ENSP00000446278,3,1
9606.ENSP00000307411,3,2
9606.ENSP00000477627,2.99,2
9606.ENSP00000427793,2.97,3
9606.ENSP00000354612,2.95,1
9606.ENSP00000251646,2.95,16
9606.ENSP00000475216,2.94,1
9606.ENSP00000251119,2.94,2
9606.ENSP00000473238,2.94,2
9606.ENSP00000470259,2.94,2
9606.ENSP00000262891,2.94,2
9606.ENSP00000344544,2.93,3
9606.ENSP00000352069,2.93,3
9606.ENSP00000264951,2.92,2
9606.ENSP00000411397,2.92,2
9606.ENSP00000441140,2.92,1
9606.ENSP00000385834,2.91,1
9606.ENSP00000385722,2.91,2
9606.ENSP00000453170,2.9,15
9606.ENSP00000381214,2.89,15
9606.ENSP00000355180,2.88,1
9606.ENSP00000261592,2.88,3
9606.ENSP00000248633,2.88,2
9606.ENSP00000365938,2.86,4
9606.ENSP00000362014,2.86,3
9606.ENSP00000016946,2.86,15
9606.ENSP00000330842,2.86,15
9606.ENSP00000223398,2.85,2
9606.ENSP00000377558,2.85,16
9606.ENSP00000251157,2.84,4
9606.ENSP00000483300,2.84,2
9606.ENSP00000478253,2.84,2
9606.ENSP00000306637,2.83,15
9606.ENSP00000418112,2.83,1
9606.ENSP00000040738,2.83,2
9606.ENSP00000164133,2.82,2
9606.ENSP00000262418,2.79,1
9606.ENSP00000444747,2.78,4
9606.ENSP00000263710,2.78,2
9606.ENSP00000345151,2.77,2
9606.ENSP00000392936,2.77,2
9606.ENSP00000341947,2.76,7
9606.ENSP00000368022,2.74,1
9606.ENSP00000363089,2.73,1
9606.ENSP00000361177,2.72,5
9606.ENSP00000264436,2.69,2
9606.ENSP00000328269,2.69,2
9606.ENSP00000405620,2.69,2
9606.ENSP00000345988,2.68,2
9606.ENSP00000376227,2.68,2
9606.ENSP00000359424,2.66,2
9606.ENSP00000260723,2.66,2
9606.ENSP00000454380,2.63,2
9606.ENSP00000370242,2.63,7
9606.ENSP00000306888,2.63,3
9606.ENSP00000347742,2.6,2
9606.ENSP00000483424,2.58,2
9606.ENSP00000278886,2.58,2
9606.ENSP00000409542,2.58,1
9606.ENSP00000348842,2.55,3
9606.ENSP00000362768,2.54,1
9606.ENSP00000442460,2.54,2
9606.ENSP00000218006,2.53,1
9606.ENSP00000257287,2.53,7
9606.ENSP00000316779,2.53,2
9606.ENSP00000378177,2.51,1
9606.ENSP00000354566,2.5,1
9606.ENSP00000348602,2.49,2
9606.ENSP00000498700,2.49,2
9606.ENSP00000460475,2.48,2
9606.ENSP00000349305,2.48,2
9606.ENSP00000457715,2.48,4
9606.ENSP00000379011,2.47,2
9606.ENSP00000441954,2.47,2
9606.ENSP00000379057,2.46,3
9606.ENSP00000260526,2.45,4
9606.ENSP00000379377,2.45,2
9606.ENSP00000288670,2.44,2
9606.ENSP00000485527,2.44,2
9606.ENSP00000500582,2.44,2
9606.ENSP00000349490,2.42,4
9606.ENSP00000358159,2.41,2
9606.ENSP00000261180,2.4,1
9606.ENSP00000381231,2.39,2
9606.ENSP00000332247,2.39,2
9606.ENSP00000345436,2.38,6
9606.ENSP00000264198,2.38,4
9606.ENSP00000310978,2.38,2
9606.ENSP00000305769,2.36,2
9606.ENSP00000335017,2.36,1
9606.ENSP00000369154,2.35,2
9606.ENSP00000343290,2.34,1
9606.ENSP00000332756,2.33,3
9606.ENSP00000403042,2.32,4
9606.ENSP00000498260,2.31,2
9606.ENSP00000317686,2.31,1
9606.ENSP00000416523,2.31,2
9606.ENSP00000467931,2.29,2
9606.ENSP00000262238,2.29,1
9606.ENSP00000481056,2.28,2
9606.ENSP00000411197,2.28,3
9606.ENSP00000341083,2.28,3
9606.ENSP00000372499,2.27,2
9606.ENSP00000339299,2.26,2
9606.ENSP00000246914,2.26,2
9606.ENSP00000377250,2.25,2
9606.ENSP00000287042,2.25,1
9606.ENSP00000263674,2.24,2
9606.ENSP00000284142,2.23,2
9606.ENSP00000406577,2.23,4
9606.ENSP00000300283,2.23,4
9606.ENSP00000225719,2.21,1
9606.ENSP00000317272,2.18,2
9606.ENSP00000281419,2.18,2
9606.ENSP00000381003,2.18,4
9606.ENSP00000253778,2.18,2
9606.ENSP00000498662,2.18,2
9606.ENSP00000315465,2.18,2
9606.ENSP00000005226,2.16,3
9606.ENSP00000447006,2.16,1
9606.ENSP00000297477,2.16,1
9606.ENSP00000446830,2.15,1
9606.ENSP00000292180,2.14,2
9606.ENSP00000440207,2.13,2
9606.ENSP00000369889,2.12,3
9606.ENSP00000495247,2.11,2
9606.ENSP00000378230,2.1,5
9606.ENSP00000385545,2.1,6
9606.ENSP00000312126,2.09,2
9606.ENSP00000354558,2.09,2
9606.ENSP00000255006,2.09,1
9606.ENSP00000365130,2.09,3
9606.ENSP00000310094,2.09,3
9606.ENSP00000309189,2.07,4
9606.ENSP00000362332,2.06,1
9606.ENSP00000348573,2.06,2
9606.ENSP00000367644,2.05,2
9606.ENSP00000264972,2.05,4
9606.ENSP00000311505,2.04,3
9606.ENSP00000416418,2.04,1
9606.ENSP00000238788,2.02,2
9606.ENSP00000326879,2.02,1
9606.ENSP00000326253,2.01,2
9606.ENSP00000261937,2,1
9606.ENSP00000405012,2,2
9606.ENSP00000302913,2,2
9606.ENSP00000264926,1.99,2
9606.ENSP00000281513,1.98,2
9606.ENSP00000412461,1.98,5
9606.ENSP00000340467,1.96,3
9606.ENSP00000377275,1.94,2
9606.ENSP00000497784,1.94,3
9606.ENSP00000423067,1.93,5
9606.ENSP00000222254,1.93,2
9606.ENSP00000268712,1.93,2
9606.ENSP00000367406,1.91,7
9606.ENSP00000259008,1.9,2
9606.ENSP00000404203,1.89,4
9606.ENSP00000384048,1.89,2
9606.ENSP00000368253,1.89,4
9606.ENSP00000357199,1.88,3
9606.ENSP00000477973,1.88,2
9606.ENSP00000306678,1.88,4
9606.ENSP00000480301,1.88,1
9606.ENSP00000300659,1.86,1
9606.ENSP00000327009,1.85,3
9606.ENSP00000427018,1.85,2
9606.ENSP00000262188,1.84,3
9606.ENSP00000340954,1.84,2
9606.ENSP00000232461,1.84,3
9606.ENSP00000294618,1.83,4
9606.ENSP00000356771,1.82,2
9606.ENSP00000314029,1.82,1
9606.ENSP00000002125,1.81,2
9606.ENSP00000161863,1.81,4
9606.ENSP00000339881,1.81,6
9606.ENSP00000304586,1.81,3
9606.ENSP00000376035,1.81,1
9606.ENSP00000273390,1.79,1
9606.ENSP00000497876,1.79,1
9606.ENSP00000354451,1.79,4
9606.ENSP00000367991,1.77,2
9606.ENSP00000369328,1.77,2
9606.ENSP00000440984,1.76,2
9606.ENSP00000367300,1.76,2
9606.ENSP00000356224,1.72,10
9606.ENSP00000495607,1.72,2
9606.ENSP00000381339,1.71,3
9606.ENSP00000251337,1.71,3
9606.ENSP00000387307,1.71,1
9606.ENSP00000347451,1.7,2
9606.ENSP00000393183,1.69,6
9606.ENSP00000420612,1.68,2
9606.ENSP00000364000,1.68,1
9606.ENSP00000285039,1.68,2
9606.ENSP00000364694,1.66,2
9606.ENSP00000264144,1.66,1
9606.ENSP00000358894,1.64,2
9606.ENSP00000262715,1.63,3
9606.ENSP00000499037,1.62,2
9606.ENSP00000267622,1.61,1
9606.ENSP00000483312,1.59,4
9606.ENSP00000354085,1.57,2
9606.ENSP00000320006,1.56,1
9606.ENSP00000287474,1.55,2
9606.ENSP00000364883,1.54,3
9606.ENSP00000264346,1.54,2
9606.ENSP00000304689,1.53,2
9606.ENSP00000317027,1.53,1
9606.ENSP00000326247,1.52,2
9606.ENSP00000411831,1.51,2
9606.ENSP00000390158,1.51,11
9606.ENSP00000262879,1.5,3
9606.ENSP00000474204,1.5,2
9606.ENSP00000474388,1.5,2
9606.ENSP00000363654,1.5,4
9606.ENSP00000376849,1.49,1
9606.ENSP00000432016,1.49,2
9606.ENSP00000278071,1.49,1
9606.ENSP00000414597,1.49,2
9606.ENSP00000217289,1.49,2
9606.ENSP00000353717,1.47,4
9606.ENSP00000424838,1.47,3
9606.ENSP00000410746,1.46,2
9606.ENSP00000274487,1.45,2
9606.ENSP00000419539,1.45,2
9606.ENSP00000351155,1.45,2
9606.ENSP00000317144,1.45,3
9606.ENSP00000442047,1.44,2
9606.ENSP00000339916,1.44,2
9606.ENSP00000457870,1.43,4
9606.ENSP00000417289,1.42,2
9606.ENSP00000342858,1.42,2
9606.ENSP00000411096,1.41,9
9606.ENSP00000354826,1.4,2
9606.ENSP00000364277,1.4,4
9606.ENSP00000430269,1.4,1
9606.ENSP00000355637,1.39,2
9606.ENSP00000353114,1.38,4
9606.ENSP00000466542,1.37,2
9606.ENSP00000263650,1.37,2
9606.ENSP00000485238,1.35,7
9606.ENSP00000284878,1.35,1
9606.ENSP00000239374,1.34,3
9606.ENSP00000414178,1.34,3
9606.ENSP00000360046,1.34,1
9606.ENSP00000362139,1.33,4
9606.ENSP00000402608,1.33,2
9606.ENSP00000296564,1.32,3
9606.ENSP00000366863,1.32,1
9606.ENSP00000262903,1.32,3
9606.ENSP00000330148,1.32,3
9606.ENSP00000395587,1.32,2
9606.ENSP00000219406,1.31,1
9606.ENSP00000312399,1.31,2
9606.ENSP00000215057,1.31,2
9606.ENSP00000365720,1.3,2
9606.ENSP00000411242,1.3,2
9606.ENSP00000410689,1.3,1
9606.ENSP00000365682,1.3,2
9606.ENSP00000344155,1.3,7
9606.ENSP00000420237,1.29,1
9606.ENSP00000349116,1.28,2
9606.ENSP00000364035,1.28,1
9606.ENSP00000243786,1.27,2
9606.ENSP00000393667,1.27,1
9606.ENSP00000297063,1.27,2
9606.ENSP00000258381,1.26,2
9606.ENSP00000253693,1.24,2
9606.ENSP00000386543,1.22,2
9606.ENSP00000373600,1.22,1
9606.ENSP00000307014,1.21,6
9606.ENSP00000369409,1.2,1
9606.ENSP00000355927,1.2,2
9606.ENSP00000421191,1.19,2
9606.ENSP00000378881,1.19,2
9606.ENSP00000466967,1.18,2
9606.ENSP00000481203,1.18,1
9606.ENSP00000307240,1.18,6
9606.ENSP00000369399,1.17,2
9606.ENSP00000264245,1.17,2
9606.ENSP00000362727,1.17,2
9606.ENSP00000401535,1.17,1
9606.ENSP00000359245,1.16,1
9606.ENSP00000298139,1.16,5
9606.ENSP00000465759,1.16,2
9606.ENSP00000262415,1.15,2
9606.ENSP00000496564,1.15,4
9606.ENSP00000303490,1.14,4
9606.ENSP00000256996,1.13,4
9606.ENSP00000376678,1.13,2
9606.ENSP00000263798,1.12,2
9606.ENSP00000450969,1.12,1
9606.ENSP00000462099,1.12,1
9606.ENSP00000483469,1.12,1
9606.ENSP00000370057,1.11,1
9606.ENSP00000234701,1.11,1
9606.ENSP00000267102,1.1,1
9606.ENSP00000401513,1.08,2
9606.ENSP00000316578,1.08,1
9606.ENSP00000421917,1.08,4
9606.ENSP00000311684,1.08,4
9606.ENSP00000371472,1.07,2
9606.ENSP00000228682,1.06,2
9606.ENSP00000365643,1.05,2
9606.ENSP00000384169,1.05,3
9606.ENSP00000370021,1.04,2
9606.ENSP00000306760,1.04,2
9606.ENSP00000373700,1.03,4
9606.ENSP00000357565,1.03,2
9606.ENSP00000481780,1.02,1
9606.ENSP00000227756,1.01,1
9606.ENSP00000355827,1.01,2
9606.ENSP00000075503,1,2
9606.ENSP00000348162,1,2
9606.ENSP00000337353,0.998,2
9606.ENSP00000432568,0.993,3
9606.ENSP00000379612,0.99,1
9606.ENSP00000480376,0.99,2
9606.ENSP00000478478,0.985,2
9606.ENSP00000468348,0.969,1
9606.ENSP00000405405,0.966,3
9606.ENSP00000374507,0.965,4
9606.ENSP00000496848,0.965,1
9606.ENSP00000408292,0.964,1
9606.ENSP00000428746,0.951,4
9606.ENSP00000363193,0.945,2
9606.ENSP00000442736,0.942,2
9606.ENSP00000369716,0.937,2
9606.ENSP00000428280,0.936,6
9606.ENSP00000234389,0.935,2
9606.ENSP00000427562,0.929,2
9606.ENSP00000466834,0.926,2
9606.ENSP00000167588,0.917,1
9606.ENSP00000314724,0.912,2
9606.ENSP00000295888,0.904,4
9606.ENSP00000481495,0.888,1
9606.ENSP00000498999,0.888,4
9606.ENSP00000272371,0.886,6
9606.ENSP00000351310,0.886,1
9606.ENSP00000421280,0.886,2
9606.ENSP00000353646,0.872,2
9606.ENSP00000387641,0.872,6
9606.ENSP00000483673,0.869,2
9606.ENSP00000267119,0.866,5
9606.ENSP00000252744,0.841,1
9606.ENSP00000310561,0.839,2
9606.ENSP00000360642,0.835,1
9606.ENSP00000382770,0.834,2
9606.ENSP00000356233,0.829,4
9606.ENSP00000386759,0.829,2
9606.ENSP00000362238,0.827,2
9606.ENSP00000334319,0.826,2
9606.ENSP00000368994,0.821,2
9606.ENSP00000492874,0.8,2
9606.ENSP00000491385,0.8,2
9606.ENSP00000491873,0.8,2
9606.ENSP00000491174,0.8,2
9606.ENSP00000491494,0.8,2
9606.ENSP00000492463,0.8,2
9606.ENSP00000491332,0.8,2
9606.ENSP00000492787,0.8,2
9606.ENSP00000491351,0.8,2
9606.ENSP00000381007,0.799,2
9606.ENSP00000439800,0.796,2
9606.ENSP00000497271,0.796,1
9606.ENSP00000491472,0.796,2
9606.ENSP00000500339,0.794,2
9606.ENSP00000370744,0.786,3
9606.ENSP00000387498,0.784,1
9606.ENSP00000361423,0.782,2
9606.ENSP00000255304,0.779,1
9606.ENSP00000498875,0.777,2
9606.ENSP00000246112,0.774,4
9606.ENSP00000261349,0.761,2
9606.ENSP00000497174,0.756,2
9606.ENSP00000462980,0.749,2
9606.ENSP00000492752,0.749,2
9606.ENSP00000348757,0.749,1
9606.ENSP00000472959,0.747,1
9606.ENSP00000353767,0.746,1
9606.ENSP00000384040,0.745,3
9606.ENSP00000263857,0.743,2
9606.ENSP00000466399,0.735,2
9606.ENSP00000492047,0.733,2
9606.ENSP00000293745,0.729,5
9606.ENSP00000454407,0.727,2
9606.ENSP00000294304,0.726,2
9606.ENSP00000359370,0.711,1
9606.ENSP00000377747,0.709,3
9606.ENSP00000439479,0.703,2
9606.ENSP00000498994,0.702,3
9606.ENSP00000350358,0.702,1
9606.ENSP00000324020,0.7,2
9606.ENSP00000440402,0.698,2
9606.ENSP00000410042,0.688,1
9606.ENSP00000491846,0.685,2
9606.ENSP00000278426,0.683,1
9606.ENSP00000160373,0.682,6
9606.ENSP00000263563,0.675,2
9606.ENSP00000454919,0.663,1
9606.ENSP00000385995,0.663,2
9606.ENSP00000348349,0.662,1
9606.ENSP00000358460,0.657,1
9606.ENSP00000262442,0.654,2
9606.ENSP00000336775,0.637,4
9606.ENSP00000346335,0.613,1
9606.ENSP00000248846,0.613,2
9606.ENSP00000262811,0.613,2
9606.ENSP00000307208,0.603,2
9606.ENSP00000422834,0.6,1
9606.ENSP00000378710,0.599,2
9606.ENSP00000293255,0.591,1
9606.ENSP00000386096,0.569,2
9606.ENSP00000325146,0.568,1
9606.ENSP00000368612,0.565,6
9606.ENSP00000320648,0.564,1
9606.ENSP00000296486,0.556,1
9606.ENSP00000265148,0.549,2
9606.ENSP00000493946,0.539,2
9606.ENSP00000264162,0.538,3
9606.ENSP00000406293,0.538,2
9606.ENSP00000479134,0.537,1
9606.ENSP00000334958,0.535,2
9606.ENSP00000378611,0.524,2
9606.ENSP00000390535,0.519,1
9606.ENSP00000199447,0.512,1
9606.ENSP00000221891,0.51,1
9606.ENSP00000381026,0.507,1
9606.ENSP00000313601,0.504,1
9606.ENSP00000384376,0.504,2
9606.ENSP00000396673,0.497,2
9606.ENSP00000342637,0.497,2
9606.ENSP00000363435,0.496,2
9606.ENSP00000308179,0.487,4
9606.ENSP00000361990,0.479,3
9606.ENSP00000398211,0.477,2
9606.ENSP00000393978,0.476,1
9606.ENSP00000286355,0.465,1
9606.ENSP00000350719,0.464,2
9606.ENSP00000307156,0.46,1
9606.ENSP00000306522,0.459,2
9606.ENSP00000356530,0.452,2
9606.ENSP00000380602,0.449,1
9606.ENSP00000293761,0.448,2
9606.ENSP00000273353,0.445,2
9606.ENSP00000495909,0.443,2
9606.ENSP00000407822,0.441,1
9606.ENSP00000314500,0.432,1
9606.ENSP00000336729,0.426,1
9606.ENSP00000368356,0.426,1
9606.ENSP00000392423,0.419,2
9606.ENSP00000216241,0.419,2
9606.ENSP00000398837,0.418,4
9606.ENSP00000271636,0.413,1
9606.ENSP00000356825,0.405,2
9606.ENSP00000478187,0.4,1
9606.ENSP00000317310,0.383,1
9606.ENSP00000265849,0.376,1
9606.ENSP00000445043,0.376,1
9606.ENSP00000471454,0.373,1
9606.ENSP00000354923,0.366,4
9606.ENSP00000352608,0.363,8
9606.ENSP00000348668,0.359,1
9606.ENSP00000376465,0.358,1
9606.ENSP00000342169,0.358,1
9606.ENSP00000428646,0.352,2
9606.ENSP00000387091,0.35,2
9606.ENSP00000376204,0.349,4
9606.ENSP00000374135,0.344,2
9606.ENSP00000317817,0.339,1
9606.ENSP00000316598,0.337,2
9606.ENSP00000367655,0.337,3
9606.ENSP00000377934,0.333,3
9606.ENSP00000312535,0.329,1
9606.ENSP00000367315,0.326,1
9606.ENSP00000478104,0.321,2
9606.ENSP00000330442,0.314,1
9606.ENSP00000240364,0.313,2
9606.ENSP00000320936,0.312,1
9606.ENSP00000281321,0.312,1
9606.ENSP00000328059,0.306,2
9606.ENSP00000419457,0.291,2
9606.ENSP00000350195,0.291,1
9606.ENSP00000343818,0.286,2
9606.ENSP00000296452,0.278,3
9606.ENSP00000376410,0.276,3
9606.ENSP00000345985,0.274,1
9606.ENSP00000354251,0.274,1
9606.ENSP00000354733,0.269,2
9606.ENSP00000273859,0.264,1
9606.ENSP00000450480,0.264,1
9606.ENSP00000285046,0.264,2
9606.ENSP00000262518,0.258,1
9606.ENSP00000410186,0.257,3
9606.ENSP00000421926,0.252,2
9606.ENSP00000358582,0.245,1
9606.ENSP00000317790,0.242,1
9606.ENSP00000355384,0.239,1
9606.ENSP00000349588,0.239,1
9606.ENSP00000322804,0.235,2
9606.ENSP00000280481,0.23,2
9606.ENSP00000479636,0.211,2
9606.ENSP00000253055,0.211,2
9606.ENSP00000414392,0.202,1
9606.ENSP00000423503,0.197,1
9606.ENSP00000438788,0.197,1
9606.ENSP00000423777,0.196,1
9606.ENSP00000425375,0.196,1
9606.ENSP00000427366,0.196,1
9606.ENSP00000422969,0.196,1
9606.ENSP00000423211,0.196,1
9606.ENSP00000425955,0.196,1
9606.ENSP00000422097,0.196,1
9606.ENSP00000422887,0.196,1
9606.ENSP00000422621,0.195,1
9606.ENSP00000400880,0.195,1
9606.ENSP00000422216,0.195,1
9606.ENSP00000427264,0.195,1
9606.ENSP00000404296,0.192,1
9606.ENSP00000300650,0.191,1
9606.ENSP00000403760,0.187,1
9606.ENSP00000379654,0.179,1
9606.ENSP00000358400,0.178,3
9606.ENSP00000485364,0.177,1
9606.ENSP00000485323,0.177,1
9606.ENSP00000240874,0.176,1
9606.ENSP00000389443,0.173,1
9606.ENSP00000423115,0.173,1
9606.ENSP00000425582,0.173,1
9606.ENSP00000201647,0.173,2
9606.ENSP00000483519,0.166,1
9606.ENSP00000355922,0.166,1
9606.ENSP00000336127,0.154,1
9606.ENSP00000467141,0.137,3
9606.ENSP00000342144,0.135,2
9606.ENSP00000401306,0.114,1
9606.ENSP00000056217,0.089,2
9606.ENSP00000222399,0.083,1
9606.ENSP00000237536,0.081,1
9606.ENSP00000334714,0.072,2
9606.ENSP00000307939,0.071,1
9606.ENSP00000380367,0.063,1
9606.ENSP00000226207,0.062,1
