ProteinName,SampleID,Condition,Ibaq,IbaqNorm,IbaqLog,IbaqPpb
A0A0C4DH32,PXD038669-DDA-Sample-1,blood serum,15.210534139334708,0.6015292067738078,9.779256719012114,60152920.677380785
P01772,PXD038669-DDA-Sample-1,blood serum,6.320119089939461,0.24994100720341753,9.397837515594745,24994100.720341753
Q13103,PXD038669-DDA-Sample-1,blood serum,3.755790002491139,0.14852978602277464,9.171813555391717,14852978.602277463
